event_id,total_articles_published,unique_outlets_covering,list_of_outlets,main_headline
EVT_00031,4,4,"['ndtv', 'india_today', 'indian_express', 'the_times_of_india']","After five years, Rahul gets set to begin Bengal campaign; Priyanka to follow suit"
EVT_00073,4,4,"['theprint', 'the_hindu', 'ndtv', 'the_new_indian_express']","New Delhi: The proportion of Lok Sabha seats in southern states will increase from 23.76 per cent to 23.87 per cent after the increase in the size of Lok Sabha, Union Home Minister Amit Shah said Thursday, seeking to allay the apprehensions of southe..."
EVT_00067,4,4,"['hindustan_times', 'news18', 'india_today', 'indian_express']","Priyanka Gandhi Takes 'Chanakya' Swipe At Amit Shah On Delimitation, Invoking Ancient Strategy To Critique Modern Maths"
EVT_01124,4,4,"['hindustan_times', 'the_hindu', 'indian_express', 'the_times_of_india']","Ahead of the monsoon session of Parliament, Lok Sabha Speaker Om Birla has approved the merger of six Shiv Sena (Uddhav Balasaheb Thackeray or UBT) MPs into the Shiv Sena led by Maharashtra Deputy Chief Minister Eknath Shinde. The Shiv Sena (UBT) wil..."
EVT_00628,4,4,"['hindustan_times', 'the_hindu', 'india_today', 'the_times_of_india']",I'm not in good shape: Sonam Wangchuk enters Day 19 of indefinite hunger strike
EVT_00060,3,3,"['hindustan_times', 'deccan_herald', 'news18']",'Southern states will be stifled': Opposition unites in flagging concerns on delimitation
EVT_00561,4,3,"['hindustan_times', 'india_today', 'the_times_of_india']",India to account for each seafarer irrespective of vessel flag: Govt's big announcement after sailor killed in Hormuz
EVT_01074,3,3,"['theprint', 'hindustan_times', 'the_times_of_india']","Sonam Wangchuk was shifted to VMMC & Safdarjung Hospital on Saturday morning after completing 20 days of his indefinite fast at Jantar Mantar, less than 48 hours after the Union health ministry placed three central government hospitals on alert and d..."
EVT_00238,3,3,"['hindustan_times', 'the_times_of_india', 'firstpost']","- India and Japan signed key defence, technology and investment agreements to deepen strategic ties."
EVT_00652,3,3,"['hindustan_times', 'the_hindu', 'india_today']","Don't ask me to end fast, join July 20 march to Parliament instead: Sonam Wangchuk"
EVT_00962,3,3,"['theprint', 'hindustan_times', 'indian_express']","New Delhi: The BJP’s central leadership is keen on bringing in the two NCP factions—NCP and NCP (Sharadchandra Pawar)—as a single entity within the NDA fold, senior BJP functionaries told ThePrint."
EVT_00632,3,3,"['hindustan_times', 'deccan_herald', 'india_today']","<p>In yet another setback for <a href=""https://deccanherald.com/tags/tmc"">Trinamool Congress</a> (TMC) supremo Mamata Banerjee, its MP Koel Mallick has resigned from the Rajya Sabha.</p><p>According to reports, she met Vice President and Rajya Sabha ..."
EVT_00055,3,3,"['hindustan_times', 'india_today', 'firstpost']","TCS Nashik office shut amid probe into religious conversion allegations, international links under scanner"
EVT_00504,3,3,"['hindustan_times', 'the_hindu', 'the_times_of_india']",- Delhi high court sought responses from the Centre and Delhi government on a PIL seeking urgent medical intervention for climate activist Sonam Wangchuk.
EVT_00211,3,3,"['theprint', 'hindustan_times', 'the_times_of_india']","New Delhi: The Cockroach Janta Party (CJP), which has projected itself as a citizens’ movement for educational reforms and accountability in government, is increasingly drawing political attention, even as its founder Abhijeet Dipke maintains the CJP..."
EVT_00088,3,3,"['hindustan_times', 'india_today', 'ndtv']","SpiceJet Plane Winglet Breaks, Gets Stuck In Akasa Jet It Hit In Delhi"
EVT_00695,7,3,"['theprint', 'the_hindu', 'the_times_of_india']","New Delhi: Signalling that her party could support the 131st Constitution Amendment Bill, Nationalist Congress Party (Sharadchandra Pawar) working president Supriya Sule has triggered surprise and sowed apprehension across the Opposition, particularl..."
EVT_01265,4,3,"['hindustan_times', 'the_hindu', 'the_times_of_india']","- Union education minister Dharmendra Pradhan resigned, taking moral responsibility for the NEET-UG paper leak controversy after weeks of nationwide protests."
EVT_00062,3,3,"['hindustan_times', 'the_times_of_india', 'firstpost']",‘Attacks on merchant shipping unacceptable’: Jaishankar at Japan-hosted Azec Plus meeting
EVT_01262,5,3,"['hindustan_times', 'india_today', 'the_times_of_india']","NEW DELHI: BJP leader Pralhad Joshi on Saturday was appointed as the new Union education minister, hours after"
EVT_00064,3,3,"['hindustan_times', 'news18', 'indian_express']","Amid firestorm over delimitation, why Parliament should rise to clear women’s quota"
EVT_00065,3,3,"['hindustan_times', 'news18', 'india_today']",'Technical Bahanebaazi': PM Modi Calls Out 'Opposition Obstruction' Of Women's Reservation
EVT_00045,3,3,"['theprint', 'the_hindu', 'the_new_indian_express']","Chennai: Tamil Nadu Chief Minister and DMK president M. K. Stalin Wednesday announced a black flag protest across Tamil Nadu Thursday against the Centre’s proposed delimitation exercise under the Constitutional Amendment Bill 2026. The announcement, ..."
EVT_00274,5,3,"['hindustan_times', 'the_hindu', 'the_times_of_india']","NEW DELHI: The Supreme Court on Thursday underscored the need to regulate the use of artificial intelligence in judicial proceedings, noting that unverified AI-generated material could undermine the administration of justice."
EVT_00334,3,3,"['hindustan_times', 'the_hindu', 'the_times_of_india']","Uddhav Thackeray on Friday announced a ""Ram Raksha"" protest from July 5 in Maharashtra over the alleged embezzlement of donations at the Ram temple in Ayodhya."
EVT_01530,3,3,"['hindustan_times', 'the_hindu', 'india_today']","A joint operation by the Army’s Intelligence units and the Rajasthan Police has uncovered a counterfeit military combat uniform racket in Rajasthan’s Sriganganagar district, leading to the seizure of nearly 1,000 metres of unauthorised Army-pattern c..."
EVT_00534,3,3,"['theprint', 'the_hindu', 'the_times_of_india']",NEW DELHI: Cockroach Janata Party announced a one-day mass hunger strike on July 16 in solidarity with
EVT_00242,3,3,"['hindustan_times', 'the_times_of_india', 'firstpost']","Modi, Japan PM condemn Pakistan-backed terror, call for action against LeT, JeM"
EVT_00835,3,3,"['hindustan_times', 'the_hindu', 'india_today']","Japan will provide its next-generation E10 series Shinkansen trains to India for the Mumbai-Ahmedabad High-Speed Rail (MAHSR) project, official spokespersons in the Ministries of External Affairs and Railways said on Friday, addressing queries on the..."
EVT_00624,2,2,"['hindustan_times', 'india_today']","SC orders states, UTs to frame policy for early release of terminally ill prisoners"
EVT_00933,2,2,"['hindustan_times', 'the_times_of_india']","India engages US over stricter visa rules affecting Indian students, visitors"
EVT_00941,2,2,"['hindustan_times', 'india_today']","Sheikh Hasina extradition request from Bangladesh under review, says India"
EVT_00087,2,2,"['ndtv', 'india_today']",Shariat law faces Supreme Court scrutiny over women's property rights
EVT_00288,2,2,"['hindustan_times', 'the_times_of_india']","NEW DLEHI: The Indian Navy foiled a piracy attempt in the Gulf of Aden on Wednesday night after warship INS Trikand swiftly responded to a distress call from a merchant vessel carrying critical cargo for India, according to sources."
EVT_00667,2,2,"['hindustan_times', 'india_today']","Congress to raise Ram Mandir donation row, oppose delimitation bill in Parliament"
EVT_00516,3,2,"['hindustan_times', 'the_times_of_india']","NEW DELHI: The Cockroach Janata Party's (CJP) protest seeking Union education minister Dharmendra Pradhan's resignation over alleged irregularities in the NEET examination drew fresh support on Wednesday, with comedian Kunal Kamra and Bhim Army chief..."
EVT_00923,2,2,"['theprint', 'the_times_of_india']",NEW DELHI: The Gujarat Anti-Terrorism Squad (ATS) has arrested five more people allegedly linked to Pakistan-based
EVT_00922,2,2,"['hindustan_times', 'india_today']","Second-class should describe coaches, not passengers: Supreme Court tells railways"
EVT_00009,2,2,"['news18', 'indian_express']",Top 10 Richest Rajya Sabha MPs And Their Assets
EVT_01066,2,2,"['hindustan_times', 'india_today']","Don't test Wangchuk's limits, hold talks: Anna Hazare's message to govt"
EVT_00809,2,2,"['hindustan_times', 'the_hindu']","MH-60R Seahawk delivered to India, 2 more on the way: All about ace chopper central to US defence ties"
EVT_00920,2,2,"['hindustan_times', 'the_times_of_india']",Congress's Pawan Khera meets Sonam Wangchuk as Opposition steps up support amid hunger strike
EVT_01421,2,2,"['hindustan_times', 'india_today']",Ayodhya donation theft: UP to propose 3-IPS panel for new SIT to Supreme Court
EVT_00347,2,2,"['the_hindu', 'india_today']",DMK MLA Radhakrishnan arrested over defamatory remarks against CM Vijay
EVT_00349,2,2,"['deccan_herald', 'the_times_of_india']",UP TET candidates miss exam due to traffic snarls during BJP leader's roadshow
EVT_01375,2,2,"['deccan_herald', 'the_times_of_india']",Dharmendra Pradhan's exit marks a striking reversal of political fortune
EVT_01550,2,2,"['hindustan_times', 'the_times_of_india']","'Defeat delimitation': In Tamil Nadu, Rahul Gandhi's appeal to parties with 'Ettappan' warning"
EVT_00716,3,2,"['the_hindu', 'the_times_of_india']","NEW DELHI: The Supreme Court agreed to hear on Friday a plea challenging the Orissa high court's order staying the release of the animated film ""Mahaprabhu Jagannath"", which has become the centre of a controversy over its portrayal of Lord Jagannath."
EVT_00151,2,2,"['theprint', 'the_times_of_india']","NEW DELHI: BJP Thursday sought to turn the heat on Congress and its allies over the issue of paper leaks as its MPs raised slogans and carried placards in the Parliament complex, targeting Rahul Gandhi and opposition netas for not allowing a discussi..."
EVT_00599,2,2,"['hindustan_times', 'india_today']",Rath Yatra: Millions brave heavy rain as Jagannath chariots roll in Odisha’s Puri
EVT_00327,2,2,"['the_hindu', 'india_today']","Dravida Munnetra Kazhagam (DMK) party moved the Supreme Court on Friday (July 3, 2026) seeking a judicial direction to bar the ruling Tamilaga Vettri Kazhagam (TVK) leaders, including Chief Minister C. Joseph Vijay and Minister Adhav Arjuna, from mak..."
EVT_00325,3,2,"['hindustan_times', 'the_times_of_india']",NEW DELHI: PM Narendra Modi and his counterpart Sanae Takaichi reaffirmed their commitment to cooperating towards an early convening of the next Quad Leaders’ Summit and underlined the importance of ensuring unimpeded freedom of navigation through th...
EVT_00601,2,2,"['hindustan_times', 'the_hindu']",Kanwariyas vandalise pickup truck after vehicle allegedly brushed against Kanwar in UP's Muzaffarnagar
EVT_01517,2,2,"['hindustan_times', 'the_times_of_india']",'Will march to PM's residence over E20': Kejriwal announces August 3 protest
EVT_01449,2,2,"['theprint', 'the_times_of_india']","New Delhi: The Rajya Sabha Wednesday passed the Prevention of Insults to National Honour (Amendment) Bill, 2026, amid a heated debate, with the Opposition questioning the intent of the Bill and maintaining that reverence to the national song doesn’t ..."
EVT_00112,2,2,"['the_hindu', 'ndtv']","Around 100 women participated in an all-women motorcycle and scooter rally in the city on Thursday, expressing solidarity with the introduction of the Women’s Reservation Bill in the Lok Sabha. The Bill, officially titled the Nari Shakti Vandan Adhin..."
EVT_01582,2,2,"['hindustan_times', 'the_times_of_india']",NSA Ajit Doval receives Lokmanya Tilak National Award for national security contribution
EVT_00208,2,2,"['theprint', 'indian_express']",Why DMK has hit the streets over TVK minister’s two-year-old video
EVT_00122,2,2,"['ndtv', 'the_times_of_india']","AQI 'Poor', Pollution Curbs Under GRAP-1 Imposed In Delhi-NCR In April"
EVT_00308,2,2,"['the_times_of_india', 'firstpost']",Missing organs in Indian seafarer’s body spark probe demand after repatriation from Venezuela
EVT_00543,2,2,"['hindustan_times', 'the_times_of_india']","Madan Mitra on Wednesday resigned from the Mamata Banerjee-led faction of the party and joined the rebel TMC faction headed by Ritabrata Banerjee, dealing another setback to the former chief minister's camp."
EVT_01183,2,2,"['the_hindu', 'the_times_of_india']","Heavy overnight rain triggered flash floods in Jammu and Kashmir's Rajouri district early on Sunday, forcing hundreds of residents to move to safer places after rivers overflowed and flooded low-lying areas."
EVT_00213,2,2,"['hindustan_times', 'indian_express']",Ram Mandir ‘Theft’ row: Will VHP’s campaign to ‘free’ temples be hit?
EVT_00306,3,2,"['hindustan_times', 'the_times_of_india']",No one should object to India-Pak dialogue aimed at improving ties: Omar Abdullah
EVT_00110,2,2,"['hindustan_times', 'india_today']","BRS, YSRCP urge Centre to address South’s concerns on delimitation"
EVT_01497,2,2,"['hindustan_times', 'the_times_of_india']",'Airports were earlier named after one family': PM Modi inaugurates Andhra's Bhogapuram airport
EVT_00685,3,2,"['deccan_herald', 'the_times_of_india']",NEW DELHI: The Supreme Court on Thursday expressed apprehension over the Centre's decision to introduce the third-language curriculum under the National Education Policy from Class 9.
EVT_01495,2,2,"['hindustan_times', 'the_times_of_india']",'Forgiveness only on reel or will you withdraw cases?': Abhijeet Dipke comments on PM Modi's late night video
EVT_00103,2,2,"['the_hindu', 'the_new_indian_express']","A nine-judge Constitution Bench of the Supreme Court (SC), led by Chief Justice of India Surya Kant, is currently hearing petitions relating to discrimination against women at religious places, examining the correctness and broader constitutional imp..."
EVT_01507,2,2,"['india_today', 'the_times_of_india']","CBI books Anil Ambani, Reliance Capital in Rs 1,816 crore EPFO fraud case"
EVT_01070,2,2,"['hindustan_times', 'india_today']","Return to Mamata, I'll resign in an hour: Abhishek Banerjee challenges TMC rebels"
EVT_00043,2,2,"['theprint', 'news18']",New Delhi: BJP’s Samrat Choudhary was Tuesday named Nitish Kumar’s successor as Bihar’s chief minister–making him the first from the BJP to hold the state’s top post when he takes oath Wednesday.
EVT_01266,2,2,"['hindustan_times', 'the_times_of_india']","Sonam Wangchuk's wife, claimed the activist has been under constant vigil, saying ""police are everywhere"", be it at the reception, in the lifts or outside the ICU."
EVT_01246,2,2,"['the_hindu', 'the_times_of_india']","Political parties, youth organisations and innumerable others joined the victory celebrations of the student-led agitation in New Delhi which culminated in the resignation of Union Education Minister Dharmendra Pradhan, by hosting solidarity meets at..."
EVT_01456,2,2,"['theprint', 'the_times_of_india']","New Delhi: One of the Bharatiya Janata Party’s most visible faces on social media and TV channels, Shehzad Poonawalla on Friday removed all reference to the BJP from his X bio, triggering speculation about his resignation from the party."
EVT_00042,2,2,"['india_today', 'indian_express']","A week to go, but where are they? Rahul Gandhi, Vijay trail in Tamil Nadu’s visibility race"
EVT_01264,2,2,"['the_hindu', 'india_today']",Chief Minister A. Revanth Reddy announced that the State government would soon adopt a resolution in the Assembly urging the Centre to amend the Constitution to reduce the minimum age for contesting Lok Sabha and Assembly elections from 25 to 21 year...
EVT_01637,2,2,"['hindustan_times', 'the_times_of_india']",July GST collections up 15.4% to Rs 2.1 L cr on higher imports
EVT_00827,2,2,"['the_hindu', 'the_times_of_india']","NEW DELHI: Climate activist and educator Sonam Wangchuk's protest gathered fresh momentum on Thursday as farmer leader Rakesh Tikait reached New Delhi's Jantar Mantar with around 500 farmers, strengthening the ongoing agitation against the Centre and..."
EVT_01223,3,2,"['hindustan_times', 'india_today']",CJP Nationwide Protest Highlights: 18 Delhi Metro stations continue to remain shut amid CJP protests
EVT_01289,2,2,"['hindustan_times', 'india_today']",Mamata Banerjee likely to join CJP protest at Jantar Mantar on Monday
EVT_01466,2,2,"['hindustan_times', 'the_times_of_india']","Delhi riots: Tahir Hussain, 4 others get life terms in IB staffer's murder case"
EVT_00033,2,2,"['theprint', 'the_new_indian_express']","Bengaluru: Karnataka CM Siddaramaiah has ordered the ‘removal’ of his lone surviving political secretary, Naseer Ahmed, over allegations of anti-party activities and alleged funding of rebel candidates to help defeat the Congress candidate in the 9 A..."
EVT_01459,2,2,"['hindustan_times', 'the_times_of_india']","NEW DELHI: Exiled Bangladeshi writer and activist Taslima Nasreen returned to Kolkata on Friday, marking her first public visit to the city in nearly two decades after being forced to leave amid protests over her memoir ""Dwikhandito""."
EVT_01468,2,2,"['hindustan_times', 'the_times_of_india']",PM Modi forgives students amid abusive video row: 'Let's guide the misguided'
EVT_01226,3,2,"['the_hindu', 'the_times_of_india']","NEW DELHI: The Cockroach Janta Party (CJP) delegation will meet Union ministers at the Constitution Club of India at 12.30 pm on Friday, after the Centre agreed to hold talks at a neutral venueâa key demand raised by the outfit during its ongoing agi..."
EVT_01242,2,2,"['hindustan_times', 'the_hindu']","Chief Minister A. Revanth Reddy credited the Central Government conceding to the demand for the resignation of Union Education Minister Dharmendra Pradhan to the sustained struggle of Gen Z students, and asserted that neither the Congress nor any pol..."
EVT_00496,2,2,"['deccan_herald', 'the_times_of_india']","<p>The <a href=""https://www.deccanherald.com/tags/election-commission"">Election Commission</a>'s Special Intensive Revision (SIR) of electoral rolls is underway in five States — <a href=""https://www.deccanherald.com/india/karnataka"">Karnataka</a>, Me..."
EVT_00251,2,2,"['hindustan_times', 'the_hindu']","Seven workers, including six migrants, were killed, and five were injured after a massive boulder collapsed on them at a stone quarry in Hulukenahalli village in Tavarekere Hobli on the outskirts of Bengaluru on Thursday (July 2) morning."
EVT_00252,2,2,"['india_today', 'the_times_of_india']",Sanae Takaichi India Visit Highlights: PM Takaichi bats for stronger India-Japan partnership amid global uncertainty
EVT_00493,2,2,"['the_hindu', 'indian_express']","Sonam Wangchuk to Express: CJP protest has no political colour, PM should be sensitive"
EVT_01625,2,2,"['hindustan_times', 'the_times_of_india']",DMK moves SC seeking immediate release of Cauvery water from Karnataka to Tamil Nadu
EVT_01467,2,2,"['hindustan_times', 'the_times_of_india']","NEW DELHI: Cockroach Janta Party (CJP) founder Abhijeet Dipke on late Thursday mocked Prime Minister Narendra Modi over his latest late-night video message to students where he highlighted recently passed anti-paper leak Bill.Dipke, whose platform gr..."
EVT_00500,2,2,"['theprint', 'hindustan_times']","Chennai: The Tamil Nadu School Education Department has issued a circular prohibiting any “political, communal, separatist and non-educational events, meetings and campaigns” on school premises, as ruling TVK faces criticism over its ministers, leade..."
EVT_00663,2,2,"['deccan_herald', 'the_hindu']","The CBI arrested the Managing Director of Bengaluru-based Karnataka Antibiotics and Pharmaceuticals Limited (KAPL), Anurag Danayak, while he was allegedly taking a bribe of ₹5 lakh from a Bhopal-based firm, officials said on July 16."
EVT_00917,2,2,"['hindustan_times', 'the_times_of_india']","NEW DELHI: PM Narendra Modi spoke to Qatar Amir Sheikh Tamim bin Hamad Al Thani to convey his condolences on the passing of the latter's father Sheikh Hamad bin Khalifa Al Thani, the Father Amir of Qatar."
EVT_00068,2,2,"['the_times_of_india', 'the_new_indian_express']","NEW DELHI: A ground collision between two aircraft at Indira Gandhi International Airport on Thursday left both planes damaged after a SpiceJet aircraft, while taxiing, struck a stationary Akasa Air plane."
EVT_00066,2,2,"['the_hindu', 'the_times_of_india']",The Supreme Court in 2025 had said that the delimitation exercise conducted before the post-2026 census data must not “destabilise the uniform electoral framework” envisaged by the Constitution and blur the clear demarcation between constitutional pr...
EVT_00063,2,2,"['india_today', 'firstpost']",India’s LPG crisis may take up to 4 years to ease amid Hormuz disruption: Report
EVT_00634,2,2,"['hindustan_times', 'india_today']","Karnataka anaesthetist stabbed to death, son injured; doctor wife in custody"
EVT_00244,2,2,"['india_today', 'firstpost']",Ketan Agarwal murder: Can Siya Goyal's lie detector test crack the case?
EVT_00245,2,2,"['hindustan_times', 'the_hindu']","Heavy rain, landslides put Uttarakhand authorities on high alert, pilgrimage routes affected"
EVT_00645,2,2,"['hindustan_times', 'india_today']",Uttarakhand: Worker killed in concrete lining collapse inside Silkyara tunnel
EVT_00506,4,2,"['hindustan_times', 'the_times_of_india']","PM Modi hails ‘significant moment’ as India-UK trade deal, social security agreement come into effect"
EVT_00257,4,2,"['hindustan_times', 'the_times_of_india']","NEW DELHI: The Centre has widened its scrutiny of messaging platforms with username-based communication, with the ministry of electronics and information technology (MeitY) issuing notices to Telegram and Signal days after directing WhatsApp to justi..."
EVT_00822,2,2,"['hindustan_times', 'the_times_of_india']","NEET UG results 2026: Aryan Gupta, Panshul Bansal top exam; score 715 out of 720"
EVT_01271,2,2,"['deccan_herald', 'the_times_of_india']","<p>New Delhi: The <a href=""https://www.deccanherald.com/tags/cockroach-janta-party"">Cockroach Janata Party</a> (CJP) protests in Delhi’s Jantar Mantar have triggered a debate on the shifting paradigm in political communication. </p><p>Pundits have re..."
EVT_00051,2,2,"['hindustan_times', 'firstpost']",India-US trade push resumes as global tariffs shift; delegation to visit Washington next week
EVT_00823,2,2,"['hindustan_times', 'the_times_of_india']",ICMR’s drone initiative cuts TB diagnosis turnaround time by 10 days in remote areas
EVT_01082,2,2,"['hindustan_times', 'indian_express']",‘What a shame’: Opposition attacks Centre over Sonam Wangchuk’s removal from Jantar Mantar
EVT_00024,2,2,"['theprint', 'indian_express']","Malda, Murshidabad seats dominate Bengal voter deletions list: Here are the top 10 constituencies"
EVT_01238,2,2,"['india_today', 'the_times_of_india']","Sarnath becomes India's 45th Unesco World Heritage Site, PM calls it a proud moment"
EVT_00272,2,2,"['hindustan_times', 'firstpost']",Why India hasn't matched China's pace? Indra Nooyi says democracy comes with trade-offs—and benefits
EVT_00046,2,2,"['hindustan_times', 'news18']",Congress Suspends Abdul Jabbar Over ‘Anti-Party Activities’; He Says ‘Party Acted In Haste’
EVT_00821,6,2,"['hindustan_times', 'the_times_of_india']",India’s first private orbital rocket Vikram-1 to launch on July 18
EVT_01120,1,1,['hindustan_times'],"‘Modi govt’s defeat': Oppn as cops move Sonam Wangchuk out of Jantar Mantar, CJP claims ‘forcible’ removal"
EVT_01086,1,1,['hindustan_times'],"Nagaland celebrates the World Cup: Mass screenings, mini-tournaments, flags, cut-outs"
EVT_01121,1,1,['hindustan_times'],"In race to become Ram Temple Trust's first CEO, retired bureaucrats dominate applicant pool"
EVT_01122,1,1,['hindustan_times'],"Academic audit, review of all books begin in J&K varsities"
EVT_01123,1,1,['indian_express'],"Opposition unite over Wangchuk before Monsoon Session: ‘Taking him away government arrogance, shameful’"
EVT_01125,1,1,['hindustan_times'],FDA suspends Mumbai's KEM Hospital canteen licence over food safety lapses
EVT_01126,1,1,['the_hindu'],The Vellore Institute of Technology (VIT) has distributed scholarships to the tune of ₹103 crore for government school students under its flagship programme Support The Advancement of Rural Students (STARS) scheme since its inception way back in 2008...
EVT_01127,1,1,['the_hindu'],"A couple, their two minor daughters, and a son were found dead in a house in Raipur, Chhattisgarh, police said on Saturday (July 18, 2026)."
EVT_01128,1,1,['the_hindu'],"Singareni Collieries Company Ltd (SCCL) launched a special initiative to enhance coal production while ensuring uninterrupted supply of coal to consumers, conforming to the declared grade."
EVT_01085,1,1,['the_hindu'],The Andhra Pradesh Congress Committee (APCC) on Saturday accused Union Finance Minister Nirmala Sitharaman of repeating what it termed “false claims” made earlier in Parliament during her public meeting at Narsaraopet.
EVT_01084,1,1,['hindustan_times'],"Meerut school owner murdered; wife, three held in snakebite plot"
EVT_01130,1,1,['india_today'],Karnataka calls emergency Cabinet meeting on July 20 as drought worsens
EVT_01132,1,1,['india_today'],"Sonam Wangchuk weak, dehydrated after fast but refusing treatment: Hospital"
EVT_01133,1,1,['the_hindu'],The Central Crime Branch (CCB) Women Protection Squad has arrested 11 members of an alleged honey-trap and robbery syndicate that lured men through a classified ads app before robbing them in Bengaluru.
EVT_01134,1,1,['the_times_of_india'],"The United Nations human rights agency has expressed concern over the ongoing unrest in Pakistan-occupied Kashmir (PoK), urging authorities to conduct impartial investigations into the deaths of protesters and security personnel ahead of the region's..."
EVT_01135,1,1,['hindustan_times'],TVK functionary removed from party after moving court against leaders
EVT_01138,1,1,['hindustan_times'],Video: Woman throws ink at Abhijeet Dipke as he sits on hunger strike after Sonam Wangchuk's 'removal'
EVT_01136,1,1,['hindustan_times'],"'Asatya, Hinsa': Rahul Gandhi attacks government, calls 'removal' of Sonam Wangchuk from Jantar Mantar 'wrong'"
EVT_01087,1,1,['india_today'],Shimla man duped of Rs 11 lakh by Italy couple's fake inheritance bait
EVT_01094,1,1,['india_today'],7 Chennai officials suspended as TVK's anti-corruption crusade continues
EVT_01093,1,1,['hindustan_times'],"Five tribal villagers, including 3 women, drown while fishing in Andhra: Police"
EVT_01095,1,1,['hindustan_times'],World Listening Day: Sound Knowlege
EVT_01096,1,1,['hindustan_times'],"Sonam Wangchuk's wife breaks silence, says no treatment without her consent: ‘Will hold everyone accountable if…’"
EVT_01097,1,1,['hindustan_times'],"NIA arrests 2 more accused in abduction, killing of six Nagas in Manipur"
EVT_01092,1,1,['hindustan_times'],"9 killed, seven injured in blast at illegal firecracker factory in Gujarat's Ahmedabad; PM condoles deaths"
EVT_01098,1,1,['hindustan_times'],"UK’s economic, migration and Trump issues await Burnham at ‘No. 10 North’"
EVT_01099,1,1,['hindustan_times'],Alibaba Qwen and Baidu: Clear contours of a remade Apple Intelligence for China
EVT_01100,1,1,['india_today'],"Kerala High Court strikes down Malabar mineral rights law, orders royalty refund"
EVT_01101,1,1,['hindustan_times'],Bhojshala row: Dhar Muslims reject site earmarked for Friday namaz
EVT_01102,1,1,['the_hindu'],"Shiv Sena (UBT) chief Uddhav Thackeray called for a “BJP-Free” Ram movement at his “Ram Raksha Andolan” (Save Ram Movement), which he conducted along with his party workers on Saturday (July 18, 2026), criticising the BJP-led Union government over al..."
EVT_01103,1,1,['the_hindu'],"The State government has nominated members of the governing council of Maharaja’s College (Autonomous), Ernakulam, with P.S. Gopinathan, former judge of the Kerala High Court, as chairman."
EVT_01104,1,1,['hindustan_times'],"'Govt will be responsible if...': Abhijeet Dipke says Sonam Wangchuk attacked amid hunger strike, 'object thrown'"
EVT_01105,1,1,['hindustan_times'],All deserving individuals will get bank loans on time: Nirmala Sitharaman
EVT_01137,1,1,['hindustan_times'],SC to look into affordable access to life-saving cancer medicines
EVT_01091,1,1,['hindustan_times'],PM Modi turns heat on rivals ahead of Punjab polls
EVT_01108,1,1,['the_times_of_india'],India was among the 67 countries that participated in a ministerial meeting hosted by the US against far-left extremism and political terrorism. Indian ambassador Vinay Kwatra joined the meeting that saw US secretary of state Marco Rubio calling upon...
EVT_01109,1,1,['hindustan_times'],CBSE Class 10 Second Board 2026 results announced: Check steps to download marksheet
EVT_01110,1,1,['the_hindu'],"A candlelight vigil was held at the B.R. Ambedkar statue, on the Secretariat Road here, in solidarity with educationist and environmental activist Sonam Wangchuk, who was forcibly hospitalised following his indefinite hunger strike demanding accounta..."
EVT_01111,1,1,['hindustan_times'],"Ex-lover stabs Nashik woman to death, tells fiance in chilling call"
EVT_01089,1,1,['hindustan_times'],'Govts have fallen over onions': Sonam Wangchuk's final message before cops removed him from Jantar Mantar
EVT_01112,1,1,['hindustan_times'],Former Prime Minister Deve Gowda's wife Chennamma passes away
EVT_01088,1,1,['hindustan_times'],NGT orders sealing of chromium-tainted wells in Odisha’s Sukinda
EVT_01113,1,1,['hindustan_times'],‘Taken against his will’: CJP alleges ‘Wangchuk dragged away forcibly by cops'
EVT_01114,1,1,['hindustan_times'],"2nd lowest attendance, highest cutoff in re-NEET"
EVT_01115,1,1,['hindustan_times'],A majority of senators back Russia oil bill
EVT_01116,1,1,['hindustan_times'],"Coaches second class, not passengers: SC to Rlys"
EVT_01117,1,1,['the_hindu'],"Uttar Pradesh Chief Minister Yogi Adityanath on Saturday (July 18, 2026) inaugurated and laid the foundation stone for 57 development projects worth ₹574 crore in Bulandshahr. Speaking at the event, he said it was due to the failures of the previous ..."
EVT_01118,1,1,['hindustan_times'],"In Srinagar, books drew bigger crowds than the summer heat could deter | Mega Chinar Book Festival inaugurated"
EVT_01119,1,1,['the_hindu'],"Minister for SC and ST Welfare Adluri Laxman Kumar hit back at BRS working president K.T. Rama Rao, stating that unemployed youth under the BRS government carried only examination hall tickets and woke up to paper leaks, whereas they carried appointm..."
EVT_01106,1,1,['hindustan_times'],"Why does Assam flood every year? It's not just the rain, expert says"
EVT_01218,1,1,['the_times_of_india'],NEW DELHI: India slammed Pakistan for raising issues related to J&K and the
EVT_01217,1,1,['deccan_herald'],"<p>New Delhi: Thousands of supporters of the youth-led ""cockroach"" movement have been camping in the capital New Delhi to demand the resignation of Education Minister <a href=""https://www.deccanherald.com/tags/dharmendra-pradhan"">Dharmendra Pradhan</..."
EVT_01216,1,1,['india_today'],Video: 5-year-old boy hospitalised after 12-minute thrashing by class monitor
EVT_01215,1,1,['india_today'],CJP protesters are doing more than raising slogans
EVT_01214,1,1,['india_today'],CJP protesters are doing more than raising slogans
EVT_01213,1,1,['india_today'],"Video: Delhi Police removes Sonam Wangchuk from protest site, shifts him to hospital"
EVT_01212,1,1,['india_today'],"Video: Delhi Police removes Sonam Wangchuk from protest site, shifts him to hospital"
EVT_01210,1,1,['hindustan_times'],Centre begins fresh eviction process against Delhi Gymkhana Club
EVT_01209,1,1,['india_today'],We don't support landscape mode yet. Please go back to portrait mode for the best experience
EVT_01208,1,1,['india_today'],"Madani urges Muslims to reach out to people of other faiths, promote harmony"
EVT_01207,1,1,['the_hindu'],"Normal life was affected in the Chenab Valley’s Doda and Kishtwar districts on Saturday (July 18, 2026) due to a shutdown in protest against the killing of a civilian allegedly during an anti-militancy operation of the Jammu and Kashmir Police’s spec..."
EVT_01168,1,1,['india_today'],"Students beaten, made to clean toilets: Parents stage protest at Jharkhand school"
EVT_01204,1,1,['the_hindu'],AIADMK general secretary Edappadi K. Palaniswami on Saturday criticised the approach of the Tamilaga Vettri Kazhagam (TVK)-led government in seeking to negotiate the payment of solatium to the kin of two persons who reportedly died in custody.
EVT_01203,1,1,['hindustan_times'],Tripura: 75-year-old man held for sexually harassing daughter-in-law
EVT_01202,1,1,['the_times_of_india'],"JAMMU: Narcotics control bureau (NCB) seized 5 kg of high-grade heroin, suspected to have been smuggled from Pakistan, and arrested an alleged smuggler during a raid in a village along LoC in Jammu & Kashmirâs Poonch district on Saturday."
EVT_01201,1,1,['the_times_of_india'],"SRINAGAR: School holidays in Kashmir have been extended by three days and Amarnath yatra suspended following forecast of an adverse weather spell from July 20 to July 23, even as mercury continued to rise across the region on Saturday, with Srinagar ..."
EVT_01200,1,1,['the_hindu'],"Tamil Nadu Chief Minister C. Joseph Vijay announced on Saturday that the State government would celebrate both November 1, the day the erstwhile Madras State came into being, and July 18, the day former Chief Minister C.N. Annadurai moved a resolutio..."
EVT_01199,1,1,['the_hindu'],The 33rd Annual Sports Day of Vedavalli Vidyalaya Senior Secondary School was held at the Andal Rangasamy Stadium in Ranipet town on Saturday.
EVT_01198,1,1,['india_today'],"Overnight rain triggers flash floods in J&K's Rajouri, hundreds evacuated"
EVT_01196,1,1,['hindustan_times'],Madhya Pradesh bans overseas trips for officials to cut costs
EVT_01195,1,1,['the_hindu'],"Samsung Electronics-owned HARMAN, a Stamford-based player in connected automotive technologies whose Global Capability Centre (GCC) is in Bengaluru, has roped in PES University and collaborated with over 25 students and eight faculty members on devel..."
EVT_01194,1,1,['india_today'],"Family dispute ends in tragedy as 4 attempt suicide in Bihar's Nalanda, 2 dead"
EVT_01193,1,1,['the_hindu'],"The HAL Police have arrested five persons in connection with the murder of a 20-year-old security guard, Vishwakarma, following a a trivial row in Chinnappanahalli."
EVT_01206,1,1,['the_hindu'],"PMK president Anbumani Ramadoss on Saturday demanded that the Tamil Nadu government release a white paper on the financial position and functioning of the Chennai Metropolitan Development Authority (CMDA), alleging that the planning authority had bee..."
EVT_01250,1,1,['hindustan_times'],‘Dharmendra Pradhan must resign; ministry shift not acceptable’: Rahul Gandhi
EVT_01249,1,1,['hindustan_times'],"GTF Traders Carnival 2026: Highlights, experience, and the vision behind GTF Institute"
EVT_01248,1,1,['the_times_of_india'],"NEW DELHI: The Centre has proposed expanding Ayush services across all military and field hospitals, with the Ayush ministry urging the defence ministry to set up dedicated outpatient departments (OPDs) and integrate traditional systems of medicine i..."
EVT_01247,1,1,['hindustan_times'],"India issued takedown notice on Bluetooth chat app ‘Bitchat’, says Dorsey"
EVT_01245,1,1,['hindustan_times'],'To ensure anti-national forces don't take advantage': What Dharmendra Pradhan's resignation letter says
EVT_01244,1,1,['hindustan_times'],"Punjab women praise DBT model as ₹1,149 crore reaches beneficiaries under Mukh Mantri Mawan Dheeyan Satkar Yojana"
EVT_01243,1,1,['the_times_of_india'],"Delhi Chief Minister Rekha Gupta on Saturday lauded Union Education Minister Dharmendra Pradhan's resignation from the Cabinet and his tenure and principled stance, describing his decision to step down as a testament to his dedication to public ethic..."
EVT_01241,1,1,['the_hindu'],Congress Working Committee (CWC) member and former Andhra Pradesh Congress Committee (APCC) president Gidugu Rudra Raju on Saturday said the Union government had been forced to retreat and Union Education Minister Dharmendra Pradhan had resigned foll...
EVT_01240,1,1,['deccan_herald'],"<p>New Delhi: An X post by <a href=""https://www.deccanherald.com/tags/dharmendra-pradhan"">Dharmendra Pradhan</a> at 2:18 pm announcing his resignation signalled a significant shift from the way Prime Minister <a href=""https://www.deccanherald.com/tag..."
EVT_01239,1,1,['the_hindu'],PMK founder S. Ramadoss has reportedly expressed his willingness to step aside and retire from active politics and said his son and Pattali Makkal Katchi (PMK) president Anbumani Ramadoss would take care of party affairs here on.
EVT_01237,2,1,['hindustan_times'],Abhijeet Dipke reacts as Dharmendra Pradhan resigns amid CJP stir: 'Just the beginning'
EVT_01219,1,1,['the_times_of_india'],Sonam Wangchuk on Friday ended his 26-day indefinite hunger strike after receiving assurances from the Centre that key demands raised by students protesting over alleged examination irregularities would be addressed.
EVT_01235,1,1,['hindustan_times'],"Cabinet clears bill proposing up to 10 years' jail, ₹10 crore fine for paper leaks"
EVT_01234,1,1,['the_hindu'],Deputy Chief Minister and Minister for Environment and Forests K. Pawan Kalyan has asked officials of the Forest Department to expedite the seed ball dispersal programme by using more drones with due focus on covering the degraded forest areas.
EVT_01233,4,1,['the_times_of_india'],NEW DELHI: The government has debunked doctored videos circulating on social media that wrongly showed Prime Minister Narendra Modi making threatening remarks against those protesting at Delhiâs Jantar Mantar over perpetual NEET paper leak. The Press...
EVT_01232,1,1,['hindustan_times'],"Opposition sticks to Dharmendra Pradhan's resignation demand, Parliament stalemate continues"
EVT_01231,1,1,['the_times_of_india'],"NEW DELHI: Leader of opposition in Lok Sabha,"
EVT_01229,1,1,['the_times_of_india'],"NEW DELHI: The Centre has proposed sweeping changes to the anti-cheating law, seeking to speed up investigations and time-bound trials while introducing tougher punishment for those involved in paper leaks and examination malpractice."
EVT_01228,1,1,['india_today'],Video recording of CJP protest necessary for security reasons: Govt to Delhi HC
EVT_01225,3,1,['the_times_of_india'],"NEW DELHI: As the govt's main interlocutor with students protesting under the Cockroach Janta Party (CJP) banner, Union health minister"
EVT_01224,1,1,['the_times_of_india'],"NEW DELHI: Opposition MPs took out a 'candlelight march' Thursday to the Gandhi Smriti in solidarity with the protesting students, two days after they held a dharna outside the PM's residence and were forcibly evacuated by police."
EVT_01222,1,1,['the_times_of_india'],"NEW DELHI: Amid ongoing protests over NEET-UG paper leak issue, govt Thursday named new secretaries for higher and school education departments, with incumbent Vineet Joshi, who had charge of both, moved to low-profile panchayati raj department."
EVT_01221,1,1,['india_today'],Parliament Monsoon Session 2026 Highlights: Rajya Sabha adjourned after Vande Mataram Bill tabled amid paper leak uproar
EVT_01220,1,1,['the_times_of_india'],"NEW DELHI: Rahul Bhatia, promoter and MD of India's largest carrier"
EVT_01236,1,1,['hindustan_times'],'Have a heart': Sonam Wangchuk's wife urges people to not judge him for breaking 26-day fast
EVT_01163,1,1,['india_today'],"Dead on paper, man arrested 27 years after killing of Agra cops"
EVT_01162,1,1,['india_today'],Ex-BJP district chief among 9 sentenced to life in 2016 poll-rivalry murder case
EVT_01161,1,1,['india_today'],केन-बेतवा लिंक परियोजना से प्रभावित आदिवासी किसान और विस्थापित 12वें दिन भी धरने पर डटे रहे. उनकी मांग है कि बिना उचित मुआवजे और पुनर्वास के उन्हें जमीन से बेदखल न किया जाए. (Photo- PTI)
EVT_01160,1,1,['hindustan_times'],‘Article 370’ bags best picture in 72nd National Film Awards
EVT_01158,1,1,['the_hindu'],"The Cockroach Janta Party continued overnight protests on Sunday (July 19, 2026) at Delhi’s Jantar Mantar against the BJP government, demanding Prime Minister Narendra Modi and Union Education Minister Dharmendra Pradhan’s resignation."
EVT_01156,1,1,['hindustan_times'],FBI-indicted Punjab cop arrested for alleged ₹3.8 crore extortion bid
EVT_01155,1,1,['indian_express'],"Before Sonam Wangchuk, a look at India’s iconic fasts: Gandhi, Bhagat Singh to Sriramulu, Irom Sharmila"
EVT_01154,1,1,['india_today'],"Yogi Adityanath targets Akhilesh Yadav, says 'babua' had no time for public"
EVT_01153,1,1,['the_hindu'],"The police will enhance surveillance in and around Kochi city in view of the FIFA World Cup final on Sunday (July 18, 2026) night, with special focus on venues hosting public screening of the Argentina-Spain title clash and areas where post-match cel..."
EVT_01152,1,1,['the_hindu'],"On a sultry July afternoon, with the sun playing hide-and-seek behind the 161-foot-tall spire of the Ram temple in Ayodhya, people pass through the steel crowd-control barricades that regulate entry. People from across generations and genders gather ..."
EVT_01151,1,1,['india_today'],"Uttarakhand stops felling of 4,369 trees for Rishikesh highway after local protests"
EVT_01192,1,1,['the_times_of_india'],"NEW DELHI: âWhen I took the bold step of privatising the space sector, I was discouraged not to go ahead, I was told it could not be done, asked how it would be done and whether it would be the right decision, but I kept going forward. Today, with th..."
EVT_01149,1,1,['india_today'],"Allahabad High Court acquits man in wife and 2 sons' murder case, cites no motive"
EVT_01148,1,1,['the_hindu'],"The State-run Institute of Nephro-Urology (INU) has performed 10 cadaveric kidney transplants in the first 17 days of July, including three transplants within 24 hours, marking its highest monthly transplant tally and reflecting a sharp increase in o..."
EVT_01147,1,1,['hindustan_times'],"Delhi cafes, restaurants to stay open till 4am for FIFA World Cup final, announces CM Rekha Gupta"
EVT_01146,1,1,['hindustan_times'],Deletion from electoral roll doesn’t take away citizenship: Supreme Court
EVT_01145,1,1,['hindustan_times'],CBSE Class 10 pass percentage rises to 96.78% after second board exam; over one-fourth of students took improvement test
EVT_01144,1,1,['hindustan_times'],Is using abusive words like ‘motherf***ker’ punishable under obscenity law? What Supreme Court says
EVT_01143,1,1,['the_hindu'],The Tamil Nadu Dr. Ambedkar Law University has cancelled the affiliation of three private law colleges on charges of violating norms governing admission of students.
EVT_01142,1,1,['the_times_of_india'],"NEW DELHI: At 213 marks, NEET-UG recorded its highest ever qualifying cutoff, even as the number of candidates clearing the medical entrance examination fell by 1.15 lakh, a divergence driven by a smaller-appearing pool and a sharp upward shift in th..."
EVT_01141,1,1,['hindustan_times'],Indians chosen in US varsities struggle for visa appointment
EVT_01140,1,1,['hindustan_times'],Need a strict mechanism against those involved in paper leak: NEET-UG topper
EVT_01139,1,1,['the_hindu'],Minister for Public Works and Sports Development Aadhav Arjuna inaugurated a ₹10.15 crore-synthetic hockey turf at the District Sports Complex in Tiruvannamalai town on Saturday.
EVT_01150,1,1,['the_times_of_india'],JAMMU: Army troops opened fire after noticing a suspicious movement along the Line of Control (LoC) in the Rajouri district of Jammu & Kashmir on Friday night.
EVT_01191,1,1,['hindustan_times'],"Delhi Police ‘won’t allow' CJP's Parliament march on July 20, calls it ‘illegal’"
EVT_01190,1,1,['the_hindu'],Fresh official correspondence from two Karnataka government departments has brought renewed attention to the representations relating to the Obulapuram Mining Company (OMC) lease and the categorisation of certain mining leases along the Karnataka-And...
EVT_01189,1,1,['india_today'],Delhi Mango Festival showcases BrahMos variety inspired by Operation Sindoor
EVT_01188,1,1,['india_today'],"NTA warns of legal action over fake, AI-generated OMR sheets amid NEET row"
EVT_01187,1,1,['india_today'],"UP woman who killed 4-year-old son with spade, tried to burn body gets life term"
EVT_01186,1,1,['the_times_of_india'],"NEW DELHI: CBSE Saturday declared the results of the Class X Second Board Examination 2026, taking the overall pass percentage â after combining the main and second exam results â to nearly 96.8."
EVT_01185,1,1,['the_hindu'],"Right as Sonam Wangchuk entered the 21st day of his fast, authorities whisked him away, covering his path from the stage at the Jantar Mantar protest site to the waiting ambulance with a wall of white curtains. Mr. Wangchuk tried to raise his hand be..."
EVT_01184,1,1,['hindustan_times'],"‘Regressive’: Justice Ujjal Bhuyan flags judicial intervention, finance ministry policy as setback to arbitration"
EVT_01182,1,1,['the_hindu'],The Tamilaga Vettri Kazhagam (TVK)-led government is contemplating lowering the State-level Value Added Tax on Aviation Turbine Fuel (ATF).
EVT_01181,1,1,['india_today'],"सोशल एक्टिविस्ट और शिक्षा सुधारक सोनम वांगचुक 28 जून से दिल्ली के जंतर-मंतर पर अनिश्चितकालीन भूख हड़ताल पर हैं, जहां से शनिवार को दिल्ली पुलिस उन्हें जबरदस्ती उठाकर सफदरजंग अस्पताल ले गई. क्योंकि लंबी भूख हड़ताल के कारण उनमें डिहाइड्रेशन के लक्षण दिख..."
EVT_01180,1,1,['india_today'],"Gujarat ATS arrests 5 in Jaish-e-Mohammed Conspiracy, 2 linked to Bharuch madrasa"
EVT_01164,1,1,['the_hindu'],"The National Conference (NC) on Saturday (July 18, 2026) removed party leader in Ladakh Dr. Mohammad Jaffer Akhoon, days after he refused to step down from the top post of Chief Executive Councillor (CEC) of the Ladakh Autonomous Hill Development Cou..."
EVT_01178,1,1,['the_times_of_india'],NEW DELHI: Defence minister Rajnath Singh said on Saturday that
EVT_01177,1,1,['the_hindu'],"They may not be the first mother-son duo to graduate from an institution together, but they sure have a story to tell."
EVT_01176,1,1,['the_times_of_india'],"NEW DELHI: Medical colleges across the country will now decide faculty appointments and promotions on their own, with the National Medical Commission (NMC) ending routine eligibility clearances. Only exceptional cases involving regulatory ambiguity w..."
EVT_01175,1,1,['hindustan_times'],Sonam Wangchuk hospitalised LIVE: CJP renews call for Sansad march tommorrow; Delhi Police refuse nod
EVT_01174,1,1,['india_today'],"11 arrested for luring victims through prostitution ads, then robbing them"
EVT_01173,1,1,['the_hindu'],"Authorities in Jammu and Kashmir on Saturday (July 19, 2026) said that Amarnath and Mata Vaishno Devi Yatras will be temporarily suspended from July 19 due to the inclement weather forecast."
EVT_01172,1,1,['hindustan_times'],'Appropriate representation' denied: Nirmohi Akhara moves SC over Ram temple trust
EVT_01171,1,1,['the_hindu'],"For years, the Pallikaranai marsh has embodied Chennai’s environmental paradox. One of Tamil Nadu’s most important wetlands, it is also surrounded by apartment complexes, IT parks, arterial roads, and neighbourhoods that have grown steadily over the ..."
EVT_01170,1,1,['india_today'],Munger hospital blackout forces doctors to treat patients by mobile flashlight
EVT_01167,1,1,['the_hindu'],A 45-year-old man from Theni was arrested after the police seized 12 kg of ganja from his tourist bag in a government bus during a vehicle check at a police check post in Christianpet village near Katpadi in Vellore on Saturday.
EVT_01166,1,1,['the_times_of_india'],"NEW DELHI: Climate activist Sonam Wangchuk Saturday refused intravenous fluids, oral rehydration solution and medication despite an independent AIIMS expert endorsing Safdarjung Hospitalâs assessment that he urgently requires fluid and electrolyte th..."
EVT_01165,1,1,['india_today'],Donkeys fed gulab jamuns for rain in Bhopal. Here's what happened next
EVT_01179,1,1,['the_hindu'],"The Higher Education for Persons With Special Needs (HEPSN) wing of Andhra Loyola College (ALC), Vijayawada, in collaboration with EnAble India, Bengaluru, organised a day-long workshop on digital accessibility for persons with low vision."
EVT_00949,1,1,['hindustan_times'],Two killed in Uttarakhand truck accident; search on for boy swept away in Ganga
EVT_00948,1,1,['the_times_of_india'],"NEW DELHI: Employees' Provident Fund Organisation is readying the framework to provide social security to millions employed in the unorganised sector and exempted establishments, gig workers and people who are self-employed - presently not part of it..."
EVT_00947,1,1,['hindustan_times'],Three junior doctors and a staff nurse were suspended at Faridabad’s SABVGMC hospital after a patient complaint over their absence from the emergency ward.
EVT_00946,1,1,['the_times_of_india'],NEW DELHI: Justice can serve little purpose if not delivered timely - a truth underscored by a 1977 murder case.
EVT_00945,1,1,['the_times_of_india'],Narendra Modi on Friday targeted Punjab's ruling
EVT_00944,1,1,['the_times_of_india'],"NEW DELHI: WHO has issued new global guidelines saying up to 45% of dementia cases could be prevented or delayed by tackling risk factors such as high blood pressure, diabetes, smoking, physical inactivity and, for the first time, air pollution, whil..."
EVT_00943,1,1,['the_times_of_india'],NEW DELHI: Prime Minister Narendra
EVT_00942,1,1,['india_today'],"Lucknow Police busts US-targeting fraud call centre, seven arrested"
EVT_00940,1,1,['the_times_of_india'],"NEW DELHI: Bhim Army chief and Nagina MP Chandra Shekhar Azad on Friday criticised the Uttar Pradesh government over the proposed demolition action against Mohammad Ali Jauhar University in Rampur, alleging that the move reflected ""communal politics""..."
EVT_00939,1,1,['hindustan_times'],"Five more held in Gujarat Jaish-e-Mohammed terror module case, arrests rise to 13"
EVT_01062,1,1,['hindustan_times'],SC extends Bengaluru civic polls deadline to Dec 31
EVT_00937,1,1,['the_hindu'],A sea of devotees thronged Chamundi Hills on the first Ashada Friday to offer prayers at the Sri Chamundeshwari Temple.
EVT_00936,1,1,['hindustan_times'],Congress vs Congress in Punjab ahead of polls as leadership change ruffles feathers
EVT_00935,1,1,['the_times_of_india'],NEW DELHI: The ministry of external affairs on Friday dismissed claims made by a former Japanese minister blaming India for delays in the Mumbai-Ahmedabad
EVT_00934,1,1,['the_hindu'],"Amid a surge in demand for digitised birth certificates, the office of the Registrar General of India (RGI) is implementing stringent checks to prevent fraudulent digitisation of old records. The RGI informed the States in June that in certain instan..."
EVT_00932,1,1,['india_today'],"Man returning from temple visit hacked to death in Andhra, wife under scanner"
EVT_00931,1,1,['hindustan_times'],"‘Will stay alive, come back as ghost if…’: Sonam Wangchuk urges support for Parliament march on July 20"
EVT_00930,1,1,['the_hindu'],"India’s electoral rolls with nearly 95 crore voters is a living document which is dynamically evolving with time, Chief Election Commissioner Gyanesh Kumar said on Friday (July 17, 2026)."
EVT_00929,1,1,['the_hindu'],"The State government has approved and ordered to fill 15,000 teachers’ posts in government primary and high schools in the State."
EVT_00928,1,1,['hindustan_times'],CoBRA battalions get gender-sensitised before posting in Manipur
EVT_00927,1,1,['india_today'],Delhi electoral roll revision digitises 30 lakh forms as uploads jump
EVT_00926,1,1,['hindustan_times'],Central govt quarters licence fee revised from July 1
EVT_00938,1,1,['the_times_of_india'],"Yogi Adityanath Friday appealed to Kanwar yatris to maintain discipline during the annual yatra, warning that anti-social elements are ""attempting to provoke violence and damage"" the pilgrimage's image."
EVT_00974,1,1,['hindustan_times'],When Indira met Sonam: How a 1984 story slowly brought Cong to Wangchuk's fast
EVT_00973,1,1,['the_times_of_india'],"At a crowded shrine, a line of devotees stretches for blocks. Each person carries an expensive offering. Some have come to pray for a family memberâs health, but many arrive with other wishes: a promotion at work, a lottery win, or the failure of an ..."
EVT_00972,1,1,['hindustan_times'],"Chase from train to bike to school, end in a field: 2 wanted men shot by cops in UP's Shikohabad"
EVT_00971,1,1,['the_times_of_india'],"Amit Shah will be on a three-day visit to West Bengal from Friday, during which he will focus on reviewing matters related to border security, governance, law and order, and development in the state."
EVT_00970,1,1,['hindustan_times'],Hyderabad private school teacher terminated over religious homework
EVT_00969,1,1,['the_times_of_india'],"Madan Mitra, who left her faction of the"
EVT_00968,1,1,['hindustan_times'],From Income-tax to National Honour: What are the 7 bills that will be tabled in the monsoon session of Parliament?
EVT_00967,1,1,['hindustan_times'],India in touch with US authorities amid complications over revised visa norms
EVT_00966,1,1,['the_hindu'],The One Town police on Friday arrested two persons and took into custody a juvenile in connection with the murder of a 69-year-old woman and the theft of her gold ornaments in the One Town area on July 14.
EVT_00965,1,1,['hindustan_times'],'You ignored because she was poor?': Supreme Court lambasts doctor for denying care to 4-year-old rape victim
EVT_00964,1,1,['hindustan_times'],"Planning a Himalayas trip? Check IMD's weather forecast for Himachal, Uttarakhand before you pack"
EVT_00950,1,1,['the_times_of_india'],Aamir Khanâs controversial remarks in relation to
EVT_00961,1,1,['hindustan_times'],Cabinet rejig delayed as Kharge misses key meet
EVT_00960,1,1,['hindustan_times'],"Rath Yatra: SC upholds temporary stay on animated movie, clears release after festival"
EVT_00959,1,1,['india_today'],Kolkata airport on high alert as mass namaz protest called off after police talks
EVT_00958,1,1,['hindustan_times'],"E20 fuel case: Court orders Maruti to replace customer's SUV, carmaker to contest move"
EVT_00957,1,1,['the_hindu'],A Circle Inspector attached to the State Crime Records Bureau (SCRB) was taken into police custody on Friday after he allegedly attempted to forcefully free a few detainees held at the Nedumangad police station. The Home department has ordered an inq...
EVT_00956,1,1,['the_times_of_india'],NEW DELHI: A joint parliamentary committee (JPC) examining a bill on the removal of prime ministers and chief ministers on Friday decided to defer the adoption of its draft report even as voting was underway on the panel's five recommendations.
EVT_00955,1,1,['hindustan_times'],'Showing a spine against govt not easy': RJD on Aamir Khan's comment on Sonam Wangchuk
EVT_00954,1,1,['the_times_of_india'],"Congress on Friday rejected any possibility of an alliance between Bharatiya Janata Party and DMK, claiming that the two parties have different ideologies."
EVT_00953,1,1,['hindustan_times'],7 escape in Vizag as fishing boat capsizes
EVT_00952,1,1,['hindustan_times'],Terms of Trade: BJP’s different approach to different oppositions
EVT_00951,1,1,['hindustan_times'],"Sonam Wangchuk hunger strike highlights: Congress, AAP slam Aamir Khan over '3 Idiots' remark; Sule visits Jantar Mantar"
EVT_00963,1,1,['hindustan_times'],Novo’s weight-loss drug Wegovy gets CDSCO approval for fatty liver disease
EVT_00893,1,1,['the_hindu'],"The Supreme Court stated on Friday (July 17, 2026) that the Special Intensive Revision (SIR) is only linked to elections even as a petition said the West Bengal government is using SIR data to delete names from schemes ensuring food security, women’s..."
EVT_00892,1,1,['the_times_of_india'],"NEW DELHI: After 75 years of being a Republic and a decade of Swachh Bharat Mission, absence of toilets in courts hauntingly impedes women lawyers from practicing, lamented Supreme Court Friday and drew a six-week deadline for states to construct was..."
EVT_00891,1,1,['the_times_of_india'],"Ajit Doval chaired the 5th Meeting of Bimstec national security chiefs as the grouping that bridges South Asia and Southeast Asia discussed ""practical and result-oriented"" solutions to combat"
EVT_00890,1,1,['the_hindu'],The State Government has resolved to conduct a detailed enquiry into the alleged irregularities of the integrated land records management system Dharani introduced by the previous Bharat Rashtra Samiti government.
EVT_00889,1,1,['hindustan_times'],Replace Dharmendra Pradhan with Sonam Wangchuk: Kejriwal's big pitch at Jantar Mantar
EVT_00888,1,1,['india_today'],"PM Modi in Jalandhar Highlights: PM slams AAP over Tahir Hussain conviction, accuses party of appeasement"
EVT_00887,1,1,['hindustan_times'],"Delhi rain forecast: Heavy showers likely over the next 6 days, monsoon to intensify from July 20"
EVT_00886,1,1,['the_times_of_india'],NEW DELHI: Congress leader Pawan Khera on Friday met activist
EVT_00885,1,1,['the_hindu'],"Close on the heels of a minor girl being delivered of a baby, another case of minor girl getting pregnant because of alleged sexual exploitation has come to light in Dharwad district."
EVT_00884,1,1,['hindustan_times'],1994 murder case: SC questions Bihar govt’s move to grant remission to former MP Anand Mohan
EVT_00882,1,1,['hindustan_times'],"Half of medically certified deaths in 2024 due to heart, lung diseases: ORGI data"
EVT_00925,1,1,['the_hindu'],The staff in public hospitals in the State will undergo mandatory training in communication skills and people management so that hospitals become more patient-friendly and welcoming.
EVT_00880,1,1,['hindustan_times'],"CRISIL upgrades Vedanta Group companies, lifts flagship firm's rating to highest level in over a decade"
EVT_00879,1,1,['india_today'],"Uttarakhand to set up India's first Agniveer Cell, says CM Pushkar Dhami"
EVT_00878,1,1,['the_hindu'],"The Vadakara Judicial First Class Magistrate Court in Kozhikode on Friday (July 17, 2026) dismissed an application moved by the Special Investigation Team (SIT) seeking the cancellation of the bail granted to Jithin Bhaskaran, a local leader of the D..."
EVT_00877,1,1,['the_hindu'],"Nellore Urban Development Authority (NUDA) chairman Kotamreddy Srinivasulu Reddy and Nellore Rural MLA Kotamreddy Sridhar Reddy on Friday (July 17, 2026) announced that the NTR Centre near Irukalala Parameswari temple would be developed on the lines ..."
EVT_00876,1,1,['hindustan_times'],‘Studied for 17 hours’: NEET topper Aryan Gupta with 715/720 shares secret to success
EVT_00875,1,1,['the_times_of_india'],"NEW DELHI: Has BJP cracked the code for passage of the Delimitation Bill? Perhaps, yes. As the NDA government gears up for the upcoming Monsoon session of Parliament, the winds seem to be changing. In April, a united opposition had prevented the pass..."
EVT_00874,1,1,['the_hindu'],The Kerala High Court has refused to quash the magistrate court proceedings in the sexual assault case against former Malappuram SP S. Sujith Das and two other police officers.
EVT_00872,1,1,['hindustan_times'],‘Build new NTA’: Agency looks to fill nine senior posts to restore trust after NEET paper leak backlash
EVT_00871,1,1,['india_today'],Chabahar's Shahid Beheshti terminal unharmed: India after US bombs port
EVT_00870,1,1,['hindustan_times'],Delhi HC orders daily medical check-up for Sonam Wangchuk
EVT_00868,1,1,['hindustan_times'],Congress leader dies at Dehradun school during 'Chhatron Ki Goonj' preparations ahead of Rahul Gandhi's visit
EVT_00881,1,1,['the_times_of_india'],"ED Thursday reiterated that Fema is primarily a civil legislation that through Section 15 provides for compounding of contraventions to facilitate voluntary compliance, reduce litigation and ensure expeditious disposal of cases, except those involvin..."
EVT_00924,1,1,['hindustan_times'],"Lakhimpur case: Ex-Union minister, son get UP police clean chit"
EVT_00921,1,1,['hindustan_times'],TN govt bus driver held for sexually harassing girl
EVT_00918,1,1,['the_hindu'],Governor Thaawarchand Gehlot has said that Railways had not only strengthened the Indian economy but also contributed to the overall development of the country.
EVT_00916,1,1,['the_hindu'],"Resonance Junior Colleges, Hyderabad, has claimed exceptional performance in the NEET 2026 results, with its students securing remarkable ranks at both the national and Hyderabad levels."
EVT_00915,1,1,['hindustan_times'],Badrinath temple donation theft: Retired BKTC employee arrested by SIT
EVT_00914,1,1,['the_hindu'],"The Election Commission’s ongoing Special Intensive Revision (SIR) of electoral rolls is fundamentally a citizenship verification exercise mandated by the Constitution and electoral laws, Chief Election Commissioner (CEC) Gyanesh Kumar said on Friday..."
EVT_00913,1,1,['hindustan_times'],'She chased me away': Madan Mitra explains why he left Mamata's side amid TMC crisis
EVT_00912,1,1,['hindustan_times'],"Meet Tukaram Mundhe: 25 transfers in 21 years, now the face of food safety raids across Maharashtra"
EVT_00911,1,1,['hindustan_times'],"‘Government stands with the kanwariyas’: CM Yogi assures security to pilgrims, urges discipline"
EVT_00910,1,1,['india_today'],"Class 8 student accuses computer teacher of rape in Bihar school, probe on"
EVT_00909,1,1,['the_hindu'],Parts of Kerala are likely to receive isolated heavy showers for the next few days triggered by the reinvigorated monsoon conditions.
EVT_00894,1,1,['hindustan_times'],ED takes 3 Andhra liquor case accused into custody
EVT_00906,1,1,['the_times_of_india'],"Omar Abdullah and NC president Farooq Abdullah, along with party MLAs, left for New Delhi Saturday to hold a protest at Jantar Mantar on July 20 for restoration of statehood, even though police permission for the sit-in was yet to come."
EVT_00905,1,1,['hindustan_times'],"'Govt must listen, not look away': Cong's Pawan Khera meets Sonam Wangchuk, says 'protest is a constitutional right'"
EVT_00904,1,1,['hindustan_times'],NEET UG 2026 state-wise toppers list: Check top rankers from every state
EVT_00903,1,1,['hindustan_times'],2020 riots case: HC notice to Delhi Police on bail plea by Sharjeel Imam in UAPA case
EVT_00901,1,1,['hindustan_times'],"India's first hydrogen-powered train flagged off: Key features, route and what makes it special"
EVT_00900,1,1,['india_today'],"Student's assault sparks huge protest at Jharkhand school, 5 classmates suspended"
EVT_00899,1,1,['hindustan_times'],"‘Even though BJP not in power here...’: PM Modi's big rail, road push in Punjab ahead of elections"
EVT_00898,1,1,['hindustan_times'],Kedarnath Yatra resumes after landslide blocks trek route; IMD issues alert
EVT_00897,1,1,['hindustan_times'],"On a humid summer weekend at the IIT Madras campus, something remarkable is taking place. The regular undergrad students of the campus are on holidays. Replacing them are 5,000 students of all age groups, from across the world, who have enrolled in a..."
EVT_00896,1,1,['hindustan_times'],3 killed as train hits car carrying school children at manned level crossing in Bengal
EVT_00895,1,1,['hindustan_times'],"Kharge calls for all-party meeting on delimitation bill, writes to PM"
EVT_00908,1,1,['the_times_of_india'],NEW DELHI: The Special Investigation Team (
EVT_01054,1,1,['the_hindu'],Activists on Saturday demanded a robust mechanism to protect vulnerable sections after a 67-year-old widow allegedly died by suicide following the stoppage of her government pension in Odisha.
EVT_01051,1,1,['hindustan_times'],Weather Bee: Will 2026 rank as the warmest year on record?
EVT_01050,1,1,['hindustan_times'],Ethanol blending won't lower fuel rates: Ex-HPCL chief busts ‘myth’
EVT_01048,1,1,['india_today'],"Kerala may reconstitute Waqf Board after High Court verdict, says minister"
EVT_01047,1,1,['hindustan_times'],‘Re-NEET tougher than last paper’: How toppers reacted to crucial exam results
EVT_01046,1,1,['hindustan_times'],"July deficit is not hard to erase, removing overall deficit is | Number Theory"
EVT_01045,1,1,['hindustan_times'],"First given milk laced with sleeping pills, then bitten by a snake: Inside the Meerut murder plot"
EVT_01044,1,1,['hindustan_times'],Abhishek Banerjee's office in Diamond Harbour demolished: 'Illegal construction'
EVT_01042,1,1,['indian_express'],Meet new national minorities panel chief Harjeet Grewal: RSS member to BJP face during farm stir
EVT_01041,1,1,['hindustan_times'],"JNU's Neha Bora continues hunger strike after Wangchuk moved away, alleges police crackdown"
EVT_00975,1,1,['hindustan_times'],"Woman kills husband, attempts to kill son in Dharwad, arrested"
EVT_01039,1,1,['hindustan_times'],"BJP keen on NCPs' merger, but Sunetra Pawar, son Parth not in favour"
EVT_01036,1,1,['indian_express'],"Karnataka SIR: How Congress is stealing the march, BJP playing catch-up"
EVT_01034,1,1,['indian_express'],"Working on a timeline set by the new Suvendu Adhikari-led BJP government in West Bengal, the Kolkata Municipal Corporation (KMC) administration has been going ahead with a major delimitation exercise, proposing to increase the city’s municipal seats ..."
EVT_01033,1,1,['indian_express'],‘Tejashwi surrounded by sycophants’: Why RJD just lost a key spokesperson
EVT_01032,1,1,['theprint'],Mathura: Hindu outfits have demanded legal action against an Islamic cleric for describing Hindu deity Krishna as a ‘Paanch waqt ke namazi‘ (one who offers Namaz five times a day). They also want the preacher to also apologise for the comment—made in...
EVT_01031,1,1,['the_hindu'],"As India grapples with rising food waste and the subsequent increase in greenhouse gas emissions, WRI India (World Resources Institute India) has developed a tool that enables cities, businesses, and residential communities to estimate emissions gene..."
EVT_01030,1,1,['indian_express'],"Devendra Fadnavis’ balancing act amid NCP drama, delimitation Bill headcount"
EVT_01029,1,1,['indian_express'],"7 min readNew DelhiJul 17, 2026 07:17 AM IST"
EVT_01028,1,1,['theprint'],"Hyderabad: As images of the Amara Raja Group’s new lithium-ion Giga Corridor project in Telangana were splashed across newspapers Thursday, Andhra Pradesh IT and Electronics Minister Nara Lokesh wrote an anguished apology to Amara Raja Group head Jay..."
EVT_01027,1,1,['theprint'],"Kolkata: Trinamool Congress (TMC) chief and former West Bengal Chief Minister Mamata Banerjee on Wednesday hit back at her critics amid the ongoing rebellion within the party, saying attempts to “age-shame” her would not deter her and asserting that ..."
EVT_01026,1,1,['indian_express'],"Sunil Tatkare revives NCP merger buzz, hints ball is in Sharad Pawar’s court"
EVT_01040,1,1,['hindustan_times'],'I'll lead if Sonam can't': Wangchuk's wife Gitanjali says July 20 march to Parliament is on
EVT_01083,1,1,['indian_express'],DMK signals Delhi reset: Why the party is keeping options open
EVT_01081,1,1,['the_times_of_india'],NEW DELHI: Authorities on Saturday temporarily suspended the
EVT_01080,1,1,['hindustan_times'],"Parl panel on PM, CMs’ removal bill defers draft report"
EVT_01079,1,1,['the_hindu'],Industries Minister P.K. Kunhalikutty on Saturday said that he and Chief Minister V.D. Satheesan had held official discussions with representatives of Tata to take forward a ₹300-crore project for which the previous Left Democratic Front (LDF) govern...
EVT_01078,1,1,['indian_express'],BJP’s Punjab reset: How the party is trying to reinvent itself before polls
EVT_01077,1,1,['hindustan_times'],"Mild dizziness, check-up 'of his own free will': Sonam Wangchuk's medical note surfaces"
EVT_01076,1,1,['hindustan_times'],Nearly 400k trees on block after coal projects get nod
EVT_01073,1,1,['hindustan_times'],"'Opening the books once again was difficult': NEET re-exam toppers on paper leak, second attempt"
EVT_01072,1,1,['hindustan_times'],"1 injured in Kolkata residential blast, 1 detained; NIA launches probes"
EVT_01071,1,1,['hindustan_times'],Two held for painting Sonam Wangchuk's mural on public wall in Guwahati
EVT_01069,1,1,['the_hindu'],"The Joint Parliamentary Committee examining the Viksit Bharat Shiksha Adhishthan (VBSA) Bill on Saturday (July 18, 2026) cancelled its July 20 meeting where the Bill’s draft report was to be adopted. This came a day after the Committee examining the ..."
EVT_01055,1,1,['the_hindu'],"Union Minister for Civil Aviation K. Rammohan Naidu on Saturday laid the foundation stone for end-to-end road development works worth ₹3.02 crore in Bharathi Nagar and Guru Nanak Colony, as part of the Vijayawada Municipal Corporation’s (VMC) Air Qua..."
EVT_01067,1,1,['theprint'],"Sitapur/Hardoi/Barabanki: “Har bhakt ke liye yeh dukh ki baat hai. Hum shraddha se daan dete hain. Agar wahi paisa chori ho jaye toh dard toh hoga hi. (This is deeply saddening for every devotee. We donate with devotion. If that money is stolen, it’s..."
EVT_01065,1,1,['hindustan_times'],"High drama on Day 21 of Wangchuk's strike: Hospitalisation, Dipke's ‘detention’, students' lathicharge claim"
EVT_01064,1,1,['hindustan_times'],"One dead, 12 injured after students fall into septic tank at Rajasthan madrasa: Cops"
EVT_01063,1,1,['hindustan_times'],"White sheets, plainclothes cops: How Delhi Police ‘removed’ Sonam Wangchuk amid sea of protesters"
EVT_01251,1,1,['hindustan_times'],Pralhad Joshi gets education ministry charge as Dharmendra Pradhan's resignation accepted
EVT_01061,1,1,['hindustan_times'],TDP leader held for assaulting woman over water pump connection in Guntur: Cop
EVT_01060,1,1,['hindustan_times'],"Bar Council of India bans courtroom reels, issues social media rules for lawyers"
EVT_01059,1,1,['hindustan_times'],Meerut to Rishikesh in 3 hours: How Namo Bharat corridor extension will ease travel
EVT_01058,1,1,['hindustan_times'],"Maharashtra woman stabbed to death, accused dies by suicide hours later"
EVT_01057,1,1,['hindustan_times'],Who is judge Veena Rani and why was she suspended by Delhi high court?
EVT_01056,1,1,['hindustan_times'],"Om Birla gives nod to merger of Uddhav rebels with Shinde Sena, TMC rebels with NCPI"
EVT_01068,1,1,['the_times_of_india'],Mallikarjun Kharge on Saturday launched a sharp attack on the Centre over the removal of activist
EVT_00999,1,1,['the_hindu'],The State Government has decided to bring in sweeping reforms in the tender processes to ensure that there is no scope for irregularities or favouritism.
EVT_00998,1,1,['the_times_of_india'],"JAMMU: The J&K administration Friday suspended mobile internet services in Doda district till further orders and deployed a large security contingent in Bhaderwah town, where tensions flared up after a 30-year-old man was shot dead around Thursday mi..."
EVT_00997,1,1,['the_hindu'],"Coir Board Secretary M. S. Lakshmi Priya has said that the Ministry of Micro, Small and Medium Enterprises of India (MSME) has committed to establishing 15 coir clusters in Andhra Pradesh."
EVT_00996,1,1,['the_hindu'],"The Kerala High Court has sought the response of the Centre and the Central Bureau of Investigation (CBI), on a petition seeking a CBI probe into the ₹700-crore scam in which investors were reportedly assured of defence contracts of the US armed forc..."
EVT_00995,1,1,['deccan_herald'],"<p>Bengaluru: A nationwide report has urged Karnataka and other states to adopt a uniform regulatory framework for bike taxis.</p>.<p>The report, by the consumer advocacy group CUTS International, says policy uncertainty has disrupted affordable urba..."
EVT_00993,1,1,['india_today'],"Freed from Saudi jail, Kerala man arrested for masterminding interstate drug racket"
EVT_00992,1,1,['deccan_herald'],Neighbour's complaint triggers probe into two-year-old's suspicious death in Banaswadi
EVT_00991,1,1,['the_hindu'],"A mining inspector was arrested by the Vigilance and Anti-Corruption Bureau (VACB) while allegedly accepting a ₹15,000 bribe from an applicant for granting permission to collect and sell river sand. The official was remanded in judicial custody on Fr..."
EVT_00990,1,1,['the_hindu'],"Members of the Vizag Film Society paid homage to legendary playback singer S. Janaki, who passed away recently at the age of 88, at a condolence meeting held at the Visakhapatnam Public Library on Friday evening. The participants observed a two-minut..."
EVT_00989,1,1,['deccan_herald'],"<p>Bengaluru: A landlord, his two sons and a friend allegedly beat a mason to death over a construction dispute at Kittahalli village in Madanayakanahalli on Thursday.</p>.<p>The deceased, 35-year-old Ravi, was a native of Andhra Pradesh.</p>.<p>Prim..."
EVT_00988,1,1,['the_hindu'],"A private bus driver turned saviour for a 20-year-old woman who allegedly jumped into the Periyar from the Paravur-Manjali bridge, reportedly distressed over a below-par exam results, on Friday noon. The driver, identified as Ajesh, 41, braved the sw..."
EVT_01025,1,1,['theprint'],"Sule has signalled that her party could support the 131st Constitution Amendment Bill, saying that the party would first study the Bill before taking a final decision."
EVT_00986,1,1,['the_hindu'],The High Court permitted the Bharat Rashtra Samithi (BRS) to conduct ‘Yuva Sangrama Sadassu’ at Saroornagar Stadium on Saturday after the police refused permission for the programme.
EVT_00985,1,1,['the_hindu'],"Manasbal Lake, the country’s deepest freshwater lake in central Kashmir’s Ganderbal district, is on the path of ecological recovery with the return of migratory birds."
EVT_00984,1,1,['the_hindu'],"Visakhapatnam District Collector M. Abhishikth Kishore on Friday directed officials to prepare a comprehensive action plan for the proposed Bay City project, part of the Visakha Economic Region, with emphasis on land use, infrastructure, tourism, inv..."
EVT_00983,1,1,['the_hindu'],"Srishti Manipal Institute of Art, Design and Technology (SMI), a constituent unit of the Manipal Academy of Higher Education (MAHE), Institution of Eminence Deemed-to-be University, concluded a two-day international conference on design-led innovatio..."
EVT_00982,1,1,['the_hindu'],"Members of the All India Save Education Committee (AISEC) and several civil society organisations staged separate demonstrations in the city on Friday, expressing solidarity with educationist and environmentalist Sonam Wangchuk, who is on an indefini..."
EVT_00981,1,1,['the_hindu'],"The Telangana High Court on Friday dismissed a writ petition filed by former Minister Jalagam Prasad Rao seeking a direction to re-introduce the security coverage, which was recently withdrawn to him by the State government."
EVT_00980,1,1,['the_hindu'],"The results of the DCET-2026 (Diploma Common Entrance Test), conducted for diploma holders seeking direct admission to the third semester (second year) of engineering courses, have been announced on Friday, according to H. Prasanna, Executive Directo..."
EVT_00979,1,1,['the_hindu'],"Delta Electronics India has proposed establishing a state-of-the-art greenfield testing and validation facility, named ARIVAM (AI Data Center, Renewables, Integrated Micro Grid Solutions, Validated Engineering and Management Cente), at its existing c..."
EVT_00978,1,1,['india_today'],"11-month-old baby kidnapped for begging rescued within hours in Gujarat, 4 arrested"
EVT_00977,1,1,['the_times_of_india'],NEW DELHI: Former Indian Ambassador to Canada
EVT_00976,1,1,['the_hindu'],"The in-charge Ministers were asked to invite public representatives cutting across political lines, agriculture and weather scientists to prepare a detailed report on the situation in the respective districts. The report would be utilised to finalise..."
EVT_00987,1,1,['india_today'],Justice can't be 'tareekh pe tareekh': Allahabad High Court on 25-year trial delay
EVT_01024,1,1,['the_hindu'],"For nearly two minutes on the night of July 9, Block A of Sushant Lok Phase-I in Haryana’s Gurugram sounded like a war zone. Just minutes from the glitzy Mehrauli-Gurugram Road, known for its premium hotels and luxury showrooms, a quiet enclave of bu..."
EVT_01023,1,1,['deccan_herald'],"<p>Bengaluru: GBA Chief Commissioner M Maheshwar Rao on Friday directed officials to register criminal cases against owners of buildings in vulnerable localities that lack mandatory fire safety systems.</p>.<p>Rao, who held a coordination meeting wit..."
EVT_01022,1,1,['the_times_of_india'],"National Medical Commission's 2023 regulation allowed only Section 8 companies to set up medical colleges. Under Section 8 of Companies Act, such a company is a non-profit organisation in which surpluses can only be reinvested in charitable objective..."
EVT_01021,1,1,['the_times_of_india'],"NEW DELHI: Drawing a distinction between using abuse language and the offence of obscenity, Supreme Court has said that use of mere swear words, profanities and vulgar expletives, however distasteful or uncivil they may be, cannot be equated with obs..."
EVT_01020,1,1,['india_today'],"Impaled by 4 iron rods, labourer survives after 8.5-hour surgery in Lucknow"
EVT_01019,1,1,['the_times_of_india'],"NEW DELHI: Pained by the unfortunate demise of a cancer patient awaiting Kerala HC's order on her plea questioning exorbitant cost of life-saving medicines, the Supreme Court Friday took suo motu cognisance of both issues impacting right to life - pl..."
EVT_01018,1,1,['deccan_herald'],Bengaluru North City Corporation intensifies measures to curb dengue
EVT_01017,1,1,['deccan_herald'],<p>Bengaluru: North Division police have detected 70 property crime cases and arrested 94 suspects over the last several weeks.</p>.<p>Police have also recovered valuables worth Rs 4.91 crore. The cases include day and night house burglaries and vehi...
EVT_01016,1,1,['the_times_of_india'],"NCP (SP) on the Constitution amendment bill, which will increase seats in Lok Sabha and implement womenâs reservation law from 2029, suggest that political momentum is building up in govtâs favour. This comes on the back of the disintegration of Trin..."
EVT_01015,1,1,['india_today'],Video: 5-year-old boy hospitalised after 12-minute thrashing by class monitor
EVT_01014,1,1,['india_today'],The woman who fasted for 16 years... but couldn't change the law
EVT_01000,1,1,['the_hindu'],India’s monthly active gig internet workforce is expected to expand from over six million today to 17-21 million by 2030.
EVT_01012,1,1,['hindustan_times'],Dentist who mocked Ketan Agarwal's death suspended for 5 years by dental body
EVT_01011,1,1,['theprint'],Neither Hindu right nor conservative Muslim clerics have a coherent case against Aamir Khan's marriage to Gauri Spratt. But that hasn't stopped either side from making one.
EVT_01010,1,1,['the_hindu'],"Residents within Greater Chennai Corporation limits can complete the first stage of Census 2027 through self-enumeration from July 17 to 31 by registering their household details on the official portal, https://se.census.gov.in. The house listing and..."
EVT_01008,1,1,['the_hindu'],"With the change in government and favourable conditions in West Bengal, investors are returning to the State, Chief Minister Suvendu Adhikari said on Friday."
EVT_01007,1,1,['deccan_herald'],"<p>Bengaluru: More than 500 activists, academics, writers, architects, lawyers, students and civil society organisations have endorsed an open letter urging the Karnataka government to immediately halt the Greater Bengaluru Authority’s (GBA) ongoing ..."
EVT_01006,1,1,['india_today'],Lion attacks leave villagers on edge as Gujarat's big cat population grows
EVT_01005,1,1,['the_times_of_india'],"JAMMU: A Jammu court Friday rejected the bail plea of Kamal Singh Jamwal, accused of attempting to assassinate National Conference president and former J&K CM Dr Farooq Abdullah earlier this year. The judge held that an attack on a public figure of A..."
EVT_01004,1,1,['the_times_of_india'],"SRINAGAR: In a major step towards Indiaâs clean energy mission, Lieutenant Governor of Ladakh V K Saxena Friday commissioned the countryâs first and the deepest geothermal wells at Puga valley. ONGC Energy Centre would execute two geothermal wells in..."
EVT_01003,1,1,['deccan_herald'],'Project Sparsh' to tackle health & livelihood gaps for Bengaluru's LGBTQIA+ community
EVT_01002,1,1,['the_hindu'],"Four Malabar pied hornbills (Anthracoceros coronatus), a rare species usually found in forested habitats, were sighted along the Muyyam River near Taliparamba on July 15, 2026, marking what is believed to be the first documented record of the birds i..."
EVT_01001,1,1,['the_hindu'],"TVS Training and Services Limited, in partnership with State Industries Promotion Corporation of Tamil Nadu Limited (SIPCOT), organised the Net Zero Sustainability Expo 2026, providing a platform for startups to showcase innovative products and techn..."
EVT_01013,2,1,['india_today'],PM flags off India's first hydrogen train; Lucknow school assault case; and more
EVT_01554,1,1,['hindustan_times'],"‘Modi ji, learn from Rahul’: Shehzad Poonawalla's sarcastic swipe over PM ‘not behaving like a proper dictator’ | Watch"
EVT_01553,1,1,['india_today'],Protect PM Modi's leadership: Andhra CM rallies support after Gen Z protests
EVT_01552,1,1,['hindustan_times'],"‘Below-normal rain, above-normal temperatures’ likely across India in August and September, says IMD"
EVT_01551,1,1,['hindustan_times'],Pappu Yadav faces police complaint over Parliament skit on Ram Mandir donations theft
EVT_01549,1,1,['hindustan_times'],Tripura’s Ashmita Dey wins India’s first Commonwealth judo gold
EVT_01548,1,1,['the_hindu'],The 22nd graduation day of Ganadipathy Tulsi’s Jain Engineering College was held at its campus in Vellore.
EVT_01547,1,1,['the_hindu'],"Prime Minister Narendra Modi was presented with a monolithic marble statue of Swami Vivekananda, carved by renowned sculptor Arun Yogiraj in Mysuru on Saturday."
EVT_01546,1,1,['the_times_of_india'],"File photo: PM Modi and leader of opposition in Lok Sabha, Rahul Gandhi"
EVT_01545,1,1,['hindustan_times'],"'We are modernising education infra': PM Modi says India committed to discrimination-free education, equal opportunity"
EVT_01544,1,1,['hindustan_times'],"‘Hopefully, he will post another video’: Dipke seeks PM's apology over cops' action on '12-year-olds' during CJP protest"
EVT_01543,1,1,['the_times_of_india'],'Honey trap' angle emerges in Bengal Jaish probe; woman arrested from Jharkhand
EVT_00869,1,1,['the_times_of_india'],Mehbooba Mufti on Friday criticised PM Narendra Modi-led Centre over its silence to educator and climate activist
EVT_01541,1,1,['hindustan_times'],"Muthanga cop murder: After 23 years, all accused acquitted"
EVT_01540,1,1,['the_times_of_india'],âHow did Hockey India executive board not know?â Congress questions govt over saffron jersey row
EVT_01539,1,1,['hindustan_times'],‘Congress betrayed us’: DMK says part of Opposition but not of INDIA bloc
EVT_01538,1,1,['hindustan_times'],"Cabinet approves ₹84,084-crore ‘Samudra Manthan’ scheme for offshore energy exploration"
EVT_01537,1,1,['hindustan_times'],"Bhiwani boxers Preeti Pawar, Jasmine Lamboria win CWG golds"
EVT_01536,1,1,['india_today'],Taslima Nasreen's stage invite to poet Joy Goswami sparks protest at Kolkata event
EVT_01535,1,1,['the_hindu'],"West Bengal Chief Minister Suvendu Adhikari on Saturday (August 1, 2026) said eggs would be provided twice a week to schoolchildren through a separate arrangement while inaugurating an ISKCON community kitchen that will supply mid-day meals in Kolkat..."
EVT_01534,1,1,['india_today'],Tamil Nadu tightens civic spending rules amid fund crunch in Chennai
EVT_01533,1,1,['hindustan_times'],"Zee's Subhash Chandra, Punit Goenka fined by SEBI, barred from markets for one year"
EVT_01532,1,1,['the_times_of_india'],Nathula pass border trade resumes after 6 years; traders seek expansion of goods list
EVT_01531,1,1,['india_today'],Unable to eliminate extortion despite being in power: Bengal BJP chief's admission
EVT_01542,1,1,['the_hindu'],The tiger prowling in the forests of Eluru district reportedly killed a calf in Pandugudem village of Buttaigudem mandal. The animal also killed two cows in the forests at Mangapathidevipeta village in Kannapuram range two days ago.
EVT_01578,1,1,['the_hindu'],"Two persons were arrested for stealing 50 sovereigns of gold jewellery, silver objects and ₹5 lakh cash from the house of coir businessman and private financier at Pudupettai village that comes under Natrampalli panchayat union near Jolarpet town in ..."
EVT_01577,1,1,['the_times_of_india'],"West Bengal to clear all pending CAA applications within six months, says Suvendu Adhikari"
EVT_01576,1,1,['india_today'],CAPF officers move Supreme Court against new law over stalled promotions
EVT_01575,1,1,['hindustan_times'],"'I got only five minutes': DKS says PM Modi's message more important, cuts short speech at Mysuru event"
EVT_01574,1,1,['hindustan_times'],"Delhi court rejects govt department's plea to register FIR, upholds magistrate's order"
EVT_01573,1,1,['the_times_of_india'],A bench of Justices Sanjay Karol and Vipul M Pancholi quashed the order of Rajasthan High Court which had held that a wife cannot be denied interim maintenance during pendency of the husbandâs application
EVT_01572,1,1,['the_times_of_india'],"Edited by: Karan Manral / TIMESOFINDIA.COM / Updated: Aug 01, 2026, 18:30 IST"
EVT_01571,1,1,['hindustan_times'],"Six dead as heavy rain batters Kerala, rescue operations continue"
EVT_01570,1,1,['hindustan_times'],‘First and last mistake… I am just 15’: Girl booked for PM Modi remarks apologises in viral video
EVT_01569,1,1,['the_times_of_india'],"NEW DELHI: India has screened 10,974 international travellers arriving from Ebola-affected countries since May 23 after the World Health Organization declared the Bundibugyo Ebola outbreak a Public Health Emergency of International Concern (PHEIC), w..."
EVT_01568,1,1,['the_hindu'],"Three persons, including an 11-year-old boy, died and widespread damage was reported across Kottayam district as torrential rain that lashed the eastern high ranges from Friday evening triggered landslips, flash floods and overflowing rivers on Satur..."
EVT_01555,1,1,['the_hindu'],"Several parts of Pathanamthitta district were hit by a flood-like emergency on Saturday after an unexpected spell of extremely heavy rain lashed the region from Friday evening, triggering flash floods, landslips and widespread inundation."
EVT_01566,1,1,['the_times_of_india'],"Walk into any diagnostics lab in a major Indian city and you will likely be handed a laminated menu, not of food, but of the body. Silver package, gold package, platinum package. Forty tests, sixty tests, ninety. Fasting blood sugar, thyroid panels, ..."
EVT_01565,1,1,['india_today'],"Antilia case: NIA court frames charges against Sachin Vaze, Pradeep Sharma, others"
EVT_01564,1,1,['the_hindu'],"As the death toll in the Kulgam terror attack rose to two on Saturday (August 1, 2026), Jammu and Kashmir Lieutenant-Governor, Manoj Sinha, asked security agencies “to conduct a comprehensive review of the Standard Operating Procedures (SoPs) establi..."
EVT_01563,1,1,['the_times_of_india'],"on Saturday accused Prime Minister Narendra Modi of failing to address the concerns of students and added that students deserved his apology, not forgiveness."
EVT_01562,1,1,['the_times_of_india'],Explained: What changes after India's tougher anti-paper leak law comes into force
EVT_01561,1,1,['hindustan_times'],"2,000 everyday artefacts, rare textiles go on display at Humayun Tomb"
EVT_01560,1,1,['hindustan_times'],"Opposition stages 'chanda chori' skit in Parliament over Ram Temple row, BJP accuses it of insulting Hindu faith"
EVT_01559,1,1,['the_hindu'],"A move to Jammu and Kashmir from his village in central Chhattisgarh meant more than sustenance for 24-year-old Deepak Ratre, the sole breadwinner of a family of five that includes a disabled younger brother, an elderly mother, wife, and a four-month..."
EVT_01558,1,1,['hindustan_times'],Uttarakhand CM Dhami reviews disaster preparedness during visit to NDRF battalion in Gadarpur
EVT_01557,1,1,['the_times_of_india'],"Friday granted pre-arrest bail to DMK's V Senthil Balaji in a corruption case related to Tasmac saying the state no longer suffers ""from his so-called malefic influence"". The court asked Balaji to scrupulously cooperate with the probe, not tamper wit..."
EVT_01556,1,1,['the_times_of_india'],First J&K terror attack on migrants in 21 months: Two Chhattisgarh labourers die after being shot
EVT_01567,1,1,['hindustan_times'],"Birth, death registration bill clears Lok Sabha amid Opposition protest"
EVT_01502,1,1,['the_times_of_india'],"'Girls' clothes torn, heads broken': CJP founder demands PM Modi apology over police action on July 20th"
EVT_01501,1,1,['the_times_of_india'],NEW DELHI: A 52-year-old BSF constable who recently returned from the Democratic Republic of Congo as part of an Indian UN peacekeeping contingent has been admitted to the isolation ward at the Ebola Nursing Home of Dr Ram Manohar Lohia (RML) Hospita...
EVT_01500,1,1,['hindustan_times'],Four killed in landslides as heavy rain triggers floods across Kerala
EVT_01499,1,1,['hindustan_times'],"Dehradun teacher dowry death: Husband, sister-in-law arrested amid outrage"
EVT_01498,1,1,['india_today'],I am back: Taslima Nasrin renews free speech call in first public appearance
EVT_01496,1,1,['the_times_of_india'],"NEET-PG 2026 gets major overhaul: Centres closer to home, single-shift exam, fewer questions with no change in test duration"
EVT_01494,1,1,['hindustan_times'],"Gen Z student's PPT counter to BJP's 'Babur ki Virasat' post; Rahul Gandhi, Kejriwal, CJP come in support | Watch"
EVT_01493,1,1,['hindustan_times'],Haryana SIR : Draft electoral rolls published for all 90 assembly constituencies
EVT_01492,1,1,['the_times_of_india'],PM Modi inaugurates Swami Vivekananda Cultural Youth Centre in Mysuru
EVT_01491,1,1,['hindustan_times'],Supreme Court orders DNA tests for Indians killed while serving Russian army
EVT_01490,1,1,['hindustan_times'],"Adityanath hails Asmita Dey for first-ever judo win at CWG, calls her 'Maa Bharati'"
EVT_01529,1,1,['the_times_of_india'],"'Same people who litter here, use dustbin abroad': Bombay HC on civic sense"
EVT_01488,1,1,['the_hindu'],"The Tamil Nadu government is aware of the gap between education and employment prevailing in the State and will take steps to find a solution soon, Tamil Nadu Legislative Assembly Speaker J.C.D. Prabhakar said here on Saturday."
EVT_01487,1,1,['the_hindu'],"Andhra Pradesh Joint Action Committee (APJAC) of employees, teachers and pensions, have appealed to the government to fulfil their long pending demands."
EVT_01486,1,1,['the_hindu'],"The Karnataka High Court has ruled that a special provision in the Hindu Succession Act, 1956, which excludes certain estates of former royal families from the purview of being partitioned under the Act, remains valid despite abolition of privy purse..."
EVT_01485,1,1,['hindustan_times'],DKS defers talks with Vijay amid Cauvery protests; Tamil Nadu to move Supreme Court
EVT_01484,1,1,['the_hindu'],"The lifting of trawling ban off the Kerala’s coast has failed to bring the much-anticipated cheer in the fishing sector as the shores remained inactive, thanks to inclement weather."
EVT_01483,1,1,['hindustan_times'],"Revenue Minister says Kerala prepared, situation under control despite rain havoc"
EVT_01482,1,1,['the_times_of_india'],âEgg-therapy could turn on its headâ: Bengal BJP chief Samik Bhattacharya cautions party workers
EVT_01481,1,1,['hindustan_times'],Higher educational institutions must intellectually empower students: Rajasthan Governor
EVT_01480,1,1,['the_times_of_india'],'Disappointed with PM Modi': Shehzad Poonawallaâs sarcastic 'dictator' jibe at oppn after quitting BJP
EVT_01479,1,1,['the_hindu'],"Heavy rain triggered widespread disruption across the hilly regions of Kannur district on Saturday (August 1, 2026), damaging roads, inundating houses, forcing evacuations, and prompting the authorities to impose travel and tourism restrictions."
EVT_01478,1,1,['the_times_of_india'],J&K CM Omar Abdullah announces Rs 10 lakh aid after Kulgam terror attack kills two labourers
EVT_01489,1,1,['hindustan_times'],"EC extends electoral roll revision deadlines in Odisha, Telangana"
EVT_01528,1,1,['hindustan_times'],"Supreme Court asks states to stop cattle straying on roads, compensate victims of accidents"
EVT_01527,1,1,['hindustan_times'],"Sule demands SIT probe into exam irregularities, all-party meet on reforms"
EVT_01526,1,1,['india_today'],Delhi High Court transfers six judges to newly set up exclusive NIA courts
EVT_01525,1,1,['india_today'],"PM Modi has failed, says Shehzad after dropping BJP from X bio. There's a twist"
EVT_01524,1,1,['india_today'],Supreme Court judge's 'ant' remark during discussion on judicial transparency
EVT_01523,1,1,['india_today'],How did Abhijeet Dipke's father fund US education? RTI activist seeks probe
EVT_01522,1,1,['india_today'],Faridabad woman kills lover after he refuses to marry her
EVT_01521,1,1,['the_hindu'],"The vibrancy of Telugu language, culture and traditions came alive in Baltimore, Maryland, on Friday as thousands of Telugu people from across the United States gathered for the 19th American Telugu Association (ATA) conference, celebrating their sha..."
EVT_01520,1,1,['hindustan_times'],E20 petrol saved consumers nearly ₹30 per litre during crude price spike: Govt
EVT_01519,1,1,['the_times_of_india'],"'Terrorists asked caste, community': Family claims Kulgam victims were 'identified' before being shot"
EVT_01518,1,1,['the_hindu'],A gang of five persons was arrested by Thanrampattu police in Tiruvannamalai on Saturday for allegedly assaulting a commuter in a government bus a few days ago.
EVT_01503,1,1,['the_times_of_india'],'Almost as if I am a terrorist': Tehseen Poonawalla claims house arrest over E20 protest
EVT_01515,1,1,['hindustan_times'],"Rajasthan teacher booked for abducting, raping Class 11 student during lunch break"
EVT_01514,1,1,['hindustan_times'],BSF reservation benefits extend to ex-Agniveers
EVT_01513,1,1,['the_times_of_india'],"'In every national security decision, Doval had a role': Amit Shah praises NSA at award ceremony"
EVT_01512,1,1,['the_times_of_india'],'Enjoys playing victim card': Congress attacks PM Modi's 'forgive youth' remark
EVT_01511,1,1,['india_today'],"No GenZ disconnect, PM responded with action: Smriti Irani on NEET protest row"
EVT_01510,1,1,['hindustan_times'],Ex-army chief General Sharma dies at 96
EVT_01509,1,1,['the_hindu'],The National Highways Authority of India (NHAI) has opened a ₹21-crore vehicular underpass on Chennai - Bengaluru Highway (NH 48) at Kadaneri village near Pallikonda toll plaza on Saturday for public use.
EVT_01508,1,1,['the_times_of_india'],'You should've apologized': Congress targets PM Modi over his 'forgive you' remark in Insta video
EVT_01506,1,1,['hindustan_times'],"Suspended Badrinath-Kedarnath Temple Committee (BKTC) official Pramod Nautiyal has confessed his role in the alleged donation theft at the temple, the Special Investigation Team (SIT) of the Uttarakhand Police said on Friday. To be sure, custodial co..."
EVT_01505,1,1,['hindustan_times'],Tehseen Poonawalla claims house arrest ahead of hunger strike over E20 petrol: ‘Nitin Gadkari is scared’
EVT_01504,1,1,['the_times_of_india'],'Whenever we seek statehood': Farooq Abdullah questions 'timing' of Kulgam terror attack
EVT_01516,1,1,['hindustan_times'],"360-degree cameras, 8-member monitoring team: Ram temple trust starts videography of donations"
EVT_01623,1,1,['hindustan_times'],'Since when is abusing a crime?': What CJP said on FIR over girl's remarks against PM Modi
EVT_01622,1,1,['the_times_of_india'],"KULGAM: Panic. Shuttered doors. Phones ringing with anxious calls from home. Brick kilns across south Kashmir ground to a halt Saturday as migrant labourers stayed indoors, rattled by the killing of two co-workers barely 2km away and wondering if the..."
EVT_01621,1,1,['hindustan_times'],"Skewed July rain explains floods in some states, dry reservoirs in others"
EVT_01620,1,1,['hindustan_times'],"Ahmedabad to receive CWG flag, Host Baton at Glasgow closing ceremony"
EVT_01619,1,1,['the_times_of_india'],"JAMMU: Flash floods triggered by a cloudburst in Chatroo area of J&Kâs Kishtwar district early Saturday damaged shops and houses, inundated the main market with boulders, mud and slush, damaged KishtwarâChatrooâSinthan national highway, and prompted ..."
EVT_01683,1,1,['india_today'],‘14 Peaks’ star Nims Purja dies in Broad Peak avalanche
EVT_00036,1,1,['news18'],Alliance Acrobatics To Exit Strategy: Has Nitish Kumar Finally Run Out Of U-Turns?
EVT_00035,1,1,['theprint'],"Chennai: At the brink of the Tamil Nadu Assembly elections, Chief Minister M. K. Stalin issued Tuesday a “final warning from Tamil Nadu” to the Narendra Modi government against delimitation, saying it should not be pushed in this month’s special sess..."
EVT_00034,1,1,['news18'],"'New Govt Will Have My Full Cooperation, Guidance': Nitish Kumar In His Farewell Post"
EVT_00032,1,1,['theprint'],New Delhi: The public spat between M. Hazeena Syed who stepped down as chief of the Congress’s Tamil Nadu Mahila wing and Mahila Congress National President Alka Lamba has deepened the party’s troubles in the poll-bound state. The two have traded bar...
EVT_00030,1,1,['news18'],'Sacred Opportunity To Serve': Samrat Choudhary's 'Pledge' As BJP Picks Him To Lead Bihar
EVT_01579,1,1,['the_hindu'],"The All Kerala School Teachers’ Union (AKSTU) took out a march and staged a dharna in front of the office of the Deputy Director of Education (DDE) here on Saturday raising a slew of demands, including abandoning the alleged moves to implement the Na..."
EVT_00028,1,1,['deccan_herald'],"Thanking Hon. Prime Minister, for the letter regarding the special Parliament sitting starting 16th April. We welcome the move to implement women’s reservation from the 2029 Lok Sabha elections — a historic step for Nari Shakti. We have long champion..."
EVT_00027,1,1,['deccan_herald'],देश में सामाजिक परिवर्तन के पितामह के रूप में प्रसिद्ध ’बहुजन समाज’ में अति-पिछड़े वर्ग में जन्मे महात्मा ज्योतिबा फुले को आज उनकी जयंती पर मेरे व बी.एस.पी. की ओर से भी शत्-शत् नमन व अपार श्रद्धा सुमन अर्पित। ख़ासकर शिक्षा के माध्यम से स्त्री/नारी शक...
EVT_00026,1,1,['deccan_herald'],"<p>Thiruvananthapuram: Congress leaders on Saturday decided to refrain from naming preferred candidates for the chief minister's post to avoid differences before the announcement of the <a href=""https://www.deccanherald.com/elections/kerala/kerala-vo..."
EVT_00025,1,1,['indian_express'],"After Amma died, my smile faded, beginning to return now (with Stalin): OPS"
EVT_00023,1,1,['indian_express'],"The Trinamool Congress is expecting a tough contest in Kolkata, which has been its stronghold, now that voter rolls are almost finalised with the completion of the adjudication process."
EVT_00022,1,1,['deccan_herald'],"The NDA government under Hon’ble Prime Minister Thiru. @NarendraModi is systematically eroding the very foundations of Parliament. What should be a vibrant forum for debate and accountability is being reduced to a hollow ritual, a… pic.twitter.com/FQ..."
EVT_00021,1,1,['indian_express'],Over 27 lakh out: EC releases first data of deletions after adjudication
EVT_00020,1,1,['indian_express'],"Fear and alienation in Assam: As BJP sharpens ‘infiltrator’ pitch, eviction-hit voters hope for govt change"
EVT_00019,1,1,['indian_express'],"Adhir Chowdhury interview: ‘Muslims will vote either for TMC or Congress, depending on winnability index’"
EVT_00018,1,1,['indian_express'],"As Ashwini Bhide takes over as BMC’s first woman chief, what is Fadnavis message in breaking glass ceiling"
EVT_00017,1,1,['indian_express'],"Adhir Chowdhury’s second act: Back to Assembly battle after 35 years, ‘starting from scratch’"
EVT_00029,1,1,['deccan_herald'],"भाजपचे सत्तेतले मित्रपक्ष विरोधी पक्षाचे आमदार खासदार फोडणार असल्याच्या बातम्या बघितल्या, परंतु वस्तुस्थिती मात्र वेगळीच आहे, पुढच्या महिन्याच्या शेवटपर्यंत सत्तेतल्या मोठ्या पक्षाकडून सत्तेतल्या त्यांच्या मित्रांचीच शिकार केली जाणार असल्याची पक्की म..."
EVT_01649,1,1,['india_today'],"DKS Cabinet likely to be finalised, but Karnataka delay among rarest in history"
EVT_01648,1,1,['hindustan_times'],"Embattled NTA floats ₹7.5 crore tender for round-the-clock security at HQ, regional offices"
EVT_01647,1,1,['india_today'],Delhi High Court transfers judge hearing paper leak cases to anti-terror court
EVT_01646,1,1,['the_hindu'],The Motor Vehicles department (MVD) has taken action against bike riders who allegedly created noise pollution and caused panic at night in Kochi.
EVT_01645,1,1,['the_times_of_india'],Government approves 2 tunnels for Valley-Jammu connectivity
EVT_01644,1,1,['the_hindu'],Health Minister K. Muraleedharan said the strides made by Ernakulam General Hospital (GH) in the field of public health were exemplary and that the State government’s goal was to elevate government hospitals to a level where they could compete with a...
EVT_01643,1,1,['hindustan_times'],"Injured worker succumbs, Kulgam terror attack toll rises to 2"
EVT_01642,1,1,['the_times_of_india'],"NEW DELHI: More than 2.7 lakh medical graduates have registered for NEET-PG 2026, an increase of over 12.5% over last year, as the National Board of Examinations in Medical Sciences rolls out enhanced authentication measures and candidate-friendly in..."
EVT_01641,1,1,['india_today'],"Honeytrap gang posing as cops, journalists busted in UP; 2 arrested"
EVT_01640,1,1,['the_hindu'],"J&K Cabinet Minister Javed Ahmed Rana, who holds the Forest, Ecology and Environment and Tribal Affairs portfolio, on Saturday (August 1, 2026) announced that the Tribal Affairs department would be the nodal agency to implement the Forest Rights Act ..."
EVT_01639,1,1,['the_hindu'],"K. Annamalai, founder of the ‘We the Leaders’ organization, has urged the closure of 129 liquor shops operating near educational institutions, places of worship, and bus stations."
EVT_01624,1,1,['hindustan_times'],President Murmu clears anti-paper leak Bill; Opposition says debate was rushed
EVT_01636,1,1,['the_hindu'],"Beneath the churn of Kerala’s turbulent seas, two dead and five missing fishermen from Muthalapozhi, Vizhinjam, Tangasseri, and Neendakara bear testament to a stark human tragedy where survival at sea is pitted directly against survival at home. All ..."
EVT_01635,1,1,['the_hindu'],"The inauguration of Alluri Sitarama Raju International Airport at Bhogapuram by Prime Minister Narendra Modi, Chief Minister N. Chandrababu Naidu on Saturday not only marked a glorious aviation milestone for Andhra Pradesh but also presented a glitte..."
EVT_01634,1,1,['hindustan_times'],Stone-pelting by CJP protesters happened even after Parliament march violence: Officials
EVT_01633,1,1,['the_hindu'],"In a series of changes for the National Eligibility cum Entrance Test (Postgraduate) scheduled for August 30, the Centre is set to expand the choice of test locations, give candidates more time to plan travel to their examination cities, and give the..."
EVT_01632,1,1,['the_times_of_india'],"SHIMLA/PITHIRAGARH: India and China resumed traditional border trade Saturday through Lipulekh in Uttarakhand and Shipki La in Himachal Pradesh after nearly six years, restoring two key Himalayan trade routes that had remained closed since the Covid-..."
EVT_01631,2,1,['the_hindu'],"GMR Group Chairman Grandhi Mallikarjuna Rao looked jubilant and emotional during the inauguration of the international airport of Bhogapuram in Vizianagaram district on Saturday. Hailing from Rajam in Vizianagaram district, Mr. Rao has a lot of exper..."
EVT_01630,1,1,['the_hindu'],"From satire to sit-in is the most popular, and perhaps the easiest, explanation for the student protest movement that culminated in the resignation of Union Education Minister Dharmendra Pradhan. This explanation is empowering in its simplicity. But ..."
EVT_01629,1,1,['india_today'],"36-year-old MNC employee found hanging in Gurugram, wife detained"
EVT_01628,1,1,['the_times_of_india'],"NEW DELHI: Stepping up his campaign against the rollout of E20 fuel, AAP national convener Arvind Kejriwal Saturday announced a march to PMâs residence Tuesday to submit petitions against the ethanol-blended fuel programme, while demanding that consu..."
EVT_01627,1,1,['the_hindu'],"Deputy Chief Minister K. Pawan Kalyan got a special handshake from Prime Minister Narendra Modi at the inauguration of the Bhogapuram airport on Saturday (August 1, 2026). After speeches, Mr. Modi briefly interacted with Mr. Pawan and enquired about ..."
EVT_00013,1,1,['indian_express'],Behind Vijay’s seat choices on poll debut: A test of personal popularity and community equations
EVT_01638,1,1,['the_hindu'],"Grey monsoon clouds hang low, almost touching the white domes and arched gateways of the Shiromani Shri Guru Ravidass Mandir."
EVT_01603,1,1,['the_times_of_india'],'Not met a single parent or student': Rahul Gandhi slams PM Modi over 'forgiving' students video
EVT_01602,1,1,['india_today'],"NEET-PG 2026: Centre expands test city choices, introduces Aadhaar verification"
EVT_01601,1,1,['hindustan_times'],Operation Sindoor planner Vice Admiral AN Pramod takes over as Navy deputy chief
EVT_01600,1,1,['the_times_of_india'],âMy return to Kolkata proves injustice cannot be permanentâ: Taslima Nasreen
EVT_01599,1,1,['the_times_of_india'],"NEW DELHI: The Food Safety and Standards Authority of India (FSSAI) has launched a fresh enforcement drive against food business operators, issuing a product recall, suspending a manufacturing licence and prohibiting the sale of a health supplement o..."
EVT_01598,1,1,['hindustan_times'],Karnataka: Rat caught ‘stealing’ gold jewellery from shop; CCTV solves mystery
EVT_01597,1,1,['the_times_of_india'],Evening news wrap: Nepali mountaineer Nirmal Purja dies in avalanche; India's medal rush continues in CWG 2026 & more
EVT_01596,1,1,['hindustan_times'],"Karnataka cabinet expansion likely next week, Congress govt to finalise list by Sunday"
EVT_01595,1,1,['the_hindu'],A red alert warning for extremely heavy rainfall has been issued for eight districts in Kerala. File
EVT_01594,1,1,['hindustan_times'],Army bids final farewell to Gen Sharma with full military honours
EVT_01593,1,1,['hindustan_times'],Mangaluru courts deliver 20 year sentences in two sexual assault cases
EVT_00016,1,1,['indian_express'],"Badruddin Ajmal at a crossroads: As Assam Muslims move away, AIUDF faces a litmus test"
EVT_01591,1,1,['hindustan_times'],"Dissenters like Umar Khalid jailed, killers walk free: Ex-Delhi HC judge"
EVT_01590,1,1,['deccan_herald'],"Explained | Why are targeted killings returning to Kashmir, and what do they signal?"
EVT_01589,1,1,['hindustan_times'],"Karnataka: Man held for allegedly killing wife, baby with hammer in Ballari"
EVT_01588,1,1,['the_times_of_india'],"Thirukkural with the Times explores real-world lessons from the classic Tamil text âThirukkuralâ. Written by Tamil poet and philosopher Thiruvalluvar, the Kural consists of 1,330 short couplets of seven words each. This text is divided into three boo..."
EVT_01587,1,1,['the_times_of_india'],The action followed a seizure of similar counterfeit combat cloth in Bareilly in June this year
EVT_01586,1,1,['hindustan_times'],'Heartbeat of hope': Vande Bharat transports live donor heart 250 km in 2 hours to save a life
EVT_01585,1,1,['hindustan_times'],Amit Shah urges youth to read Bhagavad Gita Rahasya: 'You'll never make mistakes in life'
EVT_01584,1,1,['hindustan_times'],FIR against 3 Instagram accounts in Bengaluru for ‘offensive’ content against Rahul Gandhi
EVT_01583,1,1,['hindustan_times'],"'Sacrifice personal interests, build a great nation': NSA Doval's message to youth days after CJP protest"
EVT_01581,1,1,['hindustan_times'],MP to host Public Transport Vision Summit 2026 in Indore
EVT_01580,1,1,['hindustan_times'],Ram temple donation probe in final stage: Trust member
EVT_01592,1,1,['the_hindu'],"Encourage children with disabilities to pursue their strengths instead of focusing on their limitations, Principal District and Sessions Judge B. Sai Kalyan Chakravarthi said, after inaugurating a legal awareness seminar organised by the District Leg..."
EVT_00015,1,1,['indian_express'],"Amid steep travel costs, SIR fears, Bengal migrants try to return home for a vote that feels vital"
EVT_00014,1,1,['indian_express'],"87 LDF, UDF strongholds since 2011: For Kerala polls, what the data holds"
EVT_01658,1,1,['the_hindu'],"The Tamil Nadu government on Saturday transferred Prashant M. Wadnere, Secretary, Rural Development and Panchayat Raj, and posted him as Secretary, Water Resources. Mr. Wadnere will also hold the full additional charge as Secretary, Rural Development..."
EVT_00012,1,1,['indian_express'],Welfare or freebies? Why sops define Tamil Nadu politics
EVT_00011,1,1,['indian_express'],"20 interviews, 3 days: Pinarayi Vijayan opens up in media blitz, Sabarimala to CPI(M)-BJP ‘deal’"
EVT_00010,1,1,['indian_express'],"Asaduddin Owaisi’s Bengal entry, tie-up with Humayun Kabir add new variable in minority seat equations"
EVT_00008,1,1,['indian_express'],Baijayant Panda interview: ‘People of Assam have had enough of impunity of law-breakers … CM Sarma is very blunt about language he uses’
EVT_00007,1,1,['news18'],Assam Elections 2026: Full List Of BJP Candidates And Their Constituencies For Assembly Polls
EVT_00006,1,1,['indian_express'],"Amid Murmu protocol row, TMC vs BJP battle flares in Bengal tribal seats"
EVT_01618,1,1,['the_times_of_india'],'Days of threat culture over': Bengal CM assures security to Bangladeshi author Taslima Nasreen
EVT_01617,1,1,['hindustan_times'],CM defends Mekedatu as Centre seeks revisions
EVT_01604,1,1,['the_times_of_india'],"NEW DELHI: Average rainfall in India during the second half of monsoon season (Aug-Sept) is most likely to be âbelow normalâ, IMD said Friday, flagging the continuing risk of El NiÃ±o, which is associated with a weak monsoon.Last month, IMD had cited..."
EVT_01615,1,1,['the_hindu'],The Thiruvananthapuram City Cyber Crime Police arrested a Tamil Nadu native for allegedly operating fraudulent websites that impersonated the Kerala State Lotteries and cheated people by claiming to sell Kerala lottery tickets online.
EVT_01614,1,1,['hindustan_times'],3 dead in 10 days: Two terror attacks rock J&K despite high security alert
EVT_01613,1,1,['the_hindu'],"Chief Minister D.K. Shivakumar appears to have entered a politically challenging phase, with his leadership being tested simultaneously on multiple fronts — the Cauvery water-sharing issue, the long-pending expansion of the State Cabinet, the propose..."
EVT_01612,1,1,['the_hindu'],"The Union government has approved the advance release of its share of the State Disaster Response Fund of ₹2,117.85 crore to support seven flood-affected States during the ongoing monsoon season, an official statement said on Saturday (August 1, 2026..."
EVT_01611,1,1,['the_times_of_india'],Watch: Pro-Channi sloganeering draws Congress' ire amid Punjab leadership tussle
EVT_01610,1,1,['hindustan_times'],"Govt clears floating solar capacity boost, PM-Kisan extension"
EVT_01609,1,1,['the_times_of_india'],President Murmu assents to anti-paper leak amendment Bill
EVT_01608,1,1,['the_hindu'],"Encroachments, mostly houses and petty shops, were demolished by civic officials on Anna Salai in Gudiyatham town on Saturday to provide easy access to Government Taluk Hospital located on the stretch."
EVT_01607,1,1,['hindustan_times'],‘Liberty not reliant on order’s brevity’: Supreme Court in Haldwani riots case
EVT_01606,1,1,['india_today'],"UP man plots wife's murder, stages it as accident for Rs 44 lakh insurance"
EVT_01605,1,1,['hindustan_times'],"Uttarakhand CM approves ₹227 crore for Haridwar Kumbh works, road upgrade and police infrastructure"
EVT_01616,1,1,['hindustan_times'],Supreme Court says wife found living in adultery can't claim maintenance
EVT_01338,1,1,['hindustan_times'],"‘Faced tear gas, then tasted joy of victory': How protesters celebrated Dharmendra Pradhan’s resignation"
EVT_01337,1,1,['india_today'],Don't troll him: Assam CM defends minister whose daughter joined NEET protest
EVT_01336,1,1,['hindustan_times'],57-year-old man dies during crowd surge at Bahuda Yatra in Puri: Police
EVT_01335,1,1,['the_hindu'],"West Bengal Chief Minister Suvendu Adhikari said that 70 people have been identified for their involvement in the violence, out of which none of them are students or members of the Cockroach Janta Party; 11 persons have been arrested in connection wi..."
EVT_01334,1,1,['the_times_of_india'],"NEW DELHI: BJP has fended off numerous opposition campaigns built around allegations, contentious laws or policies, and suspected wrongdoings of a senior Union minister or a chief minister since PM Modi took office in 2014 without making any appearan..."
EVT_01333,1,1,['hindustan_times'],"Rajasthan YouTuber kidnapped from studio rescued, two men arrested: Police"
EVT_01331,1,1,['the_hindu'],"Upon completion of 100 days in office, Bihar Chief Minister Samrat Choudhary on Saturday (July 25, 2026) inaugurated and laid the foundation stone of 2,476 development projects worth ₹11,464 crore."
EVT_01329,1,1,['the_times_of_india'],"For millions of Indians, the workday begins with a laptop and ends with one. Eight to ten hours at a desk, endless video calls, back-to-back meetings and constant screen time have become the new normal. But while productivity has gone up, so has an i..."
EVT_01328,1,1,['hindustan_times'],'Never asked for favor from government': Zoho's Sridhar Vembu defends X post backing Pradhan amid online backlash
EVT_01327,1,1,['the_hindu'],"DMK president and former Chief Minister M.K. Stalin on Saturday (July 25, 2026) urged Tamil Nadu Chief Minister C. Joseph Vijay to abandon his “misguided decision” to visit Karnataka for talks with its government on Tamil Nadu’s rights over the Cauve..."
EVT_01324,1,1,['hindustan_times'],"Faster trials, longer jail terms: What 2026 bill on paper leaks proposes amid CJP protest, how it differs from 2024 law"
EVT_01477,1,1,['hindustan_times'],PMK welcomes TN's decision to approach SC over Cauvery water dispute
EVT_01322,1,1,['india_today'],29 students injured as school bus overturns into water-filled ditch in Bihar
EVT_01321,2,1,['the_hindu'],"Karnataka Upalokayukta B. Veerappa, during a surprise inspection of the Agriculture Produce Marketing Committee (APMC) market in Hosapete on Saturday, directed the APMC authorities to ensure that farmers are not forced to pay commission to middlemen ..."
EVT_01320,1,1,['the_times_of_india'],"NEW DELHI: State-owned Oil and Natural Gas Corporation (ONGC) spudded the first deepwater appraisal well in the Mahanadi offshore basin Friday, marking a key step in assessing the hydrocarbon potential of one of Indiaâs most prospective offshore regi..."
EVT_01319,1,1,['hindustan_times'],What's 'pending' after Dharmendra Pradhan resigns: CJP lists updated demands
EVT_01318,1,1,['the_times_of_india'],"The Indian Army on Saturday rescued 57 people stranded by floodwaters at Tata High School on Ring Road in Gujarat's Navsari district as heavy rainfall continued to batter parts of the state. Seperately, Army personnel also evacuated vulnerable reside..."
EVT_01317,1,1,['hindustan_times'],"Rail accidents, wars, terror, corruption — and onions: Why Indian ministers, even a CM, have quit in the past"
EVT_01316,1,1,['hindustan_times'],"Bandh over NEET leak shuts schools, colleges in Telangana"
EVT_01315,1,1,['hindustan_times'],"Abhijeet Dipke's mother breaks down as Pradhan resigns: ‘Couldn’t sleep, was worried about him'"
EVT_01314,1,1,['hindustan_times'],"Ludhiana woman killed in Canada, man held for ‘intimate partner homicide’"
EVT_01313,1,1,['hindustan_times'],"Peace in Manipur needs trust, IDP rehabilitation first: Conrad Sangma"
EVT_01312,1,1,['hindustan_times'],Bid to reclaim political space: Fadnavis takes dig at Thackeray cousins' proposed Mumbai march
EVT_01323,1,1,['hindustan_times'],‘Not a matter of personal prestige’: Dharmendra Pradhan quits over paper leaks
EVT_01362,1,1,['hindustan_times'],"5 years after retreat on farm laws, Modi govt bends to a street protest: Why CJP succeeded, why Shaheen Bagh could not"
EVT_01361,1,1,['hindustan_times'],"Former Uttarakhand constable accused of aiding gangster in land grab case, threatening widow to withdraw complaint"
EVT_01360,1,1,['the_times_of_india'],"Nitish Kumar, 22, a student from Nawada, Bihar, first relied on over-the-counter medicines when he began experiencing symptoms of"
EVT_01359,1,1,['hindustan_times'],‘Congratulations to India’: How politicians reacted to Pradhan's resignation
EVT_01358,1,1,['the_times_of_india'],Aam Aadmi Party (AAP) national convenor
EVT_01357,1,1,['hindustan_times'],'People created obstacles…': Pradhan hits out at 'forces' blocking education reforms in resignation letter
EVT_01356,1,1,['the_hindu'],"Karnataka has been a cornerstone of Aster’s growth in India and it remains the most strategic market for the group with the State being at the forefront of healthcare innovation, said Dr. Azad Moopen, Executive Chairman of Aster DM Quality Care after..."
EVT_01355,1,1,['hindustan_times'],SC proposes special courts to hear Manipur violence cases
EVT_01354,1,1,['the_hindu'],A special court here on Saturday sentenced a man to 15 years of rigorous imprisonment for sexually assaulting a minor girl at Perumpazhuthoor in Thiruvananthapuram.
EVT_01353,1,1,['india_today'],"Dipke skips thanking Wangchuk, activist whose fast turned protest into movement"
EVT_01352,1,1,['hindustan_times'],"'Chhatra Shakti Zindabad': CJP celebrates Dharmendra Pradhan's resignation, calls it victory for students"
EVT_01339,1,1,['hindustan_times'],"Shaurya Sandhya, motorcycle display: Army kicks off commemorative events to honour Kargil heroes"
EVT_01350,1,1,['hindustan_times'],"Govt okays chemical parks scheme, expansion of K’taka-Andhra rly line"
EVT_01349,1,1,['hindustan_times'],"From V-C appointments to NCERT syllabus, controversies during Dharmendra Pradhan’s tenure as Union education minister"
EVT_01348,1,1,['india_today'],Tej Pratap Yadav arrested hours after joining student protest in Patna
EVT_01347,1,1,['the_hindu'],"Sharana writer, teacher and journalist Linganna Satyampete was remembered as a fearless thinker and uncompromising writer who relentlessly exposed corruption, political misconduct and the hardships of farmers, at a function organised to mark his 14th..."
EVT_01346,1,1,['hindustan_times'],'Yes or no': CJP seeks clarity on Dharmendra Pradhan's resignation from government
EVT_01345,1,1,['hindustan_times'],"When AI companies sell models and fear, read between the lines"
EVT_01344,1,1,['hindustan_times'],‘Historic day for youth in India’: Norwegian journalist Helle Lyng celebrates Dharmendra Pradhan's resignation
EVT_01343,1,1,['hindustan_times'],"NSCN(IM) splits, faction announces autonomy"
EVT_01342,1,1,['hindustan_times'],"Low-pressure area formed in Bay of Bengal, likely to bring heavy rain till Monday"
EVT_01341,1,1,['hindustan_times'],Punjab highlights women’s role in anti-drug campaign as families drive addiction recovery
EVT_01340,1,1,['the_hindu'],"For the second time, the Centre has ruled out a Metro Rail system for Coimbatore and Madurai cities, and recommended the implementation of a Bus Rapid Transit System (BRTS) instead."
EVT_01351,1,1,['the_times_of_india'],NEW DELHI: Government is keeping its fingers crossed after its successful attempt to persuade activist
EVT_01280,1,1,['hindustan_times'],"‘Thanks for calling us cockroaches’: Abhijeet Dipke's message for CJI Surya Kant as Modi govt gives in, minister resigns"
EVT_01279,1,1,['hindustan_times'],"‘Couldn’t shut paper leaks': Opposition attacks Centre over Delhi metro, internet restrictions amid CJP protest"
EVT_01278,1,1,['the_times_of_india'],"NEW DELHI: Opposition rebuffed PM Narendra Modiâs late-night video and proposed law on fast-track courts for paper leaks, as it reiterated that education minister Dharmendra Pradhanâs resignation is a must for restoration of normalcy in Parliament. T..."
EVT_01277,1,1,['hindustan_times'],Fresh bid to end Cauvery deadlock as CMs plan talk
EVT_01276,1,1,['the_hindu'],"With good rainfall continuing in the Harangi catchment area in Kodagu district, surplus water was released from the Harangi Reservoir into the river on Saturday."
EVT_01274,1,1,['india_today'],Not 24x7 entertainment channel: SC bars sharing of hearing videos without prior nod
EVT_01273,1,1,['hindustan_times'],"CJP withdraws protest, govt agrees to drop all police cases against students"
EVT_01272,1,1,['the_times_of_india'],"Yogi Adityanath on Saturday said his government would crack down on the ""cheating mafia,"" amid nationwide protests demanding the resignation of Union education minister Dharmendra Pradhan over the alleged NEET (UG) paper leak and other education-rela..."
EVT_01270,1,1,['hindustan_times'],17 people get life for 2014 Dalit man’s murder in Karnataka's Yadgir
EVT_01269,1,1,['the_hindu'],"Karnataka Examinations Authority (KEA) Executive Director H. Prasanna Kumar on Saturday urged students to pursue discipline, perseverance and merit as the cornerstones of academic success, asserting that sustained hard work and a positive mindset det..."
EVT_01268,1,1,['hindustan_times'],"New bill against paper leaks will have stricter punishments, faster trial"
EVT_01310,1,1,['hindustan_times'],Maharashtra TET paper leak main accused Bijendra Gupta arrested from Bihar
EVT_01263,1,1,['the_times_of_india'],"NEW DELHI: Gitanjali Angmo, the wife of activist"
EVT_01261,1,1,['hindustan_times'],'Amit Shah directly responsible': Rahul attacks HM after 'pellet guns used against students' during CJP protest
EVT_01260,1,1,['india_today'],"CJP protest ends, what's next? Ashutosh Ranka, Neha Bora reveal plan to India Today"
EVT_01259,1,1,['hindustan_times'],'If I die of stress...': Wangchuk's confrontation with police in hospital goes viral; authorities issue clarification
EVT_01258,1,1,['the_times_of_india'],"Dharmendra Pradhan, who stepped down as Union education minister on Saturday after a five-year tenure, leaves behind an education system more standardised, digitally connected and centrally regulated than the one he inherited â but also questions ove..."
EVT_01257,1,1,['hindustan_times'],"Dharmendra Pradhan resignation: AAP calls it victory for democracy, demands education reforms"
EVT_01256,1,1,['the_times_of_india'],NEW DELHI: A potential new treatment for cervical pre-cancer and two next-generation vaccines against typhoid and other gut infections have moved a step closer to becoming available in India after the Indian Council of Medical Research (ICMR) license...
EVT_01255,1,1,['hindustan_times'],"Pradhan gone, Congress shifts focus to Amit Shah; memes put Nitin Gadkari in spotlight, anti-E20 group plans protest"
EVT_01254,1,1,['hindustan_times'],"Focus should be on reforming education system, not Pradhan’s resignation: BSP chief Mayawati"
EVT_01253,1,1,['hindustan_times'],Suvendu warns of action against Abhishek Banerjee over Sebaashray health camps
EVT_01252,1,1,['the_times_of_india'],"NEW DELHI: More than three years after Kuki-Meitei ethnic clashes singed Manipur and claimed 260 lives, Supreme Court was informed Friday that probes into only 10% of the 3,000-odd cases had been completed by SITs of state police while CBI had invest..."
EVT_01267,1,1,['hindustan_times'],Here's the last time a Union minister resigned under Modi govt because of protests
EVT_01309,1,1,['the_times_of_india'],"NEW DELHI: Buoyed by the response to his midnight post on Instagram Thursday, which got 305 million views, PM Modi Friday returned to the social media platform. ""Thank you, friends. I had an opportunity to connect with you late last night. The way yo..."
EVT_01308,1,1,['hindustan_times'],"Uttarakhand CM approves ₹62 crore for development works, Kumbh 2027 preparations and scholarships"
EVT_01307,1,1,['india_today'],"Cockroach Janta Party founder Abhijeet Dipke addressed student protesters following the resignation of Union Education Minister Dharmendra Pradhan. Reading out the names of students who lost their lives due to paper leaks, Dipke observed two minutes ..."
EVT_01306,1,1,['hindustan_times'],‘Help uproot BJP’: Tej Pratap Yadav's 'special appeal' to CJP's Abhijeet Dipke to visit Bihar
EVT_01305,1,1,['hindustan_times'],Assam flood death toll climbs to 61; 14 more people lost their lives: ASDMA
EVT_01304,1,1,['hindustan_times'],IPS officer suspended over Kali idol desecration row in Bengal
EVT_01303,1,1,['hindustan_times'],"EPFO urges employers to avail EEC-2026, Amnesty, Vishwaas schemes; highlights digital reforms under EPFO 3.0"
EVT_01302,1,1,['hindustan_times'],"Delhi Police welds extra barricades with chains, steps up security for weekend protests"
EVT_01301,1,1,['hindustan_times'],Opposition may finalise paper leak bill stand on Monday amid CJP protest
EVT_01300,1,1,['india_today'],Did CJP's 72-hour ultimatum force Dharmendra Pradhan's resignation?
EVT_01299,1,1,['the_hindu'],The board of the Thiruvananthapuram Regional Co-operative Milk Producers’ Union Ltd (TRCMPU) of Milma has reportedly been dissolved and the State government has appointed an administrator.
EVT_01282,1,1,['the_hindu'],"The two-day Telugu Mahotsavam, organised by the Andhra Pradesh State Creativity and Culture Society, commenced with grandeur at the historic Undavalli Caves in Guntur district on Saturday. The programme aims at preserving and promoting the richness o..."
EVT_01296,1,1,['hindustan_times'],Centre seeks SC nod to let retired judges on existing water tribunal hear fresh cases
EVT_01295,1,1,['the_hindu'],"The Hyderabad Police have deployed 2,500 personnel and put in place AI-enabled surveillance and extensive crowd management measures for the Shree Ujjaini Mahankali Bonalu festival in Secunderabad, assuring devotees of a safe and hassle-free darshan."
EVT_01294,1,1,['hindustan_times'],Prashant Kishor’s gamble: Why Bankipur bypoll is key contest for political existence of Jan Suraaj? Explained
EVT_01293,1,1,['the_times_of_india'],"Amarnath Yatra resumed Saturday from Jammu after a six-day suspension forced by rain-caused disruptions, with a fresh batch of over 6,269 pilgrims leaving for the Kashmir cave shrine."
EVT_01292,1,1,['hindustan_times'],FSSAI suspends nutraceutical maker’s licence
EVT_01291,1,1,['the_hindu'],"Social work research plays a crucial role in strengthening grassroots governance by generating field-based evidence that helps governments formulate effective welfare programmes and development policies, said Battu Sathyanarayana, Vice-Chancellor of ..."
EVT_01290,1,1,['hindustan_times'],'Selfless service': BJP leaders hail Dharmendra Pradhan's tenure as education minister
EVT_01288,1,1,['hindustan_times'],"Liquor shops across Delhi will operate with reduced timings over the weekend, closing at 8 PM instead of the usual 10 PM, as the Delhi government has imposed precautionary restrictions in view of the ongoing student protest at Jantar Mantar."
EVT_01287,1,1,['hindustan_times'],Bharatiya Kisan Union to join students’ protest in Delhi; march on July 27
EVT_01285,1,1,['hindustan_times'],"After Pradhan's resignation, PM Modi's first X post celebrates Unesco recognition: ‘Proud moment for every Indian’"
EVT_01284,1,1,['india_today'],Dharmendra Pradhan a small sacrifice for BJP's bigger goals?
EVT_01298,1,1,['hindustan_times'],HT archive: JP steps up drive against Indira at mega Delhi rally
EVT_01443,1,1,['india_today'],"Video: Govt agrees to CJP's demands, Jantar-Mantar protest stalemate ends"
EVT_01442,1,1,['india_today'],"Video: Govt agrees to CJP's demands, Jantar-Mantar protest stalemate ends"
EVT_01440,2,1,['india_today'],"Pradhan's resignation is students' victory, reforms begin now: Rahul Gandhi"
EVT_01439,1,1,['india_today'],"Iron sheets, bolts, nails: Delhi Police fortifies Jantar Mantar protest site"
EVT_01438,1,1,['india_today'],"Iron sheets, bolts, nails: Delhi Police fortifies Jantar Mantar protest site"
EVT_01436,1,1,['india_today'],"Cockroach Janta Party founder Abhijeet Dipke addressed student protesters following the resignation of Union Education Minister Dharmendra Pradhan. Reading out the names of students who lost their lives due to paper leaks, Dipke observed two minutes ..."
EVT_01435,1,1,['india_today'],We don't support landscape mode yet. Please go back to portrait mode for the best experience
EVT_01434,1,1,['the_hindu'],"The West Bengal Legislative Assembly on Saturday (July 26, 2026) passed the West Bengal Panchayat ( Second Amendment), 2026 Bill depriving elected representatives of panchayats of financial powers."
EVT_01433,1,1,['the_hindu'],"Union Defence Minister Rajnath Singh, who toured Jammu & Kashmir and Ladakh’s Drass on Saturday (July 25, 2026), said the intentions of the enemies have not changed, and the proxy war remains a security challenge in the region."
EVT_01432,1,1,['india_today'],Rajnath Singh honours Kargil heroes in Ladakh on Operation Vijay anniversary
EVT_01430,1,1,['deccan_herald'],"<p>Bengaluru: The Central Crime Branch (CCB) arrested a 26‑year‑old man for brandishing a machete in a public place, recording videos, and uploading them on social media.</p>.<p>The accused, Tausif Khan alias Jadu, is a resident of JJ Nagar.</p>.<p>P..."
EVT_01363,1,1,['hindustan_times'],"The faces of CJP movement that drove big change: Boston graduate, IITian, JNU scholar, investigative journalist"
EVT_01428,1,1,['hindustan_times'],"Fear of losing Gen Z, poll math forced BJP's hand in Dharmendra Pradhan's resignation"
EVT_01427,1,1,['the_times_of_india'],"Nepal has formally requested India's approval to recognise its biometric National Identity (NID) card as an official travel document for cross-border journeys, alongside passports and citizenship certificates."
EVT_01426,1,1,['the_hindu'],A sub-divisional magistrate (SDM) in Madhya Pradesh’s Panna district has sent a delivery executive to jail after he did not find the items he had ordered through an online platform. The district administration is considering issuing a show-cause noti...
EVT_01425,1,1,['the_hindu'],A girl was killed after a tractor hit her while she was playing in front of the house at Kadaladi village near Arani town in Tiruvannamalai on Saturday.
EVT_01424,2,1,['theprint'],"New Delhi: A fiery speech by Congress MP Priyanka Gandhi Vadra during a debate in Lok Sabha on amendments to the anti-paper leak law set her on collision course with the Modi government Tuesday, after her comments aimed at newly appointed Union Educa..."
EVT_01423,2,1,['the_times_of_india'],"NEW DELHI: If the students' protest held the Modi govt hostage for a week, its potency was amplified by the political class that blockaded the Parliament alongside."
EVT_01420,1,1,['theprint'],"New Delhi: Lok Sabha MP and BJP leader Kangana Ranaut continued her tirade against the Cockroach Janta Party (CJP) Wednesday, calling the CJP spokesperson Saurav Das “totally useless and unemployed”."
EVT_01419,1,1,['india_today'],5 of family arrested in UP over law student's suspected honour killing
EVT_01418,1,1,['hindustan_times'],Cops await Centre's orders on withdrawing FIRs against CJP protesters after Dharmendra Pradhan's exit
EVT_01417,1,1,['the_hindu'],"After nearly a decade since it got administrative sanction (in 2018), work to construct ₹8.5 crore Tangedco 33/11 KV sub-station in Yelagiri Hills in Tirupattur district has commenced."
EVT_01416,1,1,['the_times_of_india'],"NEW DELHI: Digital rights advocacy group Internet Freedom Foundation (IFF) has termed govt's order directing GitHub to remove the source code repositories of Bluetooth-based messaging app BitChat ""unconstitutional and authoritarian""."
EVT_01429,1,1,['the_hindu'],"The newly constituted District Legal Services Authority (DLSA) of Vijayanagara district formally commenced operations on Saturday with the objective of providing speedy, free and accessible legal services to the public, particularly economically weak..."
EVT_01476,1,1,['the_times_of_india'],Ladakh Police file zero FIR against influencer over alleged anti-Amit Shah Facebook video
EVT_01475,1,1,['hindustan_times'],"Commercial LPG prices slashed by ₹202 in Delhi, ₹209 in Kolkata. Check new rates"
EVT_01474,1,1,['india_today'],"Pak terror groups had Bengal CM on hit list, tried to infiltrate CJP protest: Cops"
EVT_01473,1,1,['the_times_of_india'],"NEW DELHI: AIMIM leader Asaduddin Owaisi Thursday slammed the bill making âinsultâ to Vande Mataram a crime, saying BJP is trying to force Muslims and minorities to worship Hindu deities, while DMK claimed it was hurting the secular fabric of the cou..."
EVT_01472,1,1,['hindustan_times'],‘Attack on Hindu society’: Poonawalla slams Rahul Gandhi over Ram Temple theft skit in Parliament
EVT_01471,1,1,['the_times_of_india'],"NEET leak row: Opposition politicising issue, government has brought in strict law, says BJP"
EVT_01470,1,1,['hindustan_times'],Assam govt invokes NSA against activist who opposed Kaziranga hotel project
EVT_01469,1,1,['hindustan_times'],Missed filing ITR by July 31? Here's how you can still file your income tax return
EVT_01465,1,1,['hindustan_times'],21-year-old dies after ambulance oxygen runs out in MP; probe ordered
EVT_01464,1,1,['theprint'],"New Delhi: Rajya Sabha member Surendra Singh Nagar Thursday made a pitch to the Centre to develop a single digital metro card valid across the entire country. Speaking during Zero Hour, the Bharatiya Janata Party MP said the existing practice of sepa..."
EVT_01463,1,1,['hindustan_times'],"'My friend, they may pull you down from power': Actor Prakash Raj mocks PM, warns against 'witch-hunting' students"
EVT_01444,1,1,['the_times_of_india'],"Newly appointed Union Education Minister Pralhad Joshi said on Saturday he accepted the responsibility with a ""sense of duty and humility,"" hours after Dharmendra Pradhan resigned from the post following weeks of student protests over the NEET paper ..."
EVT_01461,1,1,['hindustan_times'],70% water samples near abandoned Union Carbide factory in Bhopal found contaminated
EVT_01460,1,1,['theprint'],"Bengaluru: Pro-Kannada organisations Friday tore down posters of ‘Jana Nayagan’, the latest film of Tamil Nadu Chief Minister Vijay Joseph, as protests over the Cauvery river water sharing intensified."
EVT_01458,1,1,['hindustan_times'],"PM Modi, UK PM Andy Burnham discuss trade deal, West Asia crisis"
EVT_01457,1,1,['the_times_of_india'],"Rahul Gandhi took a jab at PM Modi and Amit Shah, calling them 'India's past'"
EVT_01455,1,1,['the_times_of_india'],"NEW DELHI: AAP turncoat and BJP MP Raghav Chadha on Thursday broke his prolonged silence on the paper leak issue, speaking for the first time from the ruling side in Rajya Sabha. As BJP pushed the anti-paper leak Bill in the Parliament, Chadha said h..."
EVT_01454,1,1,['hindustan_times'],'When will BJP face cases?': CJP's Abhijeet Dipke on FIR against woman over anti-Modi remarks
EVT_01453,1,1,['the_times_of_india'],"TOI News Desk / TIMESOFINDIA.COM / Updated: Jul 31, 2026, 15:17 IST"
EVT_01452,1,1,['the_times_of_india'],"""In democracy, dialogue should always happen,"" said Chhagan Bhujbal."
EVT_01451,1,1,['theprint'],"New Delhi: As the dust settles over the youth protest that took over the country over the past few weeks, a few prominent—and seemingly discordant—voices from the Rashtriya Swayamsevak Sangh (RSS) have emerged."
EVT_01447,1,1,['theprint'],"Mumbai: Breaking ranks with aunt Supriya Sule, Rohit Pawar said Monday that the Delimitation Bills are a “dangerous proposition and not good for the country”. In an interview with ThePrint, the Nationalist Congress Party (Sharadchandra Pawar) MLA fro..."
EVT_01445,1,1,['india_today'],"Parliament Monsoon Session 2026 Highlights: Congress not allowing debate on exam bill, says Kiren Rijiju amid Opposition chaos"
EVT_01462,1,1,['the_times_of_india'],"Indiaâs monsoon has delivered a surprise this July, defying forecasts of below-normal rainfall despite a strengthening El Nino and reinforcing scientistsâ warnings that climate change is altering the countryâs most important weather system, report Ch..."
EVT_01388,1,1,['the_hindu'],"Communist Party of India State secretary M. Veerapandian made a strong case for abolishing the National Eligibility cum Entrance Test (NEET), arguing that it was not only an assault on social justice, but had also created an atmosphere of fear and an..."
EVT_01387,1,1,['the_hindu'],"Former J&K Chief Minister and Peoples Democratic Party (PDP) president Mehbooba Mufti on Saturday (July 25, 2026) congratulated the Cockroach Janta Party (CJP) for its “success” and said it has managed to “reclaim Mahatma Gandhi’s idea of India”."
EVT_01386,1,1,['india_today'],"ईरान पर अमेरिका की बमबारी भले ही फिलहाल थम गई हो, लेकिन जंग खत्म नहीं हुई है. अब लड़ाई का सबसे बड़ा मोर्चा समुद्र बन गया है. होर्मुज स्ट्रेट, ओमान की खाड़ी और अरब सागर में अमेरिकी नौसेना ने ईरान के खिलाफ अपना समुद्री ब्लॉकेड और सख्त कर दिया है. अमेरि..."
EVT_01385,1,1,['the_hindu'],"Outside the imposing gate of the sprawling Mohammad Ali Jauhar University in Rampur, Uttar Pradesh, Mohd. Waseem, a carpenter, has forfeited a day’s wages to support students protesting against a district administration notice."
EVT_01383,1,1,['hindustan_times'],Case Registered Against BJP MLC C.T. Ravi Over Alleged Hate Speech
EVT_01382,1,1,['hindustan_times'],'Arbitration is starting to look like court process': CJI Surya Kant
EVT_01381,1,1,['the_times_of_india'],"NEW DELHI: Acting on the Supreme Court's directions, the"
EVT_01380,1,1,['india_today'],How global media covered CJP protests that led to Dharmendra Pradhan's resignation
EVT_01379,1,1,['india_today'],"Will live up to PM's expectations, says new Education Minister Pralhad Joshi"
EVT_01378,1,1,['hindustan_times'],"India, US working to conclude trade agreement early: Govt"
EVT_01377,1,1,['india_today'],Will build Agra museum dedicated to Chhatrapati Shivaji by year-end: Yogi Adityanath
EVT_01415,1,1,['the_hindu'],A 36-year-old man from Godavari in Andhra Pradesh died of cardiac arrest while trying to exit a narrow passage for worship at Vinayagar temple on the girivalam path near Arunachaleswar temple in Tiruvannamalai on Saturday.
EVT_01374,1,1,['the_times_of_india'],NEW DELHI: Nationalist Congress Party (SP) chief Sharad Pawar on Saturday said he had personally met Prime Minister Narendra Modi and urged him to initiate a dialogue over the NEET-UG paper leak controversy.
EVT_01373,1,1,['hindustan_times'],18 Delhi metro stations to shut on Saturday; from 7.30am until further notice
EVT_01372,1,1,['the_hindu'],Deputy Commissioner Rahul Pandve has directed officers that the Draft Child Protection Policy for School Safety in Karnataka has to be implemented strictly.
EVT_01371,1,1,['hindustan_times'],"Internet, metro, liquor shops: What is restricted in Delhi amid CJP protest"
EVT_01370,1,1,['the_times_of_india'],"NEW DELHI: A special court in Bhopal on Saturday rejected the bail plea of retired judge Giribala Singh, an accused in the alleged dowry death of former model and actor Twisha Sharma, observing that the charges against her were ""serious."""
EVT_01369,1,1,['hindustan_times'],"Govt steps up bid to end impasse, CJP firm on Dharmendra Pradhan’s exit"
EVT_01368,1,1,['hindustan_times'],"NEET victims’ families seek reforms, say Pradhan’s resignation not enough"
EVT_01367,1,1,['hindustan_times'],"'Pakistani propaganda accounts': PIB fact-checks AI-generated videos of Dharmendra Pradhan, Piyush Goyal"
EVT_01366,1,1,['india_today'],Government gave Gen Z content gold: Chetan Bhagat to India Today
EVT_01365,1,1,['the_hindu'],"Congress district unit leaders and members of the National Students’ Union of India (NSUI) staged a protest in Kalaburagi city on Saturday, demanding the resignation of Union Home Minister Amit Shah and seeking accountability from the Centre over iss..."
EVT_01364,1,1,['hindustan_times'],"Dharmendra Pradhan's resignation breaks with Modi govt's long-held line, ‘this is not UPA’"
EVT_01376,1,1,['the_times_of_india'],"NEW DELHI: A steady stream of leading BJP figures, including home minister"
EVT_01413,1,1,['the_hindu'],"Former Chief Minister and Leader of the Opposition Bhupinder Singh Hooda said that after Dharmendra Pradhan’s resignation, the BJP led central government must now apologise to the country’s youth, even as the Congress will now demand accountability f..."
EVT_01412,1,1,['the_hindu'],"In the 11th phase of excavations currently underway in Keeladi, continuous brick structures and over 1,300 artefacts have been discovered."
EVT_01411,1,1,['the_hindu'],"The need for adequate number of well-maintained washrooms, common resting spaces, and dormitories for drivers of cars, buses, and other vehicles that ferry guests to hotels and resorts, is increasingly being raised in different tourism forums."
EVT_01410,1,1,['the_hindu'],"After about two years of functioning with temporary principals, Grade II government arts and science colleges are set to get full-time principals. The Collegiate Education Department has drawn up a panel of 129 eligible associate professors to be app..."
EVT_01409,1,1,['the_times_of_india'],"NEW DELHI: Aiming to ensure faster disposal of exam paper leak cases, govt has proposed a three-month deadline for respective high courts to dispose of appeals against orders of special fast-track courts, unlike other cases where no such fixed timeli..."
EVT_01408,1,1,['the_hindu'],"The story so far: Madhya Pradesh police personnel went to the banks of the Barana river stream in Kupi village of Chhatarpur district on July 19 and cleared a protest site where hundreds of villagers, mostly tribal people, had been demonstrating for ..."
EVT_01407,1,1,['india_today'],"पूर्व केंद्रीय शिक्षा मंत्री धर्मेंद्र प्रधान के इस्तीफे दिए जाने का असर अब पंजाब की राजनीति पर साफ तौर पर दिखने लगा है. पेपर लीक और परीक्षा विवादों के बाद धर्मेंद्र प्रधान के पद छोड़ने का उदाहरण को सामने रखते हुए, विपक्षी दलों ने पंजाब की भगवंत मान ..."
EVT_01406,1,1,['the_times_of_india'],"NEW DELHI: The opposition may have lost a politically incendiary issue with the end of the youth protest, but it is set to move to another controversy that has rocked the country - the Ayodhya donation theft."
EVT_01405,1,1,['the_hindu'],"Tamil Nadu Congress Committee organised a public meeting in T. Nagar, in Chennai, in protest against the police action on young students and protesters in New Delhi demanding the resignation of Dharmendra Pradhan among other demands, bringing togethe..."
EVT_01404,1,1,['the_hindu'],"Burglars decamped with 50 sovereigns of gold jewellery, silver objects and ₹5 lakh cash from the house of a coir businessman at Pudupettai village in Tirupattur on Saturday."
EVT_01403,1,1,['the_times_of_india'],"NEW DELHI: Asserting that ""time has come to remove this govt"","
EVT_01389,1,1,['the_hindu'],"The Karnataka government’s proposal to include Kambala, the traditional slush-track buffalo race native to the coastal districts, for the first time in this year’s Mysuru Dasara has sparked a controversy."
EVT_01401,1,1,['hindustan_times'],"Intent of infiltrators hasn’t changed since 1999 conflict, says Rajnath in Dras"
EVT_01400,1,1,['deccan_herald'],"<p class=""bodytext"">Bengaluru, DHNS: CMR University hosted CEO Conclave 2026 at its Lakeside Campus, Bagalur, bringing together over 52 CEOs, directors, senior managers, and industry leaders to discuss emerging trends shaping the future of work.</p>...."
EVT_01399,1,1,['the_hindu'],"With Haryana completing the first phase of the Special Intensive Revision (SIR) across the State, the names of 33,84,568 electors went unrecorded as a result of permanent relocation, absence, death or duplicate entries."
EVT_01398,1,1,['hindustan_times'],"Dharmendra Pradhan news LIVE: Dipke thanks supporters, critics in new video, says 'this is just the beginning'"
EVT_01397,1,1,['india_today'],"Longer jail terms, faster trials: Proposed key changes in anti-cheating law"
EVT_01395,1,1,['deccan_herald'],"Over 2,000 students celebrate Dharmendra Pradhan's resignation at Bengaluru's Freedom Park"
EVT_01394,1,1,['india_today'],10 defining images that captured India's watershed Gen Z protests
EVT_01393,1,1,['india_today'],"Democracy, not rule by diktat: Anna Hazare after Dharmendra Pradhan quits"
EVT_01392,1,1,['the_times_of_india'],CHANDIGARH: Twenty-seven years after leading the Army during the 1999
EVT_01391,1,1,['india_today'],Contractors to be blacklisted for substandard road restoration: Yogi Adityanath
EVT_01390,1,1,['hindustan_times'],"Assam flood toll rises to 62, PM Modi takes stock; over 7 lakh affected in state"
EVT_01402,1,1,['the_hindu'],"As a spin-off of the ongoing war between Iran and the U.S., slain Iranian supreme leader Ayatollah Ali Khamenei’s jail diary is selling like hot cakes at the book festival in Srinagar."
EVT_00310,1,1,['india_today'],"69-year-old defrauded 300+ luxury hotels across India in 36 years, arrested"
EVT_00309,1,1,['the_hindu'],A site of 86 acres in Ranga Reddy district has been approved for the Greater Hyderabad Municipal Corporation to establish its solid waste management facility under the management by the concessionaire agency Hyderabad Integrated Municipal Solid Waste...
EVT_00307,1,1,['the_times_of_india'],NEW DELHI: Congress general secretary K C Venugopal on Friday said that 24 Opposition parties and an Independent MP had written to the
EVT_00304,1,1,['hindustan_times'],Min temp dips to 22.8°C as monsoon arrives in Delhi 5 days behind schedule
EVT_00303,1,1,['hindustan_times'],"UP shocker: Man attacks wife with axe, dies by suicide moments later; woman survives"
EVT_00302,1,1,['the_times_of_india'],"Mahua Moitra on Wednesday named 16 people she alleged were behind a mob attack on her in West Bengal's Nadia district, a day after claiming she was confined inside a party office for nearly four hours while police remained ""silent spectators."""
EVT_00301,1,1,['the_times_of_india'],Election Commission (EC) on Thursday directed rival factions of the
EVT_00300,1,1,['hindustan_times'],"Two deaths in 3 days: BMC faces heat after schoolboy, 60-year-old man die in separate incidents in Mumbai"
EVT_00299,1,1,['the_hindu'],"The exodus of influential regional leaders from the AIADMK continued on Thursday (July 2, 2026), with former Health Minister C. Vijayabaskar, former Transport Minister M.R. Vijayabhaskar, several other senior functionaries and thousands of cadres joi..."
EVT_00298,1,1,['the_times_of_india'],Jammu and Kashmir chief minister
EVT_00297,1,1,['hindustan_times'],"HC cites inconsistencies in 15 docs, upholds order declaring Assam man foreigner"
EVT_00830,1,1,['hindustan_times'],"Ex-chief secretary’s son posed as IPS, RAW and army officer, swindled lakhs; arrested"
EVT_00295,1,1,['the_times_of_india'],Manna Dey classic from Manoj Kumar's
EVT_00294,1,1,['hindustan_times'],Off the rails and back again: The story of Kolkata's trams that BJP's Bengal govt wants to revive
EVT_00293,1,1,['hindustan_times'],"BJP accuses Priyanka Gandhi, husband Robert Vadra of land grab attempt in Uttarakhand"
EVT_00292,1,1,['hindustan_times'],"Centre revises CBSE chief’s appointment, assigns additional charge"
EVT_00291,1,1,['hindustan_times'],"Toddlers abused, 5 nannies booked, facility shut temporarily: Inside the Bengaluru daycare case"
EVT_00290,1,1,['the_times_of_india'],"The National Highways Authority of India (NHAI) on Thursday initiated disciplinary action over the recent road surface cave-in on the Delhi-Dehradun Economic Corridor, issuing a show-cause notice to the project director while suspending key officials..."
EVT_00289,1,1,['hindustan_times'],A history-sheeter from Ahmedabad’s Isanpur area with more than 30 criminal cases against him was shot in the leg by the Joint Commissioner of Police (Crime) Sharad Singhal after he allegedly attacked senior police officers with a knife during interro...
EVT_00287,1,1,['the_times_of_india'],"monsoon finally arrived in Delhi on Thursday, five days after its normal onset date of June 27, bringing widespread rain and much-needed relief from weeks of heat and humidity. The India Meteorological Department ("
EVT_00286,1,1,['the_times_of_india'],"NEW DELHI: Japan reaffirmed its support for India's ambitious high-speed rail programme, backing the government's target of starting commercial operations on priority sections of the Mumbai-Ahmedabad High Speed Rail (MAHSR) corridor by 2027. The comm..."
EVT_00285,1,1,['hindustan_times'],"Vikram-1, India’s first private orbital rocket to launch this month"
EVT_00284,1,1,['theprint'],"New Delhi: People from all walks of life including industrialists should come forward and aid in temple building in Punjab, Shankara Vijayendra Saraswati said here Thursday, while launching a ‘Sanjhiwalta’ campaign to strengthen Hindu-Sikh unity in t..."
EVT_00296,1,1,['the_times_of_india'],"Uttar Pradesh deputy chief minister Keshav Prasad Maurya on Thursday defended former Shri Ram Janmabhoomi Teerth Kshetra Trust general secretary Champat Rai amid the ongoing embezzlement row, claiming that Rai worked with immense dedication for the S..."
EVT_00340,1,1,['the_hindu'],"After the recent formalisation of its alliance with the Tamilaga Vettri Kazhagam (TVK) led by Chief Minister C. Joseph Vijay, the Viduthalai Chiruthaigal Katchi (VCK) is gearing up to push for three of its important agendas: the passing of a Bill for..."
EVT_00339,1,1,['the_times_of_india'],"Amarnath Yatra began on Friday, Prime Minister Narendra Modi extended his wishes to devotees undertaking the pilgrimage, describing the journey to the holy"
EVT_00338,1,1,['the_times_of_india'],Senior Congress MP Sukhjinder Singh Randhawa's meeting with Union home minister
EVT_00337,1,1,['the_hindu'],An international study has called for a paradigm shift in disaster management by positioning social workers at the centre of disaster risk reduction. Governments and universities have been urged to move beyond conventional relief work and prepare pro...
EVT_00336,1,1,['hindustan_times'],"Abhishek Banerjee claims 25 associates summoned; alleges harassment by STF, CID"
EVT_00333,1,1,['the_times_of_india'],"NEW DELHI: Faced with a pile of cases under the Foreign Exchange Management Act (Fema) and eager to avoid prolonged legal battles, the"
EVT_00331,1,1,['deccan_herald'],"Karnataka Cabinet expansion likely in 2 weeks, to be mix of old and new faces: Minister Yathindra"
EVT_00330,1,1,['hindustan_times'],"'Have to respect CM': Madras HC backs Vijay, denies anticipatory bail to DMK MLA over ‘defamatory’ remarks"
EVT_00329,1,1,['the_hindu'],The Central Bureau of Investigation (CBI) has arrested three accused persons following searches at seven locations across Odisha and Rajasthan in connection with a “digital arrest” scam case.
EVT_00328,1,1,['hindustan_times'],"Rajasthan ATS detains suspects, raids premises of suspects linked to Pak handler"
EVT_00326,1,1,['hindustan_times'],'An exception...': Why Supreme Court refused to send Sonam Raghuvanshi back to jail
EVT_00311,1,1,['the_hindu'],"The rank lists for admission to over 7,000 seats in undergraduate courses in agriculture offered through the Tamil Nadu Agriculture University, Coimbatore, and Annamalai University, Chidambaram, were released by Agriculture and Farmers Welfare Minist..."
EVT_00323,1,1,['hindustan_times'],"Union agri minister, Andhra CM launch VB-G RAM G"
EVT_00322,1,1,['indian_express'],The Digvijaya Singh ‘fact-check’ that left Congress fuming and BJP gleeful
EVT_00321,1,1,['hindustan_times'],RSS demands thorough probe into Ram Temple donation row: 'Anti-national forces seeking to malign Hindu dharma'
EVT_00319,1,1,['the_hindu'],"When real world headlines resemble satire, does satire too reinvent itself as drama to appease fans of stars?When real world headlines resemble satire, does satire too reinvent itself as drama to appease fans of stars?"
EVT_00318,1,1,['the_hindu'],"Amid reports that e-rickshaws could be remotely shut down through the Chinese smartphone application BAT-BMS, the government said on Friday that two such apps had come to its notice and have since been removed from app stores. IT Secretary S. Krishna..."
EVT_00317,1,1,['hindustan_times'],HC stays state cabinet decision to withdraw 52 criminal cases
EVT_00316,1,1,['the_hindu'],"The Social Welfare Department released ₹20 crore for refunding the fees of these students in the first quarter of the current year’s Budget recently, but it is yet to reach students."
EVT_00315,1,1,['the_hindu'],"Four persons, including a four-year-old girl, died and seven others were injured when a speeding lorry hit them near Kambham in Markapuram district in the early hours of Friday (July 3, 2026)."
EVT_00314,1,1,['the_times_of_india'],NEW DELHI: Karnataka chief minister
EVT_00313,1,1,['hindustan_times'],The invisible bridge: How digital infrastructure is redefining India–Indonesia ties
EVT_00312,1,1,['hindustan_times'],Dissent buzz in Punjab Congress after Manish Tewari's cryptic post on rejig. What is happening?
EVT_00324,1,1,['the_hindu'],"AAP national convenor Arvind Kejriwal on Friday (July 3 2026) said he would write to Prime Minister Narendra Modi urging him to roll back the 20% ethanol-blended petrol (E20) programme, alleging that it adversely affects vehicle mileage and has raise..."
EVT_00253,1,1,['hindustan_times'],Tinnu's ₹1 Lakh to Avinash Shukla's ₹20 Lakh: Breaking down Ram Temple donation theft numbers
EVT_00250,1,1,['hindustan_times'],"All 500 police stations in Bengal get cyber, women help desks"
EVT_00249,2,1,['the_times_of_india'],BJP on Thursday said senior Congress leader
EVT_00248,1,1,['firstpost'],"'Sprayed with toilet jet, stuffed into washing machines for crying': Capgemini shuts Bengaluru daycare after child abuse allegations; 5 booked"
EVT_00247,1,1,['the_times_of_india'],The TOI News Desk comprises a dedicated and tireless team of journalists who operate around the clock to deliver the most current and comprehensive news and updates to the readers of The Times of India worldwide. With an unwavering commitment to exce...
EVT_00246,1,1,['hindustan_times'],Delhi court reserves judgment in Brij Bhushan sexual harassment case
EVT_00243,1,1,['indian_express'],Why Chandra Shekhar still matters: The rebel who never settled for No. 2
EVT_00241,1,1,['hindustan_times'],"Tourist dies as Scorpio plunges off road, crashes on under-construction bridge near Himachal's Atal Tunnel | Video"
EVT_00239,1,1,['the_times_of_india'],"Election Commission on Thursday announced byelections to three assembly constituencies in Bihar, Madhya Pradesh, and Gujarat, with polling scheduled for July 30 and counting of votes on August 3."
EVT_00237,2,1,['the_times_of_india'],"NEW DELHI: The winds are changing in West Bengal. In April this year, the people of Bengal voted not just to change their government but also the direction of the state’s politics. The verdict marked the end of Bengal’s old political order and the be..."
EVT_00236,1,1,['firstpost'],India rolls out e-OCI card: Step-by-step guide to download your digital OCI card
EVT_00283,1,1,['hindustan_times'],Air India Express restarts flights to West Asia halted due to Iran war
EVT_00234,1,1,['hindustan_times'],Delhi HC sets aside conviction of former major general in asset case
EVT_00233,1,1,['the_times_of_india'],"NEW DELHI: Congress general secretary KC Venugopal on Thursday wrote to Prime Minister Narendra Modi over the alleged theft of donations at the Ayodhya Ram Temple, demanding an immediate Supreme Court-monitored probe into what he described as the ""Ch..."
EVT_00232,1,1,['indian_express'],Could Eknath Shinde’s rise checkmate Devendra Fadnavis?
EVT_00231,1,1,['hindustan_times'],"Mumbai man falls into manhole while using the phone in heavy rain, dies"
EVT_00230,1,1,['hindustan_times'],"WhatsApp username rollout: All FAQs on scams, safety and privacy explained"
EVT_00229,1,1,['indian_express'],History weighs on Congress in Kerala as it searches for next party chief
EVT_00228,1,1,['deccan_herald'],"<p>Guwahati: Amid efforts to end the ongoing Meitei-Kuki and Kuki-Naga conflict in Manipur, at least 14 civil society organisations from the Meitei-dominated Valley on Wednesday met Governor Ajay Kumar Bhalla demanding a National Register of Citizens..."
EVT_00227,1,1,['hindustan_times'],CM Vijay's government in danger? What we know about the TVK-DMK 'horse-trading' row
EVT_00226,1,1,['theprint'],Chennai: Greater Chennai Police have arrested three individuals in connection with the alleged offer of a Rs 35 crore bribe to a TVK MLA to support a no-confidence motion against the Speaker in the Tamil Nadu Assembly.
EVT_00225,1,1,['indian_express'],How close is BJP to two-thirds majority in Parliament? The numbers decoded
EVT_00224,1,1,['indian_express'],"Why AAP has done a U-turn over VB-G RAM G in Punjab, agreed to roll it out"
EVT_00235,1,1,['indian_express'],The men around Vijay: Why Tamil Nadu CM’s inner circle is under scrutiny
EVT_00281,1,1,['hindustan_times'],"‘Catastrophic, invisible’: Supreme Court flags use of AI in legal process as ‘misconduct’"
EVT_00280,1,1,['hindustan_times'],‘Little sister’ and a partnership of strategic convergence: 5 takeaways from PM Modi-Takaichi talks
EVT_00279,1,1,['hindustan_times'],"‘A terrorist, is a terrorist’: India calls for collective action to root out ‘murderous ideology’"
EVT_00278,1,1,['hindustan_times'],"Heavy rain puts Uttarakhand's Rudraprayag on alert as Alaknanda, Mandakini rivers swell; IMD issues 4-day warning"
EVT_00277,1,1,['hindustan_times'],Goa police file second charge sheet in Birch by Romeo Lane nightclub fire case
EVT_00275,1,1,['hindustan_times'],"AI, defence, healthcare: What was discussed in Modi's meet with Japan PM Sanae Takaichi"
EVT_00273,1,1,['the_times_of_india'],"For generations, the first question in an arranged marriage was rarely about personality, ambitions or emotional compatibility."
EVT_00271,1,1,['the_times_of_india'],"The 9th edition of the Times Business Awards, West Bengal 2026, presented by Optimal Media Solutions, The Times of India, was successfully hosted at The Westin, Kolkata, in a grand and prestigious ceremony that brought together the state’s most influ..."
EVT_00270,1,1,['hindustan_times'],"What's in a name: Why FSSAI has called out Red Bull, Sting makers for ‘energy drink’ branding"
EVT_00269,1,1,['the_times_of_india'],"NEW DELHI: NEET UG results will be declared by July 20, a senior official at the"
EVT_00268,1,1,['hindustan_times'],Odisha lands largest-ever FDI as Adani-IHC JV signs ₹1 lakh cr aluminium project
EVT_00254,1,1,['hindustan_times'],'Shows BJP's double standards': Congress questions PM Modi's ‘silence’ over Ayodhya Ram Temple donation row
EVT_00266,1,1,['hindustan_times'],'Has a major flaw...': Manish Tewari reacts to Congress Punjab poll panel exclusion with a Hindi idiom
EVT_00265,1,1,['hindustan_times'],"A 42-year-old man from Malpe in Karnataka’s Udupi district was found dead in his hotel room in Goa’s Calangute on Tuesday night, following which the police registered a murder case."
EVT_00264,1,1,['firstpost'],PM Modi welcomes Takaichi with ceremonial reception; high-stakes summit begins
EVT_00263,1,1,['hindustan_times'],"Will petrol, diesel prices go down soon? Govt answers big question amid easing crude oil prices"
EVT_00262,1,1,['hindustan_times'],"'Murdered, organs removed': Wife of Indian sailor who died in Venezuela alleges foul play"
EVT_00261,1,1,['the_times_of_india'],NEW DELHI: Congress MP Manish Tewari on Thursday reacted sharply after he was left in the cold when the party announced new working presidents and poll panels for Punjab ahead of the upcoming Assembly elections.
EVT_00260,1,1,['hindustan_times'],Daycare abuse case: Bengaluru police to inspect all daycare centres for compliance
EVT_00259,1,1,['hindustan_times'],"Akhilesh Yadav condemns alleged attack on Mahua Moitra, accuses BJP of ‘fostering political violence’"
EVT_00258,1,1,['hindustan_times'],Protesters torch vehicle in Imphal East as tensions escalate in Manipur
EVT_00256,1,1,['hindustan_times'],By-election in Datia to take place in July
EVT_00255,1,1,['the_times_of_india'],A crude oil tanker that sustained shrapnel damage while navigating the conflict-hit Middle East safely arrived at Odisha's Paradip Port after a challenging voyage from Iraq.
EVT_00267,1,1,['hindustan_times'],Faridabad man crushed in rampage sparked by tip-off about suspect’s location
EVT_00416,1,1,['hindustan_times'],"‘Carry 20,000 TBH, confirmed return tickets’: India issues 11-point travel advisory for Thailand travelers"
EVT_00415,1,1,['hindustan_times'],"'Husband wore a wig, got killed': Pune case cited in Sonam Raghuvanshi's Supreme Court hearing"
EVT_00414,1,1,['hindustan_times'],Maneka Gandhi vs Jain organisations: Row erupts over peacock feathers remarks
EVT_00413,1,1,['the_hindu'],The Kerala government has directed all departments and public-sector institutions to report vacancies to the Kerala Public Service Commission within three weeks.
EVT_00412,1,1,['the_times_of_india'],BENGALURU: Bengaluru city police probing into the alleged harassment and inhuman treatment to toddlers at an on-campus crèche run by Capgemini Technology Services India Limited in Brookefield made the first arrest on Friday.
EVT_00411,1,1,['the_hindu'],"Arunachal Pradesh Law, Legislative and Justice Minister Kento Jini has urged the Centre to hand over the newly declared strategic Akajan-Likabali-Bame (ALB) Road project to the Border Roads Organisation (BRO), as it has expertise in managing difficul..."
EVT_00410,1,1,['the_hindu'],The story so far: The National Company Law Appellate Tribunal (NCLAT) has held that the Insolvency and Bankruptcy Code (IBC) moratorium cannot shield assets alleged to be “proceeds of crime” from attachment under Prevention of Money Laundering Act (P...
EVT_00409,1,1,['the_hindu'],"The Communist Party of India (Marxist) [CPI(M)] has removed two party functionaries from their organisational posts after they allegedly published social media posts critical of the party’s Kerala leadership, including State secretary M.V. Govindan."
EVT_00408,1,1,['the_hindu'],The Kerala High Court on Friday dismissed a public interest litigation (PIL) seeking a probe by the Central Bureau of Investigation (CBI) into the attack on Enforcement Directorate (ED) officials after a raid on former Chief Minister Pinarayi Vijayan...
EVT_00407,1,1,['hindustan_times'],"Champat Rai, 2 others grilled for six hours amid Ram Temple row; more arrests likely"
EVT_00406,1,1,['the_times_of_india'],"NEW DELHI: As international crude prices eased to near-pre-conflict levels, petroleum minister"
EVT_00341,1,1,['the_hindu'],"Amid controversy over the proposed selling of 49% stakes in the Adani Vizhinjam Port Private Limited (AVPPL), the concessionaire of the port, to the Switzerland based shipping major MSC Group, Congress MP Shashi Tharoor on Friday recalled that the pr..."
EVT_00404,1,1,['hindustan_times'],Ram Temple donation case accused’s wife gets notice over ‘illegal’ construction
EVT_00403,1,1,['the_hindu'],"The Archaeological Survey of India (ASI) has found the historic aqueduct of the Kalingarayan Canal in Erode to be structurally stable and concluded that the only significant issue affecting the monument is water seepage through masonry joints, which ..."
EVT_00402,1,1,['the_hindu'],"The Karnataka App-based Workers Union (KAWU) is planning to file an intervention application at the Karnataka High Court to become party to the case filed against the Karnataka Platform-Based Gig Workers (Social Security and Welfare) Act, 2025, and d..."
EVT_00401,1,1,['india_today'],"Dhruv Rathee's video on Ram, Sita: Court sets 15-day deadline to decide on removal"
EVT_00400,1,1,['hindustan_times'],Ram Temple donation irregularities: Congress’s Venugopal seeks SC-monitored probe
EVT_00399,1,1,['the_hindu'],"The Madras High Court on Friday (July 3, 2026) refused to grant anticipatory bail to former Minister and sitting Dravida Munnetra Kazhagam Member of the Legislative Assembly Anitha R. Radhakrishnan, representing Tiruchendur constituency in a case boo..."
EVT_00398,1,1,['the_times_of_india'],Union minister and Lok Janshakti Party (Ram Vilas) chief Chirag Paswan on Friday dismissed RJD leader
EVT_00397,1,1,['india_today'],Expect Ram Mandir Trust to fix lapses: RSS's first remarks on donation theft
EVT_00396,1,1,['the_hindu'],"The next meeting of the health standing committee of the Kochi Corporation is likely to deliberate on the deployment of drones for spraying larvicides to curb mosquito proliferation, with two proposals currently under consideration. The recommendatio..."
EVT_00395,1,1,['the_times_of_india'],NEW DELHI: Fresh CCTV footage has emerged showing the moment an LPG tanker crashed into a toll plaza before erupting into a massive explosion in Uttar Pradesh's Kaushambi district. The Uttar Pradesh police has also issued a press release detailing th...
EVT_00394,1,1,['the_hindu'],The Thrikkakara police in Kochi have booked Hindu Aikya Vedi president R.V. Babu for allegedly making communally provocative and defamatory remarks against the Muslim community and its leaders over the Kerala Police’s anti-narcotic drive codenamed Op...
EVT_00405,1,1,['hindustan_times'],"Tougher immigration for Indians, FTA: Why PM Modi's maiden visit to New Zealand matters"
EVT_00443,1,1,['the_hindu'],"Malankara Mar Thoma Syrian Church head Theodosius Mar Thoma Metropolitan on Friday expressed his opposition to the Kerala government’s decision to reduce the tax on low-alcohol beverages, saying the Church was against all forms of liquor."
EVT_00442,1,1,['the_hindu'],"Praising the coordinated efforts of multiple investigation teams and the use of technology, the Bapatla district police on Friday (July 03) announced that they had solved the sensational kidnapping of a six-month-old infant within 24 hours and reunit..."
EVT_00441,1,1,['hindustan_times'],T’gana DySP held over disproportionate assets worth ₹200 cr: ACB
EVT_00440,1,1,['the_times_of_india'],"NEW DELHI: Japanese Prime Minister Sanae Takaichi, on her visit to India, was seen trying her hand at the Indian classical string instrument, Santoor. A video shared by Prime Minister"
EVT_00438,1,1,['the_hindu'],"SpiceJet has suspended its flight operations from Chennai from the beginning of July due to a shortage of aircraft, with services expected to resume in October as the airline gradually rebuilds its fleet."
EVT_00437,1,1,['the_hindu'],"A day after allegations of protocol violations during the ongoing Special Intensive Revision (SIR) of electoral rolls surfaced from different parts of Karnataka, Chief Electoral Officer (CEO) V. Anbu Kumar directed all District Election Officers (DEO..."
EVT_00436,1,1,['the_times_of_india'],SRINAGAR: People’s Democratic Party president
EVT_00435,1,1,['hindustan_times'],"A bomb threat emailed to the Indian Space Research Organisation (ISRO) on Thursday triggered the evacuation of its Bengaluru facility and a large scale security operation, police said, adding that preliminary searches found no evidence of explosives ..."
EVT_00434,1,1,['hindustan_times'],Gangster Anmol Bishnoi moves court to surrender in 2024 Salman Khan house firing case
EVT_00432,1,1,['india_today'],Video: Champat Rai seen at religious event hosted by key Ram temple theft accused
EVT_00431,1,1,['india_today'],"Mehbooba Mufti, Salman Khurshid pay tribute to late Supreme Leader Ayatollah Khamenei"
EVT_00417,1,1,['deccan_herald'],"<p>Mumbai: The Maharashtra government is expected to set up a committee within two weeks to draft the legislation for Uniform Civil Code, officials said on Friday.</p><p>Details regarding the composition and terms of reference of the committee are ye..."
EVT_00428,1,1,['india_today'],"3 days, 4 deaths: Monsoon exposes civic lapses in Mumbai, Pune"
EVT_00427,1,1,['hindustan_times'],"El Niño to amplify in coming months, likelihood of extreme weather events: WMO"
EVT_00426,1,1,['hindustan_times'],"Biryani, video call, ‘gift awaiting’, then suicide: Hyderabad club dancer found dead in hotel room"
EVT_00425,1,1,['india_today'],"Will you compensate? Kejriwal slams Centre on E20 fuel, reduced mileage concerns"
EVT_00424,1,1,['the_times_of_india'],"JAMMU: J&K Lieutenant Governor Manoj Sinha flagged off the first batch of pilgrims for the twin base camps of Amarnath Yatra 2026 from Jammu’s Bhagwati Nagar base camp under elaborate security arrangements early Thursday, as chants of “Bam Bam Bhole”..."
EVT_00423,1,1,['the_times_of_india'],"SRINAGAR: Over a month after talks between Ladakh groups and a Union home ministry (MHA) sub-committee in Delhi, informal parleys are slated to be held Friday in Leh with central officials."
EVT_00422,1,1,['hindustan_times'],PM Modi outlines 'five resolutions' for devotees undertaking Amarnath Yatra
EVT_00421,1,1,['the_times_of_india'],NEW DELHI: Factional fault lines within the Punjab Congress came into the open on Friday after supporters of former chief minister
EVT_00420,1,1,['the_times_of_india'],"Rashtriya Swayamsevak Sangh (RSS) general secretary Dattatreya Hosabale on Friday said the organisation was ""extremely pained and angered"" over the alleged embezzlement of donations at the Ram Temple in"
EVT_00419,1,1,['hindustan_times'],Missing additional copies of chargesheet no ticket to default bail: SC
EVT_00418,1,1,['india_today'],"UP eyes 10 lakh new entrepreneurs in 10 years, offers interest-free loan to youngsters"
EVT_00429,1,1,['the_times_of_india'],"NEW DELHI: In the first case of its kind,"
EVT_00367,1,1,['india_today'],"Supreme Court pauses CAG audit of Delhi discoms, says case requires detailed probe"
EVT_00366,1,1,['hindustan_times'],"False poll affidavit an offence against society, probe crucial: Supreme Court"
EVT_00365,1,1,['hindustan_times'],‘Consider switching sides’: Bombay HC's remarks on ‘horse-trading’ earns praise from Uddhav Sena
EVT_00364,1,1,['india_today'],Indus Waters Treaty remains in abeyance over cross-border terror: Govt amid Pak rhetoric
EVT_00363,1,1,['the_hindu'],"Former Dravida Munnetra Kazhagam (DMK) Minister V. Senthilbalaji’s brother R.V. Ashok Kumar, 47, has approached the Madras High Court seeking anticipatory bail in a case registered against him for having allegedly offered a bribe of ₹35 crore to Tami..."
EVT_00362,1,1,['the_times_of_india'],Election Commission of India on Thursday wrote to the two
EVT_00361,1,1,['india_today'],"Thane court convicts man for assaulting cop, grants probation in 2018 case"
EVT_00360,1,1,['the_hindu'],"Andhra Pradesh Minister for Agriculture and Marketing K. Atchannaidu asked the Tobacco Board to take stern action against companies forming syndicates, to curb profiteering."
EVT_00359,1,1,['hindustan_times'],Viral chaos as battery management apps turn smartphones into ‘kill switch’ for e-rickshaws
EVT_00358,1,1,['the_hindu'],"A two-year-old boy died after falling into a nearly three-foot-deep trench filled with rainwater and sewage in Maharashtra’s Pune district, following which police booked the contractor, officials said on Friday (July 3, 2026)."
EVT_00357,1,1,['hindustan_times'],"Future belongs entirely to EVs, says Andhra CM"
EVT_00393,1,1,['the_hindu'],"The Defence Acquisition Council (DAC), chaired by Defence Minister Rajnath Singh, on Friday (July 3, 2026) accorded Acceptance of Necessity (AoN) for defence acquisition proposals worth nearly ₹52,000 crore aimed at enhancing the operational capabili..."
EVT_00355,1,1,['hindustan_times'],SC halts CAG audit of Delhi power discoms
EVT_00353,1,1,['hindustan_times'],Kerala govt expresses displeasure to Adani Ports over Vizhinjam port deal with MSC
EVT_00352,1,1,['hindustan_times'],IMD places Mumbai on red alert as 'heavy to very heavy' rain predicted over the next 24 hours
EVT_00351,1,1,['the_hindu'],"Alleging manipulation of elections, partisan conduct by the Election Commission of India (ECI), and misuse of central investigative agencies against Opposition parties, INDIA bloc leaders, in a joint memorandum addressed to Chief Justice of India Jus..."
EVT_00350,1,1,['hindustan_times'],Why PM Modi referred to Japanese PM Takaichi as his ‘little sister’
EVT_00348,1,1,['the_times_of_india'],"BENGALURU: Artificial Intelligence has helped scientists unlock a century of the Sun’s history by analysing hand-drawn observations from the Kodaikanal Solar Observatory, turning fragile paper records into a valuable digital archive that could improv..."
EVT_00346,1,1,['india_today'],BJP nears new national team as Delhi talks fuel PM Modi Cabinet reshuffle buzz
EVT_00345,1,1,['india_today'],Sexually exploiting women in name of triple talaq can't be allowed: Allahabad HC
EVT_00344,1,1,['indian_express'],Party leaders said Channi who was keen to take over as Punjab Congress president was upset with the high command’s decision to allow incumbent Amrinder Singh Raja Warring to continue. While persisting with Warring as the state president and Partap Si...
EVT_00343,1,1,['the_times_of_india'],"NEW DELHI: Aam Aadmi Party chief Arvind Kejriwal on Friday accused the Centre of ""forcibly imposing"" ethanol-blended petrol on people, alleging that it is damaging vehicles and reducing fuel efficiency."
EVT_00342,1,1,['the_hindu'],"The Madhya Pradesh High Court has reduced the life sentence of a man accused of killing his pregnant wife to seven years jail term, noting that the assault was not ""premeditated"" but a ""sudden and grave provocation"" to her remark that she ""can keep a..."
EVT_00356,1,1,['hindustan_times'],Govt reacts to reports of iPhone 18 Pro leaks in Tata data breach: ‘Investigating’
EVT_00392,1,1,['the_hindu'],"Chessworld AI, a startup backed by the government of Karnataka’s flagship start-up programme Elevate, has been appointed as the official technology partner of the Karnataka State Chess Association (KSCA)."
EVT_00391,1,1,['hindustan_times'],The Chinese app behind viral e-rickshaw shutdown videos: How it works and how to prevent it
EVT_00390,1,1,['firstpost'],Ali Khamenei funeral: Indian delegation pays tribute in Tehran ahead of final farewell
EVT_00389,1,1,['india_today'],No place in this house to hide lakhs: Ram Temple accused's family rejects police claim
EVT_00388,1,1,['deccan_herald'],'Gravest threat from the Modi-Shah regime': I.N.D.I.A bloc urges Supreme Court to halt SIR in letter to CJI
EVT_00387,1,1,['the_hindu'],"In its first official reaction to the Ayodhya Ram temple embezzlement controversy, the Rashtriya Swayamsevak Sangh (RSS) on Friday (July 3, 2026) appealed to Hindus to “remain united” and urged the authorities to ensure strict punishment for those fo..."
EVT_00386,1,1,['hindustan_times'],Citizens can't be made slaves of government: Bombay HC says people cannot be externed over protests
EVT_00385,1,1,['the_times_of_india'],"NEW DELHI: Should classrooms pay the price for election duty, ask educators. The entire regular teaching staff of two Delhi govt schools - one at Bhalswa and another near GTB Nagar - has been deployed for booth-level officer (BLO) duties during the p..."
EVT_00384,1,1,['the_hindu'],"The Jana Sena Party has extended the deadline to Sunday (July 5, 2026) for the submission of applications for various party posts in the Vizianagaram parliamentary constituency. Given the response from all sections of society, the party decided to ta..."
EVT_00383,1,1,['hindustan_times'],State liable even if custodial death was suicide: Delhi HC
EVT_00382,1,1,['hindustan_times'],‘Citation doesn’t exist’: The case behind SC’s AI-hallucination order & draft rules released before
EVT_00368,1,1,['the_hindu'],"Uttar Pradesh government on Friday (July 3, 2026) said the construction of the Jajmau Common Effluent Treatment Plant (CETP) in Kanpur, interception of the Sisamau drain, expansion of municipal sewage treatment infrastructure in Kanpur and enforcemen..."
EVT_00379,1,1,['the_hindu'],"The India Meteorological Department’s Cyclone Warning Centre in Visakhapatnam has forecast heavy rainfall and squally winds across North Coastal Andhra Pradesh over the next few days, attributing the spell to a low-pressure area formed over the north..."
EVT_00378,1,1,['the_hindu'],A petition seeking to end India’s “coaching Raj” and the framing of a national framework designed to eradicate “dummy school” nexus affecting children’s mental health is set to be listed in the Supreme Court.
EVT_00377,1,1,['hindustan_times'],Setback for AIADMK as 4 ex-ministers join TVK
EVT_00376,1,1,['hindustan_times'],"First visuals from Khamenei's funeral: Mehbooba Mufti, Salman Khurshid among Indian attendees"
EVT_00375,1,1,['firstpost'],'Ethanol is used in racing cars': Indian minister says E20 fuel is safe and globally proven
EVT_00374,1,1,['firstpost'],"A tap, and the e-rickshaw stops: Delhi govt probes viral Chinese app used by pranksters"
EVT_00373,1,1,['indian_express'],"Ahead of Tamil Nadu Budget, why Vijay govt’s White Paper rings fiscal alarm bells"
EVT_00372,1,1,['india_today'],Maharashtra bans Sting sales within 500 metres of schools over child safety
EVT_00371,1,1,['india_today'],"Who's OP Shah, the sutradhaar of the India-Pakistan peace letter?"
EVT_00370,1,1,['hindustan_times'],Not a single brick to be laid at Mekedatu sans TN’s consent: TNCC
EVT_00369,1,1,['hindustan_times'],"Fadnavis being kept out of PM race, this will benefit Eknath Shinde: Aaditya Thackeray"
EVT_00380,1,1,['the_hindu'],"The Customs (Preventive) Commissionerate, Kochi, is likely to summon actor Dulquer Salmaan for another round of questioning in connection with Operation Numkhor — a nationwide crackdown on the large scale smuggling of premium second-hand vehicles thr..."
EVT_00090,1,1,['the_hindu'],"Schools under the Central Board of Secondary Education (CBSE) in Ernakulam district fared well in Class 10 examinations, the results of which were declared on Wednesday."
EVT_00089,1,1,['the_times_of_india'],The TOI News Desk comprises a dedicated and tireless team of journalists who operate around the clock to deliver the most current and comprehensive news and updates to the readers of The Times of India worldwide. With an unwavering commitment to exce...
EVT_00086,1,1,['firstpost'],India calls special session of Parliament to give women 33% quota in legislatures
EVT_00085,1,1,['the_hindu'],Indian Oil Corporation Limited has increased Auto LPG supplies to Bengaluru by nearly 300% in response to a sharp surge in demand caused by disruptions in private sector supply chains.
EVT_00084,1,1,['the_hindu'],Extreme heatwave conditions following the 41.8 degrees Celsius day’s maximum temperature on Thursday forced a majority of the people in Yadgir to stay indoors between noon and 5 p.m.
EVT_00083,1,1,['the_hindu'],The Heritage Education and Communication Service (HECS) division of Indian National Trust for Art and Cultural Heritage (INTACH) is organising an all-India poster competition ‘Tree of Life’ for school students of Classes 7 to 9. The competition will ...
EVT_00082,1,1,['the_times_of_india'],New Delhi: A Delhi court on Wednesday took cognisance of charges against businessman
EVT_00081,1,1,['the_hindu'],"The scientific biomining operations to completely clear the century-old legacy waste mound at Njeliyanparamba, which has long been an environmental concern for residents of Kozhikode, are making progress."
EVT_00080,1,1,['ndtv'],"Competition Panel Rejects Complaint Against Adani Group, Azure Power In Solar Tender Case"
EVT_00079,1,1,['hindustan_times'],"8th pay commission: Salary increase, pension boost and fitment factor explained"
EVT_00078,1,1,['the_times_of_india'],"NEW DELHI: Noting that it is the honour which is the most important thing for a defence personnel,"
EVT_00223,1,1,['indian_express'],Bihar Pandav Sena head to ‘gangster’ arrested by STF: Who is Sanjay Singh
EVT_00076,1,1,['the_times_of_india'],NEW DELHI: Around 12 lakh households across 11 states and Union Territories have self-enumerated so far for the houselisting operations (HLO) phase of Census 2027. More than half of these households availed of the self-enumeration facility in the pas...
EVT_00075,1,1,['the_new_indian_express'],"SRINAGAR: The Jammu and Kashmir Police’s State Investigation Agency (SIA) on Thursday filed a chargesheet against 10 accused, including four doctors, in an inter-state white-collar militant module case, which includes Dr Umar Nabi, alleged to have ca..."
EVT_00074,1,1,['ndtv'],Women's Reservation Bill To Remain A Post-Dated Cheque Forever: K Kavitha
EVT_00072,1,1,['india_today'],"UPA-era census used for delimitation, so why object? Smriti Irani to opposition"
EVT_00071,1,1,['the_hindu'],Minister for Human Resource Development Nara Lokesh on Thursday instructed the officials to assign basic infrastructure works in government schools to School Management Committees (SMCs) and ensure their speedy completion.
EVT_00070,1,1,['ndtv'],"PM Modi Speaks To French President, Discusses Middle East, Starit Of Hormuz"
EVT_00061,1,1,['hindustan_times'],23 arrested over stone-pelting at Ambedkar Jayanti procession in UP's Kasganj
EVT_00059,1,1,['firstpost'],US envoy kicks off America's 250th I-Day celebrations with Trump posters on Indian autorickshaws
EVT_00058,1,1,['theprint'],"Nandigram (West Bengal): Nineteen years after violent land acquisition protests drove away the then Left government’s planned chemical hub in West Bengal’s Nandigram, the sleepy fishing village is slowly opening its doors to industry again."
EVT_00057,1,1,['deccan_herald'],Tirupati MP condemns illegal arrest of YSRCP general secretary (Media)
EVT_00054,1,1,['hindustan_times'],"Convene assembly to discuss delimitation within 48 hrs, Naveen Patnaik asks CM"
EVT_00077,1,1,['hindustan_times'],"BJP president Nitin Nabin, 15 others sworn in as Rajya Sabha members"
EVT_00118,1,1,['news18'],'Democracy Over If This Is Passed': Priyanka Gandhi On 'Injustice' To OBCs In Women's Quota Bill
EVT_00117,1,1,['hindustan_times'],"Discount for saying ‘Jai Shri Ram’: Kolkata doctor offers unique offer for patients, draws medical body's ire"
EVT_00116,1,1,['ndtv'],"2 Children Die, 3 Hospitalised After Inhaling Pesticide Fumes In Ujjain"
EVT_00115,1,1,['ndtv'],"Probe Agency Raids 32nd Avenue Group In Rs 500 Crore Scam, Seizes Cash, Gold"
EVT_00114,1,1,['the_new_indian_express'],"RANCHI: Another security personnel was injured in a Maoist-triggered IED blast during an ongoing encounter in the Saranda forests of West Singhbhum on Thursday, taking the total number of injured jawans to six since the gunfight began at 8 am on Wedn..."
EVT_00113,1,1,['the_hindu'],"District Collector M. Abhishikth Kishore, Police Commissioner Shanka Brata Bagchi and GVMC Commissioner Ketan Garg on Thursday inspected arrangements for the annual Chandanotsavam at the Sri Varaha Lakshmi Narasimha Swamy temple in Simhachalam, sched..."
EVT_00109,1,1,['the_times_of_india'],"NEW DELHI: The number of domestic LPG refill bookings has fallen to nearly 43-44 lakh in April from a peak of about 89 lakh in mid-March, easing pressure on cooking gas supplies, reports Atul Mathur."
EVT_00108,1,1,['hindustan_times'],"DMK, SPA alliance raise black flags, protest against proposed delimitation bill"
EVT_00107,1,1,['the_times_of_india'],"Ram Janmabhoomi judgment endorsing Hindus' belief that the disputed site at Ayodhya was Lord Ram's birthplace, Travancore Devaswom Board on Wednesday told"
EVT_00106,1,1,['india_today'],"Massive fire ravages luxury cottages near Goa's Ajoba Temple, losses in crores"
EVT_00105,1,1,['hindustan_times'],Delhi University student alleges bias over ‘sleeveless suit’ at ‘Nari Shakti’ event
EVT_00091,1,1,['deccan_herald'],Parliament Special Session Live | Women Reservation Act 2023 comes into force: Govt notification
EVT_00102,1,1,['ndtv'],"""I Was Blaring Siren, Why Didn't You Move?"" MLA's Son After Ramming 5 With Thar"
EVT_00101,1,1,['hindustan_times'],Court convicts Congress MLA in 2016 murder case in Karnataka
EVT_00100,1,1,['ndtv'],Is Suvendu Adhikari BJP's Chief Minister Face In Bengal? What He Told NDTV
EVT_00099,1,1,['hindustan_times'],Congress’s Gaurav Gogoi accuses govt of using women quota for political gains
EVT_00098,1,1,['ndtv'],'Pressured Women To Join Them In Hotels': Big Claim In TCS 'Conversion' Case
EVT_00097,1,1,['hindustan_times'],Delhi Police nabs 'romance swindler' who duped over 500 women of crores
EVT_00096,1,1,['the_hindu'],"The vehicle involved in the accident in which eight persons were killed near Chilakaladona in Yemmiganur police limits had passed the Dharmapuram toll plaza minutes before the commencement of the `Face Wash and Go,’ police programme on Thursday."
EVT_00095,1,1,['ndtv'],"Bhopal Woman, 64, Duped Of Rs 26 Lakh In Digital Arrest Fraud"
EVT_00094,1,1,['the_new_indian_express'],"NEW DELHI: The Food Safety and Standards Authority of India (FSSAI) on Thursday directed states to conduct intensified inspections and strict vigilance to curb illegal fruit ripening agents in fruits like mangoes, bananas, and papayas."
EVT_00093,1,1,['the_times_of_india'],"Priyanka Gandhi Vadra took aim at the Centre in the Lok Sabha on Thursday while speaking on the proposed women’s reservation bill, using a sharp Chanakya reference that drew laughter from Union home minister"
EVT_00092,1,1,['firstpost'],"272 women MPs proposed for next Lok Sabha, total strength to increase by 50%: Govt in Parliament"
EVT_00104,1,1,['hindustan_times'],"Delhi acid attack accused had ‘bouts of anger’, was under depression treatment"
EVT_01669,1,1,['the_hindu'],"The Ernakulam Central police have registered a case against Hindu Aikya Vedi leader K.P. Sasikala and unidentified supporters of the Congress and the BJP for allegedly circulating a video of a lawyer and her friends, claiming it to be of a group of t..."
EVT_01668,1,1,['the_hindu'],Narendra Modi all praise for Bobbili Veena artisans
EVT_01667,1,1,['the_times_of_india'],Railway Board panels suggest premature retirement of 5 officers
EVT_01666,1,1,['the_hindu'],"The proposal to construct a new 35-lakh-litre water tank at Thammanam remains in limbo months after the existing tank partially collapsed. The issue has resurfaced after T.J. Vinod, MLA, urged the government to include the construction of a new water..."
EVT_01665,1,1,['hindustan_times'],"President Droupadi Murmu gave her assent to the legislation aiming at raising the punishment for unfair means in public examinations, days after the bill was pushed through both the Houses of Parliament by voice vote earlier this week"
EVT_01664,1,1,['hindustan_times'],India-China cross-border trade resumes after 6 years
EVT_01663,1,1,['the_hindu'],A new digital medical emergency referral system being rolled out in Rajasthan is set to transform patient care during the critical initial hours. The model will enable the tertiary hospitals to make preparations for attending to the patients even bef...
EVT_01662,1,1,['india_today'],Hamim's aide arrested as STF probe reveals Bengal CM on Pak operatives' target list
EVT_01661,1,1,['the_hindu'],"The verification of electronic voting machines (EVMs), control units, and voter verifiable paper audit trail (VVPAT) machines used in 14 polling stations in the Kolathur Assembly constituency continued for the fourth day on Saturday."
EVT_01660,1,1,['the_times_of_india'],"NEW DELHI: Long and crushing working hours have become a serious challenge for resident doctors, causing them psychological distress and mental health problems. Flagging the issue in an affidavit before Supreme Court, National Medical Commission (NMC..."
EVT_00001,1,1,['the_times_of_india'],Congress on Tuesday said the allocation of the Parliamentary Affairs portfolio inspires no confidence whatsoever that Prime Minister
EVT_00053,1,1,['theprint'],Hyderabad: A poor show in Telangana’s 2023 assembly elections and persistent demands from the Bharat Rashtra Samithi rank and file to revert to the party’s original name has pressed working president KT Rama Rao (KTR) to announce that the party is li...
EVT_01656,1,1,['the_times_of_india'],"Abhinav Garg / TNN / Updated: Aug 02, 2026, 08:03 IST"
EVT_01655,1,1,['the_hindu'],"A book chronicling the life and legacy of S.N.N. Sankaralinga Iyer, the founder of Indo Commercial Bank and the India Cements, was released in the city on Saturday. The book traces his entrepreneurial journey, contributions to India’s banking and cem..."
EVT_01654,1,1,['the_hindu'],"The DMK on Saturday announced its decision not to participate in the verification of the electronic voting machines (EVMs) used in the Kolathur Assembly constituency, where party president M.K. Stalin had contested, alleging that the machines had not..."
EVT_01653,1,1,['deccan_herald'],Beyond paper leaks: Why India's public exams continue to fail students
EVT_01652,1,1,['the_hindu'],"YSR Congress Party (YSRCP) State coordinator Sajjala Ramakrishna Reddy accused Chief Minister N. Chandrababu Naidu of stealing credit for the construction of the Bhogapuram airport, claiming that 80% of the physical progress has been achieved during ..."
EVT_01651,1,1,['the_hindu'],Minister for Irrigation and Civil Supplies N. Uttam Kumar Reddy has stated that every effort is being made to maximise utilisation of Godavari waters for the benefit of farmers in Telangana and reiterated that the government is committed for revival ...
EVT_00037,1,1,['deccan_herald'],Received a call from my friend President Donald Trump. We reviewed the substantial progress achieved in our bilateral cooperation in various sectors. We are committed to further strengthening our Comprehensive Global Strategic Partnership in all area...
EVT_01626,1,1,['india_today'],"देश के कई राज्यों में मूसलाधार बारिश हो रही है. तो कई राज्य ऐसे हैं जहां बारिश के कोई आसार नहीं हैं. बारिश कई लोगों के लिए राहत तो कई लोगों के लिए आफत बनकर बरस रही है. IMD ने केरल के 12 जिलों के लिए ऑरेंज अलर्ट भी जारी किया है, तो वहीं दिल्ली में शनि..."
EVT_00005,1,1,['indian_express'],"Back in Rajya Sabha, can Sharad Pawar reinvent himself, script new Opposition pushback against BJP?"
EVT_00004,1,1,['indian_express'],"As Rahul invokes Kanshi Ram, a look at UP CMs in Congress era, Nehru to Indira, Rajiv"
EVT_00003,1,1,['india_today'],"Tamil Nadu is the graveyard of national political parties. It buried the Congress at its peak then in 1967. The BJP, also at its peak now, has been pregnant with possibilities but has failed to deliver. Never a serious player in the state before the ..."
EVT_01657,1,1,['the_hindu'],"August marks the start of the countdown to the Northeast monsoon, the season that poses Chennai’s major annual challenge. Even as the city is dealing with the impact of a weak Southwest monsoon, the focus has shifted to ensuring Chennai is ready for ..."
EVT_00052,1,1,['firstpost'],"TCS Nashik probe widens: 3 more women likely to file FIRs in abuse, religious conversion case"
EVT_00050,1,1,['firstpost'],Centre proposes 131st Constitution Amendment Bill to increase Lok Sabha seats to 850
EVT_00049,1,1,['hindustan_times'],"AP 1st 2nd Year Result Out highlights: BIEAP 1st, 2nd year results declared, 77% pass 1st year, 81% pass 2nd year"
EVT_00048,1,1,['news18'],"AAP Alleges Raghav Chadha Met BJP Leaders, Sought ED Raid On Party MP Ashok Mittal"
EVT_00047,1,1,['deccan_herald'],"<p>Mumbai: Is <a href=""https://www.deccanherald.com/india/maharashtra/congress-slams-shiv-sena-ubt-for-accusing-it-of-using-regional-allies-as-crutches-3957675"">Shiv Sena (UBT)</a> chief Uddhav Thackeray is carving out a larger role for his son Aadit..."
EVT_00044,1,1,['firstpost'],3 dead in Delhi's Rohini warehouse fire as blaze spreads to nearby huts
EVT_00041,1,1,['deccan_herald'],"<p>New Delhi: Prime Minister <a href=""https://www.deccanherald.com/tags/narendra-modi"">Narendra Modi</a> on Tuesday asserted that the NDA government is committed to delivering true social justice to every poor person, adding that the policies and dec..."
EVT_00040,1,1,['deccan_herald'],"<p>Bengaluru: A 43-year-old woman, who was suffering from <a href=""https://www.deccanherald.com/tags/anxiety"">anxiety</a>, killed her 13-year-old daughter before hanging herself in Whitefield on Monday night.</p><p>The deceased have been identified a..."
EVT_00039,1,1,['theprint'],"Lucknow: The revised tale of the electoral tape has not brought smiles to BJP faces in Uttar Pradesh. At least, not yet."
EVT_00038,1,1,['firstpost'],India steps up West Asia diplomacy: Jaishankar speaks to global partners on Iran crisis
EVT_01650,1,1,['hindustan_times'],"Day after 'forgive' remark, PM Modi praises youth for powering India's growth"
EVT_01670,1,1,['hindustan_times'],Supreme Court's Justice Bhuyan backs more transparency in collegium’s operation
EVT_01681,1,1,['india_today'],Why is hardly anyone using the Patna Metro?
EVT_01680,1,1,['theprint'],This is a one-time security check.
EVT_01679,1,1,['theprint'],This is a one-time security check.
EVT_01678,1,1,['theprint'],This is a one-time security check.
EVT_01677,1,1,['india_today'],We don't support landscape mode yet. Please go back to portrait mode for the best experience
EVT_01676,1,1,['theprint'],This is a one-time security check.
EVT_01675,1,1,['theprint'],This is a one-time security check.
EVT_01674,1,1,['hindustan_times'],"Jaish operative held in Bengal planned to target Suvendu, sabotage Jantar Mantar protest: STF"
EVT_01673,1,1,['the_hindu'],Chief Minister V.D. Satheesan is in the firing line from the Opposition for using a helicopter hired by the State government primarily as an air ambulance and for other emergencies for an alleged personal visit to Kochi.
EVT_01672,1,1,['the_hindu'],"On Monday, August 3, we will get a sense of the public mood in the country, or, to be specific, in Bharatiya Janata Party (BJP) strongholds such as Gujarat, Madhya Pradesh, and Bihar. Three Assembly seats, one in each of these States, held bypolls on..."
EVT_01671,1,1,['hindustan_times'],A special court for MPs and MLAs in Bihar’s Begusarai on Saturday sentenced former state social welfare minister Manju Verma and her husband Chandrashekhar Verma to a seven-year jail term in a case concerning the recovery of a large cache of illegall...
EVT_01682,1,1,['india_today'],Why is hardly anyone using the Patna Metro?
EVT_00195,1,1,['indian_express'],"TMC rebel who replaced Mamata Banerjee: ‘She is our leader, but I backed the majority’"
EVT_00194,1,1,['indian_express'],"Bihar Education Minister: ‘Government will screen out defunct madrasas, rebuild Sanskrit schools’"
EVT_00193,1,1,['indian_express'],Taratala warehouse collapse: Why Firhad Hakim ex-aide’s arrest rings alarm bells among TMC rebels
EVT_00192,1,1,['indian_express'],Reading Congress’s UP reshuffle: How party is redrawing strategy for 2027
EVT_00191,1,1,['indian_express'],Accused by CM Mann of being the face behind sacrilege video row: Who is Jagmandeep Samra?
EVT_00190,1,1,['indian_express'],"Congress’s Punjab story: Eight decades of infighting, eight decades of resilience"
EVT_00189,1,1,['indian_express'],Can Vaiko join hands with Vijay? Buzz gains ground as MDMK snaps DMK ties
EVT_00188,1,1,['indian_express'],"Vijay picks his film producer as Tamil Nadu’s Delhi envoy, sparks ‘conflict of interest’ row"
EVT_00187,1,1,['theprint'],"New Delhi: The Congress Saturday intensified its attack on the BJP over the alleged embezzlement of donations at the Ram Temple in Ayodhya, questioning Prime Minister Narendra Modi’s silence on the issue and demanding that the Shri Ram Janmabhoomi Te..."
EVT_00186,1,1,['indian_express'],"After ‘Operation Tiger’, why Shiv Sena chorus grows for Shrikant Shinde elevation"
EVT_00185,1,1,['indian_express'],What Chaitar Vasava’s 7-year jail term means for AAP’s Gujarat plan
EVT_00119,1,1,['india_today'],Textile hub Bhiwandi under strain as Iran war impact triggers industry collapse fears
EVT_00183,1,1,['firstpost'],Vice presidential elections 2025: Fast facts on CP Radhakrishnan and B Sudershan Reddy
EVT_00182,1,1,['firstpost'],The best and worst cities in India for women's safety
EVT_00181,1,1,['firstpost'],"NIRF 2025 Rankings: IIT Madras retains crown, new shifts in Top 10"
EVT_00180,1,1,['firstpost'],New Unesco heritage sites: India’s seven fresh additions
EVT_00179,1,1,['firstpost'],Mumbai's second airport to open September-end: Here are 9 features to watch out for
EVT_00178,1,1,['firstpost'],"From Kerala to Punjab, 10 Indian states that have banned Coldrif cough syrup"
EVT_00177,1,1,['firstpost'],"From Chandrababu Naidu to Siddaramaiah, 10 richest chief ministers of India ranked"
EVT_00176,1,1,['firstpost'],Fragile slopes: 10 Indian hill stations most prone to monsoon disasters
EVT_00175,1,1,['firstpost'],"India News, Latest News in India, Latest Breaking News India, Indian States and Cities Headlines"
EVT_00174,1,1,['firstpost'],"Bihar Election Results 2025 Live Updates: PM Modi hails NDA landslide, says people have voted for a developed and prosperous state"
EVT_00173,1,1,['news18'],"Parth Pawar Takes Oath as Rajya Sabha MP in New Delhi | ""For Baramati & My Father"" | News18"
EVT_00184,1,1,['the_times_of_india'],"These allegations are absolutely true. They have been made based on facts, and many people have received phone calls. It is well known how the BJP operates. While others focus on counting of votes after elections, they focus on such tactics."
EVT_00222,1,1,['indian_express'],"How Congress tried to keep peace in Punjab: Warring stays on, Channi campaign chief"
EVT_00221,1,1,['indian_express'],From the Urdu Press: ‘BJP should come clean on Ram temple theft row’; ‘Govt must hold talks with Cockroach Janta Party’
EVT_00220,1,1,['deccan_herald'],"<p>As Karnataka begins the<a href=""https://www.deccanherald.com/india/sir-in-karnataka-and-4-other-states-begins-from-june-30-is-passport-a-valid-document-for-electoral-roll-revision-newsalert-4055808""> Special Intensive Revision (SIR)</a> of its ele..."
EVT_00219,1,1,['theprint'],"New Delhi: A day after the Ayodhya Bar Association declared that no lawyer will represent the accused in the Ram Temple donation theft case, Vishva Hindu Parishad (VHP) chief Alok Kumar said the resolution violates constitutional principles and profe..."
EVT_00218,1,1,['theprint'],"Chennai: Senior AIADMK leader and former minister M.R. Vijayabaskar resigned as MLA from Karur on Monday, becoming the latest in a string of defectors from the opposition party. He is expected to join Vijay’s TVK this week, bringing the strength of A..."
EVT_00217,1,1,['indian_express'],"As Punjab MLAs draw fire over ‘not reading’ anti-sacrilege Bill, what it means"
EVT_00216,1,1,['theprint'],"Thiruvananthapuram: Nearly six months after scripting history by wresting control of the Thiruvananthapuram Corporation from the Left Democratic Front, the BJP’s hold over the only municipal corporation that it controls in Kerala is under strain—a pr..."
EVT_00215,1,1,['theprint'],"New Delhi: Comparing Prime Minister Narendra Modi to cricket legend Sachin Tendulkar, BJP national president Nitin Nabin Monday said that the PM’s past comment about Nabin being his boss was meant to reflect the party’s team culture."
EVT_00214,1,1,['indian_express'],AAP MLA: ‘Our stance on anti-sacrilege law is right…wording issues can be resolved’
EVT_00212,1,1,['indian_express'],"Aaditya Thackeray aide, Arun Gawli’s nephew: Sachin Ahir now in Shinde Sena"
EVT_00210,1,1,['indian_express'],Why Punjab women voters hold the key to 2027 polls as Mann government rolls out cash scheme
EVT_00196,1,1,['indian_express'],"Amid Punjab sacrilege video firestorm, why Bhagwant Mann is not on back foot"
EVT_00207,1,1,['theprint'],"Gurugram: Haryana and Rajasthan Monday signed a Memorandum of Understanding (MoU) for the construction and implementation of the Yamuna Water Project, with Union Home Minister Amit Shah presiding over the ceremony in New Delhi."
EVT_00206,1,1,['indian_express'],"Echoes from UP in wake of NEET protests: ‘We are ‘kattar’ BJP, but…’"
EVT_00205,1,1,['theprint'],"New Delhi: Rashtriya Swayamsevak Sangh (RSS) chief Mohan Bhagwat is set to visit the US and Canada later this year as part of the organisation’s centenary outreach initiatives, ThePrint has learnt."
EVT_00204,1,1,['theprint'],"Chandigarh: The Akal Takht Monday gave the Punjab government one month to amend the Jaagat Jot Sri Guru Granth Sahib Satkar (Amendment) Act, 2026, in accordance with changes suggested by the Sikh clergy."
EVT_00203,1,1,['indian_express'],"26/11 hero, youth motivator: The Maharashtra cop under fire for praising RSS"
EVT_00202,1,1,['indian_express'],Meet Congress’s new Tamil Nadu face Manickam Tagore: Rahul Gandhi aide who bet big on Vijay
EVT_00201,1,1,['indian_express'],Ayodhya ex-MLA leads SP offensive over Ram temple theft: Meet Pawan Pandey
EVT_00200,1,1,['indian_express'],Two TMCs make a less-than-whole Opposition in West Bengal Assembly
EVT_00199,1,1,['indian_express'],Why CM Bhagwant Mann is fighting his biggest political battle alone
EVT_00198,1,1,['indian_express'],Cranking up Congress machinery: Rahul Gandhi task cut out as he steps up for 2029
EVT_00197,1,1,['indian_express'],"Symbol to stage, rival TMC groups battle over flagship Shaheed Diwas event"
EVT_00209,1,1,['indian_express'],"RCP Singh left without a political home, but JD(U) not keen on taking him in"
EVT_00143,1,1,['the_times_of_india'],You must login to keep earning daily check-in points
EVT_00142,1,1,['the_times_of_india'],Get real-time updates and result insights on the CBSE 12 Result 2026.
EVT_00141,1,1,['firstpost'],"India News: Latest Updates, Breaking Headlines, and In-Depth Coverage from Across the Nation."
EVT_00140,1,1,['theprint'],"The party that won the Ambala and Sonipat Lok Sabha seats in May 2024, but lost the Assembly polls there five months later, heads into civic elections with little room for error."
EVT_00139,1,1,['india_today'],Delimitation bill triggers black flag protests in Tamil Nadu
EVT_00138,1,1,['the_times_of_india'],- Delhi CM worships at Tirumala; hails TTD’s AI powered integrated command control centre
EVT_00137,1,1,['firstpost'],"India News: Latest Updates, Breaking Headlines, and In-Depth Coverage from Across the Nation."
EVT_00136,1,1,['theprint'],"Speaking in Lok Sabha on women's reservation, PM said: 'Don't weigh this from political perspective; this is a decision in national interest... Women across the country... will judge our intent.'"
EVT_00135,2,1,['deccan_herald'],Epaper Sign in India Karnataka DH Specials Opinion World Business Sports Video Entertainment Assembly Polls 2026 Bengaluru Technology Lifestyle Trending Photos DH Brandspot Home News Shots Epaper Menu × ADVERTISEMENT
EVT_00134,1,1,['india_today'],2014 Andhra bifurcation worse than Partition: Tejasvi Surya's remark sparks row
EVT_00133,1,1,['the_hindu'],A team of the Madhya Pradesh (MP) police arrived in the city to investigate a case registered in connection with the marriage of a woman — alleged to be a minor since then — whose video from the Maha Kumbh Mela had gone viral.
EVT_00172,1,1,['news18'],Nashik Horror Unfolds: HR Manager Nida Khan Accused of Running Corporate Grooming Racket ?
EVT_00131,1,1,['the_hindu'],"As many as 2,839 students from Andhra Pradesh have passed the National Programme on Technology Enhanced Learning (NPTEL) examination on ‘Introduction to Quantum Computing: Quantum Algorithms and Qiskit’."
EVT_00130,1,1,['the_hindu'],"Samajwadi Party president Akhilesh Yadav on Thursday (April 16, 2026) asked the Union government to operationalise the women’s reservation law only after completing the caste census, accusing the ruling Bharatiya Janata Party (BJP) of reducing “nari”..."
EVT_00129,1,1,['the_hindu'],"The Karnataka Rohith Vemula (Prevention of Discrimination, Exclusion or Injustice) (Right to Education and Dignity) Bill, 2026, which had been widely debated but stuck in red tape for long, was cleared by the Cabinet on Thursday."
EVT_00128,1,1,['the_hindu'],"The Peoples’ Democratic Party (PDP) cautioned against moves to push for religion-based delimitation on Thursday, pointing out that “J&K and Assam are victims of the lopsided delimitation process held recently”."
EVT_00127,1,1,['the_times_of_india'],"NEW DELHI: A cleric has been arrested in the Amroha triple talaq and halala case nearly three months after the matter first came into focus, with the survivor alleging that he facilitated a Feb 2025 nikah using a fake document that led to her gang ra..."
EVT_00126,1,1,['ndtv'],"Woman Backs Out Of Divorce Settlement, Irked Top Court Dissolves Marriage"
EVT_00125,1,1,['india_today'],"Nida Khan, on the run, is not HR head but telecaller at TCS Nashik unit: Sources"
EVT_00124,1,1,['the_hindu'],"Contrasting the burst of light and revelry that mark Vishu elsewhere, a pall of gloom hovered above a humble house tucked into a hillside in Kottamala, near Uzhamalakkal, in Thiruvananthapuram."
EVT_00123,1,1,['the_hindu'],"A road accident occurred near the Undavalli Caves in Tadepalli mandal in Amaravati capital city area of Guntur district on Thursday, leaving several passengers injured."
EVT_00121,1,1,['hindustan_times'],Chhattisgarh power plant blast toll hits 20 as 7 more workers die
EVT_00120,1,1,['ndtv'],'Jee Lo Apni Zindagi': Kangana Ranaut's DDLJ Reference In Women's Bill Debate
EVT_00132,1,1,['deccan_herald'],"<p>New Delhi: On a day Lok Sabha started a debate on amending the existing 33% women's quota law passed thirty-one months ago, the government on Thursday notified that the provisions of the 'Nari Shakti Vandan Adhiniyam' came into force.</p><p>It was..."
EVT_00171,1,1,['news18'],"Kerala Elections 2026 |Sumanth Raman: Pinarayi Has A Had A Great Run, Considering He Has Had 2 Terms"
EVT_00170,1,1,['india_today'],"Geopolitics above, danger below -- Indian freediving athlete Bux Khurana plunged into the mine-strewn waters of the Strait of Hormuz last Saturday at the height of Iran-US tensions, turning a conflict zone into an unlikely stage for a high-risk, adre..."
EVT_00169,1,1,['india_today'],"If govt is serious about women quota, why not stick to original 2010 bill: Rajdeep's take"
EVT_00167,1,1,['india_today'],SpiceJet plane hits stationary Akasa Air plane at Delhi airport
EVT_00166,1,1,['india_today'],Not our war: Putin aide to India Today on claims Russia is backing Iran militarily
EVT_00165,1,1,['india_today'],Delimitation bill triggers black flag protests in Tamil Nadu
EVT_00164,1,1,['the_times_of_india'],"Would the world look different if we had more women leading us? More parliamentarians, more scientists and more authors, whose voices were heard?"
EVT_00163,1,1,['firstpost'],"India News: Latest Updates, Breaking Headlines, and In-Depth Coverage from Across the Nation."
EVT_00162,1,1,['news18'],Stay informed with our latest breaking news coverage on Politics
EVT_00161,1,1,['the_times_of_india'],Get real-time updates and result insights on the CBSE 12 Result 2026.
EVT_00160,1,1,['theprint'],Choudhary is the first BJP CM of Bihar. His elevation marks the end of an era dominated by Nitish Kumar's 'sushasan' and the beginning of a new chapter for the NDA in the state.
EVT_00144,1,1,['firstpost'],"India News: Latest Updates, Breaking Headlines, and In-Depth Coverage from Across the Nation."
EVT_00157,1,1,['the_times_of_india'],Get real-time updates and result insights on the CBSE 12 Result 2026.
EVT_00156,1,1,['the_times_of_india'],Get real-time updates and result insights on the CBSE 12 Result 2026.
EVT_00155,1,1,['theprint'],Leaders such as Chidambaram and Jyotiraditya Scindia did not want the party to boycott the GST launch. But the line of Sonia and Rahul prevailed.
EVT_00154,1,1,['the_times_of_india'],- Doctor from Bihar killed in road accident on Bahadrabad–Delhi highway
EVT_00153,1,1,['the_times_of_india'],- Women’s reservation to delimitation: Focus on 3 key bills in Lok Sabha today; why they matter
EVT_00152,1,1,['theprint'],"Activists are up in arms over the government's plan to tax sanitary pads at the same level as cheese, cell phones and frozen meat products under the Goods and Services Tax. And there may be at least two legal petitions challenging this decision."
EVT_00150,1,1,['news18'],Stay informed with our latest breaking news coverage on Politics
EVT_00149,1,1,['theprint'],"TRS rebranded itself in October 2022 as BRS with an aim to reach out to a wider audience in the country, 8 yrs after forming govt for the first time since Telangana’s creation in 2014."
EVT_00147,1,1,['news18'],Stay informed with our latest breaking news coverage on Politics
EVT_00146,1,1,['news18'],Stay informed with our latest breaking news coverage on Politics
EVT_00145,1,1,['the_times_of_india'],"- B’deshi woman, Indian hubby held for running lodge with fake papers"
EVT_00158,1,1,['news18'],Stay informed with our latest breaking news coverage on Politics
EVT_00735,1,1,['hindustan_times'],"Cabinet approves ₹62,500 crore push to boost phone manufacturing in India"
EVT_00734,1,1,['indian_express'],Development to Ravidassia outreach: Why PM Modi’s Punjab visit is key to BJP’s 2027 bid
EVT_00733,1,1,['the_hindu'],"A product made in Bengaluru can reach London, Dubai, Sydney, Tokyo, or Toronto within days. However, to truly compete globally, businesses require favourable market access, more than quality products, said Uma Reddy, President, FKCCI."
EVT_00732,1,1,['the_times_of_india'],"Ficci president Anant Goenka, who is the vice-chairman of the RPG Group, believes that the economic momentum is sustaining, especially after oil prices moderated. He tells TOI that the trade deals are positive and it is now for industry to take advan..."
EVT_00731,1,1,['hindustan_times'],Govt's first reaction to Sonam Wangchuk's hunger strike: ‘Can give medical assistance based on doctor's report'
EVT_00730,1,1,['india_today'],"Two Bengal girls rescued after fleeing home over fake K-pop, modelling promises"
EVT_00729,1,1,['indian_express'],"Mamata out of power, how Martyrs’ Day shapes rebel groups’ battle for TMC legacy"
EVT_00728,1,1,['hindustan_times'],"CM Revanth lays foundation for ₹60,000-crore Amazon data centre"
EVT_00727,1,1,['hindustan_times'],Not aware of any quid pro quo offer: Adani
EVT_00726,1,1,['the_hindu'],"Top Congress leaders met here on Thursday (July 16, 2026) to discuss the party's strategy during the Monsoon session of Parliament beginning from July 20."
EVT_00725,1,1,['the_hindu'],"Several Hindu religious leaders, spiritual figures and representatives of civil society on Wednesday (July 15, 2026) condemned the alleged attack on Vijayaviharam Ramanamurthy, general secretary of Hindus for Plurality and Equality (HPE) and national..."
EVT_00444,1,1,['india_today'],4 arrested for attacking cops during Operation Toofan anti-narcotics drive in Kerala
EVT_00723,1,1,['the_times_of_india'],The TOI News Desk comprises a dedicated and tireless team of journalists who operate around the clock to deliver the most current and comprehensive news and updates to the readers of The Times of India worldwide. With an unwavering commitment to exce...
EVT_00722,1,1,['the_times_of_india'],"Jobs, exports, talent and investment increasingly depend on urban India. Three reforms can turn cities from growth constraints into productive assetsIndia’s economic destiny will be decided in its cities. This is a no brainer. They concentrate people..."
EVT_00721,1,1,['the_hindu'],"The Andhra Pradesh government on Wednesday (July 15, 2026) signed a Memorandum of Understanding (MoU) with the United Nations Human Settlements Programme (UN-Habitat) to promote inclusive and sustainable urban development in the State."
EVT_00720,1,1,['the_hindu'],"The district administration has ordered a magisterial inquiry into the alleged custodial death of a man in Uttar Pradesh’s Ballia district, while the Samajwadi Party has announced that a high-level delegation will visit the victim’s village on Friday..."
EVT_00719,1,1,['the_times_of_india'],"MOTIHARI: At the age of 68, when most people begin slowing down, Habiban Khatoon stepped into a courtroom to fight for what she believed was rightfully hers - possession of 1 katha and 4 dhur of land. She finally received justice 35 years later, at t..."
EVT_00718,1,1,['hindustan_times'],Indian illegal immigration to US drops 69% from peak in 2023
EVT_00717,1,1,['hindustan_times'],Supreme Court Acquits Surviving Appellants
EVT_00715,1,1,['the_hindu'],The Majlis Bachao Tehreek (MBT) has alleged lapses by the Falaknuma and Mehdipatnam Police in the handling of a 14-year-old girl’s kidnapping and sought a Special Investigation Team (SIT) probe into the case.
EVT_00714,1,1,['the_times_of_india'],"Punjab chief minister Bhagwant Mann on Wednesday alleged that the state unit of the Congress was deeply divided, with every senior leader aspiring to become chief minister instead of working for the people."
EVT_00713,1,1,['the_times_of_india'],"NEW DELHI: National Medical Commission has approved 9,911 additional undergraduate seats, taking the country's total MBBS capacity to a record 1,36,939 for the 2026-27 academic session."
EVT_00712,1,1,['the_times_of_india'],"NEW DELHI: Electors in the national capital have got an extra 10 days to submit their enumeration forms for the ongoing SIR, with Election Commission on Wednesday releasing a revised schedule for Delhi. SIR timelines were also revised for Punjab, Tel..."
EVT_00724,1,1,['hindustan_times'],CM Mann says Punjab's journey to become No. 1 will continue with people's support
EVT_00760,1,1,['theprint'],The CBI FIR alleges INX Media used Karti to influence finance ministry officials when his father was finance minister to avoid punishment for receiving foreign investment without approval
EVT_00759,1,1,['the_times_of_india'],"Several injured as massive explosion rocks Agartala apartment; bomb squad, fire service at spot"
EVT_00758,1,1,['hindustan_times'],India and Slovakia strengthen ties with comprehensive partnership
EVT_00757,1,1,['the_times_of_india'],Determine the monthly installment amount for a loan
EVT_00755,1,1,['the_times_of_india'],ECI pulls up officials for enumeration lapses in Bengaluru
EVT_00754,1,1,['the_times_of_india'],Shwetha Menon rules out exit from AMMA
EVT_00753,1,1,['the_times_of_india'],Sabarimala Dwarapalaka 'missing' peedam traced to house of sponsor's relative
EVT_00752,1,1,['hindustan_times'],'Ram Mandir Trust treasurer must also be investigated': Sena UBT's Sanjay Raut amid donation scam row
EVT_00751,1,1,['the_hindu'],The Aurangabad Bench of the Bombay High Court has held the State liable to pay ₹30 lakh as compensation to the families of two labourers who died while cleaning a septic tank at a private residence in Nanded district in 2021.
EVT_00750,1,1,['deccan_herald'],Supreme Court refuses to entertain PIL seeking expeditious disposal of Tamil Nadu election petitions
EVT_00749,1,1,['the_times_of_india'],"BENGALURU: The department of space (DoS) has stepped in to curb a recent wave of resignations from Isro’s flagship programmes, tightening rules on voluntary retirement and resignations by scientists working on Gaganyaan and other critical missions th..."
EVT_00736,1,1,['the_hindu'],"The story so far: On Tuesday (July 15, 2026), reports broke out that multiple gigabytes of data pertaining to operations at the Kudankulam Nuclear Power Plant had been copied and subsequently leaked as part of a ransomware attack. Reuters reported th..."
EVT_00747,1,1,['hindustan_times'],'Every life is precious': Delhi HC tells Centre over plea seeking Sonam Wangchuk's force-feeding
EVT_00746,1,1,['the_hindu'],"J&K Chief Minister Omar Abdullah on Wednesday ruled out any change in the upcoming protest plan due to the passing away of his uncle Dr. Mustafa Kamal or due to non-confirmation of the Delhi police about the protest permission. Meanwhile, the ruling ..."
EVT_00745,1,1,['deccan_herald'],Why are Gujarat’s farmers protesting against power companies?
EVT_00744,1,1,['the_times_of_india'],"MUMBAI: Home Credit India Finance, a subsidiary of TVS Holdings, signed a share purchase agreement on Wednesday, to acquire Varthana Finance which specialises in lending for education, in an all-cash deal valued at Rs 967 crore."
EVT_00743,1,1,['hindustan_times'],"93 hours a year in Chennai: Warmer nights are stealing India's sleep, and the South is losing the most"
EVT_00742,1,1,['the_times_of_india'],"NEW DELHI: The Maharashtra Food and Drug Administration (FDA) has raided a Pune shop owned by the family of Siya Goyal, one of the accused in the murder of realtor Ketan Agarwal, and seized food products worth more than Rs 8 lakh over alleged violati..."
EVT_00741,1,1,['hindustan_times'],"Centre hikes windfall tax on diesel, jet fuel; cuts petrol export levy"
EVT_00740,1,1,['india_today'],RTI reveals govt's quiet plan to shield India from global fertiliser supply shocks
EVT_00739,1,1,['hindustan_times'],'Swastika connects India and Azerbaijan': Indian diplomat invokes ancient symbol amid strained ties
EVT_00738,1,1,['india_today'],"Bihar man refuses to withdraw case over daughter's kidnapping, shot dead in sleep"
EVT_00737,1,1,['the_times_of_india'],"PM Narendra Modi's visits to states are increasingly being preceded by organised cleanliness drives under the 'Swachhata Se Swagat' banner, giving new vigour to a campaign he has long championed."
EVT_00748,1,1,['the_hindu'],"The Telangana State Legislative Assembly Secretariat and EQUIPPP Social Impact Technologies Limited on Wednesday (July 15, 2026) signed a Memorandum of Understanding (MoU) to establish Constituency Development and Sustainability Bridge Foundations in..."
EVT_00682,1,1,['the_hindu'],Union Minister Ramdas Athawale has expressed confidence that the Women's Reservation Bill and the Delimitation Bill will be passed during the upcoming Monsoon Session of Parliament.
EVT_00680,1,1,['hindustan_times'],Traffic advisory issued for Jagannath Rath Yatra in Delhi's Hauz Khas: Check routes and diversions
EVT_00679,1,1,['the_hindu'],"KLS GIT in Belagavi, in Karnataka, has launched its Centre of Excellence in Precision Engineering, a ‘Factory on Campus’ initiative that aims to bridge the gap between students, start-ups, and industry."
EVT_00678,1,1,['the_hindu'],"Soon after Hyderabad native Syed Sohail Uddin, originally from Toli Chowki, was reportedly stabbed several times in Salt Lake County, Utah, USA, Majlis Bachao Tahreek (MBT) leader Amjed Ullah Khan wrote to Union Minister for External Affairs S Jaisha..."
EVT_00677,1,1,['hindustan_times'],"'Important' documents, two cars, stock market: What SIT has found in Ram temple donation 'theft' case so far"
EVT_00676,1,1,['india_today'],"Rs 5 lakh bribe to paper-setter, 111 questions matched: CBI in NEET leak case"
EVT_00675,1,1,['the_hindu'],"The Bombay High Court on Thursday (July 16, 2026) directed the Union government to file its affidavit in response to a petition filed by stand-up comedian Kunal Kamra challenging the constitutional validity of the Centre's 'Sahyog Portal'."
EVT_00674,1,1,['hindustan_times'],SC grants more time for pharmacy council to verify colleges
EVT_00673,1,1,['the_hindu'],"Supreme Court Judge, Justice B.V. Nagarathna, made an oral appeal in open court to the government not to introduce a third language (R3) in Class 9 as part of the Three-Language Scheme, saying it would be too stressful for children with Board exams j..."
EVT_00672,1,1,['hindustan_times'],Punjab anti-sacrilege law likely to be amended amid pressure from Akal Takht
EVT_00671,1,1,['the_times_of_india'],"NEW DELHI: Aam Aadmi Party (AAP) leader Saurabh Bharadwaj on Thursday urged people to support an online petition opposing the mandatory use of E20 petrol, alleging that the fuel leads to lower mileage and vehicle damage."
EVT_00711,1,1,['the_hindu'],"Before the heavy machinery grinds in the granite hub of Kuppam in Chittoor district, a different kind of echo pierces the dawn. In Kuppam – where Andhra Pradesh, Karnataka, and Tamil Nadu meet in a jagged border – the scrape of granite quarrying is i..."
EVT_00669,1,1,['indian_express'],‘Why wasn’t I told?’: Sunetra Pawar vs NCP leaders over Fadnavis midnight meet
EVT_00668,1,1,['the_times_of_india'],"NEW DELHI: Union Science minister Jitendra Singh on Thursday dismissed reports claiming that sensitive files related to the Kudankulam Nuclear Power Plant (KKNPP) had been leaked, asserting that there had been no breach of nuclear safety or security-..."
EVT_00666,1,1,['the_hindu'],"The Annapoorneshwari Nagar police have registered an FIR against Kannada social media influencer Manju, who is popularly known by his catchphrase ‘Amuku Dumuku Manja’, on the charges of sexual harassment, abusive behaviour, and criminal intimidation."
EVT_00665,1,1,['hindustan_times'],Who is Nitish Kaushal? Gangster added to FBI's most wanted list
EVT_00664,1,1,['the_hindu'],"Activist Sonam Wangchuk was whisked away by police from the Jantar Mantar protest site on Saturday morning (July 18, 2026), in a setback for the Cockroach Janta Party (CJP)-led protest demanding Education Minister Dharmendra Pradhan’s resignation."
EVT_00662,1,1,['the_times_of_india'],"At the Tollygunge Tram Depot, amid rows of ageing tramcars that have quietly watched the city change, one vehicle still draws attention. Tram No. 201 stands ready for service. To generations of cinema lovers, it is instantly recognisable. In the 1966..."
EVT_00661,1,1,['the_hindu'],"A team of odonatologists has discovered a new species of spreadwing damselfly, Lestes paloti, from the Western Ghats in Kerala. The discovery has been published in the International Journal of Odonatology, an internationally reputed peer-reviewed jou..."
EVT_00660,1,1,['hindustan_times'],Indian sailor missing after attack on GFS Galaxy vessel near Oman found dead
EVT_00659,1,1,['the_hindu'],"The story so far: A tripartite agreement among the Central, Assam, and Nagaland governments on June 11 to resume oil and gas exploration along the disputed 512-km border between the two States has elicited sharp reactions. Extremist organisations in ..."
EVT_00658,1,1,['hindustan_times'],"‘100,000 houses installing solar systems a week under PM Surya Ghar’"
EVT_00657,1,1,['the_hindu'],"For the first time, interest for the financial year 2025-26 for the deposits in Provident Fund accounts was credited to all 34 crore accounts in one go on July 15. Union Labour Minister Mansukh Mandaviya had earlier said that after implementing the C..."
EVT_00670,1,1,['hindustan_times'],"2 killed in Noida apartment fire; e-scooter charging suspected as trigger, illegal building owner arrested"
EVT_00710,1,1,['the_times_of_india'],"NEW DELHI: A crucial meeting of top BJP leaders, including Home Minister"
EVT_00709,1,1,['deccan_herald'],"<p>Chandigarh: Prime Minister <a href=""https://www.deccanherald.com/tags/narendra-modi"">Narendra Modi</a> will inaugurate and lay the foundation stone of rail and road infrastructure projects worth Rs 5,470 crore during his <a href=""https://www.decca..."
EVT_00708,1,1,['hindustan_times'],Indian diaspora group in US asks PM Modi to talk to Sonam Wangchuk: 'Must answer failures'
EVT_00707,1,1,['the_hindu'],"The Tirupati police got 66 new electric bikes, which would ensure better surveillance and help achieve the ‘visible policing’ target, Tirupati district Collector S. Venkateswar said."
EVT_00706,1,1,['hindustan_times'],ED raids in alleged terror funding involved in facilitating illegal infiltration
EVT_00705,1,1,['the_hindu'],"Students of the agriculture college under Keladi Shivappa Nayaka University of Agricultural and Horticultural Sciences (KSNUAHS) in Shivamogga staged a protest on July 15, opposing the move by Karnataka Examination Authority (KEA) to allow students o..."
EVT_00704,1,1,['the_hindu'],The Nagpur Cyber Police have registered a First Information Report (FIR) against multiple social media content creators for allegedly executing a defamatory digital campaign targeting Union Minister for Road Transport and Highways Nitin Gadkari.
EVT_00703,1,1,['the_times_of_india'],LONDON/CHANDIGARH: A 24-year-old Indian mother has been stabbed to death in what appears to be a random unprovoked attack at her west London home.
EVT_00702,1,1,['india_today'],Don't introduce third language in Class 9: SC on CBSE's three-language policy
EVT_00701,1,1,['the_hindu'],Indications are that the after-6 p.m. power curbs in Kerala are likely to continue in the face of a weak southwest monsoon and the increase in electricity demand felt nationwide.
EVT_00700,1,1,['india_today'],"Even if Sonam Wangchuk ate, it wouldn't take away anything from the protest"
EVT_00683,1,1,['the_hindu'],"As India as a nation looks to strengthen their position in the global maritime industry, the country’s biggest challenge remains in preparing a new workforce which blends traditional seafaring skills with advanced technology. According to officials a..."
EVT_00698,1,1,['hindustan_times'],"Nashik onion farmer Karbhari Jadhav lost nearly a quarter of his crop after unseasonal rains lashed Maharashtra in April. Yet, the 48-year-old is more optimistic than he was a year ago."
EVT_00697,1,1,['the_hindu'],"With several ruling Congress MLAs camping in New Delhi to lobby for ministerial berths, Chief Minister D.K. Shivakumar left for the national capital on Wednesday to hold discussions with the party high command on the much-awaited expansion of the Cab..."
EVT_00696,1,1,['the_times_of_india'],NEW DELHI: People who fail to report births and deaths to authorities within two years may face a stricter registration process under a proposed amendment to the law governing civil registration.
EVT_00694,1,1,['hindustan_times'],Tamil Nadu: Relatives stage overnight protest as man dies in judicial custody
EVT_00693,1,1,['the_hindu'],"Chief Minister V.D. Satheesan on Wednesday (July 15, 2026) launched this year’s Thiruvonam Bumper Lottery whose first prize has now been increased to ₹30 crore."
EVT_00692,1,1,['hindustan_times'],"Stalin's DMK, Vijay's TVK unite against delimitation, vow to oppose bill"
EVT_00690,1,1,['hindustan_times'],Jagan accusess TDP-led govt of pushing aqua sector into ‘crisis’
EVT_00689,1,1,['india_today'],India has ended up with 700 crore litres of extra ethanol capacity. What now?
EVT_00687,1,1,['the_hindu'],"Hyderabad-based Biophore India Pharmaceuticals Private Limited chief executive officer Jagadish and chief strategy officer Manik Reddy Pullagurla donated ₹2 crore to TTD’s Sri Balaji Arogya Varaprasadini Scheme on Wednesday (July 15, 2026), each cont..."
EVT_00686,1,1,['hindustan_times'],High-speed rail proposal lacks details: CM Satheesan
EVT_00684,1,1,['hindustan_times'],Kerala HC seeks experts’ opinions on affordable breast cancer drugs
EVT_00699,1,1,['india_today'],Video: MMA-style brawl inside Ghaziabad society lift as ex-office-bearers clash
EVT_00841,1,1,['the_times_of_india'],NEW DELHI: A court on Friday granted 39 hours of police remand for Ram Shankar Yadav alias Tinnu Yadav and
EVT_00840,1,1,['the_times_of_india'],NEW DELHI: A bill providing for punishment for any insult or obstruction to singing of
EVT_00839,2,1,['hindustan_times'],"'Sheer recklessness': Ex-Japan minister slams India for delays in bullet train project, MEA hits back"
EVT_00838,1,1,['hindustan_times'],‘Heads are rolling’: AAP links Anurag Kumar's appointment as Delhi Police Commissioner to CJP protest
EVT_00837,1,1,['hindustan_times'],"‘Will study SC order, take appropriate steps,’ says collector on Bhojshala issue"
EVT_00834,1,1,['the_hindu'],"Following directions from the High Court, the Andhra Pradesh Public Service Commission (APPSC) has decided to conduct verification of original certificates for the post of Deputy Educational Officer on July 20 at 10 a.m. at its office in Vijayawada."
EVT_00833,1,1,['hindustan_times'],"FCRA, Vande Mataram bills on govt’s Monsoon session agenda; Oppn to raise Ram Mandir, E20, NEET-UG paper leak issues"
EVT_00832,1,1,['india_today'],When I see women like you...: Auto driver who made lewd remarks to woman gets bail
EVT_00831,2,1,['the_times_of_india'],"NEW DELHI: Holding that a person cannot be denied the right to life and dignity upon conviction and that constitutional values are not suspended in prisons, SC Thursday directed states and UTs to formulate a policy within three months for release of ..."
EVT_00002,1,1,['the_times_of_india'],NEW DELHI: As the National Democratic Alliance (NDA) govts were installed in two more states with Chandrababu Naidu and Mohan Charan Majhi taking oaths as chief ministers in
EVT_00829,1,1,['the_times_of_india'],"Monsoon session of Parliament, beginning July 20, the"
EVT_00761,1,1,['the_times_of_india'],"Kolkata Warehouse Collapse: Rescue Ends, Investigation Begins"
EVT_00826,1,1,['hindustan_times'],'We share our anguish and outrage': Congress appeals to Sonam Wangchuk to end fast
EVT_00825,1,1,['hindustan_times'],Those under pressure should quit before July 21: Mamata after Koel Mallick's Rajya Sabha exit
EVT_00824,1,1,['the_times_of_india'],SRINAGAR: Expressing concern over
EVT_00820,1,1,['hindustan_times'],"'PM afraid of Wangchuk': Kejriwal recalls Anna Hazare 2011 movement, proposes activist for education minister"
EVT_00819,1,1,['hindustan_times'],Mere smell of alcohol does not prove charge of drunk driving: Uttarakhand HC
EVT_00818,1,1,['hindustan_times'],"MP high court stays ₹350 crore school uniform tender, seeks govt response"
EVT_00817,1,1,['hindustan_times'],"NEET UG 2026: In final answer key, NTA drops 1 physics question, awards 4 bonus marks"
EVT_00816,1,1,['the_times_of_india'],"SRINAGAR: A Srinagar court Thursday issued a no-objection certificate (NOC) for issuing a passport to former J&K chief minister Farooq Abdullah, observing that mere pendency of criminal proceedings does not automatically bar a person from obtaining t..."
EVT_00813,1,1,['hindustan_times'],'Don't appoint Smriti Irani in place of Dharmendra Pradhan': AAP leader's dig at BJP from CJP protest
EVT_00812,1,1,['the_times_of_india'],"Supreme Court on Thursday told the Chandigarh administration to ""argue on merits"" in a plea linked to"
EVT_00811,1,1,['the_times_of_india'],"NEW DELHI: Once bitten, twice shy. Thatâs perhaps how one can describe"
EVT_00828,1,1,['hindustan_times'],"Stampede-like situation during Jagannath Rath Yatra in Puri leaves 2 dead, nearly 100 hospitalised"
EVT_00867,1,1,['hindustan_times'],"Former NSG commando held in Jodhpur; ₹1.6 crore cash, 8 kg opium seized: Police"
EVT_00866,1,1,['hindustan_times'],"How much does an ISRO scientist earn? Salary, eligibility explained amid resignation reports"
EVT_00865,1,1,['hindustan_times'],"SC acts after courtroom chaos, tightens rules for litigants-in-person"
EVT_00864,1,1,['hindustan_times'],'Don't accept resignations': Govt tightens rules for ISRO exits amid mass appeals to quit
EVT_00863,1,1,['hindustan_times'],Govt notifies two new interim state-level bodies to issue environmental clearances
EVT_00862,1,1,['the_hindu'],"The State government has brought major changes in the weightage of marks for the post of teachers in government schools, giving more importance to the competitive exam score rather than marks obtained in BEd, BPEd and DEd courses."
EVT_00861,1,1,['hindustan_times'],"Not only Sonam Wangchuk, AISA activists on parallel hunger strike ‘at high risk’ too: ‘Shows the govt is heartless’"
EVT_00860,1,1,['hindustan_times'],Delhi HC refuses interim bail to Al Falah university chairman Jawad Siddiqui in ED cases
EVT_00859,1,1,['the_hindu'],Prime Minister Narendra Modi on Friday virtually inaugurated the redeveloped Koppal station under the Amrit Bharat Station Scheme.
EVT_00858,1,1,['hindustan_times'],"' ₹40 lakh for a NEET UG question paper': Rahul Gandhi shares 'paper ka rate', claims high tech used in leaks"
EVT_00857,1,1,['the_hindu'],"The Delhi High Court has observed that nowadays virtually anyone armed with a mobile phone and a microphone can proclaim themselves to be a “reporter”, often without any journalistic training, ethical grounding, or accountability."
EVT_00842,1,1,['the_hindu'],"J&K’s two regional parties, the J&K Peoples Conference (JKPC), and the J&K Apni Party (JKAP), have decided not to join the ruling National Conference’s protest in New Delhi on July 20 demanding Statehood and Constitutional guarantees. The J&K Congres..."
EVT_00855,1,1,['the_times_of_india'],"NEW DELHI: Amid reports that govt is looking to reintroduce delimitation bill in the Monsoon session, Congress chief"
EVT_00854,1,1,['hindustan_times'],‘Don't want to be blamed’: SC wants details on rape convict Asaram's health as he seeks interim bail
EVT_00853,1,1,['the_times_of_india'],"Trinamool Congress (TMC) MPs Sukhendu Sekhar Roy, Sushmita Dev, and Prakash Chik Baraik were on Friday elected unopposed to the Rajya Sabha from West Bengal as"
EVT_00852,1,1,['india_today'],Closely following developments: Govt on US proposal for 100% tariff on oil buyers
EVT_00851,1,1,['the_hindu'],"Ahead of the proposed Karnataka Cabinet expansion, ministerial hopefuls, who made a beeline to Delhi, are learnt to have been asked to remain composed even if they do not eventually make it when the names are announced."
EVT_00849,1,1,['the_hindu'],"The Madras High Court, on Friday (July 17, 2026), refused to quash two First Information Reports (FIRs) registered against political commentator V. Ponraj (60), for having made “derogatory” remarks against women followers of the ruling Tamilaga Vettr..."
EVT_00848,1,1,['hindustan_times'],"Indira’s past, Sonia’s push, Rahul’s parallel: How Gandhis’ Congress has 3-track policy on Wangchuk and CJP"
EVT_00847,1,1,['hindustan_times'],The grand cane-crushing that is happening about now
EVT_00846,1,1,['hindustan_times'],"NEET UG 2026 records second-lowest attendance under NTA, but highest-ever qualifying cut-off"
EVT_00845,1,1,['hindustan_times'],'Had gone just to ask for money': Accused in Delhi IRS officer's daughter's rape-murder tells cops
EVT_00843,1,1,['hindustan_times'],Accused can be convicted of murder even if victim’s body is never recovered: SC
EVT_00856,1,1,['india_today'],"Video: Shashi Tharoor trapped in hotel lift, rescued by fire team"
EVT_00784,1,1,['the_times_of_india'],"'Exam doesn't matter, my burqa and identity do': NEET aspirant stopped at Ajmer exam centre"
EVT_00783,1,1,['the_times_of_india'],Supreme Court refuses to stay bail granted to Sonam Raghuvanshi in Raja Raghuvanshi murder case
EVT_00782,1,1,['the_times_of_india'],Waiting for green light: 25 signal-free roads
EVT_00781,1,1,['hindustan_times'],'Double standards': Cong questions PM's 'silence' over Ram Temple donation row
EVT_00780,1,1,['the_times_of_india'],"SGPC reaches out to Sikh sects, saints ahead of Panthic meet over Akal Takht’s action against CM Bhagwant Mann"
EVT_00779,1,1,['theprint'],"Contrary to reports, the Congress is still undecided over Rahul Gandhi replacing his mother as Congress president. The quandary, as in the past, seems to be about timing."
EVT_00778,1,1,['the_times_of_india'],Builder arrested for alleged land-grabbing fraud in Dahisar; police investigate forged documents and money trail
EVT_00777,1,1,['the_times_of_india'],'I have a gift for you': 26-year-old woman found dead in Hyderabad hotel; boyfriend detained
EVT_00776,1,1,['the_times_of_india'],"At a joint media briefing, Foreign Secretary Vikram Misri emphasized that India's response was ""measured, non-escalatory, proportionate and responsible."" He stated that the operation aimed to dismantle terror infrastructure and prevent future crossbo..."
EVT_00775,1,1,['hindustan_times'],‘Betrayed by our own’: Ketan's grandfather seeks capital punishment for Siya
EVT_00774,1,1,['hindustan_times'],Indian government not participating or supporting Track 2 contacts: Vikram Misri
EVT_00810,1,1,['hindustan_times'],‘Everybody does naare-baazi’: SC on plea to revive protest case against Bhagwant Mann
EVT_00772,1,1,['the_times_of_india'],"The rise in digital arrests highlights the growing challenges of tackling cybercrimes in India. Fraudsters are using advanced technology to target personal and financial data, leaving authorities working hard to keep pace. Recent major arrests have u..."
EVT_00771,1,1,['theprint'],"A series of attacks are targeting the census workers in the ongoing enumeration drive in Pakistan, which began last month. Identity politics based on ethnicity is the suspect."
EVT_00770,1,1,['hindustan_times'],Ram Temple donation case accused’s wife gets notice over ‘illegal’ construction
EVT_00769,1,1,['the_times_of_india'],"In an age of constant screens and endless scrolling, excessive digital consumption is increasingly impacting people’s cognitive abilities, affecting attention spans, memory, emotional regulation, and overall mental well-being. In response to this gro..."
EVT_00768,1,1,['the_times_of_india'],"Sonam Raghuvanshi, accused of killing husband during honeymoon gets bail"
EVT_00767,1,1,['the_times_of_india'],"Delhi Police is investigating Lovkesh Bajaj, linked to a deadly Hauz Rani fire, for suspected involvement in an international human trafficking racket. He allegedly used medical tourism as a front to smuggle foreigners into India, having previously b..."
EVT_00766,1,1,['the_times_of_india'],Twin cities waterlogged & congested amid downpour
EVT_00765,1,1,['theprint'],Full text of the interview with outgoing Central Election Commissioner Dr Nasim Zaidi (You can read the edited excerpts here) :
EVT_00764,1,1,['the_times_of_india'],Man critically injured after being run over by Scorpio following village clash in Faridabad
EVT_00763,1,1,['the_times_of_india'],"Tensions escalate in Manipur as gunmen kill 2 Kuki church leaders, torch village"
EVT_00762,1,1,['the_times_of_india'],"FIR against army commanding officer, 40 soldiers for 'assaulting' cops at J-K's Kishtwar police station"
EVT_00773,1,1,['theprint'],"At a memorial meeting, the Communist leader said if the former supercop was alive, he would have adviced the men in uniform who are make political statements today."
EVT_00808,1,1,['the_times_of_india'],NEW DELHI: The Union health ministry has directed three central government hospitals to conduct twice-daily medical examinations of climate activist
EVT_00807,1,1,['hindustan_times'],"NEET UG 2026 results declared, 11.21 lakh candidates qualify | See how to check scorecard here"
EVT_00806,1,1,['hindustan_times'],"Gujarat man installs audio recording system at home to expose wife's affair, moves court to freeze joint bank locker"
EVT_00805,1,1,['hindustan_times'],"‘Politics must have room for humanity,’ says Omar, wonders why govt has not met Sonam Wangchuk yet"
EVT_00804,1,1,['hindustan_times'],Women outshine men in NEET UG 2026; make up over 58% of qualifiers
EVT_00803,1,1,['the_times_of_india'],NEW DELHI: Former Delhi chief minister and AAP national convener
EVT_00802,1,1,['india_today'],"IIT Kanpur's advanced automobile research laboratories showcased to India Today the ongoing scientific studies on the impact of E20 petrol on vehicle performance. At the institute's automobile laboratory, researchers demonstrated live testing of E20 ..."
EVT_00801,1,1,['india_today'],"2 dead in Noida building fire triggered by e-bike, owner arrested"
EVT_00800,1,1,['the_times_of_india'],Going underground to keep Mumbai moving while avoiding surface tension
EVT_00799,1,1,['news18'],'What Was the Urgency?' MK Stalin Criticises Vijay Government Over Former Minister's Arrest
EVT_00798,1,1,['news18'],Ranga Chunk Debate on Congress's Anti-Hindu Stance and BJP's Pro-Hindu Claims
EVT_00785,1,1,['the_times_of_india'],"Alloy-wrecking potholes on Rs 12,000 crore Delhi-Dehradun expressway after first rain of season"
EVT_00796,1,1,['news18'],Rahul Gandhi for PM in 2029? Congress Leader Manickam Tagore Makes Big Pitch | BREAKING NEWS
EVT_00795,1,1,['news18'],Political Turmoil in Tamil Nadu: AIADMK Defections Spark Debate Over TVK's Rise | The Right Stand
EVT_00794,1,1,['news18'],PM Modi Receives Seychelles ‘Guardian of the Blue Horizon’ Award | Congress Questions Honour
EVT_00793,1,1,['news18'],Noida Schools Revise Timings Amid Heatwave | Classes 1–8 to Run From 7 AM to Noon | News18
EVT_00792,1,1,['news18'],BREAKING NEWS: Maharashtra Shifts Teacher Eligibility Test Online Amid Paper Leak Scandal | News18
EVT_00791,1,1,['india_today'],Viral “Tirri stop” clips spark debate
EVT_00790,1,1,['the_times_of_india'],How Chennai Metro is building one of its most engineering-intensive elevated stretches above Kathipara
EVT_00789,1,1,['the_times_of_india'],Woman accuses father-in-law of sending obscene messages; case registered
EVT_00788,1,1,['theprint'],"After Spain routed France 2-0 in the 2026 FIFA World Cup semi-final, it is safe to say that Lamine Yamal has pocketed Kylian Mbappe in all crucial matches."
EVT_00787,1,1,['the_times_of_india'],"'Dragged out of police vehicle, stabbed': Man killed for protesting eve-teasing at Jamshedpur bar; another critical"
EVT_00786,1,1,['the_times_of_india'],"Gujarat ATS foils Jaish-e-Mohammed 'expansion plan', 8 operatives arrested in massive crackdown"
EVT_00797,1,1,['news18'],"Ram Temple Fund Scam: Champat Rai Questioned For Over 3 Hours, Denies Role In Alleged Embezzlement"
EVT_00522,2,1,['the_times_of_india'],"NEW DELHI: China's construction of the world's largest hydropower project on the Yarlung Tsangpo, known downstream as the Brahmaputra, has renewed concerns in India over water security, seismic safety, ecological impacts and the strategic implication..."
EVT_00521,1,1,['the_hindu'],"Farmers need to adopt alternative and resilient farming methods to effectively counter the adverse impacts of shifting climate patterns and phenomena such as El Niño, Wayanad district panchayat president T. Chandrika Krishnan has said."
EVT_00520,1,1,['the_times_of_india'],"NEW DELHI: Ahead of the Monsoon session of Parliament, the Lok Sabha secretariat has issued a fresh advisory asking Members of Parliament to refrain from protests, demonstrations and the display of placards inside the Parliament House complex, while ..."
EVT_00519,1,1,['hindustan_times'],Indian-origin teen Riddhi Chauhan leads 300 cadets in US Navy-backed school programme
EVT_00518,1,1,['the_times_of_india'],"Vrishali Joshi, national organising secretary of Vishwa Mangalya Sabha, on Wednesday announced that the organisation will hold its two-day ""Prabodhan"" (awareness) meeting for North India in Delhi on July 23 and 24."
EVT_00517,1,1,['hindustan_times'],"'Flying buses soon': Nitin Gadkari has another big plan, cites 'plane that lands on water'"
EVT_00515,1,1,['the_hindu'],"The India-U.K. Double Contributions Convention (DCC), allowing temporary Indian and British workers an exemption from paying social security contributions in their host countries for 60 months, is not retrospective, i.e., it will not apply to Indians..."
EVT_00514,1,1,['hindustan_times'],2 property dealers arrested in MP’s Aishbagh double murder case: Police
EVT_00513,1,1,['hindustan_times'],Mother of 9 kills husband with axe in his sleep over suspicion of affair in Madhya Pradesh
EVT_00512,1,1,['hindustan_times'],"‘If someone seeks bribe, tell them...’: Vijay's remarks on corruption go viral"
EVT_00511,1,1,['hindustan_times'],"Mamata loyalist MLA Madan Mitra joins TMC rebel camp, says no link to ED summons"
EVT_00655,1,1,['hindustan_times'],‘Global uncertainties need decisive actions’: Ajit Doval tells BIMSTEC on security challenges
EVT_00509,1,1,['indian_express'],"6 min readMumbaiUpdated: Jul 16, 2026 05:30 AM IST"
EVT_00508,1,1,['the_hindu'],"Relying entirely on traditional wisdom and natural resources, screwpine artisans possess a level of skill that modern machinery simply cannot replicate. They transform simple leaves into green, sustainable thazhappas (mats) — a craft that was once a ..."
EVT_00507,1,1,['hindustan_times'],"BKTC's Sohan Singh Rangar said no irregularity was found on Mehta’s part, but he was replaced because of “certain deficiencies” in the donation weighing process"
EVT_00505,1,1,['the_times_of_india'],NEW DELHI: In a setback to Jan Suraaj founder
EVT_00503,2,1,['hindustan_times'],Dipke's CJP calls for mass hunger strike tomorrow amid Sonam Wangchuk's health concerns
EVT_00502,1,1,['the_times_of_india'],NEW DELHI: A Delhi court on Wednesday allowed activist Umar Khalid's plea seeking restoration of two video meetings with his family every week in jail. The court observed that Khalid had been using the facility for the past six years without violatin...
EVT_00501,1,1,['the_times_of_india'],"NEW DELHI: The Supreme Court on Tuesday pulled up comedian Samay Raina and YouTubers Ranveer Allahbadia and Ashish Chanchlani for failing to comply with its earlier directions, observing that they are self-styled youth icons."
EVT_00499,1,1,['indian_express'],CPM leader arrested in Baruipur mob violence case: Who is Md Lahek Ali?
EVT_00498,1,1,['theprint'],"Thiruvananthapuram: In an unprecedented move, Bharatiya Janata Party (BJP) councillor R. Sugathan from Vazhottukonam retook his oath Tuesday inside the Viyyur Central Prison in Thrissur."
EVT_00497,1,1,['theprint'],"Chandigarh: Days after the Honey Trehan film Satluj triggered a nationwide debate on the legacy of Punjab’s militancy years, Union Minister of State for Railways and Food Processing Industries and Rajya Sabha member Ravneet Singh Bittu has mounted an..."
EVT_00495,1,1,['the_hindu'],"The Supreme Court on Tuesday (July 14, 2026) questioned the categorising of English as a “non-native language” by the Central Board of Secondary Education (CBSE) in the three-language scheme, teaming the tongue spoken in India for over 300 years and ..."
EVT_00510,2,1,['the_hindu'],"Union Home Minister Amit Shah on Wednesday (July 15, 2026) said that the India-U.K. free trade agreement is set to unlock untapped potential across labour-intensive industries, offering zero-duty market access for 99% of the country's exports."
EVT_00548,1,1,['the_hindu'],"Sini Jaleel, 48, a senior gynaecologist at the District Government Hospital at Perinthalmanna in Malappuram, was brutally attacked on April 2 this year by a group of women relatives of a patient who had died after childbirth due to postpartum haemorr..."
EVT_00547,1,1,['hindustan_times'],"2 killed after fire breaks out at building in Mamura village in Noida's Sector 66, EV spark likely cause"
EVT_00546,1,1,['hindustan_times'],"BJP scared, says Cong after revocation of go-ahead for Rahul Gandhi’s Dehradun event"
EVT_00545,1,1,['the_hindu'],"A minor earthquake measuring 3.0 on the Richter scale struck Krishnagiri district at 7.52 p.m. on Wednesday (July 15, 2026)."
EVT_00544,1,1,['hindustan_times'],'India fully deserves permanent seat at UN Security Council': Palestinian envoy
EVT_00542,1,1,['hindustan_times'],Why Punjab could define India’s new national security leadership
EVT_00541,1,1,['indian_express'],"Pre-poll masterstroke, post-poll burden: Ladki Bahin scheme’s Maharashtra journey"
EVT_00540,1,1,['the_times_of_india'],NEW DELHI: The Calcutta high court on Wednesday allowed the Mamata Banerjee-led
EVT_00539,1,1,['the_times_of_india'],NEW DELHI: The Rampur Development Authority (RDA) has ordered the demolition of 38 buildings at Samajwadi Party (SP) leader
EVT_00538,1,1,['hindustan_times'],"‘Straight out of Hollywood disaster movie’: Fire in Mumbai Coastal Road tunnel, no casualties but a jam, many questions"
EVT_00537,1,1,['hindustan_times'],"Day after ED summons wife and sons, TMC's Madan Mitra leaves Mamata camp for rebel faction, blames Abhishek"
EVT_00523,1,1,['the_times_of_india'],NEW DELHI: The Union Cabinet on Wednesday approved two major elevated road projects in Varanasi — Ganga Corridor and Varuna Corridor — aimed at easing traffic congestion in the holy city and providing high speed connectivity from two national highway...
EVT_00535,1,1,['hindustan_times'],ECI revises electoral roll verification schedule for four more states
EVT_00533,1,1,['the_times_of_india'],NEW DELHI: Madhya Pradesh chief minister Mohan Yadav on Wednesday strongly backed the implementation of a
EVT_00532,1,1,['the_times_of_india'],"Bhagwant Mann said Bharat Tex 2026 offers immense opportunities for Punjab's textile industry, expressing hope that the international event will further strengthen the sector in the state."
EVT_00531,1,1,['the_hindu'],"It was supposed to be a two-day hospital stay and at the end of it, a baby in their arms."
EVT_00530,1,1,['hindustan_times'],Meghalaya is taking its premium Pineapples to Indian markets with new retail partnerships
EVT_00529,1,1,['the_times_of_india'],"Anuja Jaiswal is a Senior Assistant Editor at The Times of India, with an impressive 18-year career in narrative journalism. She specializes in health and heritage reporting, expertly simplifying complex health information to make it engaging and und..."
EVT_00528,1,1,['hindustan_times'],"'Force feed Sonam Wangchuk': Plea in Delhi HC seeks liquid diet, hospitalisation for climate activist on hunger strike"
EVT_00527,1,1,['the_times_of_india'],NEW DELHI: The Centre is considering making certification by the
EVT_00526,1,1,['hindustan_times'],‘Not a child’s play’: Bhupesh Baghel hands Punjab Cong leadership report to top brass
EVT_00525,1,1,['hindustan_times'],CCTV shows Badrinath donation theft accused stealing cash on 4 occasions: Cop
EVT_00524,1,1,['hindustan_times'],Delhi HC to hear plea seeking directions to hospitalise Sonam Wangchuk tomorrow
EVT_00536,1,1,['hindustan_times'],"What's Rahul Gandhi planning amid buzz over absence from CJP-Wangchuk protest: ‘Are you rattled, Modi ji?’"
EVT_00468,1,1,['indian_express'],"It took barely two days for the film “Satluj”, marking its release and removal on the OTT platform ZEE5, to drag Punjab’s “dark decade” back into everyday conversations. In the border belt of Majha, which bore the brunt of both militancy and police a..."
EVT_00467,1,1,['indian_express'],"As third TMC rebel group emerges, how BJP induction of ex-RS MPs marks a first"
EVT_00466,2,1,['theprint'],"New Delhi: Less than a month after the Congress announced its nationwide student outreach campaign, with the promise of a series of protests and public meetings against alleged irregularities in examinations and recruitment, the drive is losing steam..."
EVT_00465,1,1,['the_hindu'],The Kerala Agricultural University (KAU) has released five new crop varieties developed for the State’s agro-climatic conditions after securing approval from the 29th Kerala State Seed Sub-Committee.
EVT_00464,1,1,['indian_express'],"4 min readPatnaJul 10, 2026 07:05 AM IST"
EVT_00463,1,1,['indian_express'],"Bhupesh Baghel: ‘Punjab Congress has no rebellion, there is a spirit of competition’"
EVT_00462,1,1,['deccan_herald'],"1,000 Philately Passports sold in a single day at Bengaluru GPO"
EVT_00461,1,1,['indian_express'],Communal rows to Kannada stirs: 52 cases dropped by Siddaramaiah face court curbs
EVT_00460,1,1,['indian_express'],"Thaw in Punjab Congress chill as Channi camp agrees to meet Baghel, keeps heat on Warring"
EVT_00459,1,1,['indian_express'],"In Karur, Vijay returned to the wound, governance and a side of ‘kothu parotta’"
EVT_00458,1,1,['the_hindu'],"Jagannadhapuram, a small village in the predominantly agrarian district of Khammam, wore a festive look on Friday as thousands of farmers from far and wide converged for the ‘Rythu Ashirvada Sabha’ addressed by Chief Minister A. Revanth Reddy."
EVT_00494,1,1,['indian_express'],Why Taslima Nasreen is returning to Kolkata nearly 20 years after she left
EVT_00456,1,1,['indian_express'],"Ravik Bhattacharya is a highly experienced and award-winning journalist currently serving as the Chief of Bureau of The Indian Express, Kolkata. With over 20 years of experience in the media industry, Ravik possesses deep expertise across a wide rang..."
EVT_00455,1,1,['the_hindu'],Agriculture and Farmers Welfare Minister R. Vinoth said on Thursday that the Tamil Nadu government will take appropriate steps to get its share of Cauvery water from Karnataka to protect the livelihood of farmers.
EVT_00454,1,1,['indian_express'],"6 min readNew DelhiJul 10, 2026 07:27 AM IST"
EVT_00453,1,1,['indian_express'],"4 min readSrinagarUpdated: Jul 9, 2026 06:14 PM IST"
EVT_00452,1,1,['hindustan_times'],"PM Modi to inaugurate Pachpadra refinery, lay foundation for Jaipur Metro phase 2"
EVT_00451,1,1,['hindustan_times'],"How can ‘BJP, Amit Shah murdabad’ slogans be grounds for externment, Bombay HC asks"
EVT_00450,1,1,['hindustan_times'],Govt orders removal of 3 battery management apps used to halt e-rickshaws: Sources
EVT_00449,1,1,['hindustan_times'],Seychelles says reviewing leak of ‘pre-final’ citation for modi
EVT_00448,1,1,['hindustan_times'],"EC notices to both TMC camps as rebels meet poll panel bench, claim majority"
EVT_00446,1,1,['the_hindu'],"Promising decisive steps from the Kerala government to stimulate economic activity, Chief Minister V.D. Satheesan has told a conference of real estate developers that the government was thinking of new models beyond public-private partnerships (PPP) ..."
EVT_00445,1,1,['the_hindu'],"Bengaluru police have arrested a caregiver, identified as Vijayalakshmi, who worked at a creche operating inside the Capgemini campus in the eastern part of the city, in connection with allegations of physical abuse and cruelty towards the children o..."
EVT_00457,1,1,['indian_express'],"In MP, Narottam Mishra’s comeback bid fizzles out as BJP picks debutant for bypoll"
EVT_00492,1,1,['deccan_herald'],"<p>New Delhi: The comprehensive economic and trade agreement (CETA) that was signed between India and the <a href=""https://www.deccanherald.com/tags/uk"">UK</a> on July 25, 2025, after several rounds of negotiations, will come into force from July 15,..."
EVT_00491,1,1,['the_times_of_india'],"NEW DELHI: Congress on Wednesday indicated it was not in favour of leadership change in the Punjab unit, rebuffing a section of functionaries who have demanded that Amarinder Raja Warring be removed from the post of state president."
EVT_00490,1,1,['the_hindu'],"The police on Tuesday (July 14, 2026) arrested the chief warder and two warders of the Nagercoil jail after a remand prisoner died there under suspicious circumstances on July 13."
EVT_00489,1,1,['indian_express'],"The Ladakh administration’s decision to create Autonomous Hill Development Councils (AHDCs) in each of the Union Territory’s seven districts is likely to face stiff opposition from civil society groups, with both the Apex Body, Leh (ABL) and the Karg..."
EVT_00488,1,1,['indian_express'],BJP Sikh leaders weigh in to support Satluj: ‘Can’t suppress past’
EVT_00487,1,1,['indian_express'],NCP rift spills into open as Sunetra Pawar’s election faces legal challenge
EVT_00486,1,1,['indian_express'],BJP sources said the new constitutional amendment Bill will be brought in Parliament during the upcoming session only after ensuring that the government has a two-thirds majority for its passage.
EVT_00485,1,1,['the_hindu'],"There is no dearth of urea or other chemical fertilisers in the district, and those who spread rumours about the shortage will face strict action, said NTR District Collector G. Lakshmisha."
EVT_00484,1,1,['the_hindu'],"A 35-year old judicial remand prisoner from Ethankadu died in the district jail at Nagercoil on Monday (July 13, 2026)."
EVT_00483,1,1,['theprint'],"Bengaluru: Bhanu Prakash Reddy, a member of the Tirumala Tirupati Devasthanams (TTD) which oversees the affairs of the Tirupati temple, has opposed Karnataka Chief Minister D.K. Shivakumar’s proposal to change existing protocols for the ‘Nithya Aarth..."
EVT_00482,1,1,['theprint'],"New Delhi: Former Madhya Pradesh Home Minister Narottam Mishra, a hardcore ‘Hindutva leader’ and once considered the de facto number 2 in the Shivraj Singh Chouhan government, got emotional—almost moved to tears—as he vowed his unyielding loyalty to ..."
EVT_00469,1,1,['indian_express'],Punjab Congress crisis deepens as Channi sharpens ‘oust Warring’ pitch at key huddle
EVT_00480,1,1,['indian_express'],"Kuki-Zo bodies turn to Mizoram for Naga talks, urge Centre to defuse Manipur crisis"
EVT_00479,1,1,['indian_express'],Why BJP’s candidate switch in Nitin Nabin’s seat can give ammo to Prashant Kishor’s bid
EVT_00478,1,1,['theprint'],New Delhi: Jammu and Kashmir Chief Minister Omar Abdullah on Sunday announced a fresh phase of protests beginning July 20 against the Centre in Delhi over “unexplained delay” in restoring of statehood to the Union Territory.
EVT_00477,1,1,['indian_express'],"AIADMK’s ‘vanishing act’: As 10 MLAs look for crossover, Vijay nears a majority"
EVT_00476,1,1,['theprint'],New Delhi: Ram Temple Construction Committee Chairman Nripendra Mishra on Sunday stated that the responsibilities and powers of the first-ever Chief Executive Officer (CEO) of the Ayodhya temple will be determined by the temple Trust.
EVT_00475,1,1,['the_hindu'],"The hot winds sweeping across the ancient Kallanai, which should be brimming with water by now, are raising temperatures across the Cauvery delta this year. A weak southwest monsoon and the vexed inter-State river water sharing dispute with Karnataka..."
EVT_00474,1,1,['indian_express'],"As Ravneet Bittu targets Diljit Dosanjh, ‘Satluj’, BJP does a tightrope ahead of Punjab polls"
EVT_00473,1,1,['indian_express'],"In Ayodhya, BJP mum on Ram Mandir row, says Yogi, Modi will ‘fix the rot’"
EVT_00472,1,1,['indian_express'],"Amid ‘Satluj’ storm in Punjab, why CM Bhagwant Mann remains silent"
EVT_00471,1,1,['indian_express'],"Amid Datia blowback, a question: Why BJP blocked Narottam Mishra’s comeback"
EVT_00470,1,1,['indian_express'],"AICC in-charge looking, why Surjewala, Hooda exchange betrays Congress crisis"
EVT_00481,1,1,['indian_express'],‘This is against Congress rules’: Why Bihar Congress’s digital outreach sparks discontent
EVT_00625,1,1,['hindustan_times'],Dipke's 4-year-old post on Rahul Gandhi's ‘Bharat Jodo Yatra’ goes viral: 'Nothing more than a travel vlog'
EVT_00623,1,1,['the_hindu'],"The Enforcement Directorate on Thursday (July 16, 2026) conducted searches at 13 locations across five States in connection with an alleged terror-funding and illegal infiltration network."
EVT_00622,1,1,['the_hindu'],"Farmers under the banner of the ‘Desh Bachao Morcha’ on Wednesday (July 15, 2026) held a motorcycle rally in Punjab, Haryana and Himachal Pradesh to demonstrate against the proposed India-U.S. trade deal, which they said would adversely impact not ju..."
EVT_00621,1,1,['the_hindu'],"Shiv Sena (UBT) MP Sanjay Raut on Thursday (July 16, 2026) invited Maharashtra Chief Minister Devendra Fadnavis to participate in the 'Ram Raksha Andolan' organised by his party on July 18 in Nagpur against the alleged embezzlement of donations at th..."
EVT_00620,1,1,['indian_express'],"Paper leaks, jobs: Rahul Gandhi leads Congress’s youth push in Uttarakhand"
EVT_00619,1,1,['the_times_of_india'],"NEW DELHI: Judges, especially those in constitutional courts, are bound by oath and an unwritten code of conduct which make it highly unethical for them to have any pecuniary, contractual, business or trade links with the government, private parties,..."
EVT_00618,1,1,['the_times_of_india'],Mahua Moitra on Thursday expressed support for activist
EVT_00617,1,1,['india_today'],Will intervene based on doctors' advice: Centre to court on Sonam Wangchuk's fast
EVT_00616,1,1,['the_hindu'],"Activist Sonam Wangchuk has lost over 9 kg weight on the nineteenth day of his fast, the Cockroach Janta Party (CJP) said in a statement, adding that he has weakened significantly on Thursday (July 16, 2026) morning."
EVT_00615,1,1,['india_today'],"Man poses as Priyanka Gandhi's aide, tries to dupe Kerala MLAs, MPs of Rs 3 crore"
EVT_00614,1,1,['india_today'],"UP man crosses Pakistan border without visa for Facebook lover, lands in jail"
EVT_00549,1,1,['hindustan_times'],"Man, 30, hacked to death in Hyderabad; police suspect hate crime"
EVT_00612,1,1,['the_times_of_india'],"SRINAGAR: A day after the death of his uncle Dr Mustafa Kamal, J&K CM"
EVT_00611,1,1,['the_hindu'],"The Centre has released the draft Corporate Average Fuel Efficiency (CAFE)-III norms for stakeholder consultation, proposing tighter fuel efficiency and carbon emission standards for passenger vehicles from April 1, 2027. For the first time, the draf..."
EVT_00610,1,1,['hindustan_times'],Surge at voter facilitation centres across state increases wait time
EVT_00609,1,1,['india_today'],"Maharashtra to waive Rs 48,000 crore pending farm power dues: CM Fadnavis"
EVT_00608,1,1,['the_times_of_india'],SRINAGAR: Hurriyat Conference chairman
EVT_00607,1,1,['the_hindu'],"Shiv Sena (UBT) MP Sanjay Raut on Thursday (July 16, 2026), said the Opposition parties will resist the proposed delimitation Bill, but if the government incorporates amendments suggested by them, then they will sit together and think it over."
EVT_00606,1,1,['the_hindu'],"A 12-year-old class 5 student died after collapsing inside his classroom, at a private school in south Bengaluru, on June 10. The incident came to light more than a month later after his family viewed CCTV camera footage. They have alleged negligence..."
EVT_00605,1,1,['the_hindu'],"The story so far: Since the change of regime in West Bengal after the recently concluded Assembly polls, politics in the State is hinged on who is going to occupy the Opposition space. Despite registering a vote share of 40% and winning 80 seats in t..."
EVT_00604,1,1,['hindustan_times'],30-year-old Hyderabad chef hacked to death: Police
EVT_00603,2,1,['hindustan_times'],"SC asks Centre, CBSE to detail steps taken to fix glitches in OSM system"
EVT_00602,1,1,['india_today'],DMK calls arrest in poaching case a setup by TVK
EVT_00613,1,1,['hindustan_times'],Cabinet clears urea investment policy to boost local production
EVT_00654,1,1,['the_times_of_india'],Supreme Court on Wednesday asked
EVT_00653,1,1,['india_today'],"Truck ploughs into UP house after tyre burst, 3 of family crushed to death"
EVT_00651,1,1,['hindustan_times'],"Former RBI governor Raghuram Rajan, 2 other Indians appointed in key US Federal Reserve task forces"
EVT_00650,1,1,['indian_express'],"Saurabh Parashar is an Assistant Editor at The Indian Express, primarily responsible for the publication’s coverage of Himachal Pradesh. He is a seasoned journalist with over 17 years of experience in print media, specializing in crime, legal affairs..."
EVT_00649,1,1,['the_times_of_india'],NEW DELHI: Supreme Court has taken exception to the recent order of Patna high court that removing a woman's salwar and pressing her breasts do not constitute attempt to rape.
EVT_00648,1,1,['hindustan_times'],Modi expected to set tone for Punjab assembly polls during upcoming visit
EVT_00647,1,1,['the_times_of_india'],"JAMMU: Security forces recovered 215 rounds of Pika gun ammunition from a terrorist hideout in the border district of Poonch, J&K, late Tuesday. An SOG team made the recovery during a routine patrol in Sawajian Gagranga village in Mandi tehsil, offic..."
EVT_00646,1,1,['the_hindu'],"Two years after the massive fish kill along the downstream of the Periyar River along the Eloor-Edayar industrial stretch in Ernakulam, the fisherfolk are yet to receive the compensation for the heavy loss suffered by them."
EVT_00644,1,1,['the_hindu'],"Justice K. Sarath of the Telangana High Court on Wednesday (July 15, 2026) directed the State government to grant 180 days of maternity leave to a Junior Lecturer — who had two children through her first pregnancy — for her second pregnancy."
EVT_00643,1,1,['the_hindu'],"National Commission for Women (NCW) chairperson Vijaya Rahatkar on Wednesday (July 15, 2026) said the interpretation of sexual offences by courts should not be confined to the physical act alone, asserting that equal importance must be given to the s..."
EVT_00642,1,1,['hindustan_times'],Former TN minister EV Velu appears before DVAC
EVT_00626,1,1,['the_hindu'],"The Bharatiya Janata Party (BJP) on Wednesday (July 15, 2027) asked the Congress leadership to clarify whether the party endorsed the remarks by its veteran leader Saifuddin Soz advocating not only the restoration of Jammu & Kashmir’s Statehood and A..."
EVT_00640,1,1,['the_hindu'],"Trinamool Congress Rajya Sabha MP Samirul Islam called on the family of Sweety Bibi, who recently returned to their native place in Birbhum after a year-long legal battle to return from Bangladesh."
EVT_00639,1,1,['india_today'],"Lack of rains, low water levels in dams resulting in power cuts in Kerala: Minister"
EVT_00638,1,1,['deccan_herald'],"<p>The three-member Special Investigation Team (SIT) investigating the alleged embezzlement of donations at <a href=""https://www.deccanherald.com/tags/ram-temple"">Ram Temple</a> is expected to submit its final report to the <a href=""https://www.decca..."
EVT_00637,1,1,['indian_express'],Opposition worries Supriya Sule’s move may have a domino effect
EVT_00636,1,1,['the_hindu'],"Bharatiya Janata Party (BJP) MLC M. Komaraiah has urged Union Minister for Youth Affairs and Sports Mansukh Mandaviya to sanction ₹51.50 crore worth of sports infrastructure projects under the ‘Khelo India’ scheme for the combined districts of Medak,..."
EVT_00635,1,1,['the_hindu'],"Devotees thronged ISKCON’s Sri Jagannath Mandir near Skew Bridge in Krishnalanka on Wednesday (July 16, 2026) to witness the sacred ‘Nava Yauvana Darshan’ (Netrotsava) of Lord Jagannath, marking the first public darshan of the deities after the tradi..."
EVT_00633,1,1,['hindustan_times'],Supreme Court clears road for country’s first night safari in Lucknow’s Kukrail Reserve Forest
EVT_00631,1,1,['india_today'],Ex-Manipur High Court Chief Justice faces heat for running LPG agency during tenure
EVT_00630,1,1,['deccan_herald'],"<p>Nagercoil (Tamil Nadu): Relatives of S Sabari Varman, a remand prisoner who died in the sub-jail here, staged an overnight protest demanding a second autopsy and an independent probe, while the opposition parties flayed the <a href=""https://www.de..."
EVT_00629,1,1,['india_today'],Rs 97 crore in 24 hours: What's behind record donation to Tirupati temple
EVT_00627,1,1,['hindustan_times'],US senators call for 100% tariffs over Russian oil purchase in new bill | What it means for India
EVT_00641,1,1,['the_times_of_india'],"NEW DELHI: West Bengal leader of the opposition Ritabrata Banerjee, who heads the rebel faction of the"
EVT_00573,1,1,['hindustan_times'],"UP: Woman arrested for posing as IAS officer to marry, husband alleges ₹40 lakh extortion attempt"
EVT_00572,1,1,['hindustan_times'],Ludhiana tops beneficiary list under Punjab's Mawan Dheeyan Satkar Yojana
EVT_00571,1,1,['the_times_of_india'],"Taslima Nasreen's planned return to Kolkata after nearly two decades has triggered a political face-off in West Bengal, with the Trinamool Congress (TMC) and the Bharatiya Janata Party (BJP) trading barbs over the exiled Bangladeshi author's visit."
EVT_00570,1,1,['hindustan_times'],Abhishek Banerjee gives voice sample in Bengal assembly poll speech case
EVT_00569,1,1,['hindustan_times'],Adani denies knowledge of DOJ quid pro quo offer linked to dismissal of US charges against him
EVT_00568,1,1,['hindustan_times'],Case against content creators for ‘defaming’ Nitin Gadkari amid E20 row
EVT_00567,1,1,['hindustan_times'],‘On special invitation of ED’: Mahua Moitra dismisses Madan Mitra's exit from Mamata's TMC for rebel camp | Watch
EVT_00566,1,1,['the_hindu'],"As one of India’s leading export hubs, particularly in pharmaceuticals, Life Sciences, electronics, engineering products and chemicals, Telangana is well positioned to benefit from the India–UK Comprehensive Economic and Trade Agreement (CETA) that c..."
EVT_00565,1,1,['hindustan_times'],"‘You want me to have heart attack, I’ll live to see your end': Mamata to BJP amid TMC rebellion"
EVT_00564,1,1,['hindustan_times'],How Modi govt's equation with Sonam Wangchuk collapsed: From ‘wonderful conversation’ to Jantar Mantar
EVT_00563,1,1,['hindustan_times'],Punjab's Mukh Mantri Sehat Yojna provides ₹4.15 crore cashless stroke treatment to 914 patients in 6 months
EVT_00600,1,1,['india_today'],"3 momo shops shut in Kanpur due to hygiene lapses, 115 kg stale chutney destroyed"
EVT_00560,1,1,['hindustan_times'],"Delimitation Bill to have 50% seat hike for all states, or no support: Supriya Sule"
EVT_00559,1,1,['hindustan_times'],SC flags 'frustration' of students in CBSE’s digital marking system
EVT_00558,1,1,['hindustan_times'],Gurugram Thar accident victim's family says driver brought body back to spot from hospital
EVT_00557,1,1,['hindustan_times'],"Who has supported Sonam Wangchuk so far? A look at list of politicians, actors amid hunger strike concerns"
EVT_00556,1,1,['hindustan_times'],"Community centre housing temple sold to Islamic charity in UK, Peterborough city council promises alternative"
EVT_00555,1,1,['hindustan_times'],Madras HC’s appeal on online relationships urges youngsters to exercise caution
EVT_00554,1,1,['the_times_of_india'],"NEW DELHI: A four-month-old baby boy has become one of the youngest reported patients to undergo a rare lung-sparing keyhole surgery at AIIMS, New Delhi, after doctors removed only the diseased segments of a lung affected by a congenital malformation..."
EVT_00553,1,1,['hindustan_times'],"India-UK historic free trade deal, social security agreement comes into effect | All we know"
EVT_00552,1,1,['hindustan_times'],"Arrival from Bali, 6 weeks in Goa, missing passport: Mystery trail of US national arrested at Nepal border"
EVT_00551,1,1,['hindustan_times'],'India can stop the Ukraine war': Polish Deputy FM says Modi 'among few who can influence' Putin
EVT_00550,1,1,['indian_express'],Why Congress is keen on retaining Amrinder Raja Warring as Punjab unit chief
EVT_00562,1,1,['theprint'],"New Delhi: Rashtriya Swayamsevak Sangh (RSS) chief Mohan Bhagwat is more liberal than many other RSS leaders, past or present, and wants to liberalise the organisation, former Chief Election Commissioner (CEC) S.Y. Quraishi told ThePrint in an interv..."
EVT_00598,1,1,['the_hindu'],"Three passengers were injured in a brawl over a seating dispute aboard a local train in Maharashtra's Thane district shortly after midnight on Thursday (July 16, 2026), police said."
EVT_00597,1,1,['deccan_herald'],"<p>New Delhi: Indian state-run fuel retailers' sale of <a href=""https://www.deccanherald.com/tags/petrol"">petrol</a> and diesel rose sharply in the first half of July from a year earlier, according to preliminary sales data, as lower monsoon rains bo..."
EVT_00596,1,1,['the_hindu'],The Nilgiris district police arrested six persons including the Tamilaga Vettri Kazhagam’s (TVK) branch secretary from Ward Number 2 in Udhagamandalam for trespassing into the defunct Hindustan Photo Films (HPF) factory premises and illegally transpo...
EVT_00595,1,1,['india_today'],"Row after UP cleric says Lord Krishna was Muslim, offered namaz"
EVT_00594,1,1,['the_hindu'],"Close on the heels of two COVID-19 deaths in Andhra Pradesh, another person with the infection reportedly died, while three more positive cases—two in Mangalagiri and one in Visakhapatnam—have been identified."
EVT_00593,1,1,['the_times_of_india'],NEW DELHI: The Supreme Court on Wednesday refused to entertain a writ petition filed by one Mohibulla Mondal challenging the Bengal govt's decision to cancel ration cards of those whose names were deleted from the voter list on the ground of doubtful...
EVT_00592,1,1,['the_times_of_india'],Narendra Modi Wednesday met home minister
EVT_00591,1,1,['the_times_of_india'],"Shashi Tharoor on Wednesday penned an open letter expressing solidarity with the students protesting at Jantar Mantar over alleged irregularities in competitive examinations, while urging climate activist"
EVT_00590,1,1,['hindustan_times'],"India-UK free trade pact new gold standard for trade deals, says British envoy"
EVT_00589,1,1,['indian_express'],"Sweety Kumari is a seasoned journalist reporting from West Bengal for The Indian Express. With over a decade of experience in the media industry and eight years specifically with The Indian Express, she demonstrates considerable Expertise and Authori..."
EVT_00588,1,1,['the_hindu'],"The story so far: Days after a ban on registration of title deeds for 3,085 acres of patta lands of the public in different parts of Tamil Nadu’s Karur district was lifted, the Madras High Court’s Madurai Bench was approached by a Salem resident with..."
EVT_00574,1,1,['hindustan_times'],SC orders Uttarakhand govt to grant land for new HC building
EVT_00586,1,1,['hindustan_times'],SC refuses to entertain plea against influencer Nazia Elahi Khan over 'derogatory' remarks on Prophet Muhammad
EVT_00585,1,1,['hindustan_times'],Jolt to Tej Pratap's JJD as party candidate's nomination rejected in Bankipur over lack of signatures
EVT_00584,1,1,['hindustan_times'],"Don’t want E20, go for pure petrol, says Gadkari: What drivers in India can actually buy at the pump"
EVT_00583,1,1,['hindustan_times'],"Bengaluru man, 24, slits grandmother's throat after repeated arguments over having no job"
EVT_00582,1,1,['hindustan_times'],"Odisha KG-to-PG free edu subject to 75% attendance, professional courses exempted"
EVT_00581,1,1,['the_times_of_india'],"Supriya Sule on Wednesday dismissed speculation that her party could back the Centre's proposed Delimitation Bill, saying it has neither discussed the legislation with anyone nor been approached for support."
EVT_00580,1,1,['hindustan_times'],SC refuses to entertain plea against PDS denial to those excluded in SIR
EVT_00579,1,1,['the_times_of_india'],NEW DELHI: Trinamool Congress (
EVT_00578,1,1,['theprint'],"Lucknow: King George’s Medical University (KGMU)’s decision to prohibit the cooking and serving of non-vegetarian food in hostel messes and canteens has triggered a political row in BJP-ruled Uttar Pradesh, with Opposition Samajwadi Party asking BJP ..."
EVT_00576,1,1,['the_times_of_india'],"Rural sports festival Isha Gramotsavam will make its foray into North India this year, with its 18th edition expanding to 10 states and one Union Territory, bringing together more than 80,000 players from over 40,000 villages in what organisers descr..."
EVT_00575,1,1,['hindustan_times'],Food vlogger's video at Sonam Wangchuk's hunger strike leaves internet divided
EVT_00587,1,1,['hindustan_times'],13.5mn kids didn’t get even single vaccine in Ist year in 2025: WHO-Unicef report
