article_id,event_id,clean_outlet,publish_time,publish_date_only,headline,url,full_text,low_quality,article_count,unique_outlet_count,cluster_confidence,is_low_quality_event,failed_coherence_audit,is_template_junk
9e6e12ffe0d2a6e8,EVT_00009,indian_express,2026-03-24 06:25:03,2026-03-24,"As govt considers expanding Lok Sabha to 816 MPs, how states’ seat count will change",https://indianexpress.com/article/political-pulse/as-govt-considers-expanding-lok-sabha-to-816-mps-how-states-seat-count-will-change-10597365/,"As govt considers expanding Lok Sabha to 816 MPs, how states’ seat count will change
At current ratios, UP will get 120 MPs, Maharashtra 72, and West Bengal 63.
The Centre is exploring the possibility of delinking the Women’s Reservation Act, 2023 — which seeks to reserve one-third of seats in the Lok Sabha and state Assemblies for women — from the impending Census and delimitation exercises, and learnt to have suggested that the strength of the Lok Sabha be raised from the current 543 to 816, including 273 seats reserved for women. A reconfigured Lok Sabha would only come into force in the 2029 Lok Sabha polls.
As reported by The Indian Express on Monday, at the meeting with some Opposition parties Union Home Minister Amit Shah suggested amending the Act and separately raising the total strength of the Lok Sabha while maintaining the current proportions of seats allotted to each state. However, delimitation or redrawing seat boundaries is expected to be pegged to the 2011 Census.
Going by the current state-wise allocation of seats, Uttar Pradesh by far has the highest proportion of Lok Sabha seats: 15% or 80 of the total 543. If this proportion is to be maintained in an 816-member Lok Sabha, UP will have 120 seats, including 40 reserved for women.
Similarly, Maharashtra will go from 48 seats to 72, including 24 reserved for women, Bengal will go from 42 to 63 seats, with 21 for women, and Bihar will go from 40 to 60 seats, including 20 reserved for women. In Tamil Nadu, where the DMK has led the charge against the state’s alleged underrepresentation in Parliament, the number of Lok Sabha seats will rise from 39 to 59, with 20 seats reserved for women. Madhya Pradesh, meanwhile, will rise from 29 seats to 44 with 15 seats for women.
Among the smaller states, Arunachal Pradesh, Goa, Manipur, Meghalaya, Tripura could go from 2 Lok Sabha seats to 3 each. Mizoram, Nagaland and Sikkim, which each have 1 seat, could have 2 seats each in the new Lok Sabha configuration.
Among the major Union Territories, Delhi could rise from 7 Lok Sabha seats to 11 with 4 reserved for women, while Jammu and Kashmir would rise from 5 to 8 seats with 3 reserved for women. However, it remains unclear if the single-seat UTs, including Ladakh and Puducherry among others, will see an increase in the number of seats and how they may be reserved for women.",False,2,2,0.5,False,False,False
5a27006c568b3c76,EVT_00009,news18,2026-03-24 18:00:51,2026-03-24,Top 10 Richest Rajya Sabha MPs And Their Assets,https://www.news18.com/photogallery/politics/top-10-richest-rajya-sabha-mps-and-their-assets-ws-l-9994490.html,"Top 10 Richest Rajya Sabha MPs And Their Assets
Curated By :
Edited By:
Last Updated:
Here’s a look at top 10 richest Rajya Sabha MPs with highest declared assets, based on affidavits, according to a report by the Association for Democratic Reforms (ADR).
1/10
Bandi Saradhi: Telangana MP Sri Dr Bandi Partha Saradhi (BRS) tops the list with total assets of Rs 5300+ crore, driven largely by Rs 5215+ crore in movable holdings.
2/10
Rajinder Gupta: AAP’s Rajinder Gupta ranks second with Rs 5053+ crore, combining Rs 4437+ crore movable assets and Rs 615+ crore in immovable properties.
ADVERTISEMENT
3/10
A.A.R Reddy: Alla Ayodhya Rami Reddy (YSRCP), Andhra Pradesh, reports Rs 2577+ crore total assets, with Rs 2518+ crore movable and Rs 59 + crore immovable wealth.
4/10
Abhishek Manu Singhvi: Abhishek Manu Singhvi (INC), Telangana, holds Rs 2558+ crore, including Rs 2104+ crore movable assets and Rs 453+ crore in immovable property.
ADVERTISEMENT
5/10
Jaya Bachchan: Samajwadi Party’s Jaya Amitabh Bachchan declared Rs 1578+ crore, with a near-even split between Rs 849 + crore movable and Rs 729 + crore immovable assets.
6/10
Kapil Sibal: Independent MP, Kapil Sibal, Uttar Pradesh, lists Rs 608+ crore total assets, comprising Rs 376+ crore movable and Rs 232+ crore immovable holdings. (Image: Instagram)
ADVERTISEMENT
7/10
Santrupt Mishra: Santrupt Mishra (BJD), Odisha, reported Rs 595 + crore in assets, largely from Rs 533+ crore movable wealth and Rs 61+ crore immovable assets.
8/10
Vikramjit Singh Sahney: AAP’s leader declared Rs 498 + crore total assets, with Rs 466+ crore movable and Rs 31+ crore in immovable property.
ADVERTISEMENT
9/10
M.R. Reddy: Meda Raghunadha Reddy (YSRCP), Andhra Pradesh, reported Rs 475+ crore, with a higher share in Rs 372+ crore immovale assets than Rs 102+ crore movable. (Image: Instagram)
Check Kerala Elections, Assam Elections, Puducherry Elections Live Coverage. Kerala Voter Turnout, Assam Voter Turnout, Puducherry Voter Turnout Realtime Updates.
Next Photogallery",False,2,2,0.5,False,False,False
154645f6e086a44b,EVT_00024,indian_express,2026-04-10 07:20:14,2026-04-10,"Malda, Murshidabad seats dominate Bengal voter deletions list: Here are the top 10 constituencies",https://indianexpress.com/article/political-pulse/30-per-cent-of-voters-in-a-murshidabad-seat-removed-during-adjudication-what-ec-data-on-bengal-deletions-reveal-10628534/,"Malda, Murshidabad seats dominate Bengal voter deletions list: Here are the top 10 constituencies
Poll panel releases Assembly constituency-level numbers; in top 10, seven seats from Murshidabad, two from Malda, and one from South 24 Parganas.
The top 10 Assembly constituencies in West Bengal where voters were deleted from the electoral rolls after the adjudication process are in the Muslim-dominated border districts of Murshidabad and Malda, Election Commission (EC) data shows. The poll panel released the number of deletions from each constituency on Thursday.
Of the 60.06 lakh names under adjudication, 27.16 lakh, or 45.22%, have been removed from the rolls. All the top 10 constituencies with the highest deletions are currently held by the Trinamool Congress (TMC). They are:
Samserganj (Murshidabad district): 74,775 deletions, or 29.57% of its pre-SIR electorate as per the 2025 rolls
- Lalgola (Murshidabad): 55,420, or 21.96%
- Bhagabangola (Murshidabad): 47,493, or 16.85%
- Raghunathganj (Murshidabad): 46,100, or 17.29%
- Metiaburuz (South 24 Parganas): 39,579, or 15.04
- Farakka (Murshidabad): 38,222, or 15.99%
- Suti (Murshidabad): 37,965 deletions, or 13.42%
- Mothabari (Malda): 37,255 deletions, or 17.53%
- Jangipur (Murshidabad): 36,581 deletions, or 13.65%
- Ratua (Malda): 35,573 deletions, or 11.9%
“You can see the trend of major deletion also continued in the adjudication process. During the first and second phases of Special Intensive Revision (SIR), mainly deletions occurred in the minority, Matua, and Hindi-speaking areas. This continued during the adjudication process,” said an Election Commission (EC) official.
The EC data shows 12 Assembly constituencies recorded deletions of over 30,000 names — Karandighi and Goalpokhor in Uttar Dinajpur (the district has a sizable Muslim population) recorded 31,562, or 11.22% of the pre-SIR electorate, and 31,384 deletions or 12.64%, respectively, during adjudication — and 99 Assembly seats with deletions of over 10,000 voters.
Constituencies with a high percentage of Matua and Muslim voters have also seen significant deletions, such as Rajarhat-New Town near Kolkata (24,132 names or 7.4%), Ranaghat Uttar Purba (20,796 or 7.7%), Gaighata (19,638, or 7.4%), Ranaghat Dakshin (17,411, 5.95%), Habra (18,791 or 7.48%), Madhyamgram (14,842, or 5.18%).
The lowest levels of deletions in adjudication cases were in the Adivasi belt of Bankura and Purulia. In the Manbazar Assembly seat in Purulia district, only 71 electors were struck off the rolls, while the Onda constituency in Bankura saw 114 deletions.
The deletion of voters had led to protests at various crossings on National Highway-12 in Malda district on April 1. Most of the protesters were people whose names or those of their kin were deleted from the rolls. The same day at the Kaliachak-II BDO office in the Mothabari Assembly seat, which is in the top 10 list, seven judicial officers were gheraoed by protesters for several hours and had to be rescued by the police late at night. During the rescue, the protesters pelted stones at the police, injuring two constables. The police arrested at least 35 people in connection with the protests.",False,2,2,0.31,True,False,False
25f0a4b9ac65eeb0,EVT_00031,india_today,2026-04-14 00:01:52,2026-04-14,ED arrests I-PAC co-founder in Bengal coal scam probe ahead of assembly polls,https://www.indiatoday.in/india/story/ed-arrests-i-pac-co-founder-vinesh-chandel-west-bengal-coal-scam-probe-assembly-polls-2895705-2026-04-14,"ED arrests I-PAC co-founder in Bengal coal scam probe ahead of assembly polls
The case stems from a CBI FIR on illegal mining and alleged hawala transactions, and comes amid heightened political activity ahead of the state Assembly elections.
The Enforcement Directorate (ED) on Monday arrested Vinesh Chandel, director and co-founder of political consultancy firm Indian Political Action Committee, in connection with a money-laundering case linked to an alleged coal scam in West Bengal, weeks ahead of the Assembly elections.
Chandel was taken into custody under the Prevention of Money Laundering Act (PMLA) in New Delhi late in the evening and is expected to be produced before a special court, where the agency will seek his custodial remand for further questioning.
Earlier, the ED conducted searches on April 2 at Chandel’s Delhi residence, the Bengaluru premises of I-PAC co-founder Rishi Raj Singh, and the Mumbai residence of former AAP communications in-charge Vijay Nair as part of the probe.
On January 8, the agency had also searched the I-PAC office and the Kolkata residence of its founder Pratik Jain, triggering a controversy after Chief Minister Mamata Banerjee reached the spot with state officials and took away documents.
The ED alleged its searches were obstructed and that relevant documents and devices were removed, while the All India Trinamool Congress rejected the charge, accusing the agency of targeting election strategy material ahead of the polls.
The elections in West Bengal are scheduled in two phases on April 23 and April 29. I-PAC has been providing political consultancy services to the Trinamool and the state government since 2021.
The ED has moved the Supreme Court of India seeking a CBI probe into the alleged obstruction, and the matter is currently under hearing.
The case stems from a November 2020 FIR registered by the Central Bureau of Investigation, alleging a multi-crore coal pilferage racket linked to mines operated by Eastern Coalfields Limited in the Kunustoria and Kajora areas near Asansol.
According to the ED, a hawala operator linked to the alleged coal-smuggling network routed transactions worth tens of crores of rupees to Indian PAC Consulting Private Limited, the registered entity of I-PAC.",False,4,4,0.4,True,False,False
fceb5de2f2e09c9f,EVT_00043,theprint,2026-04-14 11:10:58,2026-04-14,New Delhi: BJP’s Samrat Choudhary was Tuesday named Nitish Kumar’s successor as Bihar’s chief minister–making him the first from the BJP to hold the state’s top post when he takes oath Wednesday.,https://theprint.in/politics/hours-after-nitish-kumar-resigns-bjp-names-samrat-choudhary-as-partys-first-bihar-cm/2904641/,"New Delhi: BJP’s Samrat Choudhary was Tuesday named Nitish Kumar’s successor as Bihar’s chief minister–making him the first from the BJP to hold the state’s top post when he takes oath Wednesday.
Choudhary (57), held the position of Deputy Chief Minister in the outgoing Nitish Kumar government.
The decision was announced by deputy CM Vijay Kumar Sinha Tuesday after Choudhury was elected BJP Legislative Party leader in Bihar. BJP central observer for the state and Union Minister Shivraj Singh Chouhan attended the event in Patna.
Hours earlier, Janata Dal (United) supremo Nitish Kumar resigned as Bihar CM, ending a tenure that spanned a record 10 oath-taking ceremonies. Kumar pledged his “full support and guidance” to the incoming government.
Also Read: ‘Lalu gave reservation only to Rabri, Modi fulfilled Sonia’s dream’—Samrat Choudhary
The new CM
Often termed as the OBC face of BJP, Choudhury won the Tarapur assembly seat by a margin of 45,843 votes.
Choudhary started his political career with the Rashtriya Janata Dal (RJD) in 1999, but parted ways with it to join the Janata Dal (United) in 2014. He joined the BJP three years later.
The BJP leader who had once taken a vow of sporting a turban and removing it only after “dethroning” Nitish Kumar is said to have developed a good rapport with the JD(U) supremo, according to party insiders.
Choudhary comes from a family with political legacy. His father Shakuni Choudhary was one of the founding members of the Samata Party, and had several stints as MLA and MP. Shakuni Choudhary was considered close to RJD patriarch Lalu Prasad at the time.
His mother Parvati Devi once represented the Tarapur constituency.
Before 2024, Choudhary won two assembly elections – 2000 and 2010 – but he also lost two times, in 2005 and 2015.
Nitish resignation
Nitish Kumar–who had held the CM post since 2015, barring a brief interlude–announced his resignation on X after meeting Governor Syed Ata Hasnain Tuesday.
“We have done a lot of work for the people of Bihar. For so long, we have continuously served the people. I had decided to step down from the position of Chief Minister. So, today, after the cabinet meeting, I met the Honourable Governor and submitted my resignation,” Kumar said.
He added, “A new government will now take charge here. The new government will have my full support and guidance. Good work will continue in the future, and Bihar will progress further.”
आप जानते हैं कि 24 नवंबर, 2005 को राज्य में पहली बार एन०डी०ए० सरकार बनी थी। तब से राज्य में कानून का राज है और हम लगातार विकास के काम में लगे हुए हैं। सरकार ने शुरू से ही सभी तबकों का विकास किया है चाहे हिंदू हो, मुस्लिम हो, अपर कास्ट हो, पिछड़ा हो, अति पिछड़ा हो, दलित हो,…
— Nitish Kumar (@NitishKumar) April 14, 2026
Kumar first announced his intention to quit as CM in March, when he also expressed a desire to move to the Rajya Sabha. He was sworn into the upper house of Parliament on 10 April.
But Kumar’s decision to step down came amid months of speculation and concerns about his health and governance. BJP also wanted its own party leader at the top spot, considering it won most assembly seats–89 out of 243–in the 2025 elections. Bihar was the only state in the Hindi heartland where the BJP never had its own chief minister.
Nicknamed ‘Paltu Ram’—a jibe at his habit of switching sides—by political adversaries, Kumar Tuesday recalled NDA’s two-decade run in Bihar.
“You know that on 24 November 2005, the NDA government was formed in the state for the first time. Since then, the rule of law has prevailed in the state, and we have been continuously engaged in development work. The government has worked for the development of all sections of society from the very beginning—whether Hindus, Muslims, upper castes, backward classes, extremely backward classes, Dalits, or Mahadalits—work has been done for everyone,” he said.
Kumar reserved particular thanks for Prime Minister Narendra Modi and the Centre.
“The Centre is also providing full cooperation in Bihar’s development. For this, we bow to the honourable Prime Minister Shri Narendra Modi Ji. Bihar will develop even faster and join the top states of the country, thereby making an important contribution to the progress of the nation,” Kumar said.
Also Read: Bihar first state to bring AI committee to land dept. Officials struggled to solve disputes",False,2,2,0.39,True,False,False
f9db550e4b90f6ac,EVT_00042,indian_express,2026-04-14 07:05:52,2026-04-14,"A week to go, but where are they? Rahul Gandhi, Vijay trail in Tamil Nadu’s visibility race",https://indianexpress.com/article/political-pulse/a-week-to-go-but-where-are-they-rahul-gandhi-vijay-trail-in-tamil-nadus-visibility-race-10634827/,"A week to go, but where are they? Rahul Gandhi, Vijay trail in Tamil Nadu’s visibility race
While leaders from DMK, AIADMK, and BJP intensify their efforts in the final leg of the campaign, national Congress leaders and the actor-politician have been conspicuous by their near absence.
With barely a week left for campaigning to end on April 21, Congress leaders in Tamil Nadu say their requests to the party high command for campaign dates have, for now, gone quiet. The absence has been conspicuous and, they admit privately, increasingly difficult to explain, especially as other parties intensify their ground operations across the state.
“There were queries, there were follow-ups until last week. Now even the questions have stopped,” says a senior Congress functionary, describing the “lukewarm response” from Delhi at a crucial stage of the election.
The contrast is sharp. The BJP, with four MLAs and contesting 27 seats as part of the AIADMK-led alliance, has deployed significant logistical muscle: hiring two helicopters and a special aircraft for its campaign. Union Minister Piyush Goyal is using the aircraft, while leaders such as Khushbu Sundar, former Tamil Nadu BJP chief K Annamalai and state chief Nainar Nagendran have been using choppers to move rapidly between constituencies.
National leaders have also made appearances during nomination filings, reinforcing the sense of a campaign backed by resources and urgency. The absence of Prime Minister Narendra Modi and Union Home Minister Amit Shah till now is likely to be compensated, with two major rallies scheduled in the coming days.
The Congress, in comparison, has seen only limited central engagement. The only high-profile leader to campaign so far has been Karnataka Deputy Chief Minister D K Shivakumar, who has visited the state to support Tamil Nadu Congress chief K Selvaperunthagai. It is a trip that party insiders say was driven more by personal rapport than organisational planning. According to a senior Congress leader, Leader of Opposition Rahul Gandhi is likely to participate in a DMK roadshow in Chennai on April 20, a day before campaigning ends.
For many in the Congress, the current situation is difficult to reconcile. Campaigning in Kerala and Puducherry concluded on April 7 and leaders from Tamil Nadu expected central leaders to arrive from April 8 onwards. Nearly a week later, there is still no visible plan. A senior Congress functionary says leaders such as party president Mallikarjun Kharge, Wayanad MP Priyanka Gandhi, Telangana CM Revanth Reddy, and Karnataka CM Siddaramaiah should have been in the state by now.
The absence is particularly striking given the stakes. The Congress has been allotted 28 seats in alliance with the DMK — one more than the BJP has secured in its alliance — and currently has 18 MLAs, compared to the BJP’s four. Yet, the scale of its campaign does not reflect that weight, party leaders said.
“This is not about helping the DMK,” says a Congress leader. “Rahul Gandhi need not come to make a DMK candidate win. They have their own campaign machinery. This is about whether the Congress wants to fight seriously for its own space. It is upsetting that Rahul hasn’t visited partymen in the state after the 2024 poll victory.”
The unease has also prompted questions: if the party was dissatisfied with seat-sharing or strategy, why remain in the alliance? And if it intends to stay, why not campaign with full force?
Rahul Gandhi’s absence, in particular, has become a point of discussion in the state unit. His limited visits to Tamil Nadu since 2021, including a brief appearance during the 2024 campaign, are now being revisited by party workers who say sustained engagement could have strengthened organisational morale.
The Vijay parallel
A senior Congress leader draws parallels with actor-politician Vijay, whose party TVK is also facing questions about campaign visibility. Despite launching his party as an alternative to both Dravidian majors and the BJP, Vijay’s campaign has been sparse, with large parts of the state remaining untouched even in the final stretch.
District-level leaders point to gaps that are difficult to ignore. In Tenkasi, which has five Assembly seats, Vijay has not visited in two years since he launched the TVK. There are several districts like that. In Virudhunagar (seven seats), Ramanathapuram (four), Pudukkottai (six), Theni (four), and the Nilgiris (three), there has been little or no direct engagement. In Dindigul, he travelled recently, but for a film shoot, not to meet party workers, says a TVK district leader.
Even now, his campaign schedule appears limited. Permissions have been obtained for rallies in Dharmapuri and Tiruppur on Tuesday, with additional meetings planned in Tiruvallur in the coming days. But according to a senior TVK leader, Vijay is expected to campaign for “at least four days” in the remaining week, a much slower pace compared to his rivals.
Others set the pace
At the same time, AIADMK leader Edappadi K Palaniswami is maintaining a high tempo, covering five to six constituencies daily, usually across two districts, with back-to-back public meetings, temple visits, and cadre interactions designed to maximise ground presence.
Chief Minister M K Stalin is also running a high-frequency campaign, typically moving across two districts a day, stitching together large public meetings with smaller roadside interactions, morning walks that include door-to-door visits, often covering eight to 10 constituencies in a tightly scheduled circuit. His son and Deputy CM Udhayanidhi Stalin is operating in parallel, focusing on dense clusters of constituencies, sometimes addressing as many as 10 seats in a day, particularly targeting youth-heavy and urban pockets, say party insiders
In contrast, the relative absence of both Rahul Gandhi and Vijay has created what one former AIADMK minister described as “a vacuum of expectation”, particularly among younger voters who might otherwise have been drawn to their campaigns.
For the BJP, the campaign has unfolded differently. While its second-level national leaders have been active in the state and seniormost faces were expected to make only limited appearances — Modi and Shah are likely to address rallies in Coimbatore and Kanyakumari — the party has aligned itself with the AIADMK’s state-led strategy.
Former state president K Annamalai, who was opposed to an alliance with the AIADMK, remains a key draw on the ground, with even AIADMK candidates lobbying for his presence at rallies. “Where Vijay is not going, and where the Congress is not seen, the AIADMK is filling that space,” says a TVK district leader in Coimbatore.
With just days left, the question for both the Congress and the TVK is no longer about strategy but about presence and whether, in an election defined by pace and perception, absence itself becomes a message.",False,2,2,0.43,True,False,False
edc8b4cd2fd7a460,EVT_00031,indian_express,2026-04-14 07:15:00,2026-04-14,"After five years, Rahul gets set to begin Bengal campaign; Priyanka to follow suit",https://indianexpress.com/article/political-pulse/after-five-years-rahul-gets-set-to-begin-bengal-campaign-priyanka-to-follow-suit-10634811/,"After five years, Rahul gets set to begin Bengal campaign; Priyanka to follow suit
Rahul may walk a tightrope during his Bengal campaign, keeping his guns trained on BJP while refraining from mounting an all-out attack against the incumbent Mamata Banerjee-led TMC.
Leader of the Opposition (LoP) in the Lok Sabha, Rahul Gandhi, is going to start his campaign for the Congress in the West Bengal Assembly elections on Tuesday – five years after he undertook a poll campaign for his party in the state.
Rahul’s sister and All India Congress Committee (AICC) general secretary, Priyanka Gandhi, is also set to visit Bengal to canvass for the Congress candidates in the coming days.
Bengal is scheduled for the elections on April 23 and April 29, which may be a keen battle between the ruling Trinamool Congress (TMC) and the principal Opposition BJP, with the other two major contenders – the CPI(M)-led Left Front and the Congress – fighting separately.
Rahul will kick off his campaign from Uttar Dinajpur before going to address rallies in Malda and Murshidabad, Congress sources said. These three Muslim-dominated districts, once known as the Congress strongholds, still have pockets of the party’s influence.
Rahul is likely to return to campaign in these districts as well as Purulia and some areas in North Bengal, where the Congress is hoping to win seats in the upcoming polls. The party had drawn a blank in the state in the 2021 Assembly elections when it had fought in alliance with the Left.
Priyanka may also campaign in these districts, although her schedule has yet to be finalised, Congress sources said.
A senior state Congress leader said, “Both Rahul and Priyanka would campaign in the Baharampur constituency where our heavyweight candidate Adhir Ranjan Chowdhury is contesting.” The former Congress leader in the Lok Sabha and five-term MP, Chowdhury, 70, has returned to Bengal politics to contest the Assembly election from his home turf Baharampur after three decades.
The last time Rahul had hit the campaign trail in Bengal was in the previous elections, when he had begun from north Bengal on April 14, 2021. He had then described the BJP’s promise of ensuring a “Sonar Bangla (Golden Bengal)” as a “mirage”, alleging that the BJP was out to destroy the culture of Bengal. “Wherever the BJP goes, Narendra Modi goes, the RSS goes, they start spreading hatred and start dividing the people,” Rahul had then alleged while addressing a rally in Siliguri.
His 2021 campaign was “truncated” due to the Covid pandemic’s second wave.
In the 2024 Lok Sabha elections, Rahul Gandhi did not visit Bengal for campaigning. The Congress was then again contesting the polls in alignment with the Left. The party had then even won one seat with its leader Isha Khan Chowdhury winning from the Malda Dakshin parliamentary constituency.
In early 2024, however, Rahul had crossed Bengal in the course of his “Bharat Jodo Nyay Yatra”, traversing some districts across northern and southern parts of Bengal.
Many in the Bengal Congress believe that the campaigning of Rahul and Priyanka would boost the party’s prospects in the elections, especially in districts like Murshidabad and Malda. The Congress’s election manifesto was released by AICC chief Mallikarjun Kharge in Kolkata last week.
Observers say Rahul may walk a tightrope during his Bengal campaign, keeping his guns trained on the BJP while refraining from mounting an all-out attack against the incumbent Mamata Banerjee-led TMC which is aiming for its fourth successive term. A major reason for such an approach, they say, could be the Congress’s “bigger goal of defeating the ruling BJP at the national level for which a unity of all Opposition parties is a key factor”.
A senior Congress leader however said, “This election would still be our acid test. We want to gauge our vote share in Bengal. So we are consolidating our forces where we still have strength. We feel that in some minority belts there is some resentment towards the TMC, and those votes would come to us rather than the Left. It will help us open our account this time.”",False,4,4,0.4,True,False,False
7ab24c88bd556e0c,EVT_00033,theprint,2026-04-14 10:23:36,2026-04-14,"Bengaluru: Karnataka CM Siddaramaiah has ordered the ‘removal’ of his lone surviving political secretary, Naseer Ahmed, over allegations of anti-party activities and alleged funding of rebel candidates to help defeat the Congress candidate in the 9 A...",https://theprint.in/politics/siddaramaiahs-political-secy-naseer-ahmed-gets-the-axe-as-congress-fixes-blame-for-davanagere-rebellion/2904511/,"Bengaluru: Karnataka CM Siddaramaiah has ordered the ‘removal’ of his lone surviving political secretary, Naseer Ahmed, over allegations of anti-party activities and alleged funding of rebel candidates to help defeat the Congress candidate in the 9 April Davanagere South assembly bypoll.
The order comes at least two days after Ahmed’s refusal to resign voluntarily.
Ahmed, a senior Congress leader and a member of the Karnataka Legislative Council, was appointed as one of two political secretaries to the chief minister in June 2023. The latest order, dated 13 April, stated that Ahmed’s 2023 appointment has been “withdrawn” and “he has been relieved immediately from the post of the chief minister’s political secretary”.
Ahmed’s removal is part of a broader crackdown by the All India Congress Committee (AICC) against those an internal inquiry found to be indulging in anti-party activities and conspiring against the party’s official candidate in the Davanagere South bypoll.
At least one report by AICC secretary Karnataka in-charge Abhishek Dutt and another by the state intelligence points to the alleged role of several Muslim leaders from the Congress, including incumbent Housing Minister Zameer Ahmed Khan, in the controversy.
“Several leaders of the minority community were found to be openly conspiring to defeat our candidate (Samarth Shamnur Mallikarjun) by funding rebel candidates to split the Muslim vote that would help the BJP,” said one Congress Member of the Legislative Assembly (MLA) directly aware of the developments. The MLA requested anonymity.
Calls, messages on WhatsApp and voicemail seeking comments from Ahmed did not elicit any response.
Abdul Jabbar, the Karnataka Pradesh Congress Committee (KPCC) minority cell chief, has already stepped down from his post after his rebellion and alleged role in the entire controversy. The chain of events has left the Congress in a precarious position with its central body taking action against Muslim leaders within the party fold and fuelling apprehension in its core support base.
In June last year, Siddaramaiah’s other political secretary, K.Govindraj, was removed from his role in pressuring the government to hold a felicitation ceremony for Royal Challengers Bengaluru on their maiden IPL championship trophy. However, a chain of events including poor crowd management and ineffective communication led to a stampede that led to the death of 11 people near the Chinnaswamy Cricket Stadium a few hours later.
Ahmed and Govindaraj are considered close aides of Siddaramaiah but missed making it to the Council of Ministers. Siddaramaiah, however, carved out several posts within his administration that accorded lofty titles with Cabinet rank and perks to nearly 150 people, including the likes of Ahmed. “The chief minister has his own sources of information, and for the benefit of the party has taken a decision in the Naseer Ahmed issue,” KPCC president and Deputy Chief Minister D.K. Shivakumar told reporters on Tuesday.
Also Read: Rich state, borrowed money: Karnataka’s growth story has a debt problem that is only getting worse
The controversy
Shamnur Shivashankarappa, a veteran Congress leader and incumbent MLA from Davanagere South, died on December 14 last year. He was 94.
Shivashankarappa, one of the biggest leaders of the dominant Lingayat community, was the head of a large political dynasty. Shivashankarappa’s son S.S. Mallikarjun is Karnataka’s minister for Mines & Geology, Horticulture and daughter-in-law Prabha Mallikarjun is the Congress Member of Parliament from Davanagere.
Shivashankarappa, who has several business interests, including rice mills, sugar factories and several educational institutions, wields significant influence in the region, state and among the Lingayat community. His political dynasty does now, however, end with his immediate family. One of his granddaughters is married to the son of M.B. Patil, Karnataka’s Minister for Industries, and the other is married to the son of former Karnataka chief minister and senior BJP leader Jagadish Shettar.
After Shivashankarappa’s death, Mallikarjun instantly proposed his son (Samarth) as the bypoll candidate, fuelling dissent. Led by Housing Minister Zameer Ahmed Khan, the Muslim community demanded that a member of their community be the party candidate.
Muslims have around 70,000 votes in Davanagere South, making them a formidable force in the constituency. But the party high command chose to back Samarth, despite opposition, among others from Siddaramaiah himself who argued against concentration of power in a single household.
Disillusioned, a section of the Muslim community rebelled against the Congress, citing it as a ‘betrayal’ of their continued support. “Some senior Congress leaders had planned a major conspiracy to defeat Samarth. The minorities, however, have voted in favour of the party,” KPCC working president Saleem Ahmed told reporters on Friday.
Saadiq Pehelwan, a local Congress strongman contested as an Independent. But a delegation of Congress MLAs like Rizwan Arshad, Saleem Ahmed and others helped defuse the situation and convinced Pehelwan to withdraw. Soon after, Khan, Ahmed, Jabbar and a few others allegedly started to fund the Social Democratic Party of India (SDPI) candidate, Afsar Kudlipet, to split the Muslim vote.
“Bypolls are usually closely monitored. In general elections, a lot of such issues may be overlooked, ” the Congress leader cited above said. According to multiple people aware of the developments, the disgruntled Muslim leaders started to fund the SDPI candidate to split the minority votes which would benefit the BJP indirectly. Apparently Rs 15 crore was given for this cause and transactions of these were found in the AICC report as well as the state intelligence report on the issue.
On whether action will be taken against Khan, the Congress MLA cited above said that it was up to the party high command. “The party will not tolerate all this nonsense. They may set the time on when to take action. But the party will not tolerate indiscipline,” the MLA added.
(Edited by Nardeep Singh Dahiya)
Also Read: A ‘warning sign’? In Congress-ruled Karnataka, BJP marks big wins in crucial urban local body polls",False,2,2,0.51,False,False,False
4751e4daf0a5d054,EVT_00051,firstpost,2026-04-15 16:16:47,2026-04-15,India-US trade push resumes as global tariffs shift; delegation to visit Washington next week,https://www.firstpost.com/india/india-us-trade-push-resumes-as-global-tariffs-shift-delegation-to-visit-washington-next-week-ws-e-14000811.html,"An official delegation from India will travel to Washington next week for fresh trade talks with US. The visit comes at a time when both countries are working to finalise the framework for a bilateral trade agreement.

An official delegation from India will travel to Washington next week for fresh trade talks with the US authorities. The visit comes at a time when both countries are working to finalise the framework for a bilateral trade agreement that has been under discussion for several months.

According to a report by The Economic Times , the delegation’s travel to Washington next week is part of India’s renewed efforts to move forward with the trade discussions after earlier postponements and policy uncertainties slowed the process.

STORY CONTINUES BELOW THIS AD

The upcoming meeting is expected to focus on advancing negotiations on the proposed trade pact, which has gained importance amid changes in the global tariff environment. The talks were originally expected to progress earlier this year but were delayed due to tariff related uncertainties in the United States.

Framework for interim trade agreement

In February, India and the US had announced the completion of a framework for an interim trade agreement. Under the proposed arrangement, the US had agreed to reduce tariffs on Indian goods to around 18 per cent.

The pact was initially expected to be signed in March. However, the situation changed after shifts in the US tariff structure, which affected the timeline for final approval.

Officials said at that time that the agreement would be signed only after clarity emerges on the new global tariff system being developed by the United States.

Changes in US tariff policy

The delay comes after significant changes in US trade policy following a Supreme Court ruling related to President Donald Trump’s reciprocal tariff measures. In response, the US administration introduced a 10 per cent tariff on all countries for a period of 150 days starting February 24.

These changes have impacted ongoing trade negotiations with multiple partners, including India. As a result, the earlier advantage that India had in the trade framework compared to some competing economies has been reduced.

Earlier postponement of talks

Due to these developments, a scheduled meeting between chief negotiators from India and the US was postponed last month. The two sides were earlier expected to meet in February to finalise the legal text of the agreement.

Officials indicated that the revised meeting is aimed at reassessing terms and ensuring that the agreement aligns with the updated US tariff policy.

Section 301 investigations add complexity

The upcoming talks also come amid two ongoing trade investigations initiated by the United States Trade Representative (USTR) under Section 301.

On March 11, the USTR launched an investigation into policies and industrial practices of 16 economies, including India and China. A second probe on March 12 expanded the scope to 60 countries, examining issues related to forced labour and trade restrictions.

STORY CONTINUES BELOW THIS AD

These investigations will assess whether certain practices in partner countries are unreasonable or discriminatory and whether they place a burden on US commerce.",False,2,2,0.53,False,False,False
d7165df58588b578,EVT_00055,firstpost,2026-04-15 12:21:40,2026-04-15,Malaysia-based preacher link surfaces in TCS Nashik case as digital trail exposes alleged racket,https://www.firstpost.com/india/malaysia-based-preacher-link-surfaces-in-tcs-nashik-case-as-digital-trail-exposes-alleged-racket-14000649.html,"Malaysia link emerges in probe at Tata Consultancy Services Nashik unit, where undercover cops exposed alleged harassment and conversion racket with digital evidence pointing to wider network

This image features the entrance of a Tata Consultancy Services (TCS) facility, specifically identifying it as the Nashik campus where a major investigation is currently unfolding. (X)

A possible Malaysia link has emerged as a key thread in the investigation into an alleged harassment and conversion racket inside a Tata Consultancy Services (TCS) BPO unit in Nashik, with investigators tracing digital conversations to a suspected foreign-based preacher.

According to investigators cited by India Today, a man identified as Imran—believed to be based in Malaysia—appears in WhatsApp chats recovered from seized devices. He was allegedly introduced to employees through video calls, where he spoke about opportunities abroad and a better lifestyle. Authorities are still verifying his identity and role, but officials say the link could point to a wider, cross-border network.

STORY CONTINUES BELOW THIS AD

Undercover operation inside campus

The probe began with a tip-off in February, prompting police to deploy women constables disguised as housekeeping staff within the TCS premises. Their observations over several weeks helped map interactions and validate complaints from victims.

So far, the Special Investigation Team (SIT) has identified at least 12 alleged targets. Nine FIRs have been registered based on complaints from eight women and one man, invoking charges including sexual harassment, coercion, and outraging religious sentiments.

Pattern of coercion and digital trail

The incidents, involving employees aged between 18 and 25, are believed to have occurred over the past two to three years. Investigators allege that several accused—many in supervisory roles—engaged in inappropriate behaviour and pressured colleagues to adopt specific religious practices.

A significant part of the case rests on digital evidence. WhatsApp groups allegedly used to identify targets and coordinate actions have been uncovered, with deleted chats now being retrieved through forensic analysis.

HR role and ongoing probe

The company’s HR manager, Nida Khan, remains absconding, with her role in recruitment and internal handling of complaints under scrutiny. Six accused have been arrested so far, while more names could emerge as the investigation deepens.

In response, TCS said it follows a strict zero-tolerance policy and confirmed that employees under investigation have been suspended, as authorities continue to examine the full scope of the case.

STORY CONTINUES BELOW THIS AD",False,3,3,0.51,False,False,False
7e38dc167299a4da,EVT_00051,hindustan_times,2026-04-15 22:44:15,2026-04-15,China surpasses US as India's largest trading partner in FY26; trade gap swells to $112 billion,https://www.hindustantimes.com/india-news/china-surpasses-us-as-indias-largest-trading-partner-in-fy26-trade-gap-swells-to-112-billion-101776272929529.html,"China surpasses US as India's largest trading partner in FY26; trade gap swells to $112 billion
The US was India's largest trading partner for four consecutive years till 2024-25.
New Delhi: China has overtaken the US to emerge as India's largest trading partner in 2025-26, with bilateral trade reaching USD 151.1 billion, while the country's trade deficit with Beijing widened to USD 112.16 billion during the period, government data showed.
The US was India's largest trading partner for four consecutive years till 2024-25.
India's exports to China rose 36.66 per cent to USD 19.47 billion during the last fiscal year, while imports increased 16 per cent to USD 131.63 billion. The trade deficit swelled to an all-time high of USD 112.6 billion in 2025-26 as against USD 99.2 billion in 2024-25.
On the other hand, the country's outbound shipments to the US grew marginally 0.92 per cent to USD 87.3 billion during the last fiscal year, while imports increased 15.95 per cent to USD 52.9 billion. The trade surplus declined to USD 34.4 billion in 2025-26 from USD 40.89 billion in 2024-25.
According to commerce ministry data, China was India's top trading partner from 2013-14 till 2017-18 and also in 2020-21. Before China, the UAE was the country's largest trading partner. The US has been the largest partner since 2021-22.
The major trading partners with which India recorded negative exports growth in 2025-26 include the Netherlands, the UK, Singapore, Bangladesh, Saudi Arabia, Australia, France, South Africa, and Malaysia.
However, exports to the UAE, Germany, Hong Kong, Italy, Nepal, Brazil, Spain, Belgium, and Vietnam registered positive growth last fiscal year.
The major trading partners with which India recorded negative imports growth in 2025-26 include Russia, Iraq, Indonesia, Australia, Qatar, and Taiwan.
However, imports from the UAE, Saudi Arabia, Hong Kong, Switzerland, Singapore, Japan, Korea, Germany, Thailand, and Malaysia registered positive growth in the last fiscal year.",False,2,2,0.53,False,False,False
f4cb9f11fa29d790,EVT_00060,deccan_herald,2026-04-15 14:19:34,2026-04-15,'Southern states will be stifled': Opposition unites in flagging concerns on delimitation,https://www.deccanherald.com/india/southern-states-will-be-stifled-opposition-unites-in-flagging-concerns-on-delimitation-3968512,"'Southern states will be stifled': Opposition unites in flagging concerns on delimitation
Chidambaram claimed that the voice of southern states will be “suppressed and stifled” while demanding that the bill be “opposed unanimously and defeated”.
The Prime Minister is a so-called Leader whose only distinguishing feature is his unmatched ability to be a Misleader.
He is a habitual liar who cannot speak the truth, even by mistake. He has engaged in deliberate deceit with the nation over the question of delimitation.",False,3,3,0.56,False,False,False
fe0d612d0169dfc1,EVT_00062,firstpost,2026-04-15 15:00:19,2026-04-15,‘Attacks on merchant shipping unacceptable’: Jaishankar at Japan-hosted Azec Plus meeting,https://www.firstpost.com/india/attacks-on-merchant-shipping-unacceptable-jaishankar-at-japan-hosted-azec-plus-meeting-14000767.html,"India’s External Affairs Minister S. Jaishankar on Wednesday said that attacks on merchant vessels are “completely unacceptable.” His remarks came during the ‘Azec Plus’ meeting hosted by Japan.

Jaishankar said that India remains strongly committed to ensuring safe and smooth passage for maritime shipping. Photo: X

India’s External Affairs Minister S. Jaishankar on Wednesday said that attacks on merchant vessels are “completely unacceptable.” His remarks came during the ‘Azec Plus’ meeting hosted by Japan, where leaders discussed disruptions in global energy supply chains.

The statement is significant as it comes at a time when US President Donald Trump has announced a US blockade in the Strait of Hormuz, a key shipping route through which roughly 20 per cent of the world’s oil passes.

STORY CONTINUES BELOW THIS AD

In a post shared on social media platform X after the meeting, Jaishankar said that India remains strongly committed to ensuring safe and smooth passage for maritime shipping. He underlined that global economic growth depends heavily on uninterrupted energy supplies, which in turn rely on secure sea routes.

Participated in the ‘AZEC Plus’ meeting convened by Japan to discuss supply chain disruptions in the energy markets.



Underlined India’s strong commitment to safe and unimpeded transit passage of maritime shipping. Attacks on merchant shipping are completely unacceptable. Global… pic.twitter.com/wsiQokYU5e — Dr. S. Jaishankar (@DrSJaishankar) April 15, 2026

Focus on maritime security

Jaishankar highlighted that free and secure maritime transit is essential for international trade. He said any form of attack on merchant shipping threatens not just individual countries but the global economy as a whole.

India’s concerns regarding the safety of merchant vessels is significant, as a large number of attacks on ships have been reported in the Strait of Hormuz, since the conflict in West Asia started on February 28.

Several ships have been attacked by projectiles, explosive boats and drones. According to reports, at least 16 vessels have been hit in the region during the conflict period only.

STORY CONTINUES BELOW THIS AD

Shipping routes carry a large share of the world’s energy supplies, including oil and gas. Disruptions in these routes can lead to price spikes and supply shortages, affecting industries and consumers worldwide.

Energy markets and global growth

Jaishankar pointed out that global growth depends on stable and accessible energy markets. If supply chains are disrupted, it can slow down economic activity and create uncertainty.

As one of the world’s largest energy consumers, India has a strong interest in ensuring that energy flows remain steady and predictable. Jaishankar emphasised that countries must work together to avoid bottlenecks and maintain stability in the market.

India’s role and cooperation

Jaishankar said India will continue to work with like-minded partners to build stronger and more reliable supply chains. He stressed the need for cooperation among nations to address shared challenges in energy and trade.

The Azec Plus meeting, hosted by Japan, is part of broader efforts to strengthen collaboration in the energy sector. It aims to ensure that countries can better respond to disruptions and maintain the smooth functioning of global supply networks.

Azec platform

The Azec (Asia Zero Emission Community) was launched by Japan in 2022. It is a platform that brings countries together to address energy-related challenges, and focus on energy security and supply chain resilience at a time when global uncertainties continue to affect trade and transport.",False,3,3,0.44,True,False,False
1d25f29aa7fbc84b,EVT_00046,news18,2026-04-15 15:03:10,2026-04-15,Congress Suspends Abdul Jabbar Over ‘Anti-Party Activities’; He Says ‘Party Acted In Haste’,https://www.news18.com/politics/congress-suspends-abdul-jabbar-over-anti-party-activities-he-says-party-acted-in-haste-ws-l-10034163.html,"Congress Suspends Abdul Jabbar Over ‘Anti-Party Activities’; He Says ‘Party Acted In Haste’
Congress MLC Abdul Jabbar is suspended from primary membership for alleged anti party activity in Davanagere South bypoll.
Abdul Jabbar has been suspended from the primary membership of the Congress party over alleged anti-party activities during the recent Davanagere South Assembly by-election. The action was taken with immediate effect, according to an official statement from the Karnataka Pradesh Congress Committee (KPCC).
Jabbar, who had earlier resigned as chairman of the KPCC Minority Department, was also a contender for a Congress ticket from Davanagere. He is accused of working against the party’s chosen candidate, Shamanur Samarth, during the by-election. There were also allegations that he supported an SDPI candidate in the constituency, leading to further concerns within the party.
Recommended Stories
- Karnataka Congress’s Course Correction Or Crackdown? After MLC, Youth Leader, More Heads To Roll?
- Karnataka Congress Rift Widens After Bypolls: Minority Wing Chief Quits, Shivakumar Seeks Reports From Davanagere
- Siddaramaiah’s Secretary Sacked Over Anti-Party Role; 5th Ouster From Karnataka CMO In 10 Months
- Kalliasseri Candidates 2026: Full List of Contestants from Kalliasseri Assembly Constituency in Kerala Election
Official Statement by KPCC
In a press release, the office of Karnataka Deputy CM and KPCC president DK Shivakumar stated that Abdul Jabbar, a Member of Legislative Council, has been suspended due to his anti-party activities in the Davanagere South by-election. The statement confirmed that the decision takes effect immediately.
Alongside Jabbar’s suspension, D.K. Shivakumar has also dissolved all minority committees that were formed under his leadership. This move follows his recent resignation from the post of KPCC Minority wing chief.
Political fallout
The developments come in the wake of internal disagreements within the party during the by-election. The allegations of working against the official candidate and supporting a rival have led to strict disciplinary action. The party leadership has moved quickly to address the issue and reorganise the minority wing structure following Jabbar’s exit.
Jabbar’s response
Reacting to the suspension, Abdul Jabbar said he would first review the order before making any detailed response. He said those who suspended him would have provided reasons, and he would examine them before replying to both the party and the media.
He rejected suggestions of any electoral setback, stating that there was no question of the Congress losing and expressing confidence that the party would win. On the issue of candidate selection, he said that it should not be limited to one name and recalled that during a meeting with the Chief Minister, there was a demand to give a ticket to the Kuruba community instead of favouring a single family.
Jabbar also said he does not know why the party acted in haste. He added that he would not comment on who might be behind the decision, noting that the party had given him position and respect. He said he would respond fully after receiving the official letter.",False,2,2,0.73,False,False,False
fda519ceb89fc0e4,EVT_00043,news18,2026-04-15 07:36:58,2026-04-15,Beyond The CM Chair: Is This Nitish Kumar's Masterplan For Continued Dominance In Bihar?,https://www.news18.com/politics/nitish-kumar-bihar-beyond-cm-chair-masterplan-continued-dominance-jdu-caste-ws-l-10033438.html,"Beyond The CM Chair: Is This Nitish Kumar's Masterplan For Continued Dominance In Bihar?
The popular narrative that Nitish Kumar gave away Bihar to BJP by stepping into the Rajya Sabha and allowing Samrat Choudhary to occupy the chief minister's chair is superficial
Nitish Kumar’s latest political manoeuvre in Bihar can be read as a masterstroke in consolidating his own authority, even as the BJP achieves a historic milestone by having its own chief minister through Samrat Choudhary.
The transition from speculation about the fading relevance of the Janata Dal (United) in the National Democratic Alliance (NDA) setup to the emergence of a Nitish Kumar‑centric architecture reveals a carefully staged power‑sharing script that deepens his grip over the non‑Yadav OBC‑EBC‑upper‑caste matrix rather than weakening it.
Recommended Stories
- 'New Govt Will Have My Full Cooperation, Guidance': Nitish Kumar In His Farewell Post
- Nitish Kumar Resigns As Bihar Chief Minister, BJP's Samrat Choudhary To Lead New Govt
- Nitish Kumar Now Rajya Sabha MP: Who Will Succeed Him As Bihar CM? 5 Top Contenders
- Nitish Kumar Takes Oath As Rajya Sabha MP, Bihar To Get New Chief Minister Soon
The popular narrative that Nitish gave away Bihar to the BJP by stepping into the Rajya Sabha and allowing Samrat Choudhary to occupy the chief minister’s chair is superficial. In reality, the move follows a classic pattern unique to him.
He has tried to further solidify the grassroots organisation and caste arithmetic while delegating the formal office to a senior ally. By insisting that the BJP accept Choudhary as CM and successfully communicating that choice to New Delhi, he has again demonstrated that this is not a retreat but a rebranding of dominance: he shifts from the visible face of governance to the invisible architect who sets the tone, lineup, and caste calculus of the government.
At the social level, the appointment of Choudhary – a Koeri leader from the ‘Luv‑Kush’ (Kurmi-Koeri) social bloc that Nitish has relied on since the 1990s – reaffirms his core non‑Yadav OBC and EBC base. He built his mass politics by positioning himself as the alternative to Lalu Prasad Yadav’s Muslim-Yadav model and, by ensuring that a Koeri becomes CM, he sends a strong signal that the non‑Yadav OBC and EBC communities still see him as their primary political patron.
It is a strategic recalibration of caste equations to isolate the RJD‑Muslim‑Yadav combine and upgrade the standing of Koeri and allied castes within the NDA structure.
THE CHOICE OF DEPUTIES
The expected appointment of Bhumihar upper-caste leader Vijay Chaudhary and Yadav leader Bijendra Prasad Yadav as deputy CMs is the most significant aspect of this power‑sharing matrix.
Traditionally, the upper castes in Bihar have been the BJP’s natural social base, while the Muslim‑Yadav have been the core of the social coalition of Lalu Prasad Yadav and now his successor and son, Tejashwi Yadav. Nitish’s ability to pull a Bhumihar leader from his own party into the deputy CM slot and secure the representation of a Yadav leader within the JDU‑led NDA framework signals a tactical reconfiguration of caste alignments.
For the BJP, accepting these two deputies alongside its own CM means that the real caste balance of power in Bihar still runs through JD(U). The upper‑caste Bhumihar face legitimises the BJP‑JD(U) coalition in the upper‑caste belt, while the Yadav name creates a fault line in the traditional Yadav‑RJD ecosystem.
If Bijendra Prasad Yadav can comfortably occupy a deputy CM seat under a Nitish Kumar-led coalition, it weakens the monopolistic claim that only the RJD represents Yadav interests.
NITISH KUMAR’S SYMBOLIC ADVANTAGE
Beyond the state‑level structure, Nitish’s positioning also responds to a wider national‑level mood among upper castes.
From the 2018 amendment to the SC/ST Prevention of Atrocities Act to the more recent UGC 2026 equity regulations, upper‑caste groups, especially in north India, have expressed unease over what they see as an increasingly assertive, identity-based framework that potentially marginalises their voices. Nitish’s decision to anchor the Bihar government in a more inclusive, caste‑broad coalition without abandoning upper‑caste representation, plays directly into this sentiment.
By ensuring that a Bhumihar leader becomes deputy CM and by keeping Brahmin leaders like Sanjay Jha in the national working president position, Nitish signals that the JD(U) is not just a non‑Yadav OBC‑centric party but a multi‑caste, pan‑Bihar formation. This helps the party horizontally expand its base across castes rather than being confined to a limited social category.
In the broader picture, Nitish has once again re-established himself as the indispensable balancer in Bihar’s politics. His decision to become a Rajya Sabha member while allowing Choudhary to be CM gives him the freedom to operate at both national and state levels without being bogged down by day-to-day administrative heat.",False,2,2,0.39,True,False,False
0fc1c0c556ba1a0e,EVT_00045,theprint,2026-04-15 12:03:20,2026-04-15,"Chennai: Tamil Nadu Chief Minister and DMK president M. K. Stalin Wednesday announced a black flag protest across Tamil Nadu Thursday against the Centre’s proposed delimitation exercise under the Constitutional Amendment Bill 2026. The announcement, ...",https://theprint.in/politics/stalin-ups-the-ante-calls-for-black-flag-protest-against-delimitation-bjp-ally-aiadmk-silent/2905559/,"Chennai: Tamil Nadu Chief Minister and DMK president M. K. Stalin Wednesday announced a black flag protest across Tamil Nadu Thursday against the Centre’s proposed delimitation exercise under the Constitutional Amendment Bill 2026. The announcement, made in a video on X, came after a meeting with DMK MPs and district secretaries to discuss on the party’s response and mobilisation.
Tamil Nadu’s other Dravidian major, the AIADMK, which is contesting the upcoming 23 April state polls in alliance with the BJP, has been silent so far.
AIADMK spokesperson Kovai Sathyan told ThePrint said that the party does not want to make any reactive statements and its representative M. Thambidurai would make a detailed statement in Parliament during the special session Thursday.
On Wednesday, Tamilaga Vettri Kazhagam chief and actor Vijay also said that if the Constitutional Amendment Bill 2026 is passed, the disparity between representation of southern and northern states will increase significantly.
Last year on 5 March, the AIADMK and the Tamilaga Vettri Kazhagam had participated in an all-party meeting convened by Tamil Nadu Chief Minister MK Stalin to discuss and oppose the proposed Lok Sabha delimitation.
Following up on a video message on X on 14 April, Stalin urged people to hoist black flags from homes and public spaces on 16 April to protest the “massive historic injustice” to Tamil Nadu and southern states.
In his video statement on X, he asked: “Punishment for contributing to India’s progress? Is this how Tamil Nadu and the southern states are repaid?” Stalin criticised the Centre for planning to push the delimitation amendment in Parliament in the middle of elections in Tamil Nadu and West Bengal.
He added: “Every South Indian living south of the Vindhyas is seething with anger and the BJP is playing with fire” by proceeding with a population-based exercise that would unfairly penalise southern states for successfully implementing family planning measures, reducing their relative parliamentary representation, while disproportionately enhancing the political power of northern states.
Stalin stated: “Across Tamil Nadu, black flags will rise from homes and public spaces tomorrow in protest against delimitation. If the Union government refuses to respect Tamil Nadu’s voice and (does not) step back, you will face the consequences. The price you will pay will be heavy. As President of the DMK, and above all as a self-respecting Tamil, this is my stern warning,” he asserted.
At the virtual meeting with DMK MPs and all district secretaries before the announcement Wednesday, Stalin discussed delimitation in detail, strategy for the black flag protest, and preparation for larger agitations if the Centre proceeded without addressing the concerns of Tamil Nadu.
Earlier Tuesday, Stalin, in a video message had cautioned that any move harming Tamil Nadu’s interests would see every family take to the streets under his leadership, reviving the aggressive spirit of the DMK’s 1950s and 1960s movements. He had described it as a “final warning” to Prime Minister Narendra Modi.
Stalin had earlier highlighted that southern states complied with the Centre’s family planning directives but were now facing “punishment” through reduced political representation. He criticised the lack of consultation, transparency, and any assurance from the Prime Minister despite repeated requests, including those from Congress leader Sonia Gandhi.
TVK chief and actor Vijay said in a statement that while his party welcomed the amendment Bill that proposed to provide 33 per cent reservation for women in Parliament, it opposed delimitation.
“If that happens, in matters such as enacting laws related to language, culture, and state rights, as well as formulating the Union government’s policies, the representation of southern states will decrease, while that of northern states will increase,” the statement said.
TVK said the Bill was “discriminatory” and that if the Bill was passed, the demands of the people of southern states, particularly the voice of the people of Tamil Nadu, would go unheard in Parliament.
“The passage of this bill appears to impose a ‘punishment’ on a state that has adhered to the Union government’s announcements for generations, while offering a ‘reward’ to states that have not followed it. If this Bill is passed, it could also impact financial allocations. A change in the number of parliamentary constituencies will reflect in the financial allocations to the state,” the statement said.
Echoing the state government’s accusations against the Union government on potential financial losses to Tamil Nadu, he added that the Centre already does not provide adequate funds and schemes to Tamil Nadu.
“In such a situation, after constituencies are redelimited, there is a likelihood that funding for population-based schemes will further decrease,” Vijay said, urging that the attempt to pass the Constitution (131st Amendment) Bill, 2026 be abandoned.
Several other political parties including Congress, CPI, Marumalarchi Dravida Munnetra Kazhagam (MDMK) have also criticised the Union government on delimitation and extended support to DMK.
Congress MP Karti Chidambaram told ANI Wednesday: ‘If there is going to be delimitation and redrawing of constituencies among states based on the 2011 census, it will be grossly unfair to the southern states and to a few other states which have implemented family planning effectively.”
MDMK leader Durai Vaiko said: “I don’t know the reason behind this urgency, but the delimitation Bill has, in fact, raised serious concerns among opposition parties. Our CM M. K. Stalin, and Telangana CM, Karnataka CM, and other opposition CMs put a request to the Prime Minister and to the BJP government, asking for a discussion on this delimitation Bill to make sure that it does not affect states,” he said.
On the other hand, BJP leader K. Annamalai told ANI that the Tamil Nadu CM, as usual, wants to do politics over everything. “The mothers and sisters of Tamil Nadu want 33 per cent reservation to be implemented as soon as possible. TN CM is seeing defeat staring at him, and this is why he is making politics out of it,” he said.
The special Parliament session commencing Thursday is expected to take up the Constitutional amendment Bill 2026. Southern chief ministers, including Telangana’s Revanth Reddy and Karnataka’s Siddaramaiah, have also voiced strong opposition and called for a united southern front against any formula that penalises developed states.
Political observers expect widespread participation in Thursday’s black flag protest by DMK cadre, allies, and the public, ahead of the Tamil Nadu assembly elections on 23 April. The move is expected to consolidate anti-BJP and minority votes in the state in favour of the DMK.
(Edited by Viny Mishra)
Also read: Stalin issues ‘final warning’ from Tamil Nadu on delimitation. ‘Every family will take to streets’",False,3,3,0.44,True,False,False
ad82f180799ca4e6,EVT_00103,the_new_indian_express,2026-04-16 18:10:27,2026-04-16,NEW DELHI: The Supreme Court of India on Thursday upheld the preventive detention order passed by the Central Economic Intelligence Bureau and affirmed the Karnataka High Court order against Kannada actress Ranya Rao for allegedly smuggling gold into...,https://www.newindianexpress.com/nation/2026/Apr/16/sc-upholds-detention-order-against-ranya-rao-in-gold-smuggling-case,"NEW DELHI: The Supreme Court of India on Thursday upheld the preventive detention order passed by the Central Economic Intelligence Bureau and affirmed the Karnataka High Court order against Kannada actress Ranya Rao for allegedly smuggling gold into the country.
A bench of Justices M M Sundresh and N Kotiswar Singh dismissed the appeals filed by Rao's mother and another accused against the December 19, 2025 order of the Karnataka High Court, which had upheld the preventive detention order.
“Detention order is not in contravention of Article 22(3)(b) of the Constitution. Substantial procedural compliance had been made by the authorities while issuing the detention orders. The detenus had been furnished with the relied-upon documents within the prescribed time and that the contents of electronic evidence, including CCTV footage, had been displayed to them in prison,” the apex court said while dismissing the special leave petitions filed by Rao and others.
The Bench also observed that a detenu has no right to be represented by a legal practitioner before the Advisory Board as a matter of course. Such a right would arise only if the detaining authority itself participates through a legal practitioner, which was not the case here.
“The detention order contained adequate reasons, including prior instances of disposal of foreign-marked gold bars, and that a live and proximate link existed between the alleged activities and the need for preventive detention,” the court said.
It added that there was no illegality or violation of constitutional safeguards under Article 22 and upheld the preventive detention order passed by the Central Economic Intelligence Bureau and affirmed by the Karnataka High Court.
The petitioners had argued before both the High Court and the Supreme Court that the detenus and their relatives challenged the detention orders on multiple grounds.
“The relied-upon documents were not properly supplied, that there was no imminent possibility of future smuggling activities, and that the detention orders lacked proper subjective satisfaction by the detaining authority,” they argued.
The petitioners further submitted that the refusal to permit legal representation before the Advisory Board vitiated the detention proceedings.
“The authorities had failed to establish a proximate link between the alleged past activities and the necessity for preventive detention order,” they contended.
Rao has been in jail for more than a year after her arrest in March 2025 in the case. She was detained by the Directorate of Revenue Intelligence at the Kempegowda International Airport in Bengaluru.",False,2,2,0.43,True,False,False
94b32dde0f551020,EVT_00103,the_hindu,2026-04-16 23:13:20,2026-04-16,"A nine-judge Constitution Bench of the Supreme Court (SC), led by Chief Justice of India Surya Kant, is currently hearing petitions relating to discrimination against women at religious places, examining the correctness and broader constitutional imp...",https://www.thehindu.com/news/national/on-the-sabarimala-temple-entry-case/article70870812.ece,"A nine-judge Constitution Bench of the Supreme Court (SC), led by Chief Justice of India Surya Kant, is currently hearing petitions relating to discrimination against women at religious places, examining the correctness and broader constitutional implications of its 2018 ruling in Indian Young Lawyers’ Association vs. State of Kerala on women’s entry into the Sabarimala Temple in Kerala.
On September 28, 2018, a five-judge Constitution Bench of the apex court, by a 4:1 majority, struck down the age-based restriction, declaring Rule 3(b) of the Kerala Hindu Places of Public Worship (Authorisation of Entry) Rules, 1965 – which permitted ‘religious denominations’ to exclude women from public places of worship on grounds of custom — as unconstitutional. The exclusion of women of “menstruating age” violated the guarantees of equality, non-discrimination and dignity, the apex court had held. It further ruled that devotees of Lord Ayyappa do not constitute a separate ‘religious denomination’, and that the said custom does not qualify as an “essential religious practice” (ERP).
Published - April 16, 2026 11:13 pm IST",False,2,2,0.43,True,False,False
ae4757bb96c0dc20,EVT_00110,hindustan_times,2026-04-16 07:44:07,2026-04-16,"BRS, YSRCP urge Centre to address South’s concerns on delimitation",https://www.hindustantimes.com/india-news/brs-ysrcp-urge-centre-to-address-south-s-concerns-on-delimitation-101776282972510.html,"BRS, YSRCP urge Centre to address South’s concerns on delimitation
BRS and YSR Congress support constituency delimitation but urge the Centre to ensure fair representation for southern states amid concerns over reduced seats.
Bharat Rashtra Samithi (BRS) and YSR Congress party, the major opposition parties in Telangana and Andhra Pradesh respectively, on Wednesday welcomed the delimitation of constituencies in the country, but urged the Centre to allay apprehensions over possible injustice caused to the southern states in the process.
Taking to X, BRS working president KT Rama Rao warned that if the delimitation process results in reduced representation for southern states in Parliament, it would trigger a widespread public agitation across south India.
The BRS has been demanding an increase in the number of assembly and Lok Sabha seats as promised in the AP Reorganisation Act, 2014. “Our party’s stance on delimitation has remained unchanged for the past three years. We continue to stand firmly by the position it had adopted earlier,” he said.
KTR further asserted that the people of southern states in Parliament would not tolerate any attempt to suppress their voice and representation. He added that they would fight without compromise to protect the rights of South Indian citizens.
He urged the Centre to understand the ground realities and expressed hope that “those in power in Delhi will listen and act with wisdom.
He also said there was no need to link women’s reservation with delimitation, and demands immediate implementation of women’s reservation.
On the other hand, YSRCP state coordinator Sajjala Ramakrishna Reddy said the party extends its full support to the proposed delimitation process.
Reddy told reporters in the party office at Tadepalli that the party was committed to the Centre’s decision to undertake the redrawing of constituency boundaries. He emphasised that ensuring adequate representation in proportion to the growing population is a fundamental democratic principle.
At the same time, the YSRCP urged the Centre to take into account public concerns and objections that may arise during the delimitation exercise. “Any changes to constituency boundaries should be carried out in a manner that does not inconvenience local populations,” said Reddy, adding that a scientific and systematic resolution of public grievances was necessary.
He reiterated that the delimitation exercise should be conducted in a fair and inclusive manner, ensuring public confidence in the outcome.
- ABOUT THE AUTHORSrinivasa Rao Apparasu
Srinivasa Rao is Senior Assistant Editor based out of Hyderabad covering developments in Andhra Pradesh and Telangana . He has over three decades of reporting experience.",False,2,2,0.67,False,False,False
68c82184ffaf1a33,EVT_00088,ndtv,2026-04-16 16:38:37,2026-04-16,"SpiceJet Plane Winglet Breaks, Gets Stuck In Akasa Jet It Hit In Delhi",https://www.ndtv.com/india-news/akasa-spicejet-aircraft-involved-in-minor-collision-at-delhi-airport-11366260#publisher=newsstand,"A SpiceJet plane was taxiing at Delhi airport at around 2:15 pm on Thursday when it hit a stationary Akasa aircraft, resulting in a minor collision that resulted in damage to the two planes. No one was injured in the accident.

The Directorate General of Civil Aviation (DGCA) in a statement said that the SpiceJet pilots involved in the incident and the concerned Air Traffic Control officer have been de-rostered, pending investigation.

""On 16.04.2026 winglet of Spicejet B-737-700 aircraft VT-SLB taxying in to the allocated parking bay No. 106 after operating flight SG-124 (Leh-Delhi) at Terminal 1 hit the Horizontal tail surface (HTS) of Akasa B-737 aircraft positioned on the apron after push back for operating flight QP 1406 (Delhi-Hyderabad). Due to impact RH winglet of Spicejet aircraft and HTS of Akasa aircraft is damaged. DGCA is carrying out further investigation. Concerned Air Traffic control officer and the involved pilots of SpiceJet have been off rostered pending investigation,"" the DGCA statement read.

The right winglet of SpiceJet was damaged and the left-hand horizontal stabilizer of Akasa was hit. Akasa Air's plane was to operate flight QP-1406 from Delhi to Hyderabad while the SpiceJet aircraft had arrived from Leh.

Both aircraft have been grounded due to damages suffered in the accident, according to officials.

""Preliminary information indicates that Akasa's aircraft was stationary when another airline's aircraft made contact with it. All passengers and crew were safely disembarked, and our ground teams are making alternative arrangements to fly our passengers to Hyderabad at the earliest,"" Akasa airline said in a statement.

""In line with established protocols, the relevant authorities have been informed, and the matter is under investigation.

At Akasa Air, the safety and security of our passengers and crew remain our highest priority,"" the airline underlined.

Aviation regulator DGCA (Directorate General Of Civil Aviation) is investigating the matter.

""On 16.04.2026 Spicejet winglet of B-737-700 aircraft, VT-SLB taxiing in the allocated parking bay after operating flight SG-124 (Leh-Delhi) at Terminal 1 has hit Horizontal tail surface (HTS) of Akasa B-737 aircraft positioned on the apron after push back for operating flight on sector (Delhi-Hyderabad). Due to impact RH winglet of Spicejet aircraft and THS of Akasa aircraft is damaged,"" the DGCA said.",False,2,2,0.78,False,False,False
8ae438ad0be3762a,EVT_00087,india_today,2026-04-16 20:15:06,2026-04-16,Shariat law faces Supreme Court scrutiny over women's property rights,https://www.indiatoday.in/india/law-news/story/supreme-court-reviews-pil-against-muslim-personal-law-shariat-property-inheritance-2897321-2026-04-16,"Shariat law faces Supreme Court scrutiny over women's property rights
The petitioner argued that the provisions are not an essential religious practice and restrict individuals' right to dispose of self-acquired property.
The Supreme Court on Thursday agreed to examine a PIL challenging parts of the Muslim Personal Law (Shariat) Application Act, 1937, even as it flagged the limits of judicial intervention and called a uniform civil code a “constitutional ambition.”
A bench led by Chief Justice Surya Kant, along with Justices Joymalya Bagchi and Vipul M Panchol, issued notice to the Union Ministry of Minority Affairs and sought its response on the plea filed by a non-Muslim party -- Poulomi Pavini Shukla and the Nyaya Naari Foundation.
At the outset, the bench appeared hesitant, noting that striking down or altering provisions of the 1937 law could amount to judicial legislation. “We can neither legislate nor create amendments,” the CJI said, cautioning that replacing personal laws with the Indian Succession Act may cross into Parliament’s domain.
The court, however, agreed to hear the matter after senior advocate Prashant Bhushan argued that certain provisions violate women’s fundamental right to equality under Article 14.
Calling the uniform civil code a “constitutional ambition,” the CJI added, “it has nothing to do with religion.”
The bench also questioned the maintainability of the petition in its current form. “Can someone who is not a Muslim file such a petition?” the CJI asked, suggesting that affected Muslim women should be part of the proceedings.
He directed Bhushan to bring “actual sufferers” on record. “You will have to add the affected women as party/intervenors so that it doesn’t appear to be an issue of other persons challenging a faith,” he said, noting that Article 25 concerns may arise later.
Bhushan told the court that several Muslim organisations have issued statements backing the plea, stressing that inheritance rights of Muslim women must be protected.
Arguing the case, he said the 1937 law discriminates against women in matters of inheritance. “In the absence of uniform civil law, 100 million Muslim women [are] being discriminated against women receive half or even less of what male counterparts receive,” Bhushan said, calling it a violation of Article 14.
“It’s discriminatory to say women will get half or less than what male counterpart will get This can’t be essential religious practice protected under Article 25,” he added, describing the issue as “purely civil.”
The petitioner argued that the provisions are not an essential religious practice and restrict individuals’ right to dispose of self-acquired property. “Every Muslim who has self-acquired property is being denied the right to will their property according to their decision,” the plea said, adding that they are bound by the Shariat Act.
Justice Bagchi observed that “reformation should come from within the sect itself,” while also remarking that “the answer is in the Constitution.”
Bhushan countered that even Hindu law is not entirely uniform and includes customs and local practices. “For drafting the UCC, one must incorporate the most liberal aspects from all religions which protect the rights of the most people,” he said, adding that any such code should not reinforce fears that it would be based solely on the Hindu Code.
The bench acknowledged concerns about overreach. Justice Bagchi asked whether it falls within the judiciary’s scope “to make social reforms,” even as Bhushan maintained that the Supreme Court has the power to strike down discriminatory laws.
Issuing notice, the top court said it would proceed cautiously, mindful of both constitutional principles and the limits of its role.",False,2,2,0.67,False,False,False
c0c30a245169d134,EVT_00110,india_today,2026-04-16 19:34:57,2026-04-16,"AAP MP attacks Centre's delimitation move, calls it unfair to Punjab",https://www.indiatoday.in/india/story/aap-slams-proposed-delimitation-exercise-as-an-attack-on-representation-malvinder-singh-kang-calls-it-unfair-to-punjab-2897310-2026-04-16,"AAP MP attacks Centre's delimitation move, calls it unfair to Punjab
AAP sharpens its attack on the proposed delimitation exercise, warning of a larger political battle as Punjab leaders allege bias against certain states and vow to challenge the move across all democratic platforms.
The proposed delimitation exercise has drawn sharp political fire, with the Aam Aadmi Party calling it an “assault on fair representation” and warning of a nationwide challenge against the move.
Punjab AAP MP Malvinder Singh Kang launched a strong attack, saying the exercise was not a routine democratic step but a targeted action against certain states.
“The proposed delimitation exercise is not a routine democratic correction; it is a calculated assault on fair representation, one that punishes states like Punjab,” Kang said.
AAP WARNS OF NATIONWIDE PROTEST
Kang said Punjab’s contributions to the country cannot be ignored and warned that the state would resist any move seen as undermining its voice.
“Punjab has given this nation its food, its soldiers, its peace, and its sacrifices. We will not accept quiet disenfranchisement,” he said.
He added that the party would challenge the proposal across multiple platforms. “We will oppose this draconian move in the streets, in the courts, and in every democratic forum.”
FEDERALISM CONCERNS RAISED
The AAP leader said the proposed changes risk weakening the federal structure of the country.
“The soul of Indian federalism must not be allowed to be weakened,” Kang said, framing the issue as a broader constitutional concern rather than a state-specific dispute.
The delimitation exercise, which involves redrawing parliamentary and assembly constituencies based on population, has increasingly become a flashpoint, with opposition parties raising concerns over its potential political impact.",False,2,2,0.67,False,False,False
d13af8bda50777c2,EVT_00088,hindustan_times,2026-04-16 16:56:14,2026-04-16,"Akasa, SpiceJet aircraft involved in minor collision at Delhi airport",https://www.hindustantimes.com/india-news/akasa-air-spicejet-aircraft-involved-in-minor-collision-at-delhi-indira-gandhi-international-airport-101776338120740.html,"Akasa, SpiceJet aircraft involved in minor collision at Delhi airport
The incident took place at around 2.15 pm near Terminal 1, when the Akasa flight was being taxied out from the stand.
A SpiceJet aircraft was involved in a minor collision with an Akasa Air plane on the runway at the Indira Gandhi International Airport in Delhi.
The incident took place at around 2.15 pm near Terminal 1, when the Akasa flight was being taxied out from the stand, while the SpiceJet flight was arrival flight was taxiing in for stand. The concerned air traffic control officer and SpiceJet pilots involved in the incident were were de-rostered, the DGCA said in a statement.
The Akasa Air flight, QP-1406, was bound for Hyderabad, while the Spice Jet flight, SG-124, had just arrived from Leh. Information regarding the incident was conveyed to all concerned officials.
The Directorate General of Civil Aviation said the SpiceJet flight had hit the “horizontal tail surface (HTS)” of Akasa Air, which was “positioned on the apron after push back” for operating its flight to Hyderabad. Owing to the impact, the right-hand (RH) winglet of the SpiceJet flight and the HTS of Akasa aircraft was damaged, the DGCA said, while stating that it was investigating the matter.
Passengers, crew safely disembarked, says Akasa spokesperson
In a statement released after the incident, an Akasa Air spokesperson said the airline's aircraft was “was stationary when another airline’s aircraft made contact with it.”
“Akasa Air’s aircraft operating flight QP 1406 from Delhi to Hyderabad had to return to the bay on April 16, 2026…” the spokesperson said, adding that all passengers and crew were safely disembarked following the minor collision. The airline further said that ground teams were making alternative arrangements “at the earliest” to fly the passengers to Hyderabad.
“In line with established protocols, the relevant authorities have been informed, and the matter is under investigation. At Akasa Air, the safety and security of our passengers and crew remain our highest priority,” the spokesperson added.
Second such incident in two months
This is the second such incident in over two months, after an Air India and IndiGo aircraft were involved in a minor collision on ground at Mumbai's Chhatrapati Shivaji International Airport in February.
According to ground reports, the wing tips of both planes brushed against each other while on the taxiway. The Air India flight AI 2732 (Mumbai–Coimbatore) was pushing back for departure, while IndiGo flight 6E 791 (Hyderabad–Mumbai) was taxiing after landing.
The incident took place while passengers were on board both aircraft. However, no injuries were reported, and all passengers were safely disembarked, an Air India spokesperson later stated.
“'Flight AI2732 operating from Mumbai to Coimbatore on 3 February was delayed after the aircraft scheduled to operate the service came into contact with another airline’s aircraft while waiting on the taxiway prior to take-off. The wingtips of the two aircraft made contact, resulting in damage to our aircraft’s wingtip,” Air India said in a statement after the incident. The aircraft was grounded for checks, and ground teams made alternative arrangements for them to fly. IndiGo also stated that an investigation had been launched.
- ABOUT THE AUTHORArya Mishra
Arya Mishra is a Content Producer at Hindustan Times, based in New Delhi, and a key member of the digital news team focusing on urgent breaking developments across India and the world. With a sharp editorial instinct and strong reporting skills, Arya covers high-impact crime incidents, public safety and justice issues, political developments, education policy and international affairs, consistently delivering clear, accurate and timely journalism. Her recent reporting highlights include detailed coverage of serious criminal cases, politics as well as analyses of national education reforms and international diplomatic moves. On the world news front, she has written about global trade policy changes and security developments, including tariff shifts by the United States and strategic counter-terrorism strategies being rolled out by Ministry of Home Affairs. Arya thrives in fast-paced environments – running live blogs, crafting in-depth explainers and real-time news coverage that keeps readers informed as stories evolve. Before joining Hindustan Times, she was a part of The Indian Express online team. Outside the newsroom, she is an avid reader, with a love for thriller and suspense fiction, and enjoys music as a way to unwind. With more than three years of experience in dynamic newsrooms, Arya brings curiosity, clarity and commitment to every story she covers.Read More",False,2,2,0.78,False,False,False
3e81f4a2055350c0,EVT_00088,india_today,2026-04-16 17:55:32,2026-04-16,SpiceJet plane hits stationary Akasa Air plane at Delhi airport,https://www.indiatoday.in/india/video/tcs-nashik-conversion-case-reaches-supreme-court-2897145-2026-04-16,"SpiceJet plane hits stationary Akasa Air plane at Delhi airport
A major aviation incident occurred at the Indira Gandhi International Airport in Delhi when a taxiing SpiceJet Boeing 737 aircraft collided with a stationary Akasa Air plane.
A case concerning alleged religious conversions and sexual harassment at a Tata Consultancy Services facility has reached the Supreme Court. An application has been filed in a suo moto case, with a plea claiming that the national racket has shaken the conscience of the country. The controversy involves at least 12 female employees, with nine officially filing First Information Reports. The accused allegedly targeted young women in financial need, passing inappropriate and indecent remarks about Hindu deities and the Hindu religion. Furthermore, the accused made offensive comments regarding the personal and marital lives of the victims. In one instance, a woman unable to conceive faced deliberate remarks that escalated into an indecent proposal and an intention of sexual intimacy. The complaints also highlight the role of the human resources manager, who allegedly won the trust of the affected women but failed to take any actionable steps to address their grievances. The legal proceedings are currently underway at the top court.
A major aviation incident occurred at the Indira Gandhi International Airport in Delhi when a taxiing SpiceJet Boeing 737 aircraft collided with a stationary Akasa Air plane.
Prime Minister Narendra Modi, who addressed the Lok Sabha on the Women's Reservation Bill, urged the opposition not to politicise the women's reservation bill and assured that the proposed legislation will not lead to any injustice or discrimination against any state.
Prime Minister Narendra Modi on Thursday urged the opposition not to give political colour to the women's reservation bill and warned that women won't forgive those who oppose the proposed 33 percent reservation for women.
A security breach occurred during Mamata Banerjee’s padyatra in Jalpaiguri district, when a youth broke through the security cordon and ran towards the West Bengal Chief Minister, attempting to touch her feet. He was swiftly intercepted and removed by her security personnel. Banerjee briefly paused her yatra following the incident but resumed it shortly after.",True,2,2,0.78,False,False,False
669554057b4a4f44,EVT_00087,ndtv,2026-04-16 19:15:37,2026-04-16,"Uniform Civil Code A ""Constitutional Ambition"": Top Court On Shariat Plea",https://www.ndtv.com/india-news/uniform-civil-code-a-constitutional-ambition-supreme-court-on-shariat-plea-11367235#publisher=newsstand,"Observing that a uniform civil code is a ""constitutional ambition"", the Supreme Court agreed on Thursday to hear a PIL challenging the constitutional validity of certain provisions of the Muslim Personal Law (Shariat) Application Act, 1937, on the ground that those are allegedly discriminatory against women, especially when it comes to property rights.

A bench of Chief Justice Surya Kant and Justices Joymalya Bagchi and Vipul M Panchol sought the Union Ministry of Minority Affairs' response on the public interest litigation (PIL) matter filed by Poulomi Pavini Shukla and the Nyaya Naari Foundation.

The court asked lawyer Prashant Bhushan to ensure that some aggrieved Muslim women are part of the proceedings.

The bench, which was initially reluctant to intervene on the ground that removing or deleting any word or provision in the Shariat application law would amount to judicial legislation, later agreed to examine the issue after Bhushan said a section violates the fundamental right to equality of women guaranteed under the Constitution.

""Moreover, the property rights of women cannot form an essential religious practice of a religion and hence, cannot be protected under Article 25 of the Constitution,"" he said.

Article 25 guarantees all persons the fundamental right to freedom of conscience and the right to freely profess, practise and propagate religion. However, the right is not absolute and is subject to public order, morality, health and other fundamental rights.

When Bhushan said the civil laws of a country should be uniform for all, the CJI said, ""The uniform civil code is a constitutional ambition."" The plea has said the current Shariat inheritance rules are ""manifestly discriminatory"" against women, often granting them only half or less of the share allocated to their male counterparts.

Bhushan said the 1937 Act violates Article 14 (right to equality) of the Constitution.

He said matters of succession are civil in nature and do not constitute an ""essential religious practice"" protected under Article 25.

""Saying women will get half or even less than half compared to male counterparts is discriminatory,"" Bhushan said.

He referred to similar pending cases in the top court when the bench was expressing its disinclination to entertain the PIL and suggested that if the discriminatory provisions of the 1937 law are struck down, the court could direct that the Indian Succession Act, which is gender-agnostic, be applied to Muslims to avoid a legal vacuum.

The bench expressed caution regarding the potential for judicial overreach and said the court may be criticised for intervening.

The CJI said replacing personal laws with the Indian Succession Act might be venturing into the territory of ""legislating"", a power reserved for Parliament. ""We can neither legislate nor create amendments,"" he said.

Justice Bagchi added that the ""threshold of reading down"" a law is much higher when the court is asked to delete existing statutes rather than filling an empty legal space.

""Here, Shariat law exists,"" he said.

During the proceedings, the CJI emphasised the importance of hearing directly from those impacted by these laws.

Acknowledging the public-interest element, he said, ""Some aggrieved person has to come."" Bhushan offered to bring ""any number of women who are aggrieved"" to join the petition.

He also cited support from groups like Indian Muslims for Secular Democracy, who have called for reforms in personal laws.

Earlier, the bench had asked Bhushan to amend the petition and observed that the time has come for a uniform civil code.

The bench had termed the plea, seeking striking down of provisions of the Shariat law of 1937 for being discriminatory to Muslim women, a ""very good case"", which advisably only the legislature should look into.

The bench had wondered whether the court can at all adjudicate the constitutionality of a personal-law practice and referred to the landmark Bombay High Court case of Narasu Appa Mali (1951) that had held that personal laws (religious laws on marriage, inheritance etc.) are not ""laws in force"" under Article 13 of the Constitution and thus, cannot be challenged for violating fundamental rights.

Bhushan had pointed out that in 2017, the apex court had struck down ""triple talaq"" as an unconstitutional practice.

""We cannot have a situation in the country now after the Shayara Bano judgment that Muslim women will not have the same rights as Muslim men in matters of divorce,"" he had said, adding that the issue is complicated and requires wide-scale deliberations.

The bench had allowed Bhushan to amend the petition filed by Shukla and others and posted the matter for further hearing after four weeks, saying it is an ""important issue"".

(Except for the headline, this story has not been edited by NDTV staff and is published from a syndicated feed.)",False,2,2,0.67,False,False,False
fb5f316c252d8765,EVT_00122,ndtv,2026-04-16 19:34:21,2026-04-16,"AQI 'Poor', Pollution Curbs Under GRAP-1 Imposed In Delhi-NCR In April",https://www.ndtv.com/india-news/aqi-poor-pollution-curbs-under-grap-1-imposed-in-delhi-ncr-in-april-11367333#publisher=newsstand,"The Commission for Air Quality Management (CAQM) has invoked Stage 1 of the Graded Response Action Plan (GRAP) across Delhi and its surrounding areas, as the national capital's air quality index (AQI) entered into the ""poor"" category.

The CAQM, the central anti-pollution panel for Delhi and its neighbouring states, said in a statement on Thursday that the national capital has been showing an increasing trend owing to unfavourable meteorological conditions. It noted that Delhi's AQI touched 226, which falls under the ""poor"" category.

The body, citing the India Meteorological Department's forecast, said the AQI of Delhi and its neighbouring cities will likely remain in the ""poor category"" over the next two days.

""The Sub-Committee, accordingly, decides to invoke all actions under Stage-I ('Poor Air Quality) of the extant GRAP in the entire NCR, with immediate effect. Actions under Stage-1 of the extant GRAP shall be implemented, monitored and reviewed by all the agencies concerned in the entire NCR to ensure that the AQI levels do not slip further. All implementing agencies shall keep strict vigil and intensify measures of the extant GRAP schedule. Citizens may be requested to strictly adhere to the citizen charter under GRAP Stage-1,"" it said in the statement.

GRAP 1 restrictions come into force when the AQI is between 201 and 300 (which is categorised as 'Poor'), GRAP 2 restrictions when it is between 301 and 400 ('Very Poor'), GRAP 3 between 401 and 450 ('Severe') and GRAP 4 when the AQI crosses 450 ('Severe Plus').

GRAP Stage 1 measures entail periodic mechanised sweeping and water sprinkling on roads, dust mitigation at construction sites, proper waste management, strict checks on polluting vehicles, better traffic management, and emission controls in industries, power plants, and brick kilns.",False,2,2,0.52,False,False,False
dccb3abe32082c03,EVT_00122,the_times_of_india,2026-04-16 19:50:00,2026-04-16,"NEW DELHI: The Commission for Air Quality Management (CAQM) on Thursday imposed Stage-I measures across Delhi-NCR under the Graded Response Action Plan (GRAP) after air quality slipped into the ""poor"" category.",https://timesofindia.indiatimes.com/india/aqi-in-poor-category-grap-1-curbs-imposed-in-delhi-ncr/articleshow/130310067.cms,"NEW DELHI: The Commission for Air Quality Management (CAQM) on Thursday imposed Stage-I measures across Delhi-NCR under the Graded Response Action Plan (GRAP) after air quality slipped into the ""poor"" category.
“The AQI of Delhi has been showing an increasing trend owing to unfavourable meteorological conditions and was recorded at 226 (‘poor’ category) today. Forecasts by the India Meteorological Department and Indian Institute of Tropical Meteorology indicate that it is likely to remain in the ‘poor’ category over the next two days,” a senior official told PTI.
The CAQM sub-committee subsequently decided to enforce all actions under Stage-I of GRAP across the NCR with immediate effect, the official added.
What's allowed and what's not
Under GRAP stage-I curbs, the burning of waste in the open is strictly prohibited. The use of coal or wood as fuel in roadside eateries and commercial kitchens is banned, with hotels, restaurants and open dining areas required to switch to electricity, gas or other cleaner fuels.
Additionally, diesel vehicles older than 10 years and petrol vehicles older than 15 years are barred from operating on the roads of Delhi.
Dust suppression measures, including the deployment of anti-smog guns, will be enforced at all construction and demolition sites. Projects exceeding 500 square metres must adhere to approved dust control plans.
Poll
How likely are you to switch to cleaner fuel options if mandated by law?
The use of diesel generators is permitted only for essential or emergency purposes. Polluting vehicles may face penalties or be impounded. Traffic management measures include deploying police personnel at key intersections and advising motorists in Delhi NCR to switch off engines at red lights.
Watch
‘Can’t Stay Two Days In Delhi’: Gadkari On Severe Pollution, Transport Sector Role",False,2,2,0.52,False,False,False
b7c606c657fcb489,EVT_00112,the_hindu,2026-04-16 23:40:36,2026-04-16,"Around 100 women participated in an all-women motorcycle and scooter rally in the city on Thursday, expressing solidarity with the introduction of the Women’s Reservation Bill in the Lok Sabha. The Bill, officially titled the Nari Shakti Vandan Adhin...",https://www.thehindu.com/news/national/andhra-pradesh/women-bat-for-33-reservation-bill-take-out-bike-rally-in-visakhapatnam/article70869804.ece,"Around 100 women participated in an all-women motorcycle and scooter rally in the city on Thursday, expressing solidarity with the introduction of the Women’s Reservation Bill in the Lok Sabha. The Bill, officially titled the Nari Shakti Vandan Adhiniyam proposes 33% reservation for women in the Lok Sabha and State Legislative Assemblies.
Before the rally, participants organised a signature campaign at the venue, voicing support for the proposed legislation and urging its passage.
Published - April 16, 2026 11:40 pm IST",False,2,2,0.54,False,False,False
5a606cfb5e5491d0,EVT_00055,hindustan_times,2026-04-16 07:21:35,2026-04-16,"Details of 'sexual harassment' of employees at TCS-linked BPO shared with NIA, ATS: Nashik Police",https://www.hindustantimes.com/india-news/details-of-sexual-harassment-of-employees-at-tcs-linked-bpo-shared-with-nia-ats-nashik-police-101776303951331.html,"Details of 'sexual harassment' of employees at TCS-linked BPO shared with NIA, ATS: Nashik Police
The special investigation team (SIT) is probing into the role of eight accused, all senior employees at the BPO, who have been named in the case so far.
The Nashik City Police have shared details of the alleged incidents of sexual harassment of employees at a Tata Consultancy Services (TCS)-linked BPO (business process outsourcing) with the National Investigation Agency (NIA), the Maharashtra Anti-Terrorism Squad (ATS) and intelligence agencies, seeking their assistance in probing possible links of the accused with extremist organisations and any foreign funding, a senior officer said ion Wednesday.
The special investigation team (SIT) is probing into the role of eight accused, all senior employees at the BPO, who have been named in the case so far, Nashik commissioner of police (CP) Sandeep Karnik told reporters.
“The police have provided all case details to NIA, state ATS and intelligence agencies. Only after receiving inputs from them can we determine whether the accused had any international links or external support for such unlawful activities,” Karnik said.
The development comes as the probe widens beyond workplace misconduct to examine possible larger networks. Nine FIRs were registered between March 26 and April 3—one at Deolali and eight at Mumbai Naka police stations—based on complaints by nine junior employees alleging sexual abuse, harassment and religious coercion.
A Nashik court also took up the matter on Wednesday with additional judicial magistrate RC Narwadiya remanding the operations-cum-HR manager, arrested on April 13, to 14 days of magisterial custody.
Also Read: How six women cops went undercover to probe rape, sex abuse charges at TCS in Nashik
So far, seven of the eight accused—six men and one woman—have been arrested, while another woman is absconding. Explaining the role of the two female accused, Karnik said that the arrested operations and HR head of the unit had allegedly discouraged a victim from submitting a complaint, saying “these things happen” and sided with the accused. The other woman accused faces charges of religious harassment.
Bajrang Dal calls for nationwide protest
Meanwhile, the Bajrang Dal called for a nationwide protest on April 16 and 17 to denounce alleged instances of sexual harassment and forced conversion at Nashik BPO.",False,3,3,0.51,False,False,False
c30c017e7e757c99,EVT_00055,india_today,2026-04-16 23:49:54,2026-04-16,Man arrested in TCS Nashik conversion case claims he was beaten by jail inmates,https://www.indiatoday.in/india/story/nashik-it-conversion-case-shafi-shaikh-jail-assault-claim-police-custody-ordered-2897408-2026-04-16,"Man arrested in TCS Nashik conversion case claims he was beaten by jail inmates
A key accused in the Nashik IT company conversion case has alleged he was assaulted inside jail, adding a new twist as the court sends both suspects to police custody amid tight security and in-camera proceedings.
A fresh controversy has erupted in Maharashtra’s Nashik district after a suspect in a high-profile IT company conversion case alleged he was assaulted inside jail, even as the court sent him and a co-accused to police custody for further interrogation.
The accused, Shafi Shaikh, is linked to a case involving the alleged exploitation of women and accusations of hurting religious sentiments at a multinational IT company in Nashik.
During proceedings at the District Sessions Court, Shafi Shaikh told the judge that he had been beaten up by other inmates while lodged in Nashik Road Central Jail.
The matter came up during a tightly secured in-camera hearing, held behind closed doors due to the sensitivity and rising tensions around the case.
COURT SENDS ACCUSED TO POLICE CUSTODY
Both Shafi Shaikh and co-accused Raza Memon were produced before the court under heavy police security. The police sought custody of both accused for further investigation into the alleged forced conversion case.
After hearing arguments from both sides, the court remanded the duo to police custody till April 18.
The court proceedings were held in camera, given the seriousness of the case and security concerns surrounding the accused.
INVESTIGATION DEEPENS
The case, involving allegations of forced conversion and abuse within a corporate workplace, is now being probed further by police to establish the full extent of the network and possible involvement of others.
The alleged assault inside jail has added a new dimension to the investigation, with concerns now also being raised over the safety of the accused in custody.
FAMILY REACTION AND ALLEGATIONS
Family members of the accused have defended him, claiming the case is being misrepresented.
Aiyaz Kazi, uncle of one of the accused, said, “A man is being blamed for the entire community. This is being projected as a love affair issue, and other cases are false.”
He also alleged pressure in the case, claiming political influence behind the developments, while insisting that those responsible for any wrongdoing should be punished.
CASE UNDER SCRUTINY
With allegations inside jail and custody proceedings moving ahead, the case has taken multiple turns, widening scrutiny on both the investigation and prison security arrangements.
Authorities are expected to examine the jail assault claim alongside the ongoing criminal probe.",False,3,3,0.51,False,False,False
60fbfc3511927142,EVT_00060,hindustan_times,2026-04-16 08:11:23,2026-04-16,‘Anti-national’: Opposition vows unity to defeat govt's proposal for Lok Sabha expansion,https://www.hindustantimes.com/india-news/anti-national-opposition-vows-unity-to-defeat-govt-proposal-for-lok-sabha-expansion-women-reservation-rahul-gandhi-101776306224587.html,"‘Anti-national’: Opposition vows unity to defeat govt's proposal for Lok Sabha expansion
The government is set to introduce three bills –The Delimitation Bill, 2026, The Constitution Bill, 2026, and the Union Territories Laws (Amendment) Bill 2026
Opposition parties on Wednesday vowed unity to defeat the government’s legislative proposals to expand the strength of the Lok Sabha to 850 for implementing 33% women’s reservation as the Leader of the Opposition in the Lok Sabha Rahul Gandhi called the bills “anti-national” a day ahead of Parliament’s special sitting.
Gandhi demanded that women’s reservation should take into account the caste enumeration proposed in the 2027 census.
“The truth is if Modi ji has his way, the share of smaller states, southern states and the northeast states will be reduced, which is a major loss for them. I consider this as anti-national activity. Our stand is clear: if you want to reserve seats, do it on the basis of the OBC census and the 2026 census. And if you want to implement the women’s bill, it is already there and we will give you full support. But we will not allow action against the OBCs, southern and smaller states,” Gandhi said in a video message.
Earlier in the day, 20 opposition parties and independent MP Kapil Sibal attended a strategy meeting at Congress president Mallikarjun Kharge’s residence. “We all parties should unitedly fight in Parliament. We will oppose this bill, but we are not against the reservation [for women],” Kharge said.
Which bills are being introduced in LS today?
The government is set to introduce three bills –The Delimitation Bill, 2026, The Constitution (One Hundred and Thirty-first Amendment) Bill, 2026, and the Union Territories Laws (Amendment) Bill 2026 – to raise the Lok Sabha ceiling from 550 to 850 seats and conduct delimitation based on the latest – effectively the 2011 – census figures to roll out the women’s quota from the 2029 general elections.
In a post on X, Congress general secretary in-charge communications Jairam Ramesh said, “The Opposition will do whatever it takes to defeat the Constitution Amendment Bill especially. The country should prepare itself for a political earthquake.”
The constitution amendment bill must be passed in each House by a majority of the total membership of that chamber, and by a majority of not less than two-thirds of the members present and voting. The Opposition argues that delimitation based on the 2011 census will put southern states at a disadvantage even as the government says the increase will be proportional – a word not mentioned in the version of the bill circulated to lawmakers on Tuesday.
In the 540 seat-strong Lok Sabha(three seats are vacant), the National Democratic Alliance – which has 292 MPs – needs a large chunk of votes from the Opposition. If all 540 MPs vote, the bill will require the support of 360 MPs. The Opposition will require a minimum of 181 votes to defeat the bill.
Can opposition stand united in elections season?
For the Opposition, the biggest challenge is keeping its flock together amid election campaigns in West Bengal and Tamil Nadu, and the government’s efforts to woo lawmakers. According to two senior officials, the Trinamool Congress, which has 28 Lok Sabha MPs, told the Opposition that it could spare only 10 lawmakers for voting in the Lok Sabha as others were busy with the West Bengal poll campaign.
The Congress and the BJP have issued whips to their MPs for the special session.
Rahul Gandhi’s message aimed to highlight how the Congress was at the forefront of women’s reservation but would not support the amendments as it went against the caste census and backward castes. “Now a big fraud is being done. The Prime Minister doesn’t want the reservation on the basis of the caste census, OBC census and the new census. He wants to use the 2011 census which doesn’t have OBC figures. He wants to snatch away your representation. The new census has started which will have OBC enumeration, why don’t you pass the women reservation bill on the basis of the new census?” he asked.
Gandhi also hit back at Prime Minister Narendra Modi, saying, “I understand that you want to give a message to the country that you are pro-women. But you are worried about the Epstein files. 35 lakh files are locked in the US and the keys are with Trump ji. And you are scared. But this can’t be the way. You want an increase in seats and delimitation in your way and give nothing to OBC. We will not allow this to happen. Old data would not work. Only 2026 caste census data should be used.”
Earlier in the day, Rashtriya Janata Dal working president Tejashwi Yadav, Nationalist Congress Party (Sharadchandra Pawar) MP Supriya Sule, Shiv Sena (Uddhav Balasaheb Thackeray) MP Sanjay Raut, Dravida Munnetra Kazhagam’s TR Baalu, Aam Aadmi Party’s Sanjay Singh and other prominent INDIA bloc leaders attended the meeting at Kharge’s residence.
Kharge later accused the government of making a “politically motivated” move to suppress the opposition parties.
“We are all in favour of the Women’s Reservation Bill. But the way in which they have brought it, we have reservations about that. It is politically motivated. Just to suppress the opposition parties, the government is doing this. Though we have supported the Women’s Reservation Bill continuously, we insist that the earlier amendments be implemented. They are playing some tricks with delimitation,” he said.
“This delimitation is very dangerous. According to this bill, the proportion of many states will decrease, especially for southern states and north-eastern states. The way the delimitation commission has worked in Assam and Jammu and Kashmir, it is clear that the commission is a weapon in the BJP’s hands to gain a majority. We are against the delimitation. We want women’s reservation from the next Lok Sabha election,” Ramesh said.
Ramesh added that the opposition will democratically oppose the bills in both Houses of Parliament. Southern states have already expressed their concerns over their proportional representation in the Lower House of Parliament reducing. In a post on X, Tamil Nadu chief minister MK Stalin said, “Let the black flag fly tomorrow in the homes, streets, and shops of Tamil Nadu! Let it stand as our symbols of resistance at the doorsteps! This is not the struggle of an individual movement; it is the struggle of Tamil Nadu!”
He called everyone to rise above party differences to raise a strong and united voice against delimitation. “Therefore, transcending party differences, let us all raise our voices! If we refuse to raise our voices tomorrow, our voice will become worthless in Parliament!” he said.
- ABOUT THE AUTHORSaubhadra Chatterji
Saubhadra Chatterji is Deputy Political Editor at the Hindustan Times. He writes on both politics and policies.",False,3,3,0.56,False,False,False
9ae0e353b9f731f1,EVT_00060,news18,2026-04-16 17:58:55,2026-04-16,50% Delimitation Formula: Which States Will Get What Based On 2011 Census,https://www.news18.com/politics/50-delimitation-formula-which-states-will-get-what-based-on-2011-census-10037479.html,"50% Delimitation Formula: Which States Will Get What Based On 2011 Census
A central feature of this reform is the dramatic expansion of the Lok Sabha's maximum strength from 550 to 850 members
The introduction of the Delimitation Bills of 2026 marks a transformative shift in India’s legislative landscape, fundamentally altering the composition of the Lok Sabha and the procedural requirements for women’s reservation. According to a study by PRS Legislative Research, this legislative package—comprising the Constitution (131st Amendment) Bill, the Delimitation Bill, and the Union Territories Laws (Amendment) Bill—seeks to bypass the significant delays inherent in waiting for the 2027 Census results. Under previous statutes, women’s reservation was tethered to the first census conducted after 2023, a timeline that would have effectively excluded the 2029 general elections. This new reform decouples that requirement, enabling delimitation to proceed based on the 2011 Census and ensuring that the one-third quota for women can be operationalised in the immediate future.
A central feature of this reform is the dramatic expansion of the Lok Sabha’s maximum strength from 550 to 850 members. As highlighted by the PRS study, this increase is designed to restore the principle of proportional representation, where each state’s seat share reflects its actual population. However, this shift inevitably reopens the debate over the “population stabilisation"" incentives that had frozen seat allocations since 1976. By shifting the baseline to the 2011 Census, the relative political weight of states will change significantly. High-growth states in the north, such as Uttar Pradesh and Bihar, are projected to see substantial increases in their tallies, while southern states like Tamil Nadu and Kerala, which successfully implemented population control measures, face a relative decline in their share of the House.
Recommended Stories
- Lok Sabha Seats In States To Be Increased By 50%, 272 Reserved For Women: Law Minister
- Women's Reservation Bill Highlights: INDIA Bloc To Oppose Women Reservation Bill, Says Kharge
- Delimitation Bill 2026 LIVE Updates: Amit Shah Says No Loss To Southern States, Slams Oppn For Spreading Misinformation
- Delimitation Row: Centre Likely To Specify State-Wise Allocation Of Lok Sabha Seats In Parliament Today
Beyond the geographic distribution of power, the expansion carries profound implications for the internal mechanics of Parliament and the balance between its two Houses. While the Lok Sabha grows by over 50 per cent, the Rajya Sabha’s strength remains frozen at 250 members. The PRS analysis points out that this widening disparity alters the constitutional ratio between the two bodies from 2.2:1 to roughly 3.3:1, effectively diluting the Rajya Sabha’s influence during joint sittings and in the election of the President and Vice-President. Furthermore, a larger Lok Sabha will naturally lead to an increase in the permissible size of the Council of Ministers, which could grow from 81 to 122 members, potentially reviving concerns about the administrative efficiency of oversized cabinets.
Finally, the Bills introduce a notable change in how delimitation is triggered and governed. By granting Parliament the power to determine both the timing of future delimitations and the specific census to be utilised via a simple majority, the amendment moves away from the rigid constitutional periodicity of the past. This provides the executive with greater flexibility but, as the PRS research notes, also removes certain constitutional certainties regarding the use of the latest data. As the new Delimitation Commission prepares to redraw the map of 850 constituencies, the focus will remain on how individual Members of Parliament manage their roles in a more crowded chamber, where the time available for debates, questions, and legislative scrutiny will be significantly more constrained.",False,3,3,0.56,False,False,False
46510ab70edbf818,EVT_00062,the_times_of_india,2026-04-16 06:39:00,2026-04-16,"NEW DELHI: External affairs minister S Jaishankar Wednesday underlined India's strong commitment to safe and unimpeded transit passage of maritime shipping, saying attacks on merchant shipping were completely unacceptable.",https://timesofindia.indiatimes.com/india/attacks-on-merchant-shipping-completely-unacceptable-eam/articleshow/130295610.cms,"NEW DELHI: External affairs minister S Jaishankar Wednesday underlined India's strong commitment to safe and unimpeded transit passage of maritime shipping, saying attacks on merchant shipping were completely unacceptable.
The minister gave vent to India's concerns related to merchant shipping disruptions in Strait of Hormuz, while participating in a meeting convened by Japan to discuss supply chain disruptions in energy markets.
Watch
India Engages Israel On Iran And Hormuz Crisis As Jaishankar Pushes Dialogue Amid Rising Tensions
""Global growth demands that energy markets are not constricted. As a major energy consumer, India will work with like-minded partners to develop supply chain resilience,"" said Jaishankar in a post on X.
He was participating in the Asia Zero Emission Community Plus Online Summit on Energy Resilience that was convened by Japanese PM Sanae Takaichi.",False,3,3,0.44,True,False,False
997917a009e175a8,EVT_00062,hindustan_times,2026-04-16 07:11:56,2026-04-16,India calls for safe Strait of Hormuz transit: Attacks on merchat shipping ‘completely unacceptable’,https://www.hindustantimes.com/india-news/attacks-on-merchant-shipping-completely-unacceptable-india-101776282312029.html,"India calls for safe Strait of Hormuz transit: Attacks on merchat shipping ‘completely unacceptable’
India calls for safe transit of vessels amid Strait of Hormuz disruptions, emphasizing supply chain resilience and cooperation with global partners.
India on Wednesday called for safe and unimpeded transit of merchant vessels as the closure of the Strait of Hormuz disrupted energy flows, with external affairs minister S Jaishankar backing closer coordination with partners to shore up supply chain resilience.
Jaishankar represented India at the “Asia Zero-Emission Community (AZEC) Plus” meeting chaired by Japanese Prime Minister Sanae Takaichi, which focused on energy supply disruptions caused by the closure of the Strait of Hormuz. The waterway is used to transport about half of India’s oil imports. Follow live updates on Iran-US war
“Underlined India’s strong commitment to safe and unimpeded transit passage of maritime shipping. Attacks on merchant shipping are completely unacceptable,” Jaishankar said on social media after the meeting.
“Global growth demands that energy markets are not constricted. As a major energy consumer, India will work with like-minded partners to develop supply chain resilience,” he added.
The meeting –attended by the 11 members of AZEC, including Australia and Singapore, and partners such as India, Bangladesh and South Korea –saw Japan unveil a new initiative, Partnership on Wide Energy and Resources Resilience (POWERR) Asia, aimed at supporting countries hit by fuel supply disruptions.
The initiative will provide financial cooperation of about $10 billion to Asian countries, according to a readout from Japan’s foreign ministry. As part of efforts to strengthen supply systems, Japan will support crude oil stockpiling systems, construction of infrastructure such as storage tanks, restoration of oil production facilities in oil-producing countries in West Asia, and securing the safety of sea lanes.
Takaichi said Asian countries were among the most affected by disruptions linked to the Strait of Hormuz and must work together to address the shared challenge. She described POWERR Asia as a framework combining emergency responses with longer-term structural measures, including financing crude procurement and maintaining supply chains.
Also Read: ‘President Xi will give me big, fat hug’: Trump claims he is ‘permanently’ opening Strait of Hormuz
Participants included Philippines President Ferdinand Marcos Jr., Malaysian Prime Minister Anwar Ibrahim, Singapore Prime Minister Lawrence Wong, and Bangladesh Prime Minister Tarique Rahman.
Separately, external affairs ministry spokesperson Randhir Jaiswal said Prime Minister Narendra Modi had emphasised the need to keep the Strait of Hormuz “open, safe and secure” during a phone call with US President Donald Trump on Tuesday. Trump briefed Modi on developments in the West Asia crisis.
Fifteen Indian-flagged or owned vessels are currently located west of the Strait of Hormuz, while nine vessels -- most of them LPG carriers -- have transited the waterway since the start of the conflict on February 28.
“We are talking with several countries about the Strait of Hormuz to ensure that the rest of our vessels can transit in a safe manner and come to India,” Jaiswal said.
With a US waiver on sanctions on Russian oil having expired and another on Iranian oil set to end, Jaiswal reiterated India’s focus on diversification. “We continue to buy oil from diversified sources keeping in mind the energy security needs of 1.4 billion people… and the global situation that we have to deal with,” he said.",False,3,3,0.44,True,False,False
05e1d2b1b0789e0b,EVT_00063,firstpost,2026-04-16 09:24:16,2026-04-16,India’s LPG crisis may take up to 4 years to ease amid Hormuz disruption: Report,https://www.firstpost.com/india/indias-lpg-crisis-may-take-up-to-4-years-to-ease-amid-hormuz-disruption-report-14001033.html,"India’s LPG supply disruption could take up to four years to normalise amid Hormuz blockade, with damaged Gulf infrastructure, limited storage, and heavy import reliance worsening shortages and price pressures

A worker unloads liquefied petroleum gas (LPG) cooking cylinders from a supply truck outside a distribution centre in the western Indian city of Ahmedabad. File image/Reuters

The restoration of India’s disrupted Liquefied Petroleum Gas (LPG) supply chains may take between three to four years, as uncertainty persists over whether production facilities in West Asia have suffered permanent damage or temporary halts.

Speaking to Moneycontrol, a senior government official said that the timeline for a return to normalcy is increasingly bleak. The crisis stems from the ongoing blockade of the Strait of Hormuz and Iranian strikes on regional energy infrastructure, which have severely choked the flow of cooking gas to South Asia.

STORY CONTINUES BELOW THIS AD

The ‘shut’ uncertainty

The official noted that inputs from global suppliers suggest a prolonged recovery period. The primary concern is the ambiguity surrounding the status of key production wells and processing units in the Gulf.

“Your LPG supply might take that long because some very critical supplies are shut down,” the official was quoted as saying. “What ‘shut’ exactly means is not fully clear—whether entire wells have been exhausted or production has stopped—but suppliers themselves are saying it will take at least three years.""

India’s strategic vulnerability

India’s strategic vulnerability has come sharply into focus amid the ongoing disruption, largely due to its heavy dependence on energy imports.

Nearly 60% of the country’s LPG consumption is sourced from overseas, and until recently, about 90% of these supplies passed through the Strait of Hormuz, making it a critical chokepoint.

Compounding the risk is India’s limited storage capacity, which covers barely 15 days of consumption against an annual demand of 33 million tonnes.

The impact is already being felt on the ground, with prices of a 14.2 kg domestic cylinder rising by Rs 60 since mid-March, while commercial cylinders have become costlier by Rs 115.

STORY CONTINUES BELOW THIS AD

To manage the strain, the government has prioritised household consumption over industrial use and increased the gap between cylinder bookings. Although efforts to diversify sourcing have reduced dependence on the Gulf from 90 per cent to 55 per cent by late March, effective supply disruption is still estimated at 40 per cent to 50 per cent.",False,2,2,0.52,False,False,False
06be4ffdd05a777c,EVT_00064,indian_express,2026-04-16 07:00:04,2026-04-16,"Amid firestorm over delimitation, why Parliament should rise to clear women’s quota",https://indianexpress.com/article/political-pulse/amid-firestorm-over-delimitation-bengal-tn-polls-why-parliament-should-rise-to-clear-womens-quota-10638828/,"Amid firestorm over delimitation, why Parliament should rise to clear women’s quota
Will Parliament, Treasury camp and Opposition show wisdom and statesmanship to resolve the impasse? Or will women of India have to wait for another 30 years to get their due share? That is the heart of the matter.
The Opposition has questioned why the special sitting of Parliament during April 16-18 to clear the Bills to operationalise the Nari Shakti Vandan Ahiniyam or women’s quota legislation should have been called amidst the ongoing elections in Tamil Nadu and West Bengal, arguing that it could have just been held after the end of polling on April 29.
The logic for it is not easy to understand. If by passing these Bills, the BJP wanted to influence women voters, it would get only three days of canvassing in Tamil Nadu and a little over a week in Bengal. Most voters make up their minds before the last stretch of campaigning.
A North-South slugfest over the Bills has also erupted with the three Bills unleashing sentiments of sub-nationalism, which might help DMK chief M K Stalin and TMC supremo Mamata Banerjee. The two Chief Ministers have dubbed the legislation an “injustice” against their states, alleging that Tamil and Bengali interests would be made subservient to the interest of the BJP-dominated Hindi heartland.
The focus has also shifted from women’s reservation issue to delimitation, to which the legislation is linked, and which may lead to a decline in the number of Lok Sabha seats from the South and the East as compared to the North.
A Tamil woman committed to the cause of women’s quota remarked angrily: “Women’s reservation can wait. I want my state to get proper representation first and that matters to me more.” This indicated that the opposition to the Narendra Modi government’s move may have a ground level resonance in the South.
What has riled the Opposition leaders is the silence of the Bills on the assurance that had been held out by the government – that the existing seat ratio between the states would be maintained.
Despite the Opposition’s misgivings, the BJP-led NDA, which does not have a two-thirds majority in either House of Parliament required to pass the 131st Constitution amendment Bill, has decided to go ahead and hold the special sitting in the extended Budget session.
It shows how high the stakes are for the BJP in Bengal. Every vote counts and women are an important segment of Mamata’s support base. Apart from the Bengal polls, the BJP would also hope to win over the larger constituency of women across the country.
Even if the Bills do not go through, the BJP may hope to put the Opposition in the dock – as the parties “opposed” to women’s reservation.
The Opposition suspects that the government has advanced the implementation of the women’s quota legislation, passed in September 2023, only as a “ploy”. It believes that the government wants to undertake delimitation in time for the 2029 Lok Sabha elections so that the constituencies are redrawn in a manner that would give it an “advantage”.
Even the contentious Hindu Code Bill, which challenged centuries of entrenched discriminatory attitudes towards women, took less than a decade for passage in the face of stiff opposition from various quarters, including the then President. It was passed in the form of several laws on inheritance, property, marriage, divorce and adoption in the 1950s.
Women quota Bill’s arc
For those who have tracked the trajectory of the Women’s Reservation Bill, know that it could not be passed for three decades because there was an inner resistance to it within every party even as they paid lip service. The resistance came not because male MPs have been anti-women, but stemmed from a fear that their constituencies might get axed in the process of ensuring one third seats to women in the Lok Sabha and the state Assemblies.
That was a key reason why the Bill first introduced in 1996, then again in 1998,1999 and in 2008, was allowed to lapse even though the government of the day enjoyed a majority. It was passed with a near unanimity in September 2023, but not operationalised because it was linked to the delimitation which would follow the upcoming census.
The 2026 amendment Bill proposes to increase the seats in the Lok Sabha to 815 – a 50% increase on its existing strength of 543 – to provide for one-third seats for women, calculated apparently to allay the apprehensions of male MPs. This has been caught in a fresh storm over a North-South divide.
It is a shame that women add up to no more than 13.6% of the Lok Sabha members today. Their number has gone up by just 9.22% in 80 years, up from 4.41% in the first Lok Sabha. It adds up to less than 1% rise in every decade.
Women in India had a headstart in getting constitutionally guaranteed equal rights – as compared to western suffragettes who had to struggle for a long period – and the process was aided by the nation’s founding fathers.
When Sarojini Naidu first gave the call in 1917 for women’s right to vote, she had made a case for women inclusion in the decision-making processes in the country at all levels.
When Naidu was chosen in 1925 to lead the Congress to spearhead the fight for freedom, just two out of 100 women could read or write.
In 1942, it was Aruna Asaf Ali who hoisted the national flag at the August Kranti Maidan in Bombay (now Mumbai) with the “quit India” call, symbolising the key role women were set to play in the independent country’s journey.
But when freedom came, women got token representation in Parliament and Assemblies. It was only in the 1980s and 1990s, when women saw how they were being systematically kept out of the political arena for reasons like their “inability to win”, “lack of resources” or because of an inherent bias against them, that they began to demand affirmative action for their political empowerment.
However, each time an attempt was made to increase their representation in the legislative bodies, some hurdle was put in the way.
In the past, the demand for a “quota within quota” for OBC women, torpedoed the Bill. This time equally serious issues have been invoked –
equality, federalism, neglect of the South and the East, the principle of “one person, one vote, one value”, the constitutional validity of linking delimitation to the 2011 census, altering the basic structure of the Constitution – and these cannot be ignored. But nor should the women’s reservation issue be kicked down the road yet again.
No solution is ever perfect. All eyes are now on the special sitting. Will Parliament, the Treasury camp and the Opposition show wisdom and statesmanship to resolve the impasse? Or will women of India – who have an “urja” which could transform India – have to wait for another 30 years to get their due share in the country’s decision-making processes? That is the heart of the matter.
(Neerja Chowdhury, Contributing Editor, The Indian Express, has covered the last 11 Lok Sabha elections. She is the author of ‘How Prime Ministers Decide’.)",False,3,3,0.38,True,False,False
77f94c465dbddb5a,EVT_00064,hindustan_times,2026-04-16 13:54:02,2026-04-16,"Bill burnt, black flags raised: How Opposition pushed back against 3 key bills introduced in Parliament",https://www.hindustantimes.com/india-news/bill-burnt-black-flags-raised-how-opposition-took-on-govt-s-3-key-bills-in-lok-sabha-delimitation-womens-reservation-101776325435698.html,"Bill burnt, black flags raised: How Opposition pushed back against 3 key bills introduced in Parliament
Prime Minister Narendra Modi will speak in the Lok Sabha at 3 pm today.
The Opposition pushed back fiercely against the Centre’s three key bills in the Parliament premises on Thursday. From wearing black clothes to raising strong objections during remarks in Lok Sabha, the Opposition left no stone unturned to convey its criticism of the government moves. In Tamil Nadu, chief minister MK Stalin was seen burning copies of the delimitation bill.
The government introduced three legislations, a Constitution Amendment Bill to modify the women’s quota law, a delimitation bill, and the Union Territories Laws (Amendment) Bill, aimed at implementing 33% reservation for women in Parliament and State Assemblies. This faced strong resistance from major Opposition parties, including the Congress, Samajwadi Party (SP), Trinamool Congress (TMC), and Dravida Munnetra Kazhagam (DMK).
The Constitution Amendment Bill was introduced after a division of votes in the House. A total of 251 members supported its introduction, while 185 opposed it. Prime Minister Narendra Modi will speak in the Lok Sabha later in the day.
Union Law Minister Arjun Ram Meghwal told the Lok Sabha that the total number of seats in the House would be increased to 815. He said seats across states would be expanded by around 50%.
Of the proposed 815 seats, 272 will be reserved for women.
Dressed in black
Opposition parties said they were not against women’s reservation but opposed linking it with delimitation.
DMK MPs arrived in the Lok Sabha dressed in black as a mark of protest. Senior leader TR Baalu said, “We favour the 2023 women quota law; but the present bill aims at delimitation.” He added that the party supports reservation for women but not its linkage with redrawing constituencies.
The Congress also framed the bill as a threat to federal principles. Senior leader KC Venugopal called it a “fundamental attack on Indian federal structure” and said that “women’s right is an excuse.”
Opposition leaders alleged that the proposed delimitation exercise, based on the 2011 Census, could alter the political balance ahead of the 2029 general elections.
‘Leaving out Muslims’
Several leaders directly opposed the bill during the debate. AIMIM chief Asaduddin Owaisi said, “I oppose its introduction… it is a violation of federalism.”
Akhilesh Yadav alleged that the government was “deliberately leaving out Muslims,” prompting a sharp response from Union Home Minister Amit Shah, who said, “No reservation on the basis of religion,” adding that such provisions would be unconstitutional.
The Communist Party of India (Marxist) demanded a complete rollback, saying the government must “withdraw all 3 bills.”
Boycott calls
The Congress announced that the Opposition would boycott the election of the Rajya Sabha Deputy Chairman as a mark of protest.
Tamil Nadu CM burns bill
Earlier, Tamil Nadu Chief Minister MK Stalin burnt a copy of the delimitation bill in protest and called it a “conspiracy and a black law.”
In a statement, he said, “May the resistance spread across Tamil Nadu. May the arrogance of the fascist BJP collapse… I have ignited another fire by burning a copy of the black law that turns Tamils into refugees in their own land.” He also called for black flag protests across the state.
Deputy Chief Minister Udhayanidhi Stalin said the Union government was “trying to reduce the representation from Tamil Nadu” through the proposed exercise.
Earlier, Congress president Mallikarjun Kharge said, “We have decided to oppose this bill but we are not against women’s reservation. We are against the delimitation provisions in the bill.”
Congress leader Rahul Gandhi and Akhilesh Yadav described the move as a “conspiracy”. TMC leader Derek O’Brien called it a “devious agenda”, while Congress general secretary Venugopal accused the government of trying to “bulldoze a deeply flawed, unconstitutional and anti-federal delimitation exercise.”
The proposed framework includes expanding the Lok Sabha from 543 to 850 seats and reserving one-third of them for women. It also seeks to end the freeze on seat redistribution in place since 1976.
- ABOUT THE AUTHORAnita Goswami
Anita Goswami is a Senior Content Producer at Hindustan Times, where she primarily covers Indian and international news. With four years of industry experience, she has led coverage of Indian General elections, Assembly elections, and national polls in the United States, Canada, Bangladesh, and Nepal. Her reporting covers global wars and major events, including Operation Sindoor, Sheikh Hasina's ouster and the Mahakumbh Mela. She verifies facts and uses clear sources to ensure accurate reporting. As former Chief Copy Editor at Storytailors, she managed teams to produce top-quality content for networks like NDTV, Profit, CNBC-TV18, Upstox and News18. Her work is featured in NDTV, Meaww, and Global Pulse. Throughout her tenure, Anita has collaborated with and been mentored by top industry experts. When not reading, Anita can be found outdoors or at a bakery. Fields of interest: Indian political history, international elections, historical policy analysis, global conflicts, cultural events, Formula 1, art, media ethics and reporting on socio-political change over time.Read More",False,3,3,0.38,True,False,False
0d8449891529e10d,EVT_00065,india_today,2026-04-16 18:18:40,2026-04-16,How PM Modi turned debate on women's quota into a dare for opposition,https://www.indiatoday.in/india/story/pm-modi-women-reservation-delimitation-parliament-speech-dares-opposition-2897179-2026-04-16,"How PM Modi turned debate on women's quota into a dare for opposition
During the debate on the Women's Reservation Act, PM Modi adopted a classic strategy to corner the opposition. PM Modi framed the issue of women's quota as both a moral obligation and a political acid test, thereby raising the stakes for the opposition.
Prime Minister Narendra Modi, the astute politician that he is, turned the debate on the Women's Reservation Act in Parliament into a challenge for the opposition on Thursday. It was a direct dare from PM Modi - oppose the legislation at your peril, as the country's ""nari shakti"" was watching closely, and history has not been kind to those who ""opposed women's rights"".
Speaking in Parliament after the Centre tabled three bills that would pave the way for the early implementation of 33% women's reservation, PM Modi mixed conviction with provocation. At the outset, the Prime Minister made it clear that women were watching all MPs and they would not forget ""ill intentions"" aimed at stalling the legislation, which was passed by Parliament in 2023.
'NARI SHAKTI WATCHING CLOSELY'
""Hamari neeyat ki khot, desh ki naari shakti kabhi maaf nahi karegi (The women of the nation will never forgive any dishonesty in our intentions). Today, the entire country, especially the women's power, will definitely look at our decisions, but more than the decisions, they will look at our intentions,"" PM Modi said.
In the past decade, parliamentary, as well as state elections, have shown how women voters hold the key in shaping electoral outcomes. It has resulted in parties bending over backwards in wooing them and rolling out women-centric schemes. PM Modi is well aware of this. He had this in mind when he dared the opposition to block the passage of the legislation.
He further underlined that the MPs should not be under the ""illusion"" or ""pride"" that ""we are giving anything to the women of this country"". In the same breath, he reinforced it, ""Not at all, this is their right.""
The Prime Minister stressed that the legislation was already 30 years too late. It followed a stark reminder to the opposition, who have objected to linking the bill to the delimitation exercise.
""Those who opposed giving this right to women have not been forgiven by the women of this country. They have faced the consequences,"" the Prime Minister said.
PM MODI INVOKES HISTORY
History shows that PM Modi has not been completely off the mark. Previously, there were four attempts to give 33% reservation to women in Parliament.
Such a bill was first introduced by the HD Deve Gowda government in 1996. The bill was referred to a committee, but it lapsed after the Gowda government lost a majority as Congress withdrew support. It was revived by the Atal Bihari Vajpayee-led BJP government in 1998 and 1999. On both occasions, the bill failed to proceed. Vajpayee lost the 2004 polls.
The Manmohan Singh government managed to pass the bill in the Rajya Sabha, but could not bring it to the Lok Sabha. The bill lapsed again in 2014 after the UPA made way for the BJP.
'GIVE YOU A BLANK CHEQUE'
Perhaps the most dramatic moment came when PM Modi, softening his tone, offered to cede credit for the legislation entirely. It was a political gamble. But Modi has taken many such gambles in his political career.
""I give you a blank cheque... I don't want the credit,"" he said, and even offered to put everyone's photo on hoardings after the passage of the legislation.
However, beneath the Prime Minister's conciliatory tone lay a clear dare as he went about outlining the political pitfalls.
""It is very obvious that if you oppose this bill, then I will get political benefits from it. However, if we walk together, nobody will benefit from it,"" PM Modi emphasised.
In his 40-minute speech, PM Modi blended appeal with accusation, charging the opposition with employing ""technical bahanebaazi"" to stall women's reservation.
""Today, we don't have the courage to deny it openly, so technical excuses are being sought out. But you can't deceive women now,"" he said.
PM CALLS OUT 'TECHNICAL BAHANEBAAZI'
The first ""technical excuse"" mentioned by PM Modi involved the opposition's bid to link the delimitation to a fresh Census. The opposition has sought that the delimitation exercise be carried out using the 2021 Census data. However, PM Modi argued that using the 2011 Census as a baseline was a mathematical necessity to implement it before 2029.
The second ""technical excuse"" identified by PM Modi was the debate around the North-South divide over delimitation. The southern states have raised the concern that the redrawing of constituencies would cost them seats and thereby their voice in Parliament.
However, PM Modi assured that the increase in parliamentary constituencies would be uniform across all states and as per existing proportions. He also asserted that he was willing to offer a ""guarantee"" that the proportionate share of states would not change.
The strategy adopted by the Prime Minister was a classic move to corner the opposition while, at the same time, inviting cooperation.
By framing the issue of women's quota as both a moral obligation and a political acid test, PM Modi raised the stakes for the opposition. The writing for the opposition is on the wall - support the legislation or oppose it and risk facing the ire of women voters.",False,3,3,0.47,False,False,False
b03b0d527cced07b,EVT_00065,hindustan_times,2026-04-16 17:19:29,2026-04-16,"‘Credit ka blank cheque’: PM Modi jibes at Oppn over women's quota bill, says ‘ready to give advertisement to anyone’",https://www.hindustantimes.com/india-news/credit-ka-blank-cheque-pm-modi-denies-credit-for-womens-reservation-bill-says-ready-to-give-advertisement-to-101776335760350.html,"‘Credit ka blank cheque’: PM Modi jibes at Oppn over women's quota bill, says ‘ready to give advertisement to anyone’
Calling the women's reservation bill in “favour of the country's democracy,” PM Modi noted that the reservation will be the country's collective decision.
Prime Minister Narendra Modi while speaking in Lok Sabha on Thursday said that he does not want credit for the benefits of the women's reservation bill. He also added that after the bill passes, he will give a full-page advertisement to anyone who wants, adding “Samne se credit ka blank cheque aapko de raha hoon.”
PM Modi addressed the Lok Sabha special session to introduce the women's reservation and delimitation bill. Speaking in the house, PM stressed that the Modi government does not need credit for the benefits of the bill. He also said that as soon as the bill passes, he is ready to thank everyone.
Further, PM Modi also claimed that related to the benefits of the bill, he is ready to give a full-page ad with whoever's photo you want on the government's expense.
Follow for live updates on parliament special session
Calling the bill in “favour of the country's democracy,” he noted that the reservation will be the country's collective decision, and everyone will be entitled to the credit. “Na treasury bank uska haqdaar hoga na Modi uska haqdaar hoga,” he added.
In his address, PM also called out to those calling it a political move, saying, “Isko rajnitik rang dene ki zarurat nahi hai.”
Also read: Women quota bill won't discriminate, in favour of democracy: PM Modi in Lok Sabha | Top quotes
PM urged the opposition to set aside their difference and pass the bill, which requires a two-thirds majority. “If we all come together, it will not go in favour of any one person or party,"" he said. He also warned those who are opposing the bill, saying that they will not be “forgiven” by the women of the country. “Women have not forgotten those who have stood against their rights,” he said.
The women's reservation bill was first introduced in 2023 and was passed unanimously. However, it was not implemented due to the delayed census. The centre has now introduced three key bills pushing for the reservation bill to be implemented on the basis of the 2011 census.",False,3,3,0.47,False,False,False
b9757cd076fcfca2,EVT_00065,news18,2026-04-16 21:49:26,2026-04-16,"'No Discrimination Against North, South, Big Or Small States': PM Modi's 'Guarantee' On Delimitation",https://www.news18.com/politics/modi-delimitation-no-discrimination-north-south-big-small-states-10036379.html,"'No Discrimination Against North, South, Big Or Small States': PM Modi's 'Guarantee' On Delimitation
PM Narendra Modi indicated that voices opposing the process are doing so for ""political benefit"", but said it is his guarantee that there will be ""no discrimination, no injustice""
Prime Minister Narendra Modi on Thursday said there will be no discrimination among states when it comes to the delimitation exercise, whether they are “North, South, big or small"".
Elaborating on the Delimitation Bill, Prime Minister Modi indicated that voices opposing the process are simply doing so for “political benefit"", but said it is his “guarantee"" that there will be “no discrimination, no injustice"".
Recommended Stories
- 'Will Publish Your Photo In Govt Ad': PM Modi Says Oppn Can Take Credit For Women's Reservation Bill
- ‘Most Important Decision Of 21st Century’: PM Modi On Women Reservation Bill
- 'Daughters Can't Be Asked To Wait Endlessly...': PM Modi's Letter Over Women's Quota Bill
- ‘Don’t Politicise’: PM Modi Says Those Opposing Women’s Reservation Bill Will Pay Heavy Price Later
“Some are creating trouble just for political benefit. I rise in this House with a sense of responsibility to say from this sacred place that, whether it is the South, North, East, or West; whether small states or large states, the processes being undertaken will not discriminate against anyone,"" Modi said during the special session in Parliament held to discuss the women’s reservation and delimitation bills.
Watch the video here:
VIDEO | Speaking in the Lok Sabha on the Women’s Reservation Bill, Prime Minister Narendra Modi says, “ I rise in this House with a sense of responsibility to say from this sacred place that, whether it is the South, North, East, or West; whether small states or large states, the… pic.twitter.com/TVfvn9XwNN— Press Trust of India (@PTI_News) April 16, 2026
He said this decision-making process will not do injustice to any region or section. “Whatever delimitation was carried out in the past, and the proportions that have been followed since then, will remain unchanged. Any future increase will also be in the same proportion,"" he said.
Modi said he will use the words “promise"" and “guarantee"" if that is what is needed as his “intent is clear"".
“If you want the word ‘guarantee’, I am ready to give a guarantee. If you want a promise, I am ready to make a promise. When the intent is clear, there is no need to play with words,"" he added.
The opposition has heavily criticised the ruling NDA for linking the women’s reservation and delimitation bills. But, Modi urged the other side not to give a political colour to the government’s bills for implementation of the women’s reservation law. He said they should be mindful that those who had opposed this in the past had suffered badly in elections.
Intervening in the debate in the Lok Sabha on the three bills moved to amend the women’s quota law and set up a delimitation commission, he said if all sides support the bills, it will not go in favour of politics of any one side but would be in favour of the country.
“Since women’s reservation came into discussion, those who opposed this in the past, were not forgiven by the women of the country and they ended up badly in the elections that followed,"" he said.
WHAT ARE THE BILLS UNDER DISCUSSION?
The Constitution (131st Amendment) Bill to tweak the women’s quota law was introduced in Lok Sabha on Thursday after a division of votes.
Two ordinary bills – the Delimitation Bill and the Union Territories Laws (Amendment) Bill to implement the proposed amended women’s quota law in Union territories of Delhi, Puducherry and Jammu and Kashmir – were also introduced in the House. These were introduced after a fiery 40-minute debate following which the opposition pressed for the division of votes to introduce the Constitutional (131st Amendment) Bill.
The Bill was later introduced with 251 members supporting it and 185 members voting against the introduction.
(With agency inputs)",False,3,3,0.47,False,False,False
5d189fbdbe97a770,EVT_00046,hindustan_times,2026-04-16 07:54:07,2026-04-16,Cong suspends Abdul Jabbar amid internal rift after bypoll,https://www.hindustantimes.com/india-news/cong-suspends-abdul-jabbar-amid-internal-rift-after-bypoll-101776283152526.html,"Cong suspends Abdul Jabbar amid internal rift after bypoll
Congress suspended MLC K Abdul Jabbar for alleged anti-party activities related to the Davanagere South by-election and ticket disputes.
The Congress on Wednesday suspended MLC K Abdul Jabbar from primary membership, owing to alleged anti-party activities in the run-up to the recent by-election in the Davanagere South assembly segment.
Deputy chief minister and party state chief DK Shivakumar announced the decision, which reportedly stemmed from a dispute over ticket allocation, after Jabbar’s bid was rejected in favour of sitting MLA late Shamanuru Shivashankarappa’s grandson Samarth Shamanur Mallikarjuna. Senior leaders later accused Jabbar of failing to back the official nominee during the campaign.
On Sunday, Jabbar stepped down as the head of the party’s minority wing.
Responding to the order, Jabbar said that ticket discussions included demands to consider candidates from the Kuruba community, rather than favouring a single family. “I have not yet received the suspension letter and had learned of the decision through media reports,” he said, and urged the media to seek clarification on the evidence against him that spurred the move from the state party leadership.
He alleged that he and Naseer Ahmed, formerly the chief minister’s political secretary, were being singled out, adding that he had worked for the party since his days in the National Students’ Union of India.
He also dismissed claims of any electoral disadvantage of the party. He added that the party had given him both position and recognition and that he would respond fully after receiving official communication.
As internal reviews continue, additional claims have surfaced within the party’s assessment of the bypoll. Among them is the allegation that some leaders informally supported Social Democratic Party of India candidate Afsar Kodlipete. The leadership has not publicly responded to these claims, though internal assessments and intelligence inputs are said to have pointed to tacit backing for rival candidates.
The review is also understood to have flagged the roles of Karnataka minister B.Z. Zameer Ahmed Khan and MLC Naseer Ahmed, who serves as political secretary to Chief Minister Siddaramaiah, in actions that may have affected the party’s official campaign. Naseer Ahmed has reportedly been asked to step down from his post, while discussions on further disciplinary measures are ongoing.
- ABOUT THE AUTHORArun Dev
Arun Dev is an Assistant Editor with the Karnataka bureau of Hindustan Times. A journalist for over 10 years, he has written extensively on crime and politics.",False,2,2,0.73,False,False,False
91a9f6a15fb12a4e,EVT_00031,ndtv,2026-04-16 21:12:22,2026-04-16,Top Court Allows Last-Minute Inclusion Of 'Cleared' Voters In Bengal Rolls,https://www.ndtv.com/india-news/election-commission-bengal-assembly-election-2026-supreme-court-allows-last-minute-inclusion-of-cleared-voters-in-bengal-rolls-11367852#publisher=newsstand,"Voters in Bengal whose names are deleted, can be reinstated in the electoral rolls and cast their vote if they are cleared in time by the Supreme Court-appointed appellate tribunal, the top court said today in a significant departure from the current rules.

""If the Appellate Tribunal accepts an appeal and issues a final order regarding the addition or deletion of names then then such an order must be implemented prior to the voting,"" said the bench of Chief Justice of India Surya Kant and Justice Joymalya Bagchi, invoking its powers under Article 142 to ensure that eligible voters are not left out of the election.

The top court also asked the Election Commission to issue a supplementary voter list in such cases.

""If the appeals are adjudicated by April 21 for the first phase and April 27 for the second phase then a supplementary revised electoral roll must be issued,"" the court said.

The first phase of polling will be held on April 23 and the second on April 29.

Under the current rules, the voter list for a particular phase of election is frozen on the last day of filing of nominations and in Bengal, lists for both phases were frozen weeks ago.

The Special Intensive Revision or SIR exercise in Bengal has knocked out 91 lakh people from the electoral rolls -- the number of voters in the state has dropped from 766 lakh to 677 lakh.

Around 60.06 lakh names were kept under review -- many to address discrepancies in names or spellings. Following verification, 35 lakh of these names were reinstated in the electoral list, while around 25 lakh names were permanently deleted.

Though the adjudication process is still on, there was little chance that the people on the hold list would be able to vote.

The top court's decision -- giving them a chance -- came after the poll body submitted the data on April 7.",False,4,4,0.4,True,False,False
e30f5bc104189ee4,EVT_00031,the_times_of_india,2026-04-16 03:25:00,2026-04-16,"NEW DELHI: The West Bengal illegal coal mining racket - origin of the ongoing ED probe against political consultancy firm I-PAC - was run by a syndicate led by Anup Majee, also known within the network as ""Lala"". At the heart of the investigation is ...",https://timesofindia.indiatimes.com/india/at-heart-of-eds-bengal-probe-is-an-illegal-transport-challan-system-called-lala-pad/articleshow/130293521.cms,"NEW DELHI: The West Bengal illegal coal mining racket - origin of the ongoing ED probe against political consultancy firm I-PAC - was run by a syndicate led by Anup Majee, also known within the network as ""Lala"". At the heart of the investigation is an illegal transport challan system called ""Lala Pad"".
It functioned as a fake tax invoice issued in the name of non-existent entities for transporting illegal coal, and according to ED, the syndicate used unique identifiers to ensure the consignment reached its intended destination - unrestricted.
With each fake challan, a currency note of Rs 10 or Rs 20 was provided to the transporter, who would take a photo of the note while holding it beside the number plate of a truck, dumper or tipper carrying the illegal coal and send the image to the operator of the syndicate, the agency said.
The note's serial number and number plate became the 'matching identifiers' - and the photo was then circulated by the operator through WhatsApp to police officials and other govt authorities concerned along the vehicle's route, ensuring the vehicle was not intercepted, or if intercepted, was immediately released, according to ED.
The investigation has also uncovered the use of an underground hawala network.
Lala's syndicate supplied illegally excavated coal to certain beneficiary companies in West Bengal for cash, generating proceeds of crime, which was shared with politicians through their designated intermediaries and police officers.
Hawala operators transferred cash to beneficiaries and intermediaries authenticating the illegal cash transactions using the unique identifiers, typically the currency note's serial number shared between sender and recipient. Upon verification of the matching note, cash was handed over without any formal documentation, enabling seamless and untraceable movement of funds, the agency said.",False,4,4,0.4,True,False,False
1e90ef59b5041d03,EVT_00033,the_new_indian_express,2026-04-16 16:26:24,2026-04-16,"Congress leader K C Venugopal demanded withdrawal of the proposed amendments to the women’s quota law and called for an all-party meeting on its implementation, saying the Congress would cooperate with the government.",https://www.newindianexpress.com/nation/2026/Apr/16/dont-sabotage-indian-democracy-congress-seeks-withdrawal-of-womens-quota-amendments,"Congress leader K C Venugopal demanded withdrawal of the proposed amendments to the women’s quota law and called for an all-party meeting on its implementation, saying the Congress would cooperate with the government.
Participating in the debate on three bills introduced in the Lok Sabha to amend the Women’s Reservation Act, 2023, and set up a delimitation commission, he alleged that the government was using women’s reservation as a weapon to undermine democracy.
“Please withdraw this bill. Call an all-party meeting on how to implement the women’s reservation bill. We will give good suggestions. We are ready to cooperate with the government. Don’t try to sabotage Indian democracy,” Venugopal said.
Opposing the Constitution (One Hundred and Thirty-First Amendment) Bill, 2026; the Delimitation Bill, 2026; and the Union Territories Laws (Amendment) Bill, 2026, he said the intention of the government is not to empower women through these laws, but to win elections only.
Prime Minister Narendra Modi, in his speech, did not use the word ""delimitation"" even once, he said, adding that the opposition parties have serious concerns over the government's intentions.
The prime minister talked only about women's quota, a bill which was passed in 2023 itself, Venugopal pointed out, adding ""who stopped the government"" from implementing the law in 2024.
The government is also taking away the constitutional cover of the delimitation issue, he said.
""The prime minister is advising us that if you oppose this bill, then future of your politics will be in danger. What is this? Complete drama by the prime minister,"" he said.
Intervening in the debate in the Lok Sabha earlier, Modi said the ruling dispensation does not want praise for the implementation of the women's reservation law in 2029 and offered to give credit to the opposition.
Venugopal asked why the Modi government, which came to power in 2014, brought the women's reservation Bill to the Parliament only in 2023.
""Now, tell me who delayed it,"" he asked.
He also said that it was the Congress which gave India its first woman prime minister and the first woman Speaker of the Lok Sabha.
""We are for women's reservation,"" the Alappuzha MP said, adding the Congress President has written two letters to the prime minister to call an all-party meeting on this.
""What stopped you from calling the meeting?"" he said, asking why the government had not convened the session after the state assembly elections.
""I am questioning your intention.""
Intervening on this, Parliamentary Affairs Minister Kiren Rijiju said Congress never came forward on the issue and only wrote letters.
""I personally requested all the leaders and political parties. They came and attended; you could have asked whatever you wanted in the meeting. Congress party never came forward, only written letter,"" Rijiju said, adding all parties, including DMK, Samajwadi Party and NCP-SCP attended the meeting.
Venugopal said that earlier, all delimitation legislations were approved by consensus, and the government can verify that.
He added that the government wants to portray the Congress as opposing women's reservation, but the people are witnessing these proceedings.
He also questioned who had decided how many seats would be increased.
""On what basis you decided that,"" he said, adding that the prime minister has earlier made ""bogus"" claims on job creation and black money.
""If you are sincere,"" then put the numbers in the legislation, he said.
The Congress leader said that the prime minister does not understand the sentiments and pain of Tamil Nadu and Kerala.
""There is a pain in some states. whether we are not part of this country. That pain is there in Odisha, in Punjab, in Kerala, in Tamil Nadu, in Karnataka,"" he said.
He claimed that the government is doing the delimitation to win the 2029 general elections and urged it to withdraw the bill, saying that smaller states are apprehensive.
""The government should come out with a bill with 'heart', not 'brain',"" he said, adding, ""every state has their own place in this country. You are trying to diminish the status of some states"".
(With inputs from PTI)",False,2,2,0.51,False,False,False
bb11c7da1413f9e1,EVT_00042,india_today,2026-04-16 18:49:12,2026-04-16,What changes for Tamil Nadu under delimitation bill? Here's the math,https://www.indiatoday.in/india/story/tamil-nadu-delimitation-bill-government-sources-dmk-lok-sabha-seats-increase-amit-shah-pm-modi-2897280-2026-04-16,"What changes for Tamil Nadu under delimitation bill? Here's the math
As Tamil Nadu remains at the centre of the delimitation debate, the government accused the DMK of doing a ""political stunt"", while maintaining that southern states will gain representation rather than losing it. Per the delimitation plan, Tamil Nadu will see an increase of Lok Sabha seats from 39 to 59.
The government on Thursday accused the DMK of indulging in a “political stunt” over delimitation of Tamil Nadu's Lok Sabha seats as Parliament debates the proposed legislation that mandates a 50 per cent increase in Lok Sabha and Assembly seats, along with a “quota within quota” provision, sources told India Today TV on Thursday.
Tamil Nadu will see a sharp jump in representation, with its Lok Sabha seats projected to rise from 39 to 59. Assembly constituencies of 31 states and Union Territories will also be redrawn on the same Census basis, with the total number of seats potentially increasing from 4,123 to 6,186 under delimitation.
The DMK has opposed delimitation, arguing that a population-based redrawing of constituencies would reduce the political weight of southern states like Tamil Nadu, which have effectively controlled population growth, while benefiting more populous northern states and weakening the South’s voice in Parliament and the federal balance. The government has rejected the claims, saying no one will face injustice, with BJP MP Tejasvi Surya, calling the move a ""best deal"" for South.
MATH OF DELIMITATION BILL EXPLAINED:
The Lok Sabha strength is proposed to be increased to 815 seats, of which 272 seats – one-third of the House – will be reserved for women. This provision is linked to the Constitution (131st Amendment) Bill, which seeks to implement the women’s reservation law by reserving one-third of seats in the Lok Sabha and state assemblies for women, along with related changes to the delimitation framework.
The three-day Parliament session, which began today, is debating three key bills, including the Constitution (131st Amendment) Bill, which seeks to modify the women’s reservation law, along with the Union Territories Laws (Amendment) Bill and the Delimitation Bill aimed at implementing the quota framework in Union Territories such as Puducherry, Delhi and Jammu and Kashmir.
Government sources said that the proposed delimitation exercise will be based on the 2011 Census and is aimed at significantly expanding electoral representation across the country. As part of the plan, Lok Sabha and state Assembly seats are expected to increase by around 50 per cent.
The delimitation bill also introduces a “quota within quota” provision, ensuring vertical reservation for Scheduled Castes and Scheduled Tribes within the women’s reservation framework, government sources said. In the current (18th) Lok Sabha, women make up only about 15 percent of MPs.
Southern parties, particularly the DMK, opposed delimitation, arguing that a population-based redrawing of constituencies could reduce the relative political weight of southern states like Tamil Nadu, which have successfully implemented population control policies. The party has warned that this could strengthen more populous northern states and weaken the South’s voice in Parliament.
However, Union Home Minister Amit Shah on Thursday sought to allay concerns and said the delimitation exercise will benefit southern states, while outlining a significant increase in their representation. He said Karnataka’s seats will rise from 28 to 42, Andhra Pradesh from 25 to 38, Telangana from 17 to 26, Tamil Nadu from 39 to 59 and Kerala from 20 to 30.
Shah said that collectively, southern states are projected to see their share increase from 129 to 195 seats, accounting for about 24 per cent of the total 850 Lok Sabha seats under the proposed framework.
Earlier today, Prime Minister Narendra Modi asserted that no state – big or small, north or south, east or west – will be discriminated against in the delimitation exercise linked to the implementation of women’s reservation law.
Earlier on Thursday, Tamil Nadu Chief Minister MK Stalin intensified his protest against the Centre’s proposed delimitation move by burning a copy of the bill and hoisting a black flag, coinciding with the special three-day Parliament session.
Under the proposal, the Centre plans to expand Lok Sabha strength from 543 to 850 seats, including 815 for states and 35 for Union Territories, while also moving to implement women’s reservation ahead of the 2029 Lok Sabha elections by amending the 2023 law and delinking delimitation from the 2027 Census through a constitutional amendment.",False,2,2,0.43,True,False,False
3ca2a4ff3aaa399c,EVT_00045,the_hindu,2026-04-16 23:29:00,2026-04-16,"Congress MP K.C. Venugopal on Thursday asked the government to withdraw the Constitution (One Hundred and Thirty-First Amendment) Bill, 2026 in its current form and call an all-party meeting to evolve a consensus on implementing the women’s reservati...",https://www.thehindu.com/news/national/call-all-party-meeting-to-evolve-consensus-on-womens-reservation-kc-venugopal/article70870100.ece,"Congress MP K.C. Venugopal on Thursday asked the government to withdraw the Constitution (One Hundred and Thirty-First Amendment) Bill, 2026 in its current form and call an all-party meeting to evolve a consensus on implementing the women’s reservation.
Participating in a discussion on the Bill in the Lok Sabha, he said the government’s intention was to push through delimitation in the garb of the Women’s Reservation Bill.
Published - April 16, 2026 11:29 pm IST",False,3,3,0.44,True,False,False
795ac3f60182634b,EVT_00045,the_new_indian_express,2026-04-16 18:00:52,2026-04-16,"The Centre on Thursday introduced key amendment bills to operationalise the Women’s Reservation law passed in 2023, proposing a major expansion of the Lok Sabha and a nationwide delimitation exercise.",https://www.newindianexpress.com/nation/2026/Apr/16/no-state-or-gender-will-lose-out-under-womens-quota-plan-union-law-minister-meghwal,"The Centre on Thursday introduced key amendment bills to operationalise the Women’s Reservation law passed in 2023, proposing a major expansion of the Lok Sabha and a nationwide delimitation exercise.
The Constitution (131st Amendment) Bill, 2026, the centrepiece of the legislative push, proposes increasing the Lok Sabha’s strength from the existing 543 seats to a maximum of 850, including 815 seats for states and 35 for Union Territories.
Alongside, the Delimitation Bill, 2026, seeks a readjustment of parliamentary and assembly constituencies.
Union Law Minister Arjun Ram Meghwal said the number of seats across states will increase by 50 per cent, with 272 of the 815 seats reserved for women.
“Neither men nor any state will suffer any loss after the implementation of the women's quota,” he said in the Lok Sabha.
He added that reservation for women belonging to Scheduled Castes and the Scheduled Tribes would be provided within the overall quota in both the Parliament and state assemblies.
Referring to the Nari Shakti Vandan Adhiniyam, Meghwal said that without the proposed amendment, reservation of constituencies for women may not be feasible in time for the 2029 general elections, as it depends on post-2026 census data.
“The main objective of the bill is to give women their due rights,” he said.
Highlighting India’s early adoption of equal voting rights, Meghwal said women in the United States received voting rights 144 years after men, while in the United Kingdom, women were granted conditional voting rights in 1918 and full rights only in 1928.
“In India, women got the right to vote along with men since the first election,” he said.
The minister urged all parties to support the legislation.
The Lok Sabha took up the Constitution Amendment Bill, the Union Territories Laws (Amendment) Bill, 2026, and the Delimitation Bill, 2026, for debate and passage after a nearly 40-minute discussion.
Following the debate, the Constitution (131st Amendment) Bill was introduced with 251 members supporting it and 185 voting against.
The proposed law states that seats reserved for women in the Lok Sabha and state assemblies “shall be allotted by rotation to different constituencies in a state or Union territory”.
Several opposition parties have opposed the delimitation provisions while maintaining that they support reservation for women in legislative bodies.",False,3,3,0.44,True,False,False
0e539d038bb244ee,EVT_00066,the_times_of_india,2026-04-16 06:35:00,2026-04-16,"NEW DELHI: The Travancore Devaswom Board (TDB) on Wednesday asked a nine-judge bench of SC hearing the Sabarimala reference if despite the Constitution's making every religious denomination subject to 'public order, health and morality' and nudity in...",https://timesofindia.indiatimes.com/india/can-courts-ban-public-appearance-of-naked-sadhus-of-digambar-sect-asks-tdb/articleshow/130295434.cms,"NEW DELHI: The Travancore Devaswom Board (TDB) on Wednesday asked a nine-judge bench of SC hearing the Sabarimala reference if despite the Constitution's making every religious denomination subject to 'public order, health and morality' and nudity in public being an offence, can courts ban public appearance of naked sadhus of Jainism's Digambar sect?
This query from senior advocate A M Singhvi, on behalf of TDB, was in response to persistent questions from a nine-judge bench headed by Chief Justice Surya Kant over why courts cannot test whether a custom or tenet is part of an essential religious practice to be immune from judicial scrutiny and whether judicial test should be confined to constitutional parameters of 'public order, health and morality' under Article 25. Singhvi said that even certain extreme examples do not come under the ambit of judicial scrutiny. ""There is no doubt that nudity is abhorrent to normal canons of civilised behaviour in most societies. Yet, since Digambar Jain practices, including nude existence and nude movement in public, are undeniably accepted as a core part of a well-known religion, it would not be liable to be struck down under Article 25.""
Solicitor general Tushar Mehta joined Singhvi and cited the example of 'Naga Sadhus', who go around naked. Nepal's Supreme Court had last Sept dismissed a petition which had sought a ban on entry of Naga Sadhus at Pashupatinath temple during Mahashivaratri festival, claiming that their public nudity disturbed other devotees.",False,2,2,0.41,True,False,False
cb1ecc0fc88ddbef,EVT_00073,theprint,2026-04-16 15:53:09,2026-04-16,"New Delhi: The proportion of Lok Sabha seats in southern states will increase from 23.76 per cent to 23.87 per cent after the increase in the size of Lok Sabha, Union Home Minister Amit Shah said Thursday, seeking to allay the apprehensions of southe...",https://theprint.in/politics/amit-shah-rejects-south-losing-seats-narrative-ls-seats-in-south-states-will-go-up-from-129-to-195/2906780/,"New Delhi: The proportion of Lok Sabha seats in southern states will increase from 23.76 per cent to 23.87 per cent after the increase in the size of Lok Sabha, Union Home Minister Amit Shah said Thursday, seeking to allay the apprehensions of southern states that they will suffer in terms of representation. In terms of numbers, Shah said, Lok Sabha seats in southern states will increase from 129 to 195.
Speaking in the Lok Sabha, the Union Home Minister also countered the Opposition’s allegation that the delimitation exercise was being done to benefit the Bharatiya Janata Party.
“Let me clearly state that the Delimitation Commission’s report will come into effect only when it is accepted by Parliament and receives the President’s approval. Therefore, there is no question of it being implemented before 2029. Even the elections till 2029 will be conducted under the existing system and existing constituencies. So there is no need for Akhilesh ji (Yadav) to be worried,” Amit Shah added.
“Yes, I am talking about 2027. Though he (Akhilesh) will not win, there is no need to be scared,” he added.
Also read: ‘Naari ko naara banana chahti hai BJP’: Akhilesh tears into Modi govt over women’s quota law in LS
‘Overall representation of south states will go up 24%’
“A narrative is being created and confusion is being spread that these three Bills, the Constitutional Amendment Bill and the two related laws on delimitation and changes in election procedures, will reduce the representation of southern states in the Lok Sabha and cause them significant loss… The Bill before the House is now the property of the House. Based on its practical interpretation, I would like to clarify a few points,” said Shah.
Shah said, in Karnataka, out of the current strength of 543 seats in the Lok Sabha, there are 28 seats, which is about 5.15 per cent of the total representation. After the passage of this bill and the Constitutional Amendment, Karnataka’s seats will increase from 28 to 42.
“In a House of 816 members, its share will be around 5.14 per cent. So, there will be no real loss to Karnataka.”
On Andhra Pradesh, Shah said it currently has 25 seats, with a representation of 4.60 per cent in the Lok Sabha. “With an increase of around 50 per cent, its seats will rise to 38, and its share will increase from 4.60 per cent to about 4.65 per cent.”
“In Telangana, there are 17 seats, with a 3.13 per cent share in the current House of 543 members. After an increase of around 50 per cent, the number of seats will go up to 26, and its share will rise to about 3.18 per cent. As for Tamil Nadu, where many people have been expressing concerns, and so many of them have come sporting black clothes, I want to assure the people of the state that your representation will not decrease, it will increase.”
In Tamil Nadu there are 39 seats and it will go up to 59 seats and its percentage increase will be from 7.18 per cent to 7.23 per cent. In Kerala the current seats stand at 20 and will go up to 30, he said.
Shah added that despite the “narrative” attempted to be built by the Opposition, the overall representation of southern states will go up from 23.76 per cent to 24 per cent.
Responding to questions raised by a number of opposition leaders that the numbers (being provided by Shah now) are not mentioned in the Bill, Shah said: “As a minister who is piloting this Bill, as the Home Minister of the country I am providing all these details”.
The home minister said, questions have also been raised about the figure of 850 seats. “The figure of 850 is derived in the following way: Hypothetically, if there are 100 seats and 33 per cent reservation is to be given to women, then increasing the total seats by 50 per cent makes it 150.”
Amit Shah also clarified that since there have been no changes to the Delimitation Commission Act, the question of any form of manipulation does not arise, as alleged by Lok Sabha MP Priyanka Gandhi.
“I would like to say to Hon’ble Member Priyanka-ji that we have not made any changes to the Delimitation Commission Act. Not even a comma or full stop has been altered; we have retained the existing Delimitation Commission Act in its entirety. If you are saying that manipulation happened earlier, and you are now saying that it could happen again, then I can only say this: If the Act was misused in the past, we will not do so.”
Amit Shah also said that a caste census will be conducted alongside the upcoming population enumeration.
Reacting to claims by the Opposition that women’s reservation would harm democracy in the future Shah said: “No one has the power to end democracy in the country. Those who tried during the Emergency were rejected by the people; democracy remained unharmed.”
(Edited by Viny Mishra)",False,4,4,0.42,True,False,False
9cbc3a7b463b109c,EVT_00073,ndtv,2026-04-16 18:25:47,2026-04-16,Amit Shah Explains 850-Seat Lok Sabha Number After Opposition Criticism,https://www.ndtv.com/india-news/lok-sabha-womens-quota-delimitation-amit-shahs-seat-breakdown-for-southern-states-amid-delimitation-criticism-11366902#publisher=newsstand,"Union home minister Amit Shah, speaking during the debate in parliament on the women's reservation bill, said the southern states are spinning a false narrative on delimitation and presented data, which, he said, proves that even the south will gain after delimitation. The Opposition is standing firmly against the Constitution amendment bills tabled today, clarifying that while they are not against reservation for women, the government's move to club delimitation with quota is an opportunistic plan to ""gerrymander"" Lok Sabha seats to its advantage for the 2029 elections.

The Opposition's biggest grouse is that a population-based delimitation using the 2011 census data will push southern states to the fringes of parliament, leaving the Hindi heartland in the driver's seat. This, they have contended, goes against the principles of federalism, where every state should be given equal importance and representation in parliament. The Opposition has contended that they will remove their roadblock if the women's bill is delinked from delimitation.

The government has said the planned 50 per cent increase in seats will give more seats to every state in south India. Giving examples today, Shah said Tamil Nadu will get 20 more seats, Kerala 10, Telangana 9 and Andhra Pradesh 13 seats. Maharashtra, which after Uttar Pradesh, has the second highest number of MPs in the Lok Sabha, will gain 24 more seats.

The overall outlook:

* Karnataka: Seats to rise from 28 to 42, share remains broadly stable at about 5.1 per cent

* Andhra Pradesh: A rise from 25 to 38 seats, seat share rises slightly from about 4.6 per cent to 4.65 per cent

* Telangana: 17 to 26 seats -- seat share increases from 3.13 per cent to 3.18 per cent

* Tamil Nadu: 39 to 59 seats -- share moves from 7.18 per cent to about 7.23 per cent

* Kerala: 20 to 30 seats -- share remains nearly unchanged at about 3.67 per cent

Shah said the total number of Lok Sabha seats in the five southern states will go up from the current 129 seats to 195 while the percentage of power will increase from 23.76 per cent to 23.87 per cent.

""They asked where the figure of 850 came from. I will explain it. This figure of 850 is derived in the following way: Hypothetically, if there are 100 seats and 33 per cent reservation is to be given to women, then increasing the total seats by 50 per cent makes it 150. And when the reservation is applied as 33 per cent of 150, it automatically comes back to 100 seats,"" he said.

""So, with 543 members currently sitting, there will be a 50 per cent increase, and when 33 per cent is reserved for mothers, then all 543 seats will be open where women can also contest. So this 50 per cent has come about in this way. And 850 is a round figure -- 816 will be the exact number. They will ask again why this was done -- even now -- the round figure is not 543, it is more than 543,"" Shah added.

To implement women's quota, the government has planned to conduct delimitation on basis of the 2011 data and then increase the figure by 50 per cent so the numbers in the Lok Sabha add up to 816.

The Delimitation Bill states that the total number of seats will be increased. The boundaries of the electoral constituencies will be redrawn on the basis of 2011 Census data.

Seven articles of the constitution will be amended through the bills -- Articles 55, 81, 82, 170, 330, 332, and 334(a).

Shah also said the Delimitation Commission law is ""strictly in accordance with the existing law"". ""There is no change. It will not impact the ongoing elections,"" he added.

The numbers in parliament indicate that the government could be in a tight spot if the Opposition stands together. A constitution amendment bill requires a two-thirds majority in terms of the members present and voting in each house of parliament.

Given the effective strength of 541 in the Lok Sabha, the two-thirds mark stands at 360. The ruling NDA which has 293 members, falls short by 67 seats. The magic number for the Rajya Sabha is 163 and the NDA's strength of 142-plus members leaves it 21 seats short of majority mark.",False,4,4,0.42,True,False,False
294a5225a8301673,EVT_00073,the_new_indian_express,2026-04-16 08:02:20,2026-04-16,A charged political debate is underway on the first day of the special session of Parliament on Thursday after Union ministers Arjun Ram Meghwal and Amit Shah introduced three bills in the Lok Sabha to amend the women’s quota law and set up a delimit...,https://www.newindianexpress.com/nation/2026/Apr/16/live-parliament-special-session-2,"A charged political debate is underway on the first day of the special session of Parliament on Thursday after Union ministers Arjun Ram Meghwal and Amit Shah introduced three bills in the Lok Sabha to amend the women’s quota law and set up a delimitation commission, amid opposition protests calling the proposals ""anti-constitutional.""
Lok Sabha Speaker Om Birla sanctioned a 15–18 hour debate on the three bills, with voting scheduled for 4 pm on Friday.
Defending the bills, Union Law Minister Arjun Ram Meghwal said ""no state will suffer any loss"" due to the implementation of this quota, while Congress MP Gaurav Gogoi accused the government of ""bulldozing"" the delimitation via backdoor using the Women's Reservation Act.
According to the draft Constitution amendment bill, Lok Sabha seats will be increased to a maximum of 850 from the current 543 to ""operationalise"" the women's reservation law before the 2029 parliamentary polls, following a delimitation exercise based on the 2011 Census.
Seats will also be increased in state and Union territory assemblies to accommodate 33 per cent reservation for women. The seats reserved for women in the Lok Sabha and legislative assemblies ""shall be allotted by rotation to different constituencies in a state or Union territory"", the draft bill circulated among Lok Sabha members said.
BJP MP Kangana Ranaut attacked the Congress for questioning the government's intention behind introducing a bill to amend the women's reservation law, and wondered why the opposition party kept the matter hanging for three decades when it was in power.
Participating in a debate in the Lok Sabha, the actor-politician said, ""Sonia Gandhi says why are they (BJP) in a hurry to bring the bill. Should we be like you and let it hang for 30 years?""
Ranaut also said she feels that Prime Minister Narendra Modi is hurrying to deliver justice for women.
""What didn't happen in 60 years, he achieved in 10, be it pucca houses, providing gas cylinders, or inducting women into defence forces. One thing is certain: he is in a hurry to give justice to women.""
Janasena Party MP from Andhra Pradesh, Tangella Uday Srinivas, on Thursday extended support to the women's quota bill, saying India speaks of women-led development under the leadership of Prime Minister Narendra Modi.
Participating in the discussion on the three bills related to women's quota and delimitation in the Lok Sabha, Srinivas said ""this is not a change in words, this is a change in direction, vision"".
""When you give women a seat, they do not just fill it, they transform it,"" Srinivas said.
He also said the bill to amend the women's quota law is a historic beginning, but what follows will define its true success.
""Reservation creates presence, but presence without support or real agency can become tokenism. We can not allow the reserved seats to become inherited positions quietly occupied by wives, daughters or relatives of those already in power,"" Srinivas said.
Congress leader K C Venugopal on Thursday demanded that the proposed amendments to the women's quota law be withdrawn and called for an all-party meeting to discuss its implementation, asserting that the Congress would support and cooperate with the government on this.
""Please withdraw this bill. Call an all-party meeting (on) how to implement the women's reservation bill. We will give good suggestions. We are ready to cooperate with the government. Don't try to sabotage the Indian democracy,"" Venugopal said.
Opposing the Constitution (One Hundred and Thirty-First Amendment) Bill, 2026; the Delimitation Bill, 2026; and the Union Territories Laws (Amendment) Bill, 2026, he said the intention of the government is not to empower women through these laws, but to win elections only.
BJP MP Bansuri Swaraj accused the opposition leaders of attempting to divide the country into north and south for political gains ahead of the Assembly elections in Tamil Nadu, saying that such efforts would fail.
""There are elections in Tamil Nadu, and the leaders of that state, for their political interests, are making efforts to divide the country into north and south. But these efforts will be unsuccessful,"" Swaraj said.
Participating in a debate in the Lok Sabha on three bills introduced for amendments to the women's quota law and setting up a delimitation commission, Swaraj said the women's reservation law is the ultimate destination, while the delimitation process is the road to achieve it.
Delimitation is not a BJP conspiracy but a mandatory constitutional provision needed to implement the Nari Shakti Vandan Adhiniyam, the New Delhi MP said.
Union Home Minister Amit Shah said a ""completely false"" narrative is being spread that the representation of southern states will go down in the Lok Sabha after its strength is increased to 816 seats following the implementation of women's reservation and delimitation of constituencies.
Intervening in the debate in Lok Sabha on the three bills introduced for amendment of the women's quota law and to set up a delimitation commission, Shah said the fact is that the number of seats will go up and power will grow.
He said the number of Lok Sabha seats in the five southern states will go up from the present 129 to 195 seats while the percentage of power will increase from 23.76 per cent to 23.87 or almost 24 per cent.
Congress MP Priyanka Gandhi Vadra on Thursday said the party supports women’s reservation, but stressed that the current debate is not about the principle of the quota.
""Congress supports women's reservation but debate not on that; bills smell of politics,"" she said.
She said all sections cannot receive their due share without a caste census, and criticised the government for moving ahead on the basis of the 2011 Census, which does not include updated data on Other Backward Classes (OBCs).
She added that if the proposed Constitution amendment bill gets passed, democracy in India will be finished.
In a response to Prime Minister Narendra Modi's speech in the Lok Sabha on Thursday, the Congress said the prime minister addressed every issue except delimitation and showed ""willful blindness"" to the concerns of several states in the South, East, Northeast and North.
Congress general secretary in-charge communications, Jairam Ramesh, said that uncharacteristically, ""the non-grihasthi prime minister"" delivered only a 40-minute speech in the Lok Sabha.
""Characteristically, he addressed every matter other than the key issue that is actually at stake in the special session of Parliament â delimitation.
He didn't address a single concern raised around it,"" Ramesh said.
The Congress also claimed that the government's ""insidious attempt"" to subvert the Constitution and hijack the system will undoubtedly face defeat in the Lok Sabha when the three bills to amend the women's quota law and set up a delimitation commission are put to vote.
असामान्य रूप से, स्वयं को बिना गृहस्थ के बताने वाले प्रधानमंत्री ने आज लोकसभा में केवल 40 मिनट का भाषण दिया। और अपने स्वभाव के अनुरूप, उन्होंने हर उस विषय पर बात की, सिवाय उस मुख्य मुद्दे के, जो इस विशेष सत्र का केंद्र है-परिसीमन। इस पर उठाई गई एक भी चिंता का उन्होंने जवाब नहीं…
— Jairam Ramesh (@Jairam_Ramesh) April 16, 2026
The ruling NDA lacks the numbers in Parliament to pass the women’s reservation bills with the required two-thirds majority, unless it secures backing from other parties or ensures some members abstain.
The NDA currently has the backing of 293 Lok Sabha members, accounting for 54 per cent of the House, while the opposition holds 233 MPs.
While 7 MPs are independents, seven belong to parties like the YSRCP, AIMIM and Shiromani Akali Dal, which have yet to openly support the bills.
The rules require 360 MPs to support the bills, including the Constitution amendment bill, which comes to two-thirds of those present and voting.
For the bills to get approval from the Lok Sabha, at least two main opposition parties from amongst the Samajwadi Party (37 MPs), Trinamool Congress (28 MPs) or DMK (22 MPs) would have to abstain.
Prime Minister Narendra Modi on Thursday said that Members of Parliament have been given an opportunity to include women in decision-making through the women’s quota law, calling it a key step in India’s development journey.
Addressing the Lok Sabha, he said India is moving ahead in the 21st century with confidence. He added that a truly developed nation is not defined by infrastructure alone, but by the meaningful participation of women in policymaking.
Modi said those who opposed reservation for women were “never forgiven” by women in the country and warned that those opposing the bill now would pay a political price for a long time.
He further asserted that no injustice will be done to any state while implementing the women's reservation law.
Urging the opposition to pass the amendments to women reservation law unanimously, Modi said, ""I give you a blank cheque for claiming credit on passage of the women's quota bill"".
He urged MPs not to miss the opportunity to implement the quota, stressing that it should not be viewed through a political lens.
He also said the issue should not be given a political colour, adding that if all parties move forward together, the decision would strengthen the country’s democracy rather than benefit any single party.
In a jibe at the DMK for the black attire protest, Modi said that he thanks them for putting 'Kala Tika' on bills to ward off evil eye.
Highlighting his own background, Modi said he comes from a “most backward community” but sees it as his responsibility to take everyone along.
#ParliamentSession2026 | This is an important moment for India's democracy. This should have been implemented long ago, and it will provide an opportunity for half the population to participate in policy-making: PM #NarendraModi in #LokSabha. #Delimitation… pic.twitter.com/YcQABhadWK
— The New Indian Express (@NewIndianXpress) April 16, 2026
Union Home Minister Amit Shah said on Thursday that Muslims will not be given reservation on the basis of religion as such a quota would be unconstitutional.
During a fiery 40-minute debate, following which three bills were introduced in the Lok Sabha for amendment of the women's quota law and to set up a delimitation commission, Shah said a caste census will be carried out along with population enumeration during the ongoing census exercise.
""The question of providing reservation to Muslim women on the basis of religion does not even arise. Our Constitution does not allow at all to give reservation on the basis of religion. I want to make it clear our government's resolve that Muslims will not be given reservation on the basis of religion. Such reservation is unconstitutional,"" a combative Shah said after the Samajwadi Party's Akhilesh Yadav and Dharmendra Yadav spoke in favour of giving a quota to Muslims.
""Right now, the counting of households is underway and the households do not have any caste. If the Samajwadi Party had its way, they would determine the caste of households as well,"" he said.
Shah also said ""if the Samajwadi Party gives all its tickets to Muslim women, where do we have any objection, we have no objections at all."" He said that during the population enumeration, the census authorities would keep a provision for caste enumeration, ""which I personally want too.""
""I want to make it clear that this census will be conducted along with caste enumeration,"" the home minister said.
Samajwadi Party chief Akhilesh Yadav alleged the women’s reservation bill was driven by electoral motives, claiming it was aimed at helping the BJP stay in power rather than delivering reform.
Speaking during the debate in Lok Sabha, Akhilesh took a dig at the government on the Women’s Reservation Bill, saying, ""BJP has made ‘Nari’ (women) their ‘Nara’ (slogan).""
He said the party would not succeed, citing discontent among women over rising household costs and shortages of essentials such as LPG cylinders, adding the BJP’s ""dice will not suffice.""
""The BJP’s vote is reducing and they are bringing reservation for that. The BJP is playing this ploy through women, but the most troubled are women. Their kitchens have been empty,"" Yadav said.
BJP MP Tejasvi Surya defended the government’s delimitation push, accusing the opposition of ""misleading"" southern states and calling it the ""best deal"" for the South and smaller states that have controlled population growth.
""Opposition is misleading the people of southern states. This is the best deal the Modi government has provided to the South and smaller states that have controlled their population,"" he told the Lok Sabha.
Tejasvi said the Constitution mandates delimitation in 2026 and the government was acting to fulfil that requirement, while accusing Congress governments of ""politics of postponement.""
He rejected Telangana Chief Minister Revanth Reddy’s GSDP-linked delimitation model as ""unconstitutiona"", ""ludicrous"" and ""laughable"", arguing GDP cannot be the basis for seat allocation.
Surya also criticised DMK protests in Tamil Nadu as ""drama"" and accused the opposition of opposing the bills ""for the sake of opposing.""
Congress president Mallikarjun Kharge on Thursday said that the opposition stands united in opposing the delimitation bill ""disguised as women's reservation.""
""The Opposition will not allow Parliament to be hijacked by flawed delimitation bills disguised as Women's Reservation. We stand united and will fight this devious assault on our Democracy with all our strength,"" Kharge posted on X.
Gaurav Gogoi, the Congress' Deputy leader in Lok Sabha, told the House that the government’s bills were not aimed at women’s reservation, but were intended to ""push delimitation through the backdoor.""
Gogoi claimed the government is ""bulldozing"" delimitation in the name of women’s reservation and called for the quota to be implemented on the current strength of 543 Lok Sabha seats, not linked to delimitation.
He flayed the Government for ""creating obstacles repeatedly"" and accused it of not being in favour of women's reservation and caste census.
""You are again and again creating hurdles for women's reservation. If you had listened to us in 2023, women's reservation would have been implemented in 2024. We are urging that women's reservation should not be linked with delimitation. If you do that, we will definitely support it. This bill is not for women's reservation, but it is for delimitation through the back door,"" Gogoi said.
Defending the proposed legislations, Union Law Minister Arjun Ram Meghwal said there would be an equal increase in the strength of the Lok Sabha to 815 seats, of which 272 would be reserved for women, adding that neither men nor any state would suffer any loss after the implementation of the quota.
Meghwal also added that there will be quota for women belonging to SC, ST within the women quota in Lok Sabha and state assemblies.
""There will be an equal, 50 percent increase in the strength of Lok Sabha members, and this will translate to 815 seats, of which 272 will be reserved for women, which comes to one-third of the strength of the House. There will be no loss to anyone (states), and they will retain their strength,"" Meghwal told the Lok Sabha.
Speaking in Lok Sabha, Union Minister Kiren Rijiju says, ""The discussion will be held for 12 hours. The speaker should have the authority to extend the time for discussion. The voting on the bills will be done tomorow.""
Speaker Om Birla says, ""Discussion on these three bills will be held for 15-18 hours. Voting on these bills will be done at 4 pm tomorrow.""
Constitution amendment bill to tweak women quota law -- officially known as the Constitution (One Hundred and Sixth Amendment) Act, 2023 -- introduced in Lok Sabha after division of votes. As many as 251 members support introduction of bill to amend women quota law. 185 oppose it.
Lok Sabha allowed the introduction of the Constitution (One Hundred and Thirty-First Amendment) Bill, 2026, aiming to expand the Lok Sabha's strength from 543 to 850 members, after 207 MPs vote for and 126 members voted against the legislation after Opposition pressed for division of votes to introduce bill to tweak women quota law.
Law Minister Arjun Ram Meghwal proposed to introduce the Constitution (One Hundred and Thirty-First Amendment) Bill, 2026, in the Lok Sabha.
Home Minister Amit Shah proposed to introduce the Union Territories Laws (Amendment) Bill, 2026, in the Lok Sabha. Law Minister Arjun Ram Meghwal proposes to introduce the Delimitation Bill, 2026 in the Lok Sabha
Rajya Sabha proceedings were adjourned till Friday morning after oath-taking by newly elected members and obituary references.
BJP national president Nitin Nabin was among those who took oath as a Rajya Sabha member. The newly elected MPs represent Assam, Bihar, Haryana, Chhattisgarh, Himachal Pradesh, Telangana, Odisha and Maharashtra.
The MPs who took the oath are Terash Gowalla (BJP), Jogen Mohan (BJP), and Pramod Boro (UPP-L), all from Assam.
Nabin, Upendra Kushwaha (RLM), Ram Nath Thakur (JDU), and Shivesh Kumar (BJP) have been elected from Bihar; while Laxmi Verma (BJP) and Phulo Devi Netam (Congress) represent Chhattisgarh.
Karamvir Singh Boudh (Congress) and Sanjay Bhatia (BJP) represent Haryana, while Anurag Sharma of Congress has been elected from Himachal Pradesh.
Others who took the oath were Vinod Shridhar Tawde (BJP, Maharashtra) and Sujeet Kumar (BJP, Odisha).
Abhishek Manu Singhvi and Vem Narendar Reddy, both from Congress, represent Telangana.
Opposing the bills introduced by the Centre, DMK’s TR Baalu said in the Lok Sabha, ""We favour the 2023 women’s quota law, but the present bill is aimed at delimitation.""
Earlier in the day, Tamil Nadu Chief Minister MK Stalin hoisted a black flag and burnt a copy of the proposed Delimitation Bill, intensifying his protest against the Centre’s move to table the legislation in Parliament.
DMK members were dressed in black clothes in LS to protest amendments to women reservation law.
CPI(M) Rajya Sabha MP John Brittas said parliamentary assemblies could become “dysfunctional” if the number of members increases following delimitation.
""The governement is using people, especially Women Reservation Bill, for their own reputation and political image… After 543 seats, and especially after delimitation, people are asking what will happen. It is not about North-South divide, but there is a fear that parliamentary assemblies could become dysfunctional if the number of members increases too much, like 815 members, making it difficult to manage effectively,"" he said.
""If this balance of representation is disturbed, even leaders like Gandhi or Atal Bihari Vajpayee would have found it problematic. There is concern that such changes may not be good governance and may not serve the country well,"" Brittas addded.
Samajwadi Party protested the bills seeking changes to the women’s quota law, questioning the move to delink delimitation from the Census. Calling for wider inclusion, SP’s Dharmendra Yadav said women from backward classes must be accommodated in the quota for Parliament.
Samajwadi Party chief Akhilesh Yadav questioned the rush to introduce the bills. “We support women’s reservation in legislatures, but why not conduct the Census?” he asked in the Lok Sabha.
Responding to Akhilesh, HM Amit Shah said, ""Akhilesh Yadav asked why the census is not being conducted. I want to inform the entire country that the census process has already begun. The government has taken a decision to conduct a caste census, and the enumeration is being carried out along with caste data.""
""If it were up to the Samajwadi Party, they would even assign castes to households. Dharmendra Yadav spoke about giving reservations to Muslim women. This is unconstitutional. Reservation based on religion is unconstitutional,"" he added.
As the Centre introduced the delimitation and women’s quota bills in the Lok Sabha, Congress MP KC Venugopal launched a scathing attack, questioning why proposed changes to the women’s quota law were being incorporated when it had already been passed by Parliament.
""I object to the bill introduced by Union Ministers Arjun Ram Meghwal and Amit Shah. This bill is a fundamental attack on the Indian federal structure. What exactly is the intention of this bill? The parliament passed the bill in both Lok Sabha and Rajya Sabha, ensuring 33 per cent reservation of women,"" Venugopal said in the House.
To this Union Home Minister Amit Shah responded claiming Venugopal ""cannot speak on the merits of bills, and he can raise only technical objections to the introduction of the bills."" He added that the government ""will give a strong reply to the Opposition during the debate.""
Union Law Minister Arjun Ram Meghwal and Home Minister Amit Shah moves to introduce bills to tweak women quota law and set up delimitation panel.
Shah introduced a bill in the Lok Sabha to amend the Women’s Reservation Act, 2023, officially known as the Constitution (One Hundred and Sixth Amendment) Act, 2023, which reserves one-third of seats in the Lok Sabha and state assemblies for women ahead of the 2029 general elections.
Meghwal proposed to introduce the Constitution (One Hundred and Thirty-First Amendment) Bill, 2026, in the Lok Sabha, aiming to expand the Lok Sabha's strength from 543 to 850 members.
Prior to the proceedings, Opposition parties under the INDIA bloc met in the Parliament premises on Thursday to chalk out their strategy for the special session, focusing on their stand on the Women's Reservation Bill and the proposed delimitation Bill. Opposition parties are set to bills, including those on women's reservation and delimitation, in both Houses of Parliament.
The three-day special session of Parliament with focus on women's reservation and delimitation is underway.
Union Law Minister Arjun Ram Meghwal on Thursday said that discussions regarding the Women's Reservation Bill and the proposed delimitation exercise would take place in Parliament. ""Further discussions on this will take place in the House,"" Meghwal told ANI, responding to queries on the Women's Reservation Bill and delimitation.
The three important bills are likely to be introduced in the special session of Parliament starting today, including one to reserve seats for women in the 2029 Lok Sabha elections and another to redraw constituency boundaries. The opposition has raised concerns about the reasons for changing these boundaries and increasing the number of Lok Sabha seats from 543 to a maximum of 850.
The Congress on Thursday said the true intent of the bills being brought by the government in the garb of implementing women's quota law is mischievous and they have to be rejected completely in their present shape and form.
Congress general secretary in-charge communications Jairam Ramesh said the three bills are being taken up in Lok Sabha and the packaging and marketing is women's reservation but the fundamentals have to do with delimitation.
""Many concerns have been raised from across the country regarding the delimitation proposals that privilege a few populous states where the BJP is strong now. The relative strength of a number of states in the Lok Sabha will actually decline,"" Ramesh said on X.
The way delimitation has actually been done in Assam and Jammu and Kashmir shows how ""diabolically the Modi-Shah duo work"" he said.
""The true intent of these Bills is mischievous, their content devious, and their damage enormous. They have to be rejected completely in their present shape and form,"" Ramesh asserted.
""The Opposition demand is simple: Reserve one-third of the current strength of the Lok Sabha of 543 for women along with reservation for women belonging to SC, ST, and OBC communities,"" he said.
This was the Opposition's position in 2023 and this continues to be the position even now, he added.
Three Bills are being taken up in the Lok Sabha. The packaging and marketing is women’s reservation but the fundamentals have to do with delimitation.
— Jairam Ramesh (@Jairam_Ramesh) April 16, 2026
Many concerns have been raised from across the country regarding the delimitation proposals that privilege a few populous…
Delimitation Bill, 2026 (replacing the 2002 law), proposes expanding Lok Sabha from 543 to 850 seats based on 2011 Census. Law to override existing provisions. Delimitation Act, 2002, to be repealed.
Centre to constitute a Delimitation Commission via notification, which will redraw Lok Sabha and Assembly seats using 2011 Census data.
Commission to be headed by current or former Supreme Court judge; Chief Election Commissioner or an Election Commissioner nominated by the CEC, and the concerned State Election Commissioner to serve as ex-officio members.
Commission’s term to be fixed, with provision for extension by Centre
Mandate includes seat allocation to states/UTs and redrawing constituencies. Up to 10 associate members per state (MPs, MLAs) to assist the exercise. Commission can seek inputs from Census officials, Surveyor General, GIS experts
Constituencies to be geographically compact, factoring boundaries and connectivity. Draft proposals to be published; objections invited before finalisation.
Tamil Nadu Chief Minister MK Stalin on Thursday hoisted a black flag and burnt a copy of the proposed Delimitation Bill, intensifying his protest against the Centre’s move to table the legislation in Parliament.
The symbolic protest is part of a larger statewide call given by him, urging people to hoist black flags at their homes, in streets, and at commercial establishments to express opposition.
After burning the bill, slogans of “Tamil Nadu will fight” and “We will win together” were raised by the Chief Minister and others present.
Ahead of the special Parliament sitting, Prime Minister Narendra Modi on Friday said that India was set to take a ""historic step"" towards women's empowerment.
""Starting today, in the special session of Parliament, our country is all set to take a historic step towards women's empowerment. The respect for our mothers and sisters is the respect for the nation, and with this very spirit, we are moving forward resolutely in this direction,"" the PM posted on X.
The Centre has called a special sitting of Parliament from April 16 to 18.
The government is planning to implement the women's reservation ahead of the 2029 General Elections by bringing in an amendment to the 2023 Act and a constitutional amendment to delink the delimitation process from the 2027 census.
The government has proposed to increase the number of seats in the House to 850, with 815 seats proposed for the States and the remaining 35 for the Union Territories. The Lok Sabha has 543 seats at present.
The opposition to the proposed delimitation bill has been mounting for a long time and has escalated after the Centre's recent approval of draft amendment bills to operationalise the Nari Shakti Vandan Adhiniyam, 2023. The opposition has also objected to haste in convening a special Parliament sitting amid the election season.
Union Home Minister Amit Shah, along with Law Minister Arjun Ram Meghwal, is set to table the amendment to the Nari Shakti Vandan Adhiniyam at the special three-day sitting of the Budget Session.
Prime Minister Narendra Modi is likely to address the special session of Parliament this afternoon.
The Nari Shakti Vandan Adhiniyam, which provides for 33 per cent reservation for women legislators, is linked to the delimitation process in the Lok Sabha. The government is planning to implement the women's reservation ahead of the 2029 General Elections by bringing in an amendment to the 2023 Act and a constitutional amendment to delink the delimitation process from the 2027 census.
Opposition parties across the country have questioned the BJP-led NDA government over delimitation, expressing concern over the proposed exercise that has seen southern non-BJP CMs rally together, expressing concern over their state's interests.
Opposition leaders raised concerns over the lack of consensus and timing of the session and have resolved to vote against the amendments in Parliament, Congress president Mallikarjun Kharge said.
Kharge said in Delhi that several opposition parties have decided to unitedly vote against the delimitation provisions in the Constitution amendment bill in Parliament, while asserting that they are not against womens' reservation. They were opposed to the manner in which the bill is being brought.
""All of us are in favour of the women reservation bill, but have reservations on the way in which it is being brought. It is politically motivated. Just to gag and suppress opposition parties, the government is doing this,"" Kharge said.
""We are continuously supporting women's reservation. We are insisting that an earlier amendment that was passed be implemented. They (the BJP-led government) are playing tricks with delimitation. Therefore, all parties have taken a decision unitedly to oppose this bill,"" he added.
Parliament is set for a high-stakes showdown during a special session from April 16 to 18, as the Union government moves to amend the Nari Shakti Vandan Adhiniyam (Women’s Reservation Act) and introduce a delimitation bill to expand the Lok Sabha to 850 seats.
The core issue is delimitation, which opposition parties say would reduce representation for southern states while favouring northern ones. They have urged the government not to link the delimitation exercise with the implementation of the women’s reservation law.
The government plans to operationalise the Nari Shakti Vandan Adhiniyam (106th Constitutional Amendment Act, 2023), which reserves one-third of seats in the Lok Sabha and state assemblies for women, ahead of the 2029 general elections through an amendment to the 2023 law.
It will also introduce the Constitution (131st Amendment) Bill, 2026, proposing to expand the Lok Sabha to 850 seats and amend Articles 81 and 82. The bill seeks to delink delimitation from the 2027 census, allowing the exercise to be based on pre-2026 population data.
Three bills are slated for the April 16–18 session: the Constitution (One Hundred and Thirty-First Amendment) Bill, 2026, the Delimitation Bill, 2026, and the Union Territories Laws (Amendment) Bill, 2026.
The proposed expansion would raise Lok Sabha seats from the current 543 to 850, including 815 seats for states and 35 for union territories.",False,4,4,0.42,True,False,False
b15b01acc3e4ca81,EVT_00073,the_hindu,2026-04-16 23:47:38,2026-04-16,"Prime Minister Narendra Modi and Union Home Minister Amit Shah on Thursday (April 16, 2026) told the Lok Sabha that the Bills to amend the women’s reservation law and carry out a fresh delimitation exercise will keep current proportional representati...",https://www.thehindu.com/news/national/delimitation-wont-bring-down-souths-share-of-seats-modi-shah-tell-lok-sabha/article70870586.ece,"Prime Minister Narendra Modi and Union Home Minister Amit Shah on Thursday (April 16, 2026) told the Lok Sabha that the Bills to amend the women’s reservation law and carry out a fresh delimitation exercise will keep current proportional representation of southern States intact while increasing the absolute number of seats for each State approximately by 50%.
While the Prime Minister gave an assurance that the proportional distribution of seats among States will be maintained, it was the Home Minister who gave a detailed scenario for each southern State after the three Bills become law.
Published - April 16, 2026 11:47 pm IST",False,4,4,0.42,True,False,False
e7832fb86b117644,EVT_00067,hindustan_times,2026-04-16 21:26:25,2026-04-16,‘Even Chanakya would be shocked’: Priyanka Gandhi's banter with Amit Shah in Lok Sabha,https://www.hindustantimes.com/india-news/even-chanakya-would-be-shocked-priyanka-gandhis-banter-with-amit-shah-in-lok-sabha-women-reservation-bill-101776351187856.html,"‘Even Chanakya would be shocked’: Priyanka Gandhi's banter with Amit Shah in Lok Sabha
Breaking into a smile herself, Priyanka Gandhi said in Lok Sabha, “the home minister is laughing, their entire plan is ready"".
Congress leader and member of Parliament Priyanka Gandhi Vadra, in a light-hearted banter with home minister Amit Shah on the treasury bench across her, took a jibe at the minister, saying that even Chanakya would be ""shocked"" by his “political scheming”.
While speaking during the ongoing special session of Lok Sabha to discuss the three three bills that seek to increase the seats from the existing 543 to 850 and ensure one-third women representation in the lower house, Priyanka said that the bills are a means for the Bharatiya Janata Party (BJP) to retain power.
“The current government is once again trying to deceive the nation, launching a major attack on the country’s integrity. On one hand, it speaks at length about women’s empowerment, while on the other, it is quietly taking away the rights of OBCs and weakening some states. By undermining India's democracy, it is building a framework to strengthen its party ahead of the next elections,” Priyanka said when she caught Amit Shah smiling from the bend across the Lok Sabha.
Addressing that and breaking into a smile herself, she says, “the home minister is laughing, their entire plan is ready"".
Also read: Tamil Nadu 59, Karnataka 42: Amit Shah shares breakdown of Lok Sabha states after delimitation
“If Chanakya was alive, he would be shocked by your political scheming,” she said, as the entire house burst into a light laughter.
Amit Shah's assurance to southern states
Home minister Amit Shah, speaking after Priyanka Gandhi, sought to assure that the increment in Lok Sabha would not lead to disadvantage to or discrimination against any state.
Also read: ‘No bigger feminist than PM Modi’: Kangana Ranaut during debate on women quota bill in Lok Sabha
Addressing the concerns of the Opposition over the representation of Southern states, Shah said the seats in Lok Sabha will be increased in proportion to the existing seats.
He also provided details of the number of seats that will be increased for southern states, saying that Karnataka's Lok Sabha seats will increase from 28 to 42, Andhra Pradesh's will increase from 25 to 38, Telangana's will increase from 17 to 26 and Tamil Nadu's seats will increase from 39 to 59.
He also said that the representation of all these states will remain similar to its current proportion even after the seats are increased.
Also read: Women quota bill won't discriminate, in favour of democracy: PM Modi in Lok Sabha | Top quotes
Women quota bill won't discriminate, says PM Modi
Prime Minister Narendra Modi also addressed the Lok Sabha on Thursday and assured that the women reservation bill will not discriminate against anyone.
Urging the Opposition to support the bill, Modi said that he is providing a “guarantee” that it would not lead to political benefit for a single group.
However, he also warned that those who raise objection to the bill will not be “forgiven” by the women of the country.
- ABOUT THE AUTHORNikita Sharma
Nikita Sharma is a Senior Content Producer with Hindustan Times. She is a Delhi-based digital journalist with five years of experience writing and editing news stories across beats including crime, politics, tech, trends and much more, both national and international. At Hindustan Times, she is part of the news team and focuses on breaking news, keeping a track of what is happening where, and chasing ever-developing news stories. She has a penchant for covering crime, geopolitics, and Indian politics with a keen eye for stories often overlooked in the daily news cycle. At Hindustan Times, she has extensively covered several key events including the US Presidential elections, Air India plane crash, Pahalgam terror attack and Operation Sindoor, US’ tariff war, and others. As a Delhi aficionado, she particularly enjoys roaming and writing about the national capital — its heritage, food, art and culture, and the many problems that come with it — the pollution, waterlogging, traffic, and more. Nikita did her Bachelor in Journalism and Mass Communication from GGSIPU and started working as a digital journalist in 2021. During her first stint, she covered hyperlocal news at a Delhi-based newsroom, writing and editing stories on builder-buyer conflicts, civic issues such as potholes, waterlogging, lack of facilities at hospitals in Delhi, crippling of the city during peak monsoon season. She also wrote features covering Delhi’s art exhibitions, heritage walks, artist profiles, museums, classical Hindustani music concerts and dance shows. She entered mainstream news in 2023 and has previously worked at NDTV.Read More",False,4,4,0.53,False,False,False
26703c93ac27e376,EVT_00066,the_hindu,2026-04-16 11:10:24,2026-04-16,The Supreme Court in 2025 had said that the delimitation exercise conducted before the post-2026 census data must not “destabilise the uniform electoral framework” envisaged by the Constitution and blur the clear demarcation between constitutional pr...,https://www.thehindu.com/news/national/in-2025-verdict-supreme-court-had-warned-of-delimitation-destabilising-uniform-electoral-framework/article70867652.ece,"The Supreme Court in 2025 had said that the delimitation exercise conducted before the post-2026 census data must not “destabilise the uniform electoral framework” envisaged by the Constitution and blur the clear demarcation between constitutional prescription and political discretion.
The court was dealing with a plea in the K. Purushottam Reddy case for the conduct of delimitation and re-adjustment of Legislative Assembly seats in Andhra Pradesh and Telangana. The petitioner had argued that by conducting delimitation of constituencies in the Union Territory of Jammu and Kashmir in 2022, the Centre was discriminating against the two States. The plea had sought parity.
Published - April 16, 2026 11:10 am IST",False,2,2,0.41,True,False,False
4d8a0c94a3b4bb62,EVT_00063,india_today,2026-04-16 22:47:57,2026-04-16,"India, Pakistan navies operate in rare close proximity near Strait of Hormuz",https://www.indiatoday.in/india/story/india-pakistan-navy-ships-strait-of-hormuz-18-nautical-miles-operation-urja-suraksha-2897380-2026-04-16,"India, Pakistan navies operate in rare close proximity near Strait of Hormuz
Indian and Pakistan naval vessels came unusually close near the Strait of Hormuz amid rising tensions over shipping routes, with both sides escorting energy cargoes as fears grow over disruption in West Asia waters.
A rare maritime development near the Strait of Hormuz has brought Indian and Pakistan naval operations into unusually close proximity, with warships of both countries observed operating just 18 nautical miles apart amid rising tensions in West Asia waters.
The movement was reported by open-source intelligence analyst Damien Symon, associated with The Intel Lab, who flagged the proximity of the vessels operating off the coast of Oman.
“A rare event observed a short while ago: Indian and Pakistani navy vessels are operating just 18 nautical miles apart off the coast of Oman, likely as both countries work to secure their merchant shipping interests amid the West Asia conflict,” Symon said, sharing a map indicating the positioning.
Shortly after, he noted that a Pakistan-flagged crude oil tanker, Sargodha, was en route to Karachi under Pakistan Navy escort.
The development comes as both countries step up maritime security measures in and around the Strait of Hormuz, a critical global energy chokepoint.
INDIAN NAVY ESCORTING ENERGY CARGOES
The Indian Navy has been identifying and escorting India-bound ships carrying liquefied petroleum gas, liquefied natural gas and crude oil under Operation Urja Suraksha, launched to ensure safe passage through volatile waters.
The operation is aimed at escorting, guiding and safeguarding energy shipments bound for Indian ports as tensions escalate over shipping risks in the region following disruptions linked to West Asia conflict dynamics.
An official told The Hindu, “We are escorting and, to some extent, helping ships in navigation for smooth movement through the Persian Gulf and the Strait of Hormuz, till the Arabian Sea.”
The official also said Indian Navy destroyers and frigates are extending protection beyond the Strait as well.
RECENT ESCORT OPERATIONS
In recent weeks, the Navy has escorted multiple energy carriers through the region.
LPG carriers Pine Gas and Jag Vasant, carrying nearly 92,000 tonnes of cooking gas, reached Indian ports between March 26 and 27 after protected transit.
Other vessels escorted include LPG carriers Shivalik and Nanda Devi, along with crude oil tanker Jag Laadki.
An Indian-flagged vessel, Jag Vikram, carrying 20,400 metric tonnes of LPG, arrived at Deendayal Port Authority in Gujarat on Wednesday, marking the ninth Indian vessel to exit the Persian Gulf since early March.
Officials said about 15 Indian-flagged ships are still in the region awaiting passage.
REGIONAL NAVAL MOVEMENTS INTENSIFY
Meanwhile, Pakistan has also stepped up escort operations for its merchant fleet. A Pakistan-flagged crude oil tanker Sargodha was seen moving towards Karachi under naval protection after passing through the Strait.
Earlier this week, two Pakistani merchant vessels were allowed to cross the Strait of Hormuz to Kuwait and the United Arab Emirates after initially being denied passage by Iranian authorities.
The Strait of Hormuz and the adjoining Gulf of Oman remain critical maritime routes through which a significant share of global oil shipments pass. Increasing naval presence by regional forces reflects growing concerns over potential disruptions to trade flows amid the evolving West Asia situation.",False,2,2,0.52,False,False,False
eeddd5d514b5c927,EVT_00068,the_new_indian_express,2026-04-16 18:36:54,2026-04-16,"NEW DELHI: The aviation watchdog, the Directorate General of Civil Aviation, on Thursday de-rostered an officer of IGIA's Air Traffic Control (ATC) along with both the pilots operating the Spicejet aircraft involved in the collision. Sources familiar...",https://www.newindianexpress.com/nation/2026/Apr/16/dgca-removes-atc-officer-pilots-from-duty-after-spicejetakasa-aircraft-collision-at-igia,"NEW DELHI: The aviation watchdog, the Directorate General of Civil Aviation, on Thursday de-rostered an officer of IGIA's Air Traffic Control (ATC) along with both the pilots operating the Spicejet aircraft involved in the collision. Sources familiar with the issue said it was very likely that a Surface Movement Controller (SMC) in the ATC was at fault in this incident prompting the regulator to remove the individual from duty with immediate effect.
An official said, ""The SMCs in any airport play a critical role in safety of passengers and the aircraft. They are responsible for the aircraft movement on the runways, the taxiways and the apron area which includes the parking bays."" They visually observe every aircraft apart from deploying tools like Surface Movement Radars to keep track of every plane inside the airport, he added.
"" The SMC in this specific instance must have given clearance for the Spicejet plane which arrived from Leh to taxi to its alloted parking bay - No. 106. ""The controller should also have known the Akasa Air aircraft was waiting on the apron after push back to take off to Hyderabad. The task of ensuring the right distance is maintained between flights is the role of the SMC. There must be accuracy and no room for error in it. This controller needs to communicate and guide the cockpit crew perfectly. Hence the regulator has placed the SMC on duty under suspension.""
While the Air Traffic Controllers take care of take-off and landing of flights, these surface controllers are responsible for movement of every vehicle inside the premises of the space where flights operate, added an airport source.
A veteran with decades of piloting planes said, ""Pilots steering a plane can see clearly only the view on front of the nose of the aircraft. They cannot view both sides of the plane and completely go by the guidance offered to them. The communication relayed to them is what they follow. ""
The pilots may have been grounded as they were on this flight involved in the mishap but it is highly likely they had no role in it and were merely following the guidance given to them, he added..
Asked about these specific aspects, Spicejet refused comment.
The exact picture will after the detailed investigation carried out by the DGCA and internal investigations by the airlines.",False,2,2,0.41,True,False,False
18bcd62e445c0f8f,EVT_00068,the_times_of_india,2026-04-16 17:06:00,2026-04-16,"NEW DELHI: A ground collision between two aircraft at Indira Gandhi International Airport on Thursday left both planes damaged after a SpiceJet aircraft, while taxiing, struck a stationary Akasa Air plane.",https://timesofindia.indiatimes.com/india/delhi-airport-mishap-taxiing-spicejet-aircraft-collides-with-stationary-akasa-plane-at-igi/articleshow/130305799.cms,"NEW DELHI: A ground collision between two aircraft at Indira Gandhi International Airport on Thursday left both planes damaged after a SpiceJet aircraft, while taxiing, struck a stationary Akasa Air plane.
Officials said the impact occurred on the taxiway, with the wings of the two aircraft coming into contact, forcing both to be grounded for inspection.
According to a SpiceJet spokesperson, a B737-700 aircraft was involved in a ground incident while taxiing on April 16. The aircraft’s right winglet struck the left-hand horizontal stabiliser of another plane belonging to a different airline. The SpiceJet aircraft has since been grounded in Delhi for inspection.
Meanwhile, Akasa Air confirmed that its aircraft, operating flight QP 1406 from Delhi to Hyderabad, was stationary at the time of the incident when it was hit by another airline’s plane. Following the collision, the aircraft returned to the bay.
Poll
Do you believe that ground collisions at airports are a serious safety concern?
“All passengers and crew were safely disembarked, and our ground teams are making alternative arrangements to fly passengers to Hyderabad at the earliest,” an Akasa Air spokesperson said.
No injuries were reported, and further details are awaited as authorities assess the extent of the damage and investigate the incident.",False,2,2,0.41,True,False,False
0e912ba37dc01642,EVT_00067,news18,2026-04-16 20:09:16,2026-04-16,"Priyanka Gandhi Takes 'Chanakya' Swipe At Amit Shah On Delimitation, Invoking Ancient Strategy To Critique Modern Maths",https://www.news18.com/politics/priyanka-gandhi-takes-chanakya-swipe-at-amit-shah-on-delimitation-invoking-ancient-strategy-to-critique-modern-maths-10037721.html,"Priyanka Gandhi Takes 'Chanakya' Swipe At Amit Shah On Delimitation, Invoking Ancient Strategy To Critique Modern Maths
The core of Priyanka Gandhi Vadra’s argument was that the BJP is 'strengthening the foundation of their party by damaging the Constitution of India'
In a day defined by high-stakes constitutional amendment moves and intense legislative debate, the Lok Sabha witnessed a rare moment of levity on April 16. Congress leader Priyanka Gandhi Vadra, while critiquing the government’s move to expand the House to 850 seats, took a witty swipe at the Treasury benches that momentarily broke the tension of the special session. Her “Chanakya"" jibe, directed at Union Minister Amit Shah and delivered with a mix of sarcasm and political sharpness, has since gone viral, highlighting the deep-seated rivalry between the INDIA bloc and the NDA over the true intent behind the 131st Constitutional Amendment.
Why did Priyanka Gandhi invoke the name of Chanakya during the debate?
Recommended Stories
- Amit Shah's ‘No-Loss’ Guarantee For Southern States To Quell ‘Federal Friction’ On Delimitation
- 'UCC In Six Months, One Crore Jobs': Amit Shah Releases BJP's West Bengal Manifesto
- ‘Religion-Based Quota Unconstitutional’: Amit Shah Snaps At SP MP's Muslim Women Reservation Demand
- 'Technical Bahanebaazi': PM Modi Calls Out 'Opposition Obstruction' Of Women's Reservation
The reference to Chanakya, the ancient Indian polymath and master strategist known for Arthashastra, was a direct commentary on what Gandhi described as the “cunningness"" of the current administration. After Prime Minister Narendra Modi’s earlier address, which framed the 33% women’s quota as a historic act of “atonement,"" Gandhi argued that the move was less about empowerment and more about electoral survival. When she noticed Union Home Minister Amit Shah and several other BJP MPs laughing at her “political trump card"" theory, she cheekily remarked that even Chanakya would have been shocked by the strategic depth—or “cunningness""—on display by the modern-day BJP.
By invoking Chanakya, Gandhi was tapping into a long-standing political trope in India where the BJP’s leadership, particularly the Prime Minister and the Home Minister, are often compared to the legendary strategist for their ability to outmanoeuvre the Opposition. However, her tone was far from complimentary; she suggested that by linking the popular women’s reservation to the controversial delimitation exercise, the BJP had created a legislative “pincer movement"" that effectively forced the Opposition to choose between supporting a flawed expansion or appearing anti-woman.
How did the ‘Chanakya’ jibe reflect the Opposition’s stance on the 850-seat plan?
The core of Gandhi’s argument was that the BJP is “strengthening the foundation of their party by damaging the Constitution of India"". This refers to the government’s decision to use the 2011 Census as a baseline and expand the Lok Sabha to 850 seats. The Opposition views this as a strategic masterstroke designed to preserve the NDA’s electoral advantage in the Hindi Heartland while simultaneously implementing the women’s quota. Gandhi’s remark about the government coming “fully planned"" suggests that the INDIA bloc sees this not as a spontaneous reform, but as a long-term tactical play to redraw the political map of India in their favour before 2029.
The laughter from the Treasury benches, which prompted the “Chanakya"" retort, underscored the government’s current confidence. With a division vote earlier in the day showing a clear majority in favour of the bill’s introduction, the BJP MPs appeared unbothered by the charge of being “over-strategic"". For the government, the strategy is a legitimate solution to a thirty-year deadlock; for Gandhi and her colleagues, it is a subversion of federal principles under the guise of gender justice.
What is the strategic significance of the ‘cunningness’ Priyanka mentioned?
The “cunningness"" Gandhi alluded to lies in the unique “no-loss"" mathematics of the 850-seat model. By ensuring that every state sees a proportional increase in seats, the government has made it politically difficult for regional parties—such as the DMK or the TMC—to launch a full-scale protest without alienating their own female voters. As the session continues into its second day, the “Chanakya"" point remains a talking point in the Central Hall, serving as a reminder that in 2026, the battle for the Indian voter is being fought with equal parts legislative ambition and rhetorical wit. As the Delimitation Commission looms, the question remains whether this strategic expansion will indeed be the “trump card"" that secures the next decade for the NDA.",False,4,4,0.53,False,False,False
a54d45f54c0b3a1c,EVT_00067,indian_express,2026-04-16 19:50:27,2026-04-16,‘Delimitation won’t reduce South’s share in Lok Sabha’: Amit Shah breaks down the numbers,https://indianexpress.com/article/political-pulse/amit-shah-lok-sabha-delimitation-south-india-seats-women-reservation-bill-caste-census-10640281/,"‘Delimitation won’t reduce South’s share in Lok Sabha’: Amit Shah breaks down the numbers
Asked where the numbers he cited were mentioned in the Delimitation Bill, Union Home Minister says he will explain it all on Friday in “a language so simple that KG (kindergarten) students can understand”.
Participating in the Lok Sabha debate on the early implementation of the women’s reservation law, Union Home Minister Amit Shah on Thursday addressed the concerns of the southern and smaller states and said the Opposition’s narrative that the South’s share in the Lok Sabha would go down was incorrect.
Shah presented the numbers each state will get in proportion, following the passage of the Constitution (One Hundred and Thirty-First Amendment) Bill, 2026.
Stating that while he would present the government’s response on Friday, Shah said he would like to speak and clarify certain points about the three Bills as he did not want anyone to spend the night with any confusion. Presenting the numbers, the Home Minister said:
- Karnataka has 28 seats in the Lok Sabha at present, representing 5.15% of the House. After delimitation, the number of seats will increase to 42, representing 5.14% of the expanded House.
- Andhra Pradesh has 25 seats representing 4.6% of the House and after delimitation, it will have 38 MPs representing 4.65% of the House.
- Tamil Nadu — Shah noted several MPs wearing black in protest — will see the number of MPs go up from 39 to 59, increasing its share in the House from 7.18% to 7.23%.
- Kerala, the Home Minister said, will see the number of Lok Sabha MPs go up from 20 to 30, with its share in the House changing from 3.68% to 3.67%.
- Telangana has 17 seats, or 3.13% of the Lok Sabha strength, at the moment. This will increase to 26 seats, representing 3.18% of the expanded House.
In total, Shah said, the southern states have 129 MPs in the 543-member Lok Sabha, representing 23.75% of total MPs. This will increase to 195 seats in the expanded Lok Sabha, increasing representation to 23.9%. The South’s representation, he said, was going up and not down.
Responding to Congress MP K C Venugopal, Shah said, “I, Amit Shah, the Home Minister, the minister who has piloted the Bill, am saying this.” Asked where the numbers on the southern states’ share were mentioned in the Delimitation Bill, Shah said he would explain it on Friday in “a language so simple that KG (kindergarten) students can understand”. He then took a dig at the Opposition, saying that when he responds, the rival parties should listen to him patiently and not walk out.
The Union Home Minister said the narrative that the government does not want to conduct a caste census was not true. He said people familiar with the process know that there are two parts to the Census: counting the buildings and then the people. He said that when the second part of the Census is conducted, the “caste census will happen”.
Shah said the Delimitation Commission Act had not been changed by the government and there was no way for the government to “manipulate the process unless those in power then put in such provisions”. He said even if such provisions existed, the government would not manipulate. “There is no way to manipulate the mandate of 130 crore Indians. Those who tried during the Emergency were ended by the people, but democracy did not,” he said.
The Home Minister said even though the Bills were being brought in now in the middle of Assembly elections, they would not be implemented till Parliament approves them and the President signs. “So Akhilesh Yadav should not worry,” Shah said, responding to the Samajwadi Party president’s remarks.",False,4,4,0.53,False,False,False
2ca87d575006a16e,EVT_00067,india_today,2026-04-16 18:03:09,2026-04-16,Chanakya would've been shocked: Priyanka Gandhi to Amit Shah over women's quota,https://www.indiatoday.in/india/story/priyanka-gandhi-vadra-parliament-session-lok-sabha-amit-shah-chanakya-quip-womens-quota-reservation-viral-video-2897242-2026-04-16,"Chanakya would've been shocked: Priyanka Gandhi to Amit Shah over women's quota
Congress's Wayanad MP Priyanka Gandhi Vadra took a 'Chanakya' swipe at Union Home Minister Amit Shah during the women's quota debate. Her remark saw Union Home Minister Amit Shah smiling.
Congress MP Priyanka Gandhi countered the Centre's proposed women's reservation bill in Lok Sabha on Thursday, with a jab referencing Chanakya – the philosopher and political strategist – which left Home Minister Amit Shah in splits. The Wayanad MP said that while Congress supports reservations for women MPs, the debate is not on that but on the fact that the bill smells of politics.
In a light-hearted moment during her address, Priyanka Gandhi said that the women's quota move was actually the NDA-ruled Centre's Trump card to retain electoral advantage. Referring to Prime Minister Narendra Modi's earlier address, wherein he spoke about how the BJP has been a champion of women's rights, she said that by damaging the Constitution of India, the BJP is strengthening the foundation of their party.
Seeing Shah and several other BJP MPs laughing at her statement, Priyanka Gandhi cheekily replied, ""You have all come fully planned. Today, if Chanakya had been alive, he also would have been shocked by your cunningness.""
The remark drew massive laughter from Amit Shah, Kiren Rijiju and other BJP MPs, who took it sportingly.
Referencing the PM's address again, Priyanka Gandhi said that the BJP should tread cautiously because women are good at sensing those who lie.
""Prime Minister's remarks today suggested that the BJP have been the champions, proponents, and biggest supporters of women's reservation. This was the theme throughout his speech, even while claiming he didn't want any credit for it...A few years after reading Rahul Gandhi's letter in 2023, finally, when the government of respected Prime Minister Narendra Modi unanimously passed this Act in 2023, the Indian National Congress fully supported it, in keeping with its ideology,"" she added, while stressing that Congress will always support women's reservation.
The Wayanad MP also asked why 33 per cent reservations cannot be given within the 543 seats of Lok Sabha currently. ""If this Constitution amendment bill is passed, democracy will be finished in this country,"" she said.
Pointing to PM Modi's speech wherein, in a veiled dig at Congress, he mentioned how the women's quota move has always been opposed in the past, she spoke about her great-great-grandfather Motilal Nehru.
""I would like to give a little background on this topic. Because the Prime Minister mentioned a lot in his speech about who stopped it, how it was stopped, and how this decision was stalled for 30 years. My colleagues in the ruling party may not like this, but the historical background is that it was also initiated by a man named Nehru. But don't worry, this is not the Nehru you so shy away from. His father, Motilal Nehru, prepared a report in 1928 and presented it to the Congress Party's Working Committee. In it, he listed 19 fundamental rights. In 1931, the Congress session was held in Karachi under the chairmanship of Sardar Patel. This resolution was passed at that Karachi session, marking the beginning of women's equal rights becoming a part of our country's politics. At the same time, the principle of 'One Vote, One Citizen, One Value' was also established in our politics. In countries like the United States, they had to wait and struggle for this right for 150 years. Implementing women's reservations in our country's political system was a unique step in the world,"" she said.
Priyanka Gandhi added that the 33 per cent reservation in municipalities and panchayats was first introduced in the House by the Congress government under her late father and PM Rajiv Gandhi.
In his address, PM Modi said that those who opposed the women's quota in the past had to suffer, indirectly jabbing the Congress. He also said that the reservation was not a gift but the right of women MPs.
Under the Constitution (131st Amendment) Bill, the Centre has proposed to increase the Lok Sabha seats from 543 to 850, with 815 for states and 35 for Union Territories. This will allow the Delimitation Bill and the Union Territories Laws (Amendment) Bill to implement the women's quota law. However, the southern states – mostly ruled by the opposition parties – have vehemently opposed it, arguing that the delimitation exercise would significantly advantage the Hindi heartland, BJP's stronghold.",False,4,4,0.53,False,False,False
a3f79ed48e50d444,EVT_00112,ndtv,2026-04-17 00:12:06,2026-04-17,Parliament Special Session LIVE: Lok Sabha Proceedings Extended Till 1 Am Amid Debate Over Women's Reservation Bill,https://www.ndtv.com/india-news/parliament-special-session-live-updates-women-reservation-delimitation-bill-women-reservation-law-special-sitting-of-parliament-to-begin-today-11364182#publisher=newsstand,"Parliament Special Session LIVE: The Centre on Thursday introduced the Women's Reservation Bill in the Lok Sabha, marking a significant legislative move during the ongoing special session of Parliament.

Union Minister for Law and Justice Arjun Ram Meghwal initiated the debate by presenting the proposed Constitution (One Hundred and Thirty-First Amendment) Bill, 2026. He also tabled the Delimitation Bill, 2026, setting the stage for discussions on implementing a one-third reservation for women in legislative bodies.

During the proceedings, Union Home Minister Amit Shah introduced the Union Territories Laws (Amendment) Bill, 2026, adding to the legislative agenda of the day.

The introduction of the Bills triggered strong reactions from the Opposition. Congress MP KC Venugopal opposed all three legislations and formally recorded the party's objections in the House.

""The government wants to completely hijack the Constitution,"" the Congress MP said. Parliamentary Affairs Minister Kiren Rijiju and Home Minister Amit Shah clarified that the Bills have just been introduced and the discussion on them is yet to follow.

Here are the LIVE Updates of Parliament Special Session:",False,2,2,0.54,False,False,False
77f1c8cf3c0f63b4,EVT_00064,news18,2026-04-17 00:02:19,2026-04-17,'2023 Women's Reservation Act In Effect From April 16': Centre As Parliament Debates Amendments,https://www.news18.com/politics/women-reservation-act-2023-in-effect-april-16-centre-gazette-notification-parliament-amendments-10037935.html,"'2023 Women's Reservation Act In Effect From April 16': Centre As Parliament Debates Amendments
The central government issued the notification bringing the Women's Reservation Act, 2023, into effect from April 16, 2026 – three years after it was passed
Amid a fierce debate during a special session of Parliament on the Constitution (131st Amendment) Bill to tweak the women’s reservation law, the Centre on Thursday notified the 2023 Act stating that it is in effect from April 16, 2026.
The central government issued the notification bringing the Women’s Reservation Act, 2023, into effect from April 16, 2026 – three years after it was passed – but Parliament is debating the matter late into the night and will vote on the proposed changes tomorrow.
Recommended Stories
- Chidambaram Calls Delimitation Bill ‘Mischievous, Diabolical’, Flags Impact On Southern States
- What Is Delimitation Bill And How Is It Linked To Women's Reservation? 10 Big Questions Answered
- Centre’s Big Outreach Plan: Women From All Sections Invited To Parliament For Reservation Bill
- Women's Reservation Bill Highlights: INDIA Bloc To Oppose Women Reservation Bill, Says Kharge
According to the notification from the law ministry, the Act gives 33 percent quota to women in legislatures and has came into force from April 16, 2026. It is, however, not immediately known why it has been notified when Parliament is debating to amend it for its implementation in 2029.
The notification read: “In exercise of the powers conferred by sub-section (2) of section 1 of the Constitution (One Hundred and Sixth Amendment) Act, 2023, the Central Government hereby appoints the 16th day of April, 2026 as the date on which the provisions of the said Act shall come into force.""
In September 2023, Parliament passed the ‘Nari Shakti Vandan Adhiniyam’, commonly known as the Women’s Reservation Act, in a significant step towards enhancing women’s representation in legislative bodies. The act provided for the reservation of one-third of seats for women in Lok Sabha and state legislative assemblies. Under it, the reservation will not become enforceable before 2034, as it was tied to the completion of the delimitation exercise post 2027 Census.
The three bills presently being debated in Lok Sabha were brought in by the government so that the women quota could be implemented in 2029. Officials, meanwhile, said though the act has come into force, the reservation cannot be implemented in the current House as it can be implemented after carrying out a delimitation exercise on the basis of the next census.
This curious turn of events, however, did not go unnoticed and the Congress was quick to raise questions over it. The party’s general secretary Jairam Ramesh shared a copy of the gazette notification on X, calling the timing of the notification “absolutely bizarre"".
This is absolutely bizarre. The Nari Shakti Vandan Adhiniyam passed in September 2023 has come into force today while amendments to it are being debated and will be voted upon tomorrow. Completely puzzled. pic.twitter.com/8d9y2bAGmV— Jairam Ramesh (@Jairam_Ramesh) April 16, 2026
While the government has notified the law, a significant obstacle remains: its implementation is currently contingent on the next Census and the delimitation exercise, effectively pushing it into the future. Hence, the government is now seeking to scrap this linkage to ensure the reservation is rolled out in time for the 2029 Lok Sabha elections.
(With agency inputs)",False,3,3,0.38,True,False,False
9b421ea7b314a812,EVT_00208,indian_express,2026-06-29 15:19:07,2026-06-29,Why DMK has hit the streets over TVK minister’s two-year-old video,https://indianexpress.com/article/political-pulse/why-dmk-has-hit-the-streets-over-tvk-ministers-two-yer-old-video-10762807/,"Why DMK has hit the streets over TVK minister’s two-year-old video
The video shows Sarath Kumar seated among spectators during an IPL match while handling a small quantity of white, powder-like substance on the screen of a smartphone
The DMK on Monday mounted one of its first major street protests against Chief Minister C Joseph Vijay’s government, demanding the dismissal and arrest of Human Resources Management Minister D Sarath Kumar over a resurfaced viral video that many allege depicts conduct resembling drug use.
The police denied permission for the demonstration, but in Chennai, dozens of DMK workers and members of the party’s students wing assembled near Rajarathinam Stadium and later staged a road blockade at Doveton in Vepery, briefly disrupting traffic. Officers detained more than 50 protesters, including party functionaries, before dispersing the gathering, citing prohibitory orders. Officials said those detained were likely to be released later.
The protest was all about the Opposition party’s attempt to turn a social media controversy into a political issue, arguing that a minister should be held to a higher standard, particularly amid public campaigns against narcotics.
VIDEO | Tamil Nadu: Over 250 DMK cadres detained by police for staging protest against Minister Sarathkumar and seeking his dismissal over allegations of his narcotics substance use in public.
(Full video available on PTI Videos – https://t.co/n147TvrpG7) pic.twitter.com/25c0dOuX5E
— Press Trust of India (@PTI_News) June 29, 2026
What is the row?
The controversy stems from a short video that has resurfaced online after reportedly first appearing as an Instagram story posted by Sarath Kumar about two years ago with the caption “Thug Life”. The clip, apparently recorded during an IPL match at Chennai’s M A Chidambaram Stadium, shows the minister seated among spectators handling a small quantity of white, powder-like substance on the screen of a smartphone.
Interestingly, the video surfaced on the same day Vijay ran a “Start Run, Stop Drugs” anti-drug awareness marathon in Chennai last week, adding a strong edge to the controversy around his minister.
In the footage, Sarath Kumar appears to use an ATM card to press, scrape and gather the substance into a finer powder. A Rs 500 currency note is visible nearby, and at one point he appears to wipe or clean the card or his hand against a handle.
Many online argued that the sequence bears a resemblance to familiar visual depictions of narcotics being prepared, prompting allegations on social media that the minister was using drugs.
The video has since triggered sharp political criticism from Opposition parties.
Minister’s defence
Sarath Kumar has categorically denied the allegation, saying the substance shown was not narcotics but a medicine tablet that he crushed to administer to his sick daughter, who was with him at the match. According to the minister, he used the card simply to crush the tablet into powder so it could be given more easily to the child. He said the clip had been stripped of its context and was being deliberately misrepresented on social media.
The allegation, therefore, remains based on interpretations of the visuals in the video.
DMK steps up attack
Despite that clarification, the DMK intensified its attack. Its students wing announced a statewide agitation demanding Sarath Kumar’s immediate dismissal from the Cabinet, arguing that a minister should not be associated with visuals that raise questions during an anti-drug campaign.
In a statement announcing Monday’s protest, the organisation said combating drug abuse was a collective social responsibility and alleged that the minister’s actions ran contrary to that objective. It further accused him of “hiding behind a child to play politics”.
Former Health Minister M A Subramanian accused the government of suppressing democratic protests and criticised what he described as its handling of drug-related issues. DMK spokesperson Saravanan also criticised the police action, alleging that party workers attempting to make arrangements for the protest had been detained overnight.
The controversy has also drawn criticism beyond the DMK. DMDK general secretary Premalatha Vijayakanth described the footage as “highly condemnable”, saying public representatives should maintain proper conduct and that the emergence of the video during an anti-drug campaign was unfortunate. Separately, a woman advocate, Saranya, submitted a complaint to the Chennai City Police Commissioner seeking legal action against the minister.
Sarath Kumar, who was only recently inducted into the Vijay cabinet, continues to reject the allegations. His party, the TVK, has since sought to distance itself from the episode as political pressure over the viral video continues to grow.",False,2,2,0.37,True,False,False
01424f0f5da0a0f6,EVT_00211,theprint,2026-06-30 15:27:22,2026-06-30,"New Delhi: The Cockroach Janta Party (CJP), which has projected itself as a citizens’ movement for educational reforms and accountability in government, is increasingly drawing political attention, even as its founder Abhijeet Dipke maintains the CJP...",https://theprint.in/politics/cockroach-janta-party-opens-the-floor-to-all-political-parties-maintains-it-has-no-electoral-ambitions/2974019/,"New Delhi: The Cockroach Janta Party (CJP), which has projected itself as a citizens’ movement for educational reforms and accountability in government, is increasingly drawing political attention, even as its founder Abhijeet Dipke maintains the CJP has no electoral ambitions, and its only agenda is seeking reform.
Dipke has repeatedly rejected the CJP’s comparisons with the Aam Aadmi Party (AAP), which emerged from the India Against Corruption movement before entering electoral politics. The CJP is a student-led campaign, Dipke has maintained.
However, the movement’s latest outreach to political parties has fuelled speculation over whether it is acquiring a political colour.
When ThePrint spoke to Dipke earlier this month, he said the movement was not dependent on political parties. Asked whether the absence of Opposition leaders and thinning crowds had disappointed him, Dipke had said, “We are not relying on any political parties to carry this movement forward; this movement is by the students.”
He, however, added that he hoped all political parties would put aside their differences and unite for the students’ cause. His latest appeal to all parties to join his protest builds on that position.
Dipke has invited all political parties, including BJP members, to join the agitation, while urging them to come with the Tiranga and not their party flags.
The invitation came even as BJP national president Nitin Nabin took an indirect swipe at the movement during a speech in Telangana.
“New virus and cockroach-like parties are emerging in the country with the aim to destroy it… They are the ones who want to break the country into pieces, and BJP workers will teach them a lesson,” he said.
Despite its growing online popularity, the movement has not received formal backing from any major political party.
The CJP’s first protest at Jantar Mantar on 6 June was attended by CPI leader Annie Raja, CPI(ML) Liberation General Secretary Dipankar Bhattacharya and climate activist Sonam Wangchuk. According to sources, the movement was also discussed at an INDIA bloc meeting after Bhattacharya raised the issue.
On Tuesday, CPI general secretary D. Raja, CPI(M) general secretary M.A. Baby and senior CPI(M) leader Brinda Karat also attended the protest at Jantar Mantar.
Several Opposition leaders have also publicly endorsed the movement’s demands without formally joining the agitation.
AAP national convener Arvind Kejriwal backed the CJP’s central demand of Union Education Minister Dharmendra Pradhan’s resignation, saying the movement reflected widespread anger among students over repeated examination controversies and incidents of paper leaks.
Please note. https://t.co/EEj16kxACr
— Abhijeet Dipke (@abhijeet_dipke) June 29, 2026
Samajwadi Party chief Akhilesh Yadav, Shiv Sena (UBT) chief Uddhav Thackeray and NCP (Sharadchandra Pawar) leader Rohit Pawar have also voiced support for the protesters.
The Congress, too, has supported the issues raised by the movement while maintaining organisational distance from the protest.
Also Read: Why Delhi Police photographers at Cockroach Party protest wore orange vests, body cameras
‘Crowd not only measure of success’
Rajya Sabha MP Abhishek Manu Singhvi told ThePrint that the success of a protest should not be measured solely by the size of the crowd.
“Times have changed,” Singhvi said, arguing that the movement had generated significant traction online and reflected genuine dissatisfaction among young people over the education system.
However, the Congress has not officially endorsed the Cockroach Janta Party’s agitation. Instead, its student wing, the National Students’ Union of India (NSUI), and the Indian Youth Congress have organised separate protests over examination-related issues rather than joining the sit-in at Jantar Mantar.
Political scientist Chandrachur Singh said the movement’s outreach to political parties should not automatically be interpreted as evidence of electoral ambitions.
“The central demand is the resignation of Dharmendra Pradhan. Student organisations such as SFI and AISA have their own political affiliations. If the movement wants this demand to be raised inside Parliament, it is only natural that it will seek support from political parties,” he said.
Singh further also said that the movement’s objective appeared to be securing political backing for its demands rather than transforming itself into a political party.
“They have been consistent in saying that they want accountability and the minister’s resignation. Seeking support from political parties does not necessarily mean they have a political agenda. They may want legislators to raise the issue inside Parliament. That is different from entering electoral politics,” he said. “Even if they eventually choose to do so, I don’t see them emerging as a major political force, and if they do later want to get into politics they will have to change their name.”
For now, the Cockroach Janta Party continues to describe itself as a citizens’ movement. But with some political leaders turning up at its protests, parties across the Opposition backing its demands, and Dipke himself inviting all parties to join the agitation, the movement risks being labelled a political campaign.
(Edited by Ajeet Tiwari)
Also Read: At Jantar Mantar, Cockroach Janata Party protest settles into a simmer as demands stay unchanged",False,3,3,0.36,True,False,False
508fc06fff56540b,EVT_00213,indian_express,2026-06-30 15:30:20,2026-06-30,Ram Mandir ‘Theft’ row: Will VHP’s campaign to ‘free’ temples be hit?,https://indianexpress.com/article/political-pulse/ayodhya-donation-theft-row-vhp-free-hindu-temples-campaign-rss-concerns-10764564/,"Ram Mandir ‘Theft’ row: Will VHP’s campaign to ‘free’ temples be hit?
A section of the outfit feels the initiative has suffered a setback, says ""next few months are critical""; others bank on public's “short memory” to overcome setback
The recent alleged embezzlement of donations at the Ram Janmabhoomi Temple in Ayodhya has triggered fresh concerns within the Sangh Parivar about the long-running campaign of the Vishwa Hindu Parishad (VHP) to liberate Hindu temples from government control.
While the VHP has officially maintained that the alleged theft will not derail its efforts, several voices within the broader Sangh ecosystem believe the campaign has suffered a significant setback.
“Abhi to lagta hai, yah abhiyan khatai mein pad gaya hai (it seems like the campaign has derailed),” remarked a senior VHP leader, suggesting the movement is currently caught in a dilemma.
The VHP has consistently highlighted the issue of government interference in temple affairs. In a resolution passed during its Board of Trustees meeting in Faridabad on July 17-18, 2021, the organisation urged the Centre “to enact a legislation handing over Hindu temples and religious institutions to Hindu society”.
The resolution emphasised that devotees offer donations according to their capacity to support religious, educational, health, and social activities run by temples, and stressed that “temples should not be treated as government property”.
VHP functionaries and religious leaders associated with it have often cited substantial financial figures to underscore their demand. At the Mahakumbh in Prayagraj on January 24, 2025, Avdheshanand Giri claimed that donations worth Rs 1.86 lakh crore from temples were flowing into government coffers.
In July last year, the VHP’s Governing Council meeting in Jalgaon, Maharashtra, reiterated that temples must be managed by Hindus and their funds used exclusively for the benefit of Hindu society.
VHP president Alok Kumar told The Indian Express that the organisation remains undeterred. “We have already held meetings with Governors and chief ministers of several states. The next course of action will be decided in the Board of Trustees meeting scheduled for July 19-20 in Delhi,” he said.
Deeper concerns
However, some senior RSS pracharaks closely involved in the Ram Temple movement expressed deeper worries. One key strategist from Uttar Pradesh noted, “The latest episode in Ayodhya has weakened the ‘free Hindu temples’ campaign. Our failure to properly manage offerings and donations at the Ram Temple has exposed shortcomings in selecting the right people for the job. We must restore people’s faith before pushing ahead.”
Another pracharak described the alleged theft as “a big setback,” adding, “Ram Janmabhoomi is not just any temple. If we have failed here, people will naturally question our ability to manage other temples. But please don’t forget that government-managed temples also have such allegations. The fact is that those temples, from time to time, have suffered more mismanagement of funds and other related allegations.”
However, despite the concerns, the VHP plans to intensify its outreach by meeting legislators across the country to build support for its demand. One VHP leader involved in the “free temple campaign” struck a note of cautious optimism: “It is a setback, but people’s memory is short. Even after these allegations, offerings, donations, and devotee footfall in Ayodhya have not declined. In a few months, this will be forgotten.”
Contrarian view
A contrasting view came from another office-bearer, who stressed the need for swift action: “We must restore public faith urgently. The next few months are critical. The FIR registered in Ayodhya should be investigated promptly and tried in a fast-track court. Everything depends on how effectively we rebuild trust.”
The country is estimated to have around 10 lakh temples, though no official comprehensive count exists. While most are small and community-managed, the administration of major temples has long been contentious, with many governed by state-specific legislation that places them under government control.
A few years ago, a committee headed by Swami Parmatmananda, General Secretary of the All India Acharya Sabha, was formed with representation from various organisations, including the VHP, to address these issues.
The Ayodhya controversy has now brought renewed focus on whether the VHP can overcome this challenge and sustain momentum for its flagship temple liberation campaign. There were conferences organised in this regard, of which a few were attended by former RSS sarkaryavah Bhaiyaji Joshi.",False,2,2,0.59,False,False,False
dd8acdcce507c12d,EVT_00208,theprint,2026-07-01 13:16:32,2026-07-01,New Delhi: TVK leader and Tamil Nadu minister R Nirmal Kumar on Wednesday alleged horse trading attempt by DMK leadership to lure his party legislators and said that three persons have been arrested by police in this connection.,https://theprint.in/politics/tvk-accuses-dmk-of-horse-trading-attempts-3-arrested/2974934/,"New Delhi: TVK leader and Tamil Nadu minister R Nirmal Kumar on Wednesday alleged horse trading attempt by DMK leadership to lure his party legislators and said that three persons have been arrested by police in this connection.
Based on the complaint lodged by a TVK MLA, the three men, which includes a person identified as Naresh, who is in “close touch” with “DMK leader V Senthilbalaji and his brother Ashok,” has been arrested in connection with “horse-trading”, he said.
Kumar, Minister for Energy Resources, told reporters that for the past about 40 days, his party has been stating that MK Stalin and Edappadi K Palaniswami, top leaders of the DMK and AIADMK respectively, have been trying to form the government through “short-cut.”
The minister claimed that on the behest of DMK leaders such as Stalin and leader of opposition Udhayanidhi, people like Senthilbalaji have contacted several TVK MLAs and offered inducement ranging between Rs 10 and Rs 50 crore.
Meanwhile, the City Police said that a person claiming himself to be the head of a political survey organization was among the three arrested for contacting N Ilayaraja, TVK MLA from Uthangarai Assembly Constituency in Krishnagiri district. The MLA was lured with Rs 35 crore seeking his “cooperation” over an Assembly resolution against the Speaker.
“Surprised by the proposal, the MLA firmly declined, stating that he had no interest and instructed (accused) Thirunavukkarasu not to contact him again. Thirunavukkarasu allegedly threatened that if the conversation was disclosed, both the MLA and his family would face serious consequences,” a police release said.
Following a complaint from the MLA, the city police registered a case and arrested Thirunavukkarasu, Naresh and Thiyagarajan for their alleged involvement in the case, it said.
“Inquiry disclosed that V Ashok Kumar, younger brother of former DMK Minister and current Coimbatore South MLA V Senthil Balaji met accused Naresh in Chennai. Further inquiry revealed that Thirunavukkarasu contacted the MLA and carried out the alleged acts on the instructions of Senthil Balaji and Ashok Kumar,” it said.
This report is auto-generated from PTI news service. ThePrint holds no responsibility for its content.",False,2,2,0.37,True,False,False
afdf548818124e82,EVT_00288,hindustan_times,2026-07-02 15:27:55,2026-07-02,Indian Navy foils piracy attack on merchant ship in Gulf of Aden; crew safe,https://www.hindustantimes.com/india-news/indian-ins-trikand-navy-foils-piracy-attack-on-merchant-ship-in-gulf-of-aden-crew-safe-mv-golden-arsenal-101782985145279.html,"Indian Navy foils piracy attack on merchant ship in Gulf of Aden; crew safe
Indian Navy Marine Commandos (MARCOS) later boarded the affected vessel, MV Golden Arsenal, which had one Indian crew member on board.
Indian Navy warship INS Trikand thwarted a piracy attempt on a merchant vessel in the Gulf of Aden on Wednesday (July 1) afternoon.
Indian Navy Marine Commandos (MARCOS) later boarded the affected vessel, MV Golden Arsenal, which had one Indian crew member on board.
The crew locked themselves inside a safe room after pirates attempted to board the ship and immediately alerted authorities through a communication channel, news agency ANI reported.
As INS Trikand approached the vessel, the suspected pirates fled the area. MARCOS subsequently boarded the ship and sanitised it to ensure it was secure.
Earlier, on the afternoon of June 19, INS Trikand had responded to a distress call from merchant vessel MV Fareeda 5, which reported a likely piracy attempt in the Western Indian Ocean and undertook prompt action to deter the threat.
The Indian Navy said timely intervention ensured the safety of the merchant vessel.
Also Read: Indian marching contingents, warships to take part in Seychelles’ National Day event
In a post on X, the Navy said, “Responding swiftly to a distress call from MV Fareeda 5 on a likely piracy attempt in the Western Indian Ocean on 17 June 26, mission-deployed INS Trikand, a frontline frigate of the Indian Navy, undertook prompt action to investigate and deter the threat. Timely intervention assured safety of the merchant vessel. As a preferred security partner and first responder in the region, Indian Navy remains committed to safeguarding merchant shipping, countering piracy and ensuring safe and secure seas.”
Earlier, on May 27, Indian Naval Ship INS Kolkata foiled a suspected piracy attempt near merchant vessel MV Mashallah 1 in the Western Indian Ocean.
Responding to inputs of possible pirate activity, INS Kolkata, mission deployed in the Western Indian Ocean, undertook swift action to investigate and deter the threat using its onboard helicopter and boarding teams. The timely intervention ensured the safety of the merchant vessel and prevented a possible piracy attack.
(With ANI inputs)",False,2,2,0.42,True,False,False
a183ac4a8a66cdce,EVT_00252,india_today,2026-07-02 08:01:28,2026-07-02,Sanae Takaichi India Visit Highlights: PM Takaichi bats for stronger India-Japan partnership amid global uncertainty,https://www.indiatoday.in/india/story/japan-pm-sanae-takaichi-india-visit-live-updates-annual-summit-talk-narendra-modi-2938770-2026-07-02?utm_source=hp_bottom_latest&utm_medium=it_web,"Sanae Takaichi India Visit Highlights: PM Takaichi bats for stronger India-Japan partnership amid global uncertainty
All live updates to this blog has ended
Sanae Takaichi in India: The countries to mark 75 years of diplomatic ties with special events in 2027
India and Japan will celebrate 2027 as the India-Japan Year of Shared Horizons to mark 75 years of diplomatic ties, the Ministry of External Affairs said. The two countries will organise 10 commemorative programmes with a strong focus on youth participation. Foreign Secretary Vikram Misri also said Japanese Prime Minister Sanae Takaichi has invited Prime Minister Narendra Modi to Japan for next year's annual summit.
Sanae Takaichi India Visit: Both the countries agree to strengthen crude oil partnership
During Japanese Prime Minister Sanae Takaichi's visit, India and Japan agreed to strengthen cooperation on strategic crude oil reserves and maritime energy transportation as part of efforts to bolster energy security and resilient supply chains.
Sanae Takaichi India Visit: Renewable Energy Secy signs hydrogen pact
Ministry of New and Renewable Energy Secretary Santosh Kumar Sarangi witnessed the signing of green hydrogen agreements between ACME Cleantech and Japanese companies during the India-Japan Annual Summit 2026.
Sanae Takaichi in India: Future Creation Co. CEO both the countries have complementary strengths
Speaking at the India-Japan Annual Summit 2026, Future Creation Company CEO and CCO Haruyuki Hiratani said India and Japan have complementary strengths, with Japan excelling in mechanical engineering and India in information technology. He said closer collaboration between the two countries could accelerate the development and manufacturing of Internet of Things (IoT) solutions, describing it as a mutually beneficial partnership.
Sanae Takaichi India Visit: Japan Press Secy says both the nations see significant scope for cooperation
Speaking during Japanese Prime Minister Sanae Takaichi's visit to India, Press Secretary and Official Spokesperson Toshihiro Kitamura said both India and Japan are facing challenges arising from the weaponisation of economic relations, including difficulties in importing dual-use items from neighbouring countries. He said the two nations see significant scope for cooperation in addressing these challenges and have identified five priority areas for joint projects aimed at strengthening resilient and secure supply chains.
Sanae Takaichi India Visit: Akiba Farm Holdings CEO plans to help local Indian farmers
Speaking at the India-Japan Annual Summit 2026, Akiba Farm Holdings President and CEO Hidetake Akiba said the company, which has been engaged in farming in Japan for 140 years, has recently entered the Indian market. He said the firm's focus is on helping local farmers increase their income and improve milk production through its proprietary animal feed. Akiba added that the company has begun operations in Karnataka and Bengaluru and plans to expand its business to northern, southern and western India.
Sanae Takaichi in India: Tata Chemicals MD says the two country should deepen EV cooperation
Speaking at the India-Japan Joint Economic Forum, Tata Chemicals Managing Director R. Mukundan said India and Japan should deepen cooperation in electric vehicles, green hydrogen and battery storage to strengthen the clean energy transition.
Sanae Takaichi India Visit: Foreign Secy calls Japan PM's visit a significant step
Foreign Secretary Vikram Mistry said Japanese Prime Minister Sanae Takaichi's maiden visit to India marked a significant step in strengthening the India-Japan Special Strategic and Global Partnership. Prime Minister Narendra Modi and Takaichi held restricted and delegation-level talks covering trade, investment, economic security, supply chain resilience, defence, technology, innovation and people-to-people ties.
Both leaders emphasised resilient supply chains, energy security and deeper business collaboration through the Economic Security Factsheet 2.0. They also agreed to cooperate on establishing 1,000 biogas plants in India using Japanese technology and identified artificial intelligence as a key area for future collaboration. Prime Minister Modi will host Takaichi for a private dinner.
Sanae Takaichi India Visit: Japan PM explains why strengthening regional autonomy and resilience is essential
Japanese Prime Minister Sanae Takaichi said the world is facing a new era marked by protectionism, economic coercion and rising geopolitical tensions, making it essential to strengthen regional autonomy and resilience. She proposed advancing a vision of ""Growing Stronger and More Prosperous Together,"" founded on the twin principles of autonomy and resilience, and said the approach closely aligns with Prime Minister Narendra Modi's MAHASAGAR initiative.
Sanae Takaichi in India: Japan PM says the two countries will further strengthen cooperation
Addressing the forum, Japanese Prime Minister Sanae Takaichi said Japan and India, as two of the region's largest democracies, would further strengthen cooperation to uphold the rule of law, resist coercion, safeguard freedom, promote prosperity and shape the future together. She described energy security as one of the most important pillars of the bilateral partnership.
Sanae Takaichi India Visit: PM Modi believes Japan and India together can build resilient global supply chains
Presenting his vision for the future of India-Japan ties, Prime Minister Narendra Modi said Japan's technology and India's market potential could together build resilient global supply chains in semiconductors, pharmaceuticals and critical minerals. He said Japan's capital and India's ambition could drive global leadership in shipbuilding, mobility and clean energy, while startups from both countries could develop next-generation solutions in artificial intelligence, quantum technology and biotechnology. Modi also highlighted the potential for expanded cooperation in aerospace and defence to strengthen global security.
Sanae Takaichi India Visit: PM Modi calls for Japanese investment in India worth 10 trillion yen
Prime Minister Narendra Modi called for deeper economic engagement between the two countries, urging businesses to ensure that Japanese investment in India exceeds 10 trillion yen over the next decade and that the number of Japanese companies operating in the country doubles during the same period.
Sanae Takaichi in India: PM Modi assures that India is world's fastest-growing economy
Addressing the India-Japan Joint Economic Forum, Prime Minister Narendra Modi said the global economy is facing supply chain disruptions, trade uncertainty and weakening demand. Despite these challenges, he said India remains the world's fastest-growing major economy, with GDP growth of 7.7 per cent in the last financial year. Modi added that by embracing Japan's Kaizen philosophy of continuous improvement over the past 12 years, India has been transforming its economic DNA.
Sanae Takaichi India Visit: PM Modi and Japanese PM inaugurate Maruti Suzuki's 4th manufacturing unit
At the India-Japan Joint Economic Forum, Prime Minister Narendra Modi and Japanese Prime Minister Sanae Takaichi jointly inaugurate Maruti Suzuki's fourth vehicle manufacturing facility at Kharkhoda in Haryana via video conferencing.
Sanae Takaichi India Visit: PM Modi calls India-Japan ties 'very special'
Addressing the India-Japan Joint Economic Forum, Prime Minister Narendra Modi described India-Japan ties as ""very special"" and highlighted the success of the two countries' economic partnership. Referring to the inauguration of the new Maruti Suzuki plant in Haryana's Kharkhoda, he said nearly two-thirds of Suzuki cars sold globally are manufactured in India and exported to more than 100 countries. Modi said the combination of Japan's expertise and investment with India's speed and scale benefits not only the two nations but the entire world.
Sanae Takaichi in India: PM Modi says India-Japan business ties span over 100 years
Addressing the India-Japan Joint Economic Forum, Prime Minister Narendra Modi said several Japanese companies have maintained business ties with India for decades, with some partnerships spanning more than a century. He welcomed the new companies joining the forum and said their participation would further strengthen the India-Japan success story.
Sanae Takaichi India Visit: PM Modi visits exhibition with Japanese PM
Prime Minister Narendra Modi and Japanese Prime Minister Sanae Takaichi visit an exhibition at the India-Japan Joint Economic Forum.
#WATCH | Delhi: Prime Minister Narendra Modi and Japanese PM Japanese Prime Minister Sanae Takaichi watch an exhibition at the India-Japan Joint Economic Forum.
— ANI (@ANI) July 2, 2026
(Video Source: DD News) pic.twitter.com/BNYvunntlS
Sanae Takaichi India Tour: PM Modi to attend Joint Economic Forum shortyly with Japanese PM
Prime Minister Narendra Modi, along with Japanese Prime Minister Sanae Takaichi, will attend the India-Japan Joint Economic Forum shortly.
Watch
#WATCH | Delhi: Prime Minister Narendra Modi and Japanese PM Japanese Prime Minister Sanae Takaichi to attend the India-Japan Joint Economic Forum, shortly.
— ANI (@ANI) July 2, 2026
(Video Source: DD News) pic.twitter.com/wnNSQQCXdK
Sanae Takaichi in India: PM Modi calls Japan's Takaichi his 'younger sister'
Prime Minister Narendra Modi warmly welcomed his Japanese counterpart, Sanae Takaichi, during their joint press statement, addressing her as ""Excellency and my younger sister, Prime Minister Takaichi."" Greeting the Japanese delegation, dignitaries and members of the media, Modi said it was a matter of great pleasure to host Takaichi on her maiden visit to India for the annual summit.
#WATCH | Delhi: During press statement with Japanese PM Sanae Takaichi, Prime Minister Narendra Modi says, ""Excellency and my younger sister, Prime Minister Takaichi, delegates from both nations, and members of the media—Namaskar. It gives me great pleasure to welcome Primeâ¦ pic.twitter.com/O78kLVnptK
— ANI (@ANI) July 2, 2026",False,2,2,0.62,False,False,False
72a9049358f97323,EVT_00274,the_times_of_india,2026-07-02 13:12:00,2026-07-02,"NEW DELHI: The Supreme Court on Thursday underscored the need to regulate the use of artificial intelligence in judicial proceedings, noting that unverified AI-generated material could undermine the administration of justice.",https://timesofindia.indiatimes.com/india/supreme-court-warns-against-unchecked-ai-use-in-courts-after-nclt-cites-fake-cases/articleshow/132132555.cms,"NEW DELHI: The Supreme Court on Thursday underscored the need to regulate the use of artificial intelligence in judicial proceedings, noting that unverified AI-generated material could undermine the administration of justice.
Directing the Bar Council of India (BCI) to set up a committee to examine the use of AI in legal practice and adjudication, the court said there was a clear need for regulatory safeguards. It also urged both the Bar and the Bench to exercise caution while using such technology.
The court observed that while AI can assist in adjudication, it should not replace human reasoning or decision-making. It emphasised that human oversight must remain central at every stage of the judicial process.
Raising concerns about the use of fabricated or non-existent AI-generated legal precedents, the court warned that such material could adversely affect the integrity of the justice system. Describing the use of fake, non-existent and AI-generated hallucinated legal precedents as ""invisible, insidious and catastrophic"" to justice, the court likened it to ""the release of methyl isocyanate (a highly toxic, flammable, and volatile organic compound) in the field of law and justice"".
The observations came while the apex court set aside the National Company Law Tribunal (NCLT) and National Company Law Appellate Tribunal (NCLAT) orders in the Essel Infraprojects insolvency case after finding that the NCLT had relied on non-existent, fake and AI-generated hallucinated judicial precedents while deciding the matter. The court held that such reliance strikes at the integrity of the adjudicatory process and warranted fresh consideration of the dispute.
Why the Supreme Court set aside the Essel Infraprojects orders
A bench of justices PS Narasimha and Alok Aradhe was hearing an appeal filed by suspended director Pooja Ramesh Singh against the NCLT's decision admitting Essel Infraprojects into the corporate insolvency resolution process on a petition filed by Jammu and Kashmir Bank under Section 7 of the Insolvency and Bankruptcy Code.
The insolvency proceedings arose from an alleged default linked to a Rs 200 crore credit facility extended by Jammu and Kashmir Bank to Pan India Utilities Distribution Company Limited. The loan was backed by a corporate guarantee from Essel Infraprojects and a mortgage over land in Gorai, Borivali, Mumbai.
The NCLT's Mumbai Bench admitted the insolvency plea in August 2024 over a claimed default of Rs 87.43 crore, and the NCLAT later upheld the order.
However, the Supreme Court found that the NCLT had relied on fabricated and non-existent AI-generated judgments as legal precedents while reaching its conclusion.
Holding that such reliance cannot be tolerated, the Bench said, ""It is necessary for Courts to adopt a zero-tolerance mode for producing, citing or using AI-generated precedents without verification. It is a misconduct on the part of an advocate to cite such judgments without verification.""
The court further said it was an equally serious lapse if judges relied on fake or hallucinated AI-generated material while deciding cases.
""We have no hesitation in declaring that such a decision is no decision in the eyes of the law, irrespective of whether such material had a direct or indirect bearing on the decision-making. Such decisions are to be set aside even if an iota of fake or hallucinated material enters the decision-making process, as it would violate the sanctity of adjudication,"" the Bench observed.
Accordingly, the Supreme Court set aside both the NCLT and NCLAT orders and directed the tribunal to decide the matter afresh on the facts of the case.
Clarifying the scope of its ruling, the court said it was not examining the technical reasons behind AI hallucinations or ways to eliminate them. Those issues, it said, were for engineers and scientists. The judiciary's concern was the use of fake, non-existent AI-generated material as legal precedents.",False,5,3,0.48,False,False,False
c599c9613fe265c7,EVT_00288,the_times_of_india,2026-07-02 13:58:00,2026-07-02,"NEW DLEHI: The Indian Navy foiled a piracy attempt in the Gulf of Aden on Wednesday night after warship INS Trikand swiftly responded to a distress call from a merchant vessel carrying critical cargo for India, according to sources.",https://timesofindia.indiatimes.com/india/indian-navy-foils-piracy-bid-in-gulf-of-aden-marcos-secure-cargo-ship-carrying-critical-consignment-for-india/articleshow/132130773.cms,"NEW DLEHI: The Indian Navy foiled a piracy attempt in the Gulf of Aden on Wednesday night after warship INS Trikand swiftly responded to a distress call from a merchant vessel carrying critical cargo for India, according to sources.
The affected vessel, MV Golden Arsenal, had one Indian crew member on board when suspected pirates attempted to board the ship.
According to ANI sources, the crew immediately activated anti-piracy protocols by locking themselves inside a designated safe room and alerting authorities through an emergency communication channel.
INS Trikand, which was operating in the region, responded to the distress call and moved towards the merchant vessel.
As the Indian Navy warship closed in on the ship, the suspected pirates fled the area before they could take control of the vessel, sources said.
Following the incident, Indian Navy Marine Commandos (MARCOS) boarded MV Golden Arsenal and conducted a thorough sanitisation operation to ensure the ship was secure and free of any remaining threat.
The vessel was subsequently declared safe.
ANI Sources said MV Golden Arsenal was carrying critical cargo destined for India.
No injuries to the crew or damage to the vessel were immediately reported.
The Gulf of Aden remains one of the world's busiest maritime trade routes and has long witnessed incidents of piracy because of its proximity to the Horn of Africa. The Indian Navy has maintained a continuous presence in the region, deploying frontline warships to safeguard merchant shipping and respond to piracy threats.
The latest operation adds to a series of anti-piracy missions carried out by the Indian Navy in the Arabian Sea and Gulf of Aden over the past two years to protect Indian seafarers and commercial vessels transiting through the region.
(With inputs from ANI)",False,2,2,0.42,True,False,False
711a6b6f99125ddf,EVT_00272,firstpost,2026-07-02 13:21:19,2026-07-02,Why India hasn't matched China's pace? Indra Nooyi says democracy comes with trade-offs—and benefits,https://www.firstpost.com/india/why-india-hasnt-matched-chinas-pace-indra-nooyi-says-democracy-comes-with-trade-offs-and-benefits-14028268.html,"In a candid conversation on leadership, global governance and the starkly different trajectories of Asia’s two rising giants, former PepsiCo Chairperson and CEO Indra Nooyi offered a blunt assessment of how political systems shape economic destiny. While praising China’s economic efficiency, she ultimately defended India’s messy democratic model.

Speaking alongside former US Secretary of State Condoleezza Rice at a Hoover Institution panel, Nooyi weighed in on why China rapidly transformed into a manufacturing powerhouse while India continues a slower, more turbulent climb toward superpower status.

STORY CONTINUES BELOW THIS AD

The contrast of ‘order’ and ‘chaos’

The discussion began with Rice asking Nooyi how she would encourage American students and tourists to explore India, noting that Western travellers frequently visit China but often hesitate when it comes to India.

Nooyi, who was born and raised in Chennai before rising to the pinnacle of corporate America, acknowledged that the two countries require entirely different mindsets.

“The interesting thing about China is that it’s relatively homogeneous,” Nooyi remarked. “As a visitor going there and spending some time, it’s easier to do that in China than it is in India. India is a chaotic country. The beauty of India lies in its chaos. Absolute chaos.”

She joked that for those accustomed to predictability and orderly streets, India can initially feel overwhelming.

“When you see cows on the road along with the cars, you go, ‘What the hell is going on here?’ Hey, we know how to dodge the cars and keep going… That’s life in India.”

Ex-Pepsi CEO on India vs China:



""I respect the Chinese system for pulling China out of the dark ages. It became a world power because they did it centrally. India is still struggling to be a world power because democracy rules & progress is slow. But I am glad it is a democracy"" pic.twitter.com/em2zAbk1g9 — Shashank Mattoo (@MattooShashank) July 2, 2026

STORY CONTINUES BELOW THIS AD

‘Progress is slow, but I’m glad it is that way’

However, Nooyi argued that India’s apparent “chaos” is inseparable from its greatest strength—its democracy. Drawing a contrast with China, she said India’s slower pace of development stems from a system where everyone has a voice, unlike China’s top-down model of governance.

“I respect the Chinese system for pulling China out of the dark ages,” Nooyi said. “And they’ve become a world power because they did it centrally. India is still struggling to be a world power because democracy rules, and when everybody has a vote and everybody has a say, progress is slow. But I’m glad it is that way.”

She went on to emphasise that China’s centralised model lacks the institutional checks and balances that protect individual rights. To illustrate the difference, she pointed to the visibility of the judicial system in India.

“Every decent-sized town in India has a courthouse, like there’s one in the towns of America,” she noted. “There are no courthouses in China because the government is your rule maker and your decider. And so that’s where it becomes problematic. That separation—the fact that we have a judiciary that’s so visible—is what gives people comfort that they have a right in the country.”

STORY CONTINUES BELOW THIS AD

Her remarks reflect a long-running debate among economists and political scientists over the so-called “authoritarian advantage” in economic development. China’s centralised political system enabled it to rapidly build infrastructure, relocate populations for industrial projects and implement sweeping economic policies with little opposition.

Why America made her career possible

The conversation then turned personal. Reflecting on her own journey, Nooyi said her rise from Chennai to leading one of America’s largest corporations would not have been possible anywhere else.

As an immigrant who became the CEO of a Fortune 50 company, she credited the United States’ meritocratic culture for creating opportunities that, in her view, were difficult to find elsewhere. She noted that, at the time, corporate advancement in many countries, including India, was often constrained by social hierarchies, gender biases and family networks.

Ex-Pepsi CEO on India vs China:



""I respect the Chinese system for pulling China out of the dark ages. It became a world power because they did it centrally. India is still struggling to be a world power because democracy rules & progress is slow. But I am glad it is a democracy"" pic.twitter.com/em2zAbk1g9 — Shashank Mattoo (@MattooShashank) July 2, 2026

STORY CONTINUES BELOW THIS AD

“I could never have become CEO in any other country in the world, including in India. It’s because the system here in America is a meritocratic system,” Nooyi said.",False,2,2,0.41,True,False,False
f5f0b2b3e47f7f92,EVT_00308,firstpost,2026-07-02 18:01:56,2026-07-02,Missing organs in Indian seafarer’s body spark probe demand after repatriation from Venezuela,https://www.firstpost.com/india/missing-organs-in-indian-seafarers-body-spark-probe-demand-after-repatriation-from-venezuela-ws-e-14028342.html,"The family of a 33-year-old Indian seafarer whose body was repatriated from Venezuela has sought a high-level investigation after a second post-mortem in Uttar Pradesh allegedly found several major internal organs missing, raising questions over the circumstances of his death.

Rakesh Chauhan, a resident of Langra Bazar Tola in Deoria district, had travelled to Venezuela in November 2025 as a crew member on a merchant vessel through a private company, according to his family.

STORY CONTINUES BELOW THIS AD

They said the company informed them in May that Chauhan had suffered serious injuries after a fall aboard the vessel and was receiving treatment. The following morning, they were told his chances of survival were only five per cent, before being informed later the same day that he had died.

The company attributed the death to injuries sustained in the fall and assured the family that his body would be returned to India within a week. However, the body reached his hometown about a month later, in June.

Family members said doctors initially refused to conduct another autopsy, stating that a post-mortem had already been performed abroad and a fresh examination required permission from the competent authority.

A second post-mortem was carried out two days ago on the orders of the district magistrate.

Chief Medical Superintendent, Deoria Medical College, Dr HK Mishra said that according to the post-mortem report, several major internal organs, including the brain, heart, both lungs, liver, both kidneys, spleen, pancreas, stomach and intestines, were missing. The report also noted that the thyroid, hyoid bone, larynx and trachea were missing.

The report further recorded a stitched incision extending about 60 cm from the neck to the pubic region and another stitched incision of about 20 cm across the back of the head. It said the exact cause of death could not be ascertained due to the absence of internal organs.

Rakesh Chauhan’s father, Ramdev Chauhan, alleged that the family was kept in the dark about the circumstances surrounding his son’s death. He claimed that no post-mortem report or official documents relating to the examination conducted abroad had been provided to them.

STORY CONTINUES BELOW THIS AD

He demanded an impartial investigation by the Centre and the Uttar Pradesh government, action against the company concerned and strict punishment for those found responsible.

In a statement posted on X, the Federation of Seafarers’ Unions of India said the body had been sent to India without the post-mortem report and other mandatory documents.

It demanded that the Venezuelan authorities be held accountable, the Indian Embassy intervene immediately, the complete post-mortem report be made public, the circumstances leading to the seafarer’s death be thoroughly investigated, and the bereaved family be provided justice and adequate compensation.

With inputs from agencies",False,2,2,0.51,False,False,False
f1b39d28748096c2,EVT_00306,hindustan_times,2026-07-02 20:26:46,2026-07-02,No one should object to India-Pak dialogue aimed at improving ties: Omar Abdullah,https://www.hindustantimes.com/india-news/no-one-should-object-to-india-pak-dialogue-aimed-at-improving-ties-omar-abdullah-101783003790466.html,"No one should object to India-Pak dialogue aimed at improving ties: Omar Abdullah
Omar Abdullah said the conflict between the two countries was not new and has persisted for the last three to four decades.
Jammu and Kashmir Chief Minister Omar Abdullah on Thursday said no one should object to dialogue between India and Pakistan aimed at improving bilateral relations.
Talking to reporters on the sidelines of a function here, Abdullah said the conflict between the two countries was not new and has persisted for the last three to four decades.
""This conflict is 30 to 40 years old, and last year, it intensified after the Pahalgam attack. Now, the PM is being requested, through a letter, that the relations between the two countries should be improved. No one should have any objection to that,"" Abdullah said.
A letter coordinated by OP Shah, chairman of the Centre for Peace and Progress, and signed by 61 Indians and 55 Pakistanis, has urged the two countries to engage in bilateral talks.
Questioning those criticising the initiative, Abdullah said senior leaders of the RSS had also advocated improving ties between India and Pakistan.
""Recently, a senior RSS leader said that India and Pakistan should talk to each other and become friends. When the RSS says this, no one objects, but when the leaders in J-K say the same thing, it becomes an issue.
""We are only saying what (former prime minister Atal Bihari) Vajpayee used to say that friends can be changed, but we cannot change neighbours. We want relations between neighbours to improve,"" Abdullah said.
More than 100 prominent citizens, including former Jammu and Kashmir chief ministers Farooq Abdullah and Mehbooba Mufti, from India and Pakistan, have urged Indian Prime Minister Narendra Modi and his Pakistani counterpart Shehbaz Sharif to revive bilateral dialogue and restore normal ties.
Among the signatories are former RAW chief A S Dulat, Rajya Sabha MP Manoj Jha, former diplomat Ashraf Jehangir Qazi, former Union minister Mani Shankar Aiyar, former Pakistan foreign minister Khurshid Mahmud Kasuri, besides several retired diplomats and civil society members.
The letter urged both governments to take ""meaningful and sustained steps towards restoring peace, normalcy, dialogue and cooperation in South Asia"".",False,3,2,0.37,True,False,False
ecfbc50b255e6bb2,EVT_00272,hindustan_times,2026-07-02 13:00:57,2026-07-02,'India only country to match China's scale in...': US senator's remarks over trust and innovation,https://www.hindustantimes.com/india-news/my-phone-comes-with-me-to-india-but-us-senator-steve-daines-highlights-trust-issues-with-china-101782976255853.html,"'India only country to match China's scale in...': US senator's remarks over trust and innovation
The Republican senator from Montana said he leaves his phone behind when travelling to China but carries it with him when visiting India.
US Senator Steve Daines on Tuesday underscored the trust Washington places in New Delhi, using a personal anecdote to contrast America’s relationships with India and China.
Speaking at an event, the Republican senator from Montana said he leaves his phone behind when travelling to China but carries it with him when visiting India, describing the difference as a reflection of the trust the US places in New Delhi.
“When I travel to China, this phone does not go to Beijing with me. It stays on my desk in Washington DC. When I travel to Delhi or anywhere in India, this phone is with me. And that's just a small example of a highly trusted ally and friend, that I can't do that when I go to China. And I' I've made multiple trips to China,” Daines said.
At the same time, he stressed that Washington cannot afford to completely sever ties with Beijing despite the trust deficit. “It's an important relationship. It's too big to fail. We can't disengage from China. We need to engage. We need to,” Daines added.
He said the partnership between India and the United States extends beyond bilateral interests and carries wider global significance.
“The relationship that we have between the United States and India is not only important for our two countries. I think it’s important for the world,” he said during the USISPF Annual Leadership Summit, 2026.
Deeper cooperation to counter China challenge
Daines argued that Washington should take a more strategic view of India’s role in addressing the geopolitical challenges posed by China.
“There’s only one country in the world that can match the size and scale of China’s innovation ecosystem, and it’s India working with the United States,” he said.
Highlighting the scale of STEM education in the two countries, Daines added, “China produces roughly 3.5 million science and tech graduates every year. The only hope we have to compete globally is India plus the United States. India produces about 2-2.5 million STEM graduates. America does about 1 million.”
- ABOUT THE AUTHORHT News Desk
Follow the latest breaking news, major developments and agenda-setting stories from India and around the world with the newsdesk at Hindustan Times. Operating round the clock, the desk brings together experienced editors, reporters and correspondents to deliver fast, accurate and contextual reporting across subjects that influence public policy, governance, business, society and international affairs. The HT News Desk covers politics, elections, government policies, the economy, business and markets, science and technology, the environment, law and order, infrastructure, education, climate issues and geopolitics, while closely tracking developments across states, institutions and global capitals. The team also leads coverage of major breaking news events, policy announcements, court proceedings, natural disasters, public emergencies and significant international developments. Reports published by the newsdesk are based on information gathered from reporters on the ground, official statements, government agencies, court records, regulatory filings, recognised institutions and other authoritative sources. Stories undergo editorial scrutiny and verification processes to ensure accuracy, fairness and relevance, and are updated as events evolve and additional information becomes available. Whether covering a key political decision in New Delhi, an economic policy shift affecting millions, a landmark court ruling or a major global event, the HT News Desk aims to provide readers with reliable, fact-based journalism that delivers not only the latest developments but also the context and analysis needed to understand their wider implications.Read More",False,2,2,0.41,True,False,False
377cac2da4712d6c,EVT_00245,hindustan_times,2026-07-02 19:19:29,2026-07-02,"Heavy rain, landslides put Uttarakhand authorities on high alert, pilgrimage routes affected",https://www.hindustantimes.com/india-news/heavy-rain-landslides-put-uttarakhand-authorities-on-high-alert-pilgrimage-routes-affected-101783000170272.html,"Heavy rain, landslides put Uttarakhand authorities on high alert, pilgrimage routes affected
Heavy monsoon rain triggered landslides in Uttarakhand, disrupting the Badrinath and Kedarnath yatras and prompting a high alert across districts.
Heavy monsoon rain lashed Uttarakhand on Thursday, triggering landslides, boulder falls and rising river levels that temporarily disrupted the Badrinath and Kedarnath pilgrimages, damaged houses in Chamoli district and put authorities across the state on high alert amid forecasts of more intense rainfall.
The downpour blocked key stretches of the Char Dham Yatra routes in Chamoli and Rudraprayag districts, while swelling rivers and streams prompted heightened monitoring, precautionary evacuations in vulnerable areas and emergency response measures as the IMD warned of continued heavy rain, landslides and flash floods in the coming days.
The Badrinath National Highway was temporarily closed after mud and debris entered several houses at Gulabkoti near Jyotirmath in Chamoli district and spilled onto the highway, disrupting the Char Dham Yatra. Simultaneously, the Kedarnath Yatra was suspended for several hours after boulders and debris blocked the Sonprayag-Munkatiya stretch.
District disaster management officer NK Joshi said four heavy earth-moving machines and three tipper trucks were deployed to remove the accumulated debris, following which the Badrinath highway was reopened for traffic around 4 pm.
In Rudraprayag district, the Kedarnath route between Sonprayag and Munkatiya was blocked after a landslide sent massive boulders crashing onto the road, forcing authorities to suspend both vehicular and pedestrian movement as a precautionary measure.
“Teams from multiple departments, assisted by JCB machines and other heavy equipment, are working on a war footing to clear the debris and reopen the route at the earliest,” district disaster management officer, Rudraprayag, Nandan Singh Rajwar said.
Rajwar said the Alaknanda and Mandakini rivers in Rudraprayag were flowing below the danger mark and the authorities were constantly monitoring them.
With rivers swelling rapidly due to continuous rain, the Rudraprayag district administration placed the district on high alert.
Rudraprayag district magistrate Vishal Mishra said a round-the-clock multi-departmental monitoring mechanism was activated to assess weather conditions, river levels and identify vulnerable locations. “The water levels of all major rivers and seasonal streams are being continuously monitored. High-risk zones are being mapped in real time to issue timely warnings and safety advisories,” Mishra said.
Authorities began evacuating people from vulnerable riverbank areas wherever required and shifted the district disaster operation Centre to a 24x7 operational mode as a precaution.
National highways, the irrigation department and the public works department were directed to maintain constant surveillance over roads, bridges and river channels.
The district administration also issued an advisory asking residents and Char Dham pilgrims to avoid riverbanks, streams and temporary structures near water bodies, and urged people not to pay heed to rumours circulating on social media.
Meanwhile, two separate road accidents within hours of each other left one Border Roads Organisation (BRO) employee missing and three others injured in Uttarkashi district. A motorcycle carrying three BRO employees plunged into a 200-300-metre-deep gorge off the Gangotri National Highway near Bhaironghati while travelling towards Gangotri late on Wednesday night.
District disaster management officer of Uttarkashi Shardul Gusain said two riders suffered minor injuries and were taken to hospital, while 26-year-old Suresh Lama, a resident of Nepal presently residing in Himachal Pradesh, remained missing.
“The SDRF (State Disaster Response Force) suspended the search operation due to darkness and heavy rain but resumed it on Thursday morning. The missing person had not been traced till 4 pm on Thursday,” Gusain said.
In another accident near the Margaon-Ulan motor road in Uttarkashi on Thursday morning, 28-year-old Praveen Nautiyal was injured after his vehicle met with an accident while travelling from Brahmakhal to Tilpad. He was treated at CHC Chinyalisaur and later discharged, while his co-passenger Jasram Mishra escaped unhurt.
In Tehri district, the overflowing Nailchami Gad stream prompted authorities to issue alerts for people living near riverbanks. Officials also said five Public Works Department (PWD) roads and 10 Pradhan Mantri Gram Sadak Yojana (PMGSY) roads in the district were blocked by debris and boulders, with restoration work underway.
The India Meteorological Department (IMD) said Uttarakhand received 29.3 mm of rainfall against a normal of 11.4 mm during the 24-hour period ending at 8.30 am on Thursday, an excess of 157%.
Tehri recorded the highest departure from normal with 54.6 mm rainfall, nearly 600% above normal, followed by Udham Singh Nagar (463%), Chamoli (436%), Dehradun (327%), Haridwar (301%), Uttarkashi (272%), Rudraprayag (185%), Champawat (177%) and Pauri Garhwal (106%).
The IMD has issued an orange alert for Friday for Nainital and Bageshwar districts, forecasting heavy to very heavy rainfall, while a yellow alert has been issued for Dehradun, Tehri, Pauri, Chamoli, Uttarkashi and Rudraprayag districts.
The IMD has warned that thunderstorms accompanied by lightning and intense spells of rain could trigger landslides, flash floods and traffic disruptions across the state’s hill districts. Similar conditions are expected to persist until July 6, with heavy rainfall forecast in several districts, prompting authorities to maintain heightened vigilance throughout the Char Dham region.
- ABOUT THE AUTHORNeeraj Santoshi
Neeraj Santoshi is the Chief of Bureau for Hindustan Times in Uttarakhand, where he leads the state reporting team while covering government, politics, environment, wildlife, Uttarakhand High Court, and issues shaping the Himalayan region. With more than two decades in journalism across conflict zones, he has covered politically sensitive regions and environmentally fragile landscapes, and focused on stories that combine public interest with in-depth storytelling. An alumnus of Pune University with a Master’s in Communication Studies, he has reported extensively from Jammu & Kashmir (2003-2010), Madhya Pradesh (2010 to 2018 ) and Uttarakhand (Since 2018), covering subjects ranging from insurgency, elections and governance to wildlife conservation, mining, climate change, agriculture, human rights and social justice. He has covered politics and legislative assemblies of both Jammu & Kashmir and Madhya Pradesh over more than a decade. Before taking over as Chief of Bureau in Uttarakhand, he served as Special Correspondent with Hindustan Times in Madhya Pradesh and earlier reported for both Hindustan Times and The Indian Express in Jammu & Kashmir, where he covered state politics, environment and insurgency-related developments. Over the years, his stories have focused on environmental degradation, wildlife, illegal mining, governance and the changing social fabric of Himalayan states and Central India. He is particularly interested in long-form explanatory journalism, and stories that explore the intersection of ecology, conservation, governance and society. Outside the newsroom, Neeraj enjoys reading widely on neuroscience, consciousness studies, Artificial Intelligence and quantum physics, with a special interest in Kashmiri Tantric Shaivist traditions. He is also passionate about wildlife, mountaineering and the Himalayas, interests that continue to inform his reporting and deepen his understanding of the region he covers.Read More",False,2,2,0.42,True,False,False
32ea9bf243269ae7,EVT_00244,firstpost,2026-07-02 07:44:05,2026-07-02,Ketan Agarwal murder: Can Siya Goyal's lie detector test crack the case?,https://www.firstpost.com/india/ketan-agarwal-murder-can-siya-goyals-lie-detector-test-crack-the-case-14028168.html,"The investigation into the murder of 26-year-old Pune businessman and realtor Ketan Agarwal has entered a decisive phase. The Pune Rural Police are preparing to seek court permission to subject the prime accused, 20-year-old Siya Goyal, to a polygraph (lie detector) test.

The move comes as investigators face a critical bottleneck, which is a severe lack of direct eyewitnesses or CCTV footage from the remote cliff edge at Lohagad Fort’s “Ghost Point,” where Agarwal was allegedly pushed to his 400-foot death.

STORY CONTINUES BELOW THIS AD

What was initially reported as a tragic trekking accident turned out to be a meticulously planned murder plot. According to police, Siya Goyal and her alleged lover, 22-year-old Chetan Chaudhary, orchestrated the killing to escape an arranged marriage fixed for November.

Police reveal that during the trek, Siya allegedly sat down under the pretext of tying her shoelaces or drinking water. This was the pre-arranged signal for Chaudhary, who was following the couple in a hoodie, to strike and push Ketan off the cliff, ensuring Siya was safely out of Ketan’s physical reach.

Following Ketan’s fatal fall, his mobile phone remained in Siya’s possession for several hours before she handed it over to his family. Investigators strongly suspect she used this window to delete incriminating texts, photos, or location data.

Investigators uncovered that Siya allegedly stole and disposed of Ketan’s passport to sabotage a planned pre-wedding shoot in Bali. Furthermore, during a previous trip to the fort, Ketan allegedly slipped but survived by grabbing onto bushes. Siya had brushed it off at the time by claiming she panicked after spotting a snake.

STORY CONTINUES BELOW THIS AD

Why investigators are weighing a polygraph test

Because the crime took place in an isolated section of the fort, the prosecution’s case relies almost entirely on circumstantial evidence. While police have conducted crime scene reconstructions using a dummy, authorities admit these hold limited scientific weight in court because a dummy’s fall depends heavily on artificial weight distribution and velocity

While Goyal and Chaudhary remain in custody, they have given conflicting accounts regarding the timeline and planning phases. The polygraph will help police pinpoint exact gaps in their statements.

The test will be heavily leveraged to grill Siya on exactly what was deleted from Ketan’s phone and where other missing physical evidence, such as discarded digital storage or clothing, might be hidden.

Proving a murder conviction under Indian law requires absolute clarity on intent. Navigating her psychological responses regarding the “snake incident” and the Bali trip sabotage will help establish a deliberate pattern of pre-meditation.

Also read | How Ketan Agarwal's sister helped expose the murder plot by fiancée Siya Goyal

STORY CONTINUES BELOW THIS AD

The legal catch

While the polygraph is a potent weapon for breakthroughs, it carries a major legal caveat. Under Indian jurisprudence, polygraph test results are not admissible as direct evidence in a court of law. Furthermore, a test cannot be forced upon an accused; Siya Goyal must give her formal, written consent.

However, the legal value lies in Section 27 of the Indian Evidence Act. Any physical discoveries, weapon recoveries, or digital footprints uncovered as a direct result of a confession or clue dropped during the polygraph test are fully admissible as concrete evidence.

Special Public Prosecutor Ujjwal Nikam, famed for handling the 26/11 Mumbai terror attack trial, has been appointed by the State to lead the prosecution.",False,2,2,0.75,False,False,False
e472f83ab64fde7a,EVT_00238,the_times_of_india,2026-07-02 18:03:00,2026-07-02,"- India and Japan signed key defence, technology and investment agreements to deepen strategic ties.",https://timesofindia.indiatimes.com/india/evening-news-wrap-india-japan-sign-moc-to-boost-ai-trade-ties-salman-khurshid-to-attend-khameneis-funeral-in-iran-more/articleshow/132139123.cms,"- India and Japan signed key defence, technology and investment agreements to deepen strategic ties.
- Salman Khurshid will represent the Congress at Ayatollah Ali Khamenei's state funeral in Iran.
- Russia launched a massive overnight attack on Kyiv, killing at least 17 people and injuring over 90.
- A convicted Iraqi human trafficker was found living in the UK while awaiting an asylum decision.
- Shreyas Iyer became the first Indian captain to score a T20I fifty in England.
Here are the top stories of the day:India, Japan deepen strategic ties with new defence and tech agreements
India and Japan strengthened their strategic partnership at the 16th India-Japan Annual Summit in New Delhi, where Prime Minister
Narendra Modi and Japanese Prime Minister Sanae Takaichi signed a Memorandum of Cooperation. The two countries agreed to expand collaboration in defence, artificial intelligence, semiconductors, shipbuilding and economic security.
Read full storyCongress' Salman Khurshid to attend Ayatollah Khamenei's state funeral in Iran
Senior Congress leader Salman Khurshid will represent the party at the state funeral of Iran's Supreme Leader Ayatollah Ali Khamenei after receiving an invitation from Tehran. While PM Narendra Modi was also invited, India will instead be represented by Bihar governor Lt Gen Syed Ata Hasnain (Retd) and Union Minister Pabitra Margherita.
Read full storyRussia launches massive overnight assault on Kyiv, killing at least 17
Russia unleashed one of its largest aerial attacks of the war on Kyiv, killing at least 17 people in an overnight barrage of missiles and drones. The strike comes ahead of President Volodymyr Zelenskyy's meetings with NATO allies, where he is expected to seek additional air defence systems amid escalating Russian attacks.
Read full storyConvicted Iraqi human trafficker found living in UK while awaiting asylum decision
A convicted Iraqi human trafficker Twana Jamal was allegedly living in the UK under a false identity while awaiting a decision on his asylum application.
Jamal, who served five years in France for running a major migrant smuggling network, was traced to Leicestershire, where he is accused of working illegally and driving without a licence.
Read full storyShreyas Iyer becomes first Indian captain to score T20I fifty in England
India captain Shreyas Iyer created history by becoming the first Indian skipper to score a T20I half-century on English soil during the rain-hit opening T20I against England in Durham. His 68 off 48 balls helped India recover from an early collapse and post 189/7, surpassing Virat Kohli's previous record for the highest T20I score by an Indian captain in England.
Read full story",False,3,3,0.55,False,False,False
2c788d15535e058b,EVT_00238,hindustan_times,2026-07-02 22:07:32,2026-07-02,"India, Japan deepen defence, AI, energy ties; finalise economic roadmap",https://www.hindustantimes.com/india-news/india-japan-deepen-defence-ai-energy-ties-finalise-economic-roadmap-101783010252470.html,"India, Japan deepen defence, AI, energy ties; finalise economic roadmap
Japanese PM Sanae Takaichi , on her first visit to India since becoming PM, joined Modi for the 16th annual India-Japan Summit.
India and Japan on Thursday unveiled measures to expand cooperation in defence, energy security, rare earths and AI, and finalised a joint roadmap for economic security, as Prime Minister Narendra Modi and his Japanese counterpart Sanae Takaichi emphasised the importance of mutual trust underpinning bilateral ties in a world order facing growing uncertainty.
Takaichi, on her first visit to India since becoming prime minister, arrived with a high-powered business delegation and joined Modi for the 16th annual India-Japan Summit. The leaders also participated in a joint economic forum focused on boosting Japanese investments in India. In addition to agreeing on a range of steps to deepen defence cooperation, including the joint development of military platforms, the two sides agreed to upgrade a trade deal concluded in 2011.
Under Takaichi’s leadership, Japan has focused on strengthening ties with like-minded partners such as India, Australia and South Korea against the backdrop of China’s continuing assertiveness across the region. According to a joint statement, Modi and Takaichi expressed “serious concern” at the situation in the East China Sea and South China Sea, and opposed unilateral actions that endanger freedom of navigation as well as attempts to change the status quo by force.
At a joint media interaction with Takaichi after their talks, Modi referred to his remarks at last month’s G7 Summit about mutual trust being the greatest strategic asset in an environment of global uncertainty, and said the India-Japan partnership “stands the test of this principle in every respect”.
Takaichi added, “Japan and India must leverage our respective strengths to become stronger and more prosperous together in the midst of international affairs in disarray. The establishment of such inter-complementary cooperative relations has become ever more important.”
Modi said the measures agreed on by the two sides to broaden cooperation in defence, energy, trade and investment, AI, pharmaceuticals and shipbuilding will bolster regional peace and prosperity. He referred to Takaichi as his “younger sister”, and she responded by calling him her “bigger brother”.
“In today’s era of uncertainty, India and Japan fully recognise the importance of economic security and energy security. In this direction, we have adopted a joint roadmap on economic security today,” Modi said, adding that the roadmap will strengthen supply chain resilience in strategic sectors such as semiconductors and advanced materials.
Takaichi underscored three pillars at the centre of bilateral cooperation — deepening strategic cooperation to achieve common goals, including an alignment between her updated Free and Open Indo-Pacific policy and India’s MAHASAGAR vision; promoting cooperation in economic security and energy security to overcome “economic weaponisation” and build resilience in critical supply chains; and bolstering economic growth in both countries through investments and innovation collaboration.
In the field of defence, state-run companies from the two sides concluded an agreement for the Unicorn, or Unified Complex Radio Antenna, project, which envisages the joint development of a radio antenna for Indian warships. Officials said the agreement will cover the transfer of technology, and the project will pave the way for joint development of air, land and sea systems, including unmanned vehicles.
The two sides also agreed to expand military exercises, maritime domain awareness using satellite capabilities, and cooperation in naval maintenance, repair and overhaul (MRO), according to the joint statement. The prime ministers directed their foreign and defence ministers to hold the fourth round of the 2+2 ministerial meeting in Tokyo by the end of the year.
Also Read I Viral chaos as battery management apps turn smartphones into ‘kill switch’ for e-rickshaws
Modi noted that the bilateral investment partnership continues to grow, with more than 100 new business agreements concluded over the past year, paving the way for $10 billion in Japanese investments. “Our objective is clear — to attract 10 trillion yen in Japanese investments into India over the next 10 years and to double the number of Japanese companies operating in India,” he said.
Two-way trade reached $27.5 billion in 2025-26, while Japanese investments in India were worth $3.2 billion between April and December 2025, according to Indian government data. Japan is among India’s largest foreign investors and has backed key infrastructure projects, including metro networks in major cities and the Mumbai-Ahmedabad high-speed railway.
The joint statement said the prime ministers reaffirmed the importance of the Mumbai-Ahmedabad high-speed rail project as a flagship initiative, and Takaichi stated, “Japan fully understands India’s target to commence commercial operations on priority sections in 2027 and remains committed to extending the necessary cooperation”.
The two sides acknowledged the goal of introducing Japan’s E10 bullet train, and Modi invited Japanese companies to explore opportunities to participate in the development of future high-speed corridors.
With more than 15 years having passed since the two countries signed their Comprehensive Economic Partnership Agreement (CEPA), India and Japan agreed to accelerate the review of its implementation and full and effective use to make it more forward-looking, the joint statement said.
Also Read I Why PM Modi referred to Japanese PM Takaichi as his ‘little sister’
Foreign Secretary Vikram Misri told a media briefing that the CEPA had become “somewhat dated” in the context of new trade arrangements being struck across the world. The Indian side proposed that the time had come to consider a significant upgrade of the CEPA, and Takaichi said officials from both sides should meet to take the next steps, Misri said.
The Joint Declaration on Economic Security will promote project-based collaboration to enhance joint resilience in key sectors such as semiconductors, critical minerals, information and communication technology, including AI, clean energy and pharmaceuticals. This will include both government-to-government and business-to-business collaboration.
While the Joint Declaration did not name any country, it was clear that many of the measures were drawn up with China’s recent actions in mind. Both sides expressed “grave concerns” over the use of economic coercion and non-market practices, including “arbitrary export restrictions” leading to supply chain disruptions, particularly for critical minerals.
In the context of China’s dominance in pharmaceuticals, the two sides agreed to explore alternative supply chains for Active Pharmaceutical Ingredients (APIs) and Key Starting Materials (KSMs), conduct a vulnerability analysis, and explore possibilities for mutual cooperation to ensure the stable supply of these commodities.
The Joint Statement on Energy Resilience will facilitate cooperation in strategic stockpiling and reserve mechanisms for crude oil and petroleum products, and promote joint investments across the maritime energy transport value chain. Takaichi said a bilateral dialogue will be launched to strengthen India’s petroleum stockpiling system, and Japan will back India’s membership of the International Energy Agency (IEA).
The Joint Statement on Cooperation in AI will elevate collaboration in this field to a strategic research and development partnership. While building on the India-Japan AI Initiative, the statement serves as a roadmap for greater cooperation across the AI technology stack in line with a shared vision of safe, secure, trusted, inclusive and human-centric AI.
Also Read I Citizens can't be made slaves of government: Bombay HC says people cannot be externed over protests
The two sides finalised six memorandums of cooperation, including for establishing 1,000 biogas and organic fertiliser plants across India by leveraging a network of dairy cooperatives; setting up battery-related projects to build a resilient and sustainable battery supply chain; strengthening pharma supply chains through bilateral investment and business linkages; boosting joint work in upstream critical minerals exploration; and promoting cooperation between the IndiaAI Mission and Japan’s GENIAC initiative through B2B matchmaking and joint projects.
The memorandum of cooperation on the Next Generation Mobility Partnership (NGMP) will establish a framework for accelerating private sector-led cooperation and investments in rail, automotive and road infrastructure, aviation, shipbuilding and ports, logistics and urban development.
The two sides also concluded five memorandums of understanding on research and innovation in deep tech and life sciences, biological and neurological research, collaboration on large language models (LLMs) with a focus on developing LLMs for enhanced scientific reasoning, and cooperation in National Internet Registry operations and internet security improvements.
- ABOUT THE AUTHORRezaul H Laskar
Rezaul H Laskar is the Foreign Affairs Editor at Hindustan Times. His interests include movies and music.",False,3,3,0.55,False,False,False
ca4965fc00839265,EVT_00211,the_times_of_india,2026-07-02 17:47:00,2026-07-02,NEW DELHI: Cockroach Janata Party (CJP) founder Abhijeet Dipke on Thursday accused the Delhi Police of disrespecting books on Chhatrapati Shivaji Maharaj and Bhagat Singh. He alleged that a police officer and his team threw the books away while takin...,https://timesofindia.indiatimes.com/india/insulting-shivaji-bhagat-singh-dipke-demands-acps-suspension-over-library-row/articleshow/132139036.cms,"NEW DELHI: Cockroach Janata Party (CJP) founder Abhijeet Dipke on Thursday accused the Delhi Police of disrespecting books on Chhatrapati Shivaji Maharaj and Bhagat Singh. He alleged that a police officer and his team threw the books away while taking action against students who had set up a makeshift library during the ongoing protest at Jantar Mantar.
In a post on X, Dipke accused ACP Ajay Sharma and his team of insulting the two historical figures and demanded immediate action against the officer.
""ACP Ajay Sharma and his team threw away the books, which included books on Chhatrapati Shivaji Maharaj and Bhagat Singh and assaulted students for setting up library. We demand the immediate suspension of ACP Ajay Sharma for insulting Chhatrapati Shivaji Maharaj and Bhagat Singh,"" Dipke wrote.
His remarks came as the CJP-led protest over alleged irregularities in the examination system entered its thirteenth day, with activist Sonam Wangchuk continuing his hunger strike at Jantar Mantar.
Dipke also shared an update on Wangchuk's health, claiming his condition was worsening after five days without food. According to Dipke, Wangchuk's blood sugar level had fallen to 60 while his blood pressure remained low.
""Sonam Wangchuk's health is continuously deteriorating. His sugar level has dropped to 60 and blood pressure is also very low. If anything happens to Sonam sir, the government will be responsible for it,"" he said in another post on X.
The protest has drawn support from opposition leaders and civil society members, including TMC MP Sagarika Ghose, social activist Yogendra Yadav, transparency activist Anjali Bhardwaj, CPI(M) leaders M A Baby and Brinda Karat, CPI General Secretary D Raja and senior lawyer Prashant Bhushan.
Dipke also launched an outreach initiative titled ""Chai Pe Charcha with Cockroaches"", saying it was intended to gather suggestions from protesters on how to make the movement ""better and bigger"".
The CJP protest began on June 20 over alleged examination irregularities, including the NEET controversy. Dipke has also said the agitation will expand to raise broader accountability issues, including electoral matters such as the Special Intensive Revision (SIR) of electoral rolls.",False,3,3,0.36,True,False,False
29b54eaef50600c3,EVT_00211,hindustan_times,2026-07-02 18:57:44,2026-07-02,"‘Books thrown away, students assaulted’: CJP's Abhijeet Dipke levels fresh charges against Delhi Police",https://www.hindustantimes.com/india-news/books-thrown-away-students-assaulted-cockroach-janata-partys-abhijeet-dipke-levels-fresh-charges-against-delhi-police-101782995739747.html,"‘Books thrown away, students assaulted’: CJP's Abhijeet Dipke levels fresh charges against Delhi Police
The CJP founder alleged that ACP Ajay Sharma and his team threw away books, including those on Chhatrapati Shivaji Maharaj and Bhagat Singh.
Cockroach Janata Party (CJP) founder Abhijeet Dipke on Thursday alleged that Delhi Police assaulted two students for setting up a library at the Jantar Mantar protest site, sharing photographs and videos purportedly showing injury marks on the neck and hand of one of the youths.
In a post on X, Dipke claimed the two students were attacked while trying to set up a library to encourage people at the protest site to read books.
""Delhi Police physically assaulted two young boys for setting up a library at Jantar Mantar. These boys just wanted people to read books at the protest site. Why did the police assault them?"" he wrote.
Dipke also alleged that after the assault, police personnel questioned the students, asking, ""Proof kya hai ki humne maara?"" (""What proof do you have that we assaulted you?"").
Books thrown away, ACP named in allegations
The CJP founder further alleged that ACP Ajay Sharma and his team threw away books, including those on Chhatrapati Shivaji Maharaj and Bhagat Singh, during the incident.
He demanded the immediate suspension of the officer, alleging that discarding the books amounted to insulting the two historical figures.
The Delhi Police has not responded officially to the allegations.
The allegations came on the fifth day of climate activist Sonam Wangchuk's hunger strike at Jantar Mantar.
Sharing Wangchuk's health update on X, Dipke claimed that the activist's blood sugar level had dropped to 60 while his blood pressure remained low.
""Sonam Wangchuk's health is continuously deteriorating. His sugar level has dropped to 60 and blood pressure is also very low. If anything happens to Sonam sir, the government will be responsible for it,"" he said.
Dipke also reiterated his demand for Union Education Minister Dharmendra Pradhan's resignation.
Also Read: ‘Wants to divide country', ‘tukde tukde gang’: BJP chief's sharp attacks on Cockroach Janta Party
As the agitation entered its 13th day, Dipke also organised an interaction titled ""Chai Pe Charcha with Cockroaches"", saying it was aimed at gathering suggestions from protesters on expanding the movement.
Meanwhile, six students associated with the All India Students' Association (AISA) continued their indefinite hunger strike from a separate stage at the protest site.
Dipke has said the agitation will also raise other accountability-related issues, including electoral matters such as the Special Intensive Revision (SIR) of electoral rolls.
(With inputs from PTI)",False,3,3,0.36,True,False,False
278d7b7892880918,EVT_00238,firstpost,2026-07-02 13:38:45,2026-07-02,"India, Japan sign first defence co-development pact as PM Modi calls Takaichi his 'younger sister'",https://www.firstpost.com/india/india-japan-sign-first-defence-co-development-pact-as-pm-modi-calls-takaichi-his-younger-sister-14028281.html,"Prime Minister Narendra Modi on Thursday described his Japanese counterpart, Sanae Takaichi, as his “younger sister” as the two leaders announced a major expansion of the India-Japan Special Strategic and Global Partnership following the 16th Annual Summit in New Delhi.

Addressing a joint press conference after bilateral talks, PM Modi said Takaichi’s maiden visit to India as Prime Minister was “writing a new chapter” in ties between the two countries.

Calling Takaichi a “Japan First Prime Minister” and a “visionary leader”, PM Modi said India and Japan shared a common vision for a free, open and rules-based Indo-Pacific.

STORY CONTINUES BELOW THIS AD

“Our shared priorities are a free, open and rules-based Indo-Pacific. Our technology partnership has become an important pillar of our relationship,” PM Modi said.

Sharing my remarks during the joint press meet with PM Sanae Takaichi of Japan. @takaichi_sanae

https://t.co/vIcOdb1d8j — Narendra Modi (@narendramodi) July 2, 2026

First defence co-development project signed

In a significant announcement, PM Modi revealed that India and Japan had signed their first defence co-development project, marking a new phase in bilateral security cooperation.

“We will jointly develop defence technologies that will contribute to regional peace, maritime security and a rules-based international order,” he said.

The move comes as both countries deepen strategic cooperation amid growing security challenges in the Indo-Pacific.

Also read | Why critical minerals have become the new oil in India-Japan ties

$10 trillion yen investment target

Highlighting growing economic ties, PM Modi said Japan and India had signed 120 new business agreements over the past year, adding that Japanese investment in India continues to rise.

He announced an ambitious target of 10 trillion yen in Japanese investment into India over the next 10 years, aimed at strengthening manufacturing, infrastructure and technology partnerships.

STORY CONTINUES BELOW THIS AD

Roadmap on economic and energy security

The Prime Minister said both sides had prepared a joint roadmap on energy security and economic security in response to global uncertainties.

According to PM Modi, the roadmap focuses on strengthening resilient supply chains in key sectors such as semiconductors and quantum technologies, while expanding cooperation in emerging technologies.

India-Japan biogas initiative

PM Modi also announced the launch of the India-Japan Biogas Initiative under the Govardhan Pahal programme.

The initiative will support the establishment of biogas plants across India and is expected to promote sustainability, rural livelihoods and clean energy while strengthening bilateral cooperation in the green economy.

The summit also saw discussions on defence, technology, trade, supply chain resilience and regional security, reinforcing the strategic partnership between New Delhi and Tokyo.",False,3,3,0.55,False,False,False
06e89bf6e9ab74db,EVT_00213,hindustan_times,2026-07-02 12:03:57,2026-07-02,Ram Mandir donation row: Temple official Gopal Rao accused of 'playing politics' amid theft case,https://www.hindustantimes.com/india-news/ram-mandir-donation-row-temple-official-gopal-rao-accused-of-playing-politics-amid-theft-case-101782968685247.html,"Ram Mandir donation row: Temple official Gopal Rao accused of 'playing politics' amid theft case
Mahant Dinendra Das Maharaj alleged that Gopal Rao had created unnecessary complications and departed from the traditions followed by the Trust.
Shri Ram Janmabhoomi Teerth Kshetra Trust member Mahant Dinendra Das Maharaj blamed temple adminstration assistant Gopal Rao for the controversy surrounding the alleged Ram Mandir donation embezzlement case, accusing him of politicising the issue and asserting that the ""entire fault"" lay with him. Rao's role in overseeing temple operations and donation management has been under scrutiny.
Also Read| Administrative officer may head Ram Mandir Trust as CEO: Sources
Speaking to ANI on Wednesday, Mahant Dinendra Das Maharaj alleged that Gopal Rao had created unnecessary complications and departed from the traditions followed by the Trust.
""Gopal Rao often complicates matters for everyone. Our trustees in Uttar Pradesh follow the tradition of Ram, whereas Gopal Rao does not even subscribe to that tradition... The entire fault lies with Gopal; he is playing politics,"" Mahant Dinendra Das Maharaj said.
His remarks come amid an ongoing Special Investigation Team (SIT) probe into the alleged embezzlement of donations received by the Ram Mandir in Ayodhya, a case that has triggered sharp political exchanges between the ruling Bharatiya Janata Party (BJP) and the opposition.
Meanwhile, Prakash Gupta, Office In-charge of the Shri Ram Janmabhoomi Teerth Kshetra Trust, stressed that the investigation should ensure punishment for the guilty while protecting innocent individuals from being unnecessarily implicated.
""My point is simple: the guilty must not go free, and no innocent person should be implicated. Some people are getting dragged into this who had absolutely no connection, yet the SIT is picking everyone up. Naturally, people will react. I know some individuals used to work there selflessly, but you know how it is, if you get caught in the middle of it, you end up being labelled a thief too,"" Gupta told ANI.
He further said judicial proceedings would continue as per legal procedure following arrests in the case.
""Once an arrest is made, they have to be sent to jail. And when the court sets a date, a hearing must take place, whether it's a direct appearance or via video conferencing, the proceedings have to happen. Nowadays, video conferencing is common; they don't physically transport people if there are security concerns. The court handles it via conferencing,"" he added.
Earlier in the day, Uttar Pradesh BJP President Pankaj Chaudhary dismissed allegations made by Samajwadi Party chief Akhilesh Yadav over the alleged donation embezzlement, saying the opposition was indulging in politics over the Ram Mandir issue. He maintained that the SIT probe would proceed impartially and that no one found guilty would be spared.
The controversy intensified after Akhilesh Yadav alleged irregularities in donations made to the Ram Mandir, prompting the BJP to defend the ongoing investigation. BJP Rajya Sabha MP Manan Kumar Mishra said an FIR had already been registered and eight people had been arrested in connection with the case, asserting that those responsible would face strict legal action. The SIT investigation into the alleged financial irregularities is currently underway.",False,2,2,0.59,False,False,False
525baefffb6db3e1,EVT_00257,the_times_of_india,2026-07-02 21:22:00,2026-07-02,"NEW DELHI: The Centre has widened its scrutiny of messaging platforms with username-based communication, with the ministry of electronics and information technology (MeitY) issuing notices to Telegram and Signal days after directing WhatsApp to justi...",https://timesofindia.indiatimes.com/india/telegram-signal-under-centres-scanner-over-username-feature-after-whatsapp/articleshow/132141817.cms,"NEW DELHI: The Centre has widened its scrutiny of messaging platforms with username-based communication, with the ministry of electronics and information technology (MeitY) issuing notices to Telegram and Signal days after directing WhatsApp to justify its proposed username feature and pause its rollout in India.
According to sources quoted by PTI, the notices to Telegram and Signal raise questions over their existing username feature and seek details on how the platforms are addressing concerns related to fraud and impersonation.
The government has specifically asked Telegram why it should be allowed to retain the username feature.
The latest move comes a day after the Centre issued a notice to Meta over WhatsApp's proposed username feature, expressing concerns that it could materially increase online fraud, phishing, digital arrest scams and impersonation attacks. The government also directed WhatsApp to keep the rollout on hold until consultations on the issue are completed ""to the satisfaction of the Government"".
According to the sources, MeitY has now extended its scrutiny to other messaging platforms that already allow users to communicate through usernames rather than mobile numbers.
The government's concerns centre on the possibility that anonymous usernames could make it easier for fraudsters to contact users without revealing their phone numbers, making cybercrime and impersonation more difficult to trace.
In its notice to WhatsApp, the Centre said the proposed feature could ""materially increase"" cases of online fraud, phishing, digital arrest scams and impersonation attacks by enabling bad actors to solicit and message victims.
Meta has also been asked to explain why action should not be initiated under the Information Technology Act and related rules over WhatsApp's proposed feature. The government reminded the company that WhatsApp, as a significant social media intermediary, is required to comply with due diligence obligations under the IT Act.
India is WhatsApp's largest market, with more than 500 million users. The company defended the feature on Wednesday, saying it has built multiple safeguards to prevent scams and impersonation.
Separately, a government letter reviewed by Reuters showed India has asked WhatsApp to justify the feature and freeze its rollout pending consultations. The July 1 letter reportedly gave the company three days to respond.
Responding to Reuters, a WhatsApp spokesperson said the feature is not yet live and ""would roll out slowly later this year"", adding that users would still need a phone number to register and that senders must know ""a person's exact username to message them.""
The latest regulatory action follows heightened scrutiny of Telegram over concerns relating to fraud, impersonation and the circulation of sensitive content. The platform was temporarily blocked in India until June 22 over its alleged failure to curb the circulation of leaked and fake NEET examination papers and other fraudulent content before services were restored after the week-long restriction expired.",False,4,2,0.36,True,False,False
448d8430272f9c36,EVT_00251,the_hindu,2026-07-02 11:15:08,2026-07-02,"Seven workers, including six migrants, were killed, and five were injured after a massive boulder collapsed on them at a stone quarry in Hulukenahalli village in Tavarekere Hobli on the outskirts of Bengaluru on Thursday (July 2) morning.",https://www.thehindu.com/news/national/karnataka/seven-killed-as-boulder-collapses-at-stone-quarry-on-outskirts-of-bengaluru-death-toll-likely-to-rise/article71173133.ece,"Seven workers, including six migrants, were killed, and five were injured after a massive boulder collapsed on them at a stone quarry in Hulukenahalli village in Tavarekere Hobli on the outskirts of Bengaluru on Thursday (July 2) morning.
Several workers were engaged in stone-cutting and quarrying activities when a huge mass became detached from the rock face in an adjacent quarry and came crashing down on them from a height of about 40 feet. The boulder collapsed on some vehicles, including a tractor trolley which was loading crushed stones, and left several workers trapped. The accident occurred at around 7:30 a.m.
Seven labourers — five from Madhya Pradesh, and one each from Karnataka and Chhattisgarh — were killed on the spot. Five others who were injured were rushed to the Rajarajeshwari Medical College and Hospital for treatment as Tavarekere police and fire and emergency services carried out rescue operations.
Gopi, a quarry worker from Tamil Nadu who escaped in the nick of time, claimed that several people employed at the Basaveshwara quarry were working at the top of the boulder trying to pry out the rock mass, which then broke free and rolled down on to the workers at the neighbouring S.R. Udayashankar quarry. “If only they had informed us beforehand, many victims could have been saved,” he told mediapersons. Police are still investigating the cause of the accident.
Culpable homicide charges
The Tavarekere police registered a case against five people, including the quarry owners and supervisors, for culpable homicide not amounting to murder. The accused have been identified as D. Anandaswamy, Udayashankar, Pandu, Tirupathi, and others responsible for quarry operations at the Basaveshwara and S.R. Udayashankar stone quarries. According to the FIR, the quarries, which lie adjacent to each other, had been operating in Survey No. 29 for nearly five years.
The FIR alleges that the accused knowingly allowed quarrying work to continue in an unsafe environment without taking adequate precautionary measures, resulting in the deaths and injuries. Police said the quarry management had allegedly continued operations despite being aware of the risk of a rockfall and failed to implement mandatory safety measures to protect workers.
No evidence of blasting
Based on the complaint, the police detained four people for questioning, including two quarry managers, a driver, and a site in-charge.
During the preliminary investigation, police found no evidence of any blasting at the time of the accident. Investigators suspect the collapse was caused by the instability of a massive rock, which slid from 40 feet above, though the exact cause of the slide is yet to be established.
The investigation is continuing, and police have sought a detailed report from the Department of Mines and Geology to determine whether the quarry operators had complied with statutory safety norms and mining regulations.
Published - July 02, 2026 11:15 am IST",False,2,2,0.5,False,False,False
4adf85810924daff,EVT_00242,hindustan_times,2026-07-02 22:00:16,2026-07-02,"Modi, Japan PM condemn Pakistan-backed terror, call for action against LeT, JeM",https://www.hindustantimes.com/india-news/narendra-modi-japan-pm-sanae-takaichi-condemn-pakistan-backed-terror-call-for-action-against-terrorism-groups-let-jem-101783005612802.html,"Modi, Japan PM condemn Pakistan-backed terror, call for action against LeT, JeM
PM Modi and Japan's Takaichi condemned last year's Pahalgam terror attack and Red Fort blasts that jolted the country.
Prime Minister Narendra Modi and his Japanese counterpart Sanae Takaichi on Thursday condemned Pakistan-backed terror and called for action against terror outfits such as Lashkar-e-Taiba (LeT) and Jaish-e-Mohammad (JeM). The two Pakistan-based terror outfits have been accused of carrying out several attacks in India.
Modi and Takaichi condemned the terrorist attack in Pahalgam last year and took note of the United Nations Security Council Monitoring Team Report of 29 July 2025 mentioning The Resistance Front (TRF).
They also condemned the Red Fort blast that shook Delhi, India's capital, in November 2025. “They called for the perpetrators, organizers, and financiers of this reprehensible act to be brought to justice without any delay,"" the 16th Japan-India Annual Summit Joint Statement read.
Also read: AI, defence, healthcare: What was discussed in Modi's meet with Japan PM Sanae Takaichi
“The two Prime Ministers unequivocally and strongly condemned terrorism and violent extremism in all its forms and manifestations, including cross- border terrorism from Pakistan,” the statement read further.
PM Modi and Takaichi called for ‘concerted actions’ against all UN-listed terrorist groups and entities including Al Qaeda, ISIS/Daesh, Lashkar-e-Tayyiba (LeT), Jaish-e-Mohammad (JeM) and their proxies, the statement further read.
India-Japan: A partnership of strategic convergence
Takaichi is on her first official trip to India as the two countries look ahead to deepen economic and strategic ties. PM Modi on Thursday referred to Takaichi as his ‘younger sister’, hailing her as a ""visionary and popular leader"" while delivering his statement during a joint press meet.
Also Read | ‘Little sister’ and a partnership of strategic convergence: 5 takeaways from PM Modi-Takaichi talks
Following summit talks between Modi and Takaichi at the Hyderabad House on Thursday, the two leaders addressed media persons, and unveiled a raft of landmark initiatives to deepen bilateral cooperation in a range of areas.
""Your Excellency, and 'meri chhoti behen' (my younger sister) Prime Minister Takaichi, delegates of the two countries, members of the media, Namaskar! Konnichiwa,"" Modi said as he began his address. Konnichiwa is a Japanese word used to greet someone.
""I am delighted to welcome Prime Minister Takaichi on her first visit to India for the India-Japan Annual Summit. She is also Japan's first female Prime Minister, and a visionary and popular leader. Furthermore, she hails from Japan's Nara Prefecture, a very important centre of shared Buddhist heritage of India and Japan,"" Modi said.
The Indian prime minister ended his speech using both Hindi ('bahut bahut dhanyawad') and Japanese ('arigatou gozaimasu') words for expressing thanks.
Takaichi is visiting India at Modi's invitation from July 1 to 3 for the 16th India-Japan Annual Summit.
In her address in Japanese, which was simultaneously translated in English, Takaichi acknowledged Modi's remarks describing her as his ""younger sister"".
""The small meeting before and the big meeting...we confirmed that we are on the same page to develop this relationship as brother and sister,"" she said.",False,3,3,0.59,False,False,False
75396f857c9caadf,EVT_00257,the_times_of_india,2026-07-03 15:12:00,2026-07-03,"NEW DELHI: The government has sought an explanation from WhatsApp over its username feature, with the IT Secretary warning it could facilitate cybercrime by enabling impersonation and identity spoofing.",https://timesofindia.indiatimes.com/india/username-feature-facilitates-cybercrime-centre-on-it-notices-to-whatsapp-telegram-signal/articleshow/132157623.cms,"NEW DELHI: The government has sought an explanation from WhatsApp over its username feature, with the IT Secretary warning it could facilitate cybercrime by enabling impersonation and identity spoofing.
""We have taken up the issue of using usernames because there is a serious possibility of impersonations and there is the kind of encouragement that facilitates commit cybercrime, which is a very serious issue,"" S Krishnan, Secretary of the Ministry of Electronics and Information Technology, said on the sidelines of a CII conference.
""This is another dimension of the way that cybercrimes can be committed, which is the reason why we have directed WhatsApp to explain why they have this feature. Similarly, we have sought explanations from others,"" he added.
The government's concerns come amid growing scrutiny of username-based messaging features on encrypted platforms. Officials are examining whether such functionalities could make it easier for cybercriminals to conceal identities, impersonate users or evade detection during online fraud and other cyber offences.
Centre issued notice to Meta, asked to pause rollout
On Wednesday, the Centre issued a formal notice to Meta, stating that the username feature could ""materially increase"" online fraud, phishing, digital arrest scams and impersonation attacks.
The notice said the feature may enable bad actors to solicit and message victims, and facilitate impersonation of individuals, public authorities, financial institutions and government agencies by permitting the adoption of usernames closely resembling those of genuine persons or institutions.
The government has asked Meta to furnish a detailed explanation within three days and directed the company not to roll out the feature until consultations are completed ""to the satisfaction of the Government.""
""If the response is not found to be satisfactory, unless they can assure and convince, WhatsApp won't be allowed to proceed with the rollout,"" officials have indicated.
WhatsApp says feature not yet live, has safeguards
WhatsApp has maintained that the username feature is not yet live and will be rolled out gradually later this year with multiple safeguards. The company says usernames are optional, cannot be searched by strangers, and users can enable an additional ""username key"" requiring both elements to be in place before someone can initiate contact.
In a statement, a WhatsApp spokesperson said they have held the highest-profile names, including public figures, government entities, celebrities and verified Meta accounts, so they can only ever be claimed by their legitimate owners, with lookalike derivatives also held.
The company claims it will display contextual warnings for first-time messages, limit outreach by new accounts, and monitor reports and blocks to detect impersonation and scam patterns.
The MeitY has also sent notices to Telegram and Signal, asking both platforms to explain their username features and safeguards against impersonation and misuse. Telegram recently faced a week-long ban in India ahead of the NEET-UG re-examination in June.",False,4,2,0.36,True,False,False
e9fb60ad9e6d1e02,EVT_00325,the_times_of_india,2026-07-03 01:55:00,2026-07-03,NEW DELHI: PM Narendra Modi and his counterpart Sanae Takaichi reaffirmed their commitment to cooperating towards an early convening of the next Quad Leaders’ Summit and underlined the importance of ensuring unimpeded freedom of navigation through th...,https://timesofindia.indiatimes.com/india/pm-modi-japan-pm-sanae-takaichi-push-for-early-quad-meet/articleshow/132147757.cms,"NEW DELHI: PM Narendra Modi and his counterpart Sanae Takaichi reaffirmed their commitment to cooperating towards an early convening of the next Quad Leaders’ Summit and underlined the importance of ensuring unimpeded freedom of navigation through the Strait of Hormuz in a joint statement that showcased the deep strategic convergence between the countries on regional and global issues.
With both countries heavily dependent on the critical maritime chokepoint for their energy supplies, Modi and Takaichi also registered their opposition to any restrictive measures hampering the flow of commercial vessels. According to the India-Japan joint statement, both sides agreed to strengthen cooperation on strategic petroleum reserves, including through technical collaboration on stockpiling ecosystem, with Takaichi affirming her support for India’s membership to the International Energy Agency (IEA).
Significantly for India, the statement, unlike the one issued after the Tokyo summit last year, named Pakistan for its support to cross-border terrorism against India.
‘The two Prime Ministers unequivocally and strongly condemned terrorism and violent extremism in all its forms and manifestations, including cross-border terrorism from Pakistan,” said the joint statement, while strongly condemning the Pahalgam terrorist attack and seeking action against Pakistan-based groups like Jaish and Lashkar.
India too backed Japan’s position on the
East China Sea and
South China Sea with the leaders expressing serious concern over the situation in the region and, in a message to Beijing, reiterating their strong opposition to any unilateral action that endangers the safety as well as freedom of navigation and overflight and attempts to change the status quo by force or coercion.
“They shared their serious concerns over the growing militarization of disputed features. They reaffirmed that maritime disputes must be resolved peacefully and in accordance with international law, as reflected in UNCLOS,” said the joint statement. According to diplomatic sources, the leaders discussed the ongoing diplomatic standoff between China and Japan over the Taiwan issue that has seen Beijing impose export controls on Japanese companies.
While President Donald Trump’s China policy has complicated the Quad summit process, seen not long ago as the cornerstone for a free and open Indo-Pacific, India and Japan unequivocally backed the grouping as they welcomed the “steady progress” under the Quad framework and reaffirmed their shared commitment to enhance practical cooperation.
“They underscored the importance of Quad collaboration across the four pillars of maritime and transnational security; economic prosperity and security, including critical minerals; critical and emerging technologies; and humanitarian assistance and emergency response,” said the joint statement. However, official sources from both sides admitted there was no clarity yet on the dates and venue for the next summit, even though Japan would like India to host it.
On the Gaza situation, the leaders backed the two-state solution, saying that continued diplomatic efforts are indispensable to restoring stability at the earliest and achieving lasting peace in the region.
The leaders also reaffirmed their commitment to working with other G4 countries – Germany and Brazil – for an urgent reform of the UN Security Council. While they reiterated their mutual support for each other’s candidature for a permanent seat in a reformed UNSC, India and Japan also backed each other’s respective candidatures for non-permanent seats in 2028-29 and 2033-34.",False,3,2,0.43,True,False,False
f31388c784011006,EVT_00257,hindustan_times,2026-07-03 06:37:45,2026-07-03,"After WhatsApp, Centre's notices to Telegram, Signal today over username feature",https://www.hindustantimes.com/india-news/after-whatsapp-centre-notices-to-telegram-signal-today-over-username-feature-101783039992870.html,"After WhatsApp, Centre's notices to Telegram, Signal today over username feature
Hiding a phone number behind a username makes it harder to trace who is messaging whom, officials and experts have said.
The Union ministry of electronics and information technology (MeitY) was set to send notices to Telegram and Signal over their username-based communication features, a day after issuing a similar notice to WhatsApp, a government official told HT on Thursday. The notices are expected to go out on Friday.
“The rules apply to everyone. Similar notices will be sent to Telegram and Signal on Friday,” the official said.
The move follows MeitY’s notice to WhatsApp, which directed the company to pause the rollout of its username feature and furnish a detailed explanation within three days. MeitY officials met WhatsApp representatives on Thursday at 11.30am, HT has learnt. According to people aware of the discussions, the company sought additional time to respond, citing the coming weekend, while ministry officials reiterated their concerns over the feature. MeitY is expected to grant an extension once it receives a formal request from WhatsApp.
The trigger was the company beginning to let users reserve usernames ahead of a planned year-end launch. The ministry has said the feature could raise the risk of impersonation, identity theft, phishing and digital fraud by allowing users to connect without revealing their number.
Hiding a phone number behind a username makes it harder to trace who is messaging whom, at a time when impersonation-driven scams are already a widespread problem in India, officials and experts have said.
Referring to Wednesday’s notice, a WhatsApp spokesperson earlier said the feature was not yet live and would roll out slowly later this year, and that the company had held back usernames resembling public figures, government entities and celebrities so they could only be claimed by their legitimate owners.
The founder of Arattai, an Indian messaging application, separately signalled a pullback on Thursday. Sridhar Vembu, the company’s founder, said on X on Thursday that Arattai would disable its username-based account feature “to comply with the regulatory change”. He did not specify the regulatory changes he referred to.
The government’s sharper concern with WhatsApp, the official cited above said, comes down to scale. “WhatsApp facilitates around 50 crore calls every day. People trust it blindly. That’s why our concerns are much greater with WhatsApp than with Telegram, which has a much smaller calling rate of around 2.5 crore calls in India,” the official said.
The official also suggested WhatsApp’s username push doubled as a competitive move against Telegram. “Maybe they want to capture Telegram’s market. WhatsApp wants to have a monopoly in this space,” the official said.
Friday’s notices will mark the second time this year that Telegram has drawn regulatory attention. The app was temporarily blocked during the NEET-UG re-examination over concerns about the circulation of exam material — an episode the official said had already sharpened government scrutiny of username-based platforms ahead of this week’s notices.
Signal, by contrast, has drawn comparatively little regulatory attention in India so far, despite being named alongside WhatsApp and Telegram in the SIM-binding directive. Friday’s notice would be among the first direct actions the ministry has taken against the app over its username feature specifically.
All three platforms — along with Arattai and Snapchat — fall under the Department of Telecommunications’ SIM-binding directive, which requires messaging accounts to be linked to physical SIM cards for traceability and mandates that web sessions be logged out at least once every six hours.",False,4,2,0.36,True,False,False
ac15138ae216100e,EVT_00274,hindustan_times,2026-07-03 00:32:33,2026-07-03,"New Delhi: The Supreme Court on Thursday said fake, non-existent and AI-generated precedents pose the same threat to the justice system that “methyl isocyanate” poses to human life— “invisible, insidious, and catastrophic by the time anyone notices.”",https://www.hindustantimes.com/india-news/sc-ai-generated-precedents-catastrophic-for-justice-system-101783018954147.html,"New Delhi: The Supreme Court on Thursday said fake, non-existent and AI-generated precedents pose the same threat to the justice system that “methyl isocyanate” poses to human life— “invisible, insidious, and catastrophic by the time anyone notices.”
The court was referring to a National Company Law Tribunal judgement that cited several hallucinated precedents.
Such material, the apex court added, contaminates the judicial process and strips judicial determination of “its very lifeblood.”
Warning against the use of artificial intelligence in court proceedings, a bench of Justices PS Narasimha and Alok Aradhe set aside the judgments of NCLT and the National Company Law Appellate Tribunal (NCLAT) in an insolvency dispute after finding that the NCLT had relied on non-existent, fake and hallucinated precedents generated by AI tools and that the NCLAT had failed to detect the error while upholding NCLT’s order.
Proceedings in the court strongly suggested that NCLT may have relied on AI tools to write its judgement, although the bench chose to not dwell on this.
The bench’s reference to methyl isocyanate harks back to the Bhopal gas tragedy in 1984 that killed thousands in the world’s deadliest industrial accident.
The bench further said that all courts must adopt a “zero tolerance” policy for citing or relying on “ fake, non-existent, and hallucinated material,” generated through AI.
It directed the Bar Council of India (BCI) to constitute a committee to examine the issue of lawyers placing fake or hallucinated AI-generated material before courts as though it were genuine precedent. It asked the BCI to frame guiding principles and prescribe disciplinary consequences for violations.
“For us, i.e., for those in the province of adjudication and determination of disputes, this by-product of AI, i.e., the production of fake, non-existent, and hallucinated material and its utilisation as precedents in law, is like the release of methyl isocyanate in the province of law and justice: invisible, insidious, and catastrophic by the time anyone notices,” the Supreme Court said.
The Supreme Court also said that any advocate who cites hallucinated judgments, commits professional misconduct, and that judges, who rely on such judgements or precedents, commit a serious lapse in doing so.
Any decision tainted by even “an iota” of such material, the court said, is “no decision in the eyes of law” and must fall, regardless of whether or not the fake precedent influenced the final outcome.
The Court was hearing an appeal filed by the suspended director of a private company, challenging the orders of NCLT admitting the firm to the corporate insolvency resolution process on a Section 7 application filed under the Insolvency and Bankruptcy Code by the Jammu and Kashmir Bank.
NCLT Mumbai had, on August 28, 2024, admitted the insolvency plea and on September, 2025, NCLAT had upheld the order.
Senior advocate Madhavi Divan, who appeared for the appellant, however, told the Supreme Court that several citations or judgements relied upon by NCLT either did not exist or contained paragraphs that no law report recorded.
The court then conducted its own examination and found multiple errors. Some citations referred to judgments that never existed. Others cited genuine cases but attributed fabricated passages to them. One citation even carried the name of an entirely different Supreme Court decision.
The bank told the court that its counsel had not cited those and that the adjudicating authority had perhaps cited them through its own research.
The court noted that the fake precedents escaped scrutiny even before NCLAT. It also said that courts cannot realistically verify the authenticity of every judgment cited by advocates and that the justice system depends on lawyers placing genuine authorities before the Bench.
It said that while technology had always aided the dispensation of justice, AI was different because it can “replace human thinking, reasoning and decision-making.”
The ability to distinguish truth from falsehood, right from wrong, justice from injustice and “dharma and adharma” develops through discipline and lived experience and abandoning the exercise of independent thought would erode the very foundation of human judgment, the court said.
It added that courts alone cannot resolve the issue and that “absolute and total control” over AI will require public policy and enforceable rules. The real safeguard, however, would lie in the willingness of judges and lawyers to use the technology with “restraint and verification,” it said.
Frequently Asked Questions
What did the Supreme Court say about AI-generated precedents?
The Supreme Court equated fake, non-existent and AI-generated precedents to the dangers of methyl isocyanate, stating they pose a significant threat to the justice system.
What was the Supreme Court's ruling regarding the NCLT and NCLAT judgments?
The Supreme Court set aside the judgments of the NCLT and NCLAT due to reliance on non-existent and fake precedents generated by AI.
What measures did the Supreme Court propose for addressing the issue of AI in the legal system?
The Supreme Court directed the Bar Council of India to form a committee to examine the use of AI-generated material and to create guidelines for lawyers.
How did the Supreme Court classify decisions based on AI-generated material?
The court stated that any decision tainted by even 'an iota' of fake material is 'no decision in the eyes of law'.
Ayesha Arvind is a Senior Assistant Editor, specialising in legal and judicial reportage. She tracks high courts and tribunals, bringing key legal developments and their broader impact to the forefront.Read More",False,5,3,0.48,False,False,False
d8acac47aab5899a,EVT_00306,hindustan_times,2026-07-03 16:37:53,2026-07-03,'India's position on Indus Waters Treaty consistent': MEA responds to Pakistan's 'warnings',https://www.hindustantimes.com/india-news/mea-says-indus-water-treaty-in-abeyance-days-after-pakistans-will-cut-hand-threat-101783076393729.html,"'India's position on Indus Waters Treaty consistent': MEA responds to Pakistan's 'warnings'
'India's position on Indus Waters Treaty consistent': MEA responds to Pakistan's 'warnings'
The ministry of external affairs on Friday responded to Pakistan's threats on the suspended Indus Water Treaty and said that India's position has been consistent. MEA spokesperson Randhir Jaiswal said the treat stands in abeyance as he cited Pakistan's ‘continued sponsorship of cross-border terrorism’.
“India's position on the Indus Water Treaty is consistent. The IWT stands in abeyance in response to Pakistan's continued sponsorship of cross-border terrorism. Pakistan must credibly and irrevocably abjure its support for cross-border terrorism,” Jaiswal said.
The MEA's reaction comes after a Pakistan minister early this week issued a stark warning to India over the treaty and said Islamabad would “cut off those hands” that he claimed sought to control the Indus water.
“There is a tap being controlled by the prime minister of a neighbouring country. He says he will not let even a drop of water flow into Pakistan,” Pakistan's climate change minister Musadik Malik said, according to Dawn. Several Pakistani news outlets carried clips of Malik's statements, which also surfaced online.
Prior to Malik's stark statement, Pakistan foreign minister Ishaq Dar warned of a war over the treaty that remains suspended following the Pahalgam terror attack in April 2025. Dar said that any attempt by India to deprive Pakistan of its share of water under the Indus Waters Treaty would amount to the “weaponization of water” and could have serious consequences for regional peace and security, AP reported.",False,3,2,0.37,True,False,False
108217115ab01135,EVT_00325,hindustan_times,2026-07-03 10:23:39,2026-07-03,New Zealand announces PM Modi's maiden visit to country; FTA to remain in focus,https://www.hindustantimes.com/india-news/new-zealand-announces-pm-modis-maiden-visit-to-country-fta-to-remain-in-focus-101783052610975.html,"New Zealand announces PM Modi's maiden visit to country; FTA to remain in focus
The visit is scheduled as the two countries aim to strengthen their ties and take their relationship to the next level with a Free Trade Agreement
Prime Minister of New Zealand, Christopher Luxon on Friday announced that Prime Minister Narendra Modi will make his first official visit to New Zealand next week.
Luxon said that the leaders will take the two countries' relationship to the next level with the New Zealand-India Free Trade Agreement.
In a post on X, he said, “I'm delighted to announce Indian Prime Minister Narendra Modi will make his first official visit to New Zealand next week. India is one of the world's largest and fastest-growing economies, and a country of enormous importance to New Zealand's economic prosperity. We are taking the two countries' relationship to the next level with our New Zealand-India Free Trade Agreement, signed in April, which will deliver more jobs, higher exports and stronger economic growth for New Zealand.”
Also Read I New Zealand to tighten immigration rules for Indians: Report
""This will unlock new opportunities to grow our goods and services exports into a market of 1.4 billion people - bringing more money into Kiwi communities, creating jobs and lifting wages,"" Luxon further said in his post.
Earlier on May 6, New Zealand Trade and Investment Minister Todd McClay stated that the two-way trade between India and New Zealand is poised to double within a few years as both nations finalize a high-quality Free Trade Agreement (FTA).
Also Read I Why PM Modi referred to Japanese PM Takaichi as his ‘little sister’
Speaking exclusively to ANI, the Minister noted that the FTA caters to New Zealand's consumers who seek high-quality goods and services, which, he mentioned, are readily available in the Indian market. The New Zealand government is committed to promoting up to USD 20 billion in investment into India over the next 15 years.
To facilitate this flow of capital, the Indian government agreed to establish a special New Zealand ""single desk"" to streamline and accelerate investment clearances. ""The Indian government has agreed to set up a special New Zealand desk or single desk to help clear those investments, and so they can take place a lot more quickly. It's easier for New Zealanders to invest,"" he said.
Also Read I Champat Rai, 2 others grilled for six hours amid Ram Temple row; more arrests likely
In April 2026. India and New Zealand announced the signing of Free Trade Agreement (FTA) marking a historic milestone in bilateral economic relations. It is a comprehensive framework encompassing market access, agricultural productivity, investment, talent mobility, collaboration in sports, tourism, and people-to-people ties. The FTA is designed to benefit manufacturers, farmers, MSMEs, women entrepreneurs, students, and skilled professionals across both nations.",False,3,2,0.43,True,False,False
ca077f437327a694,EVT_00325,the_times_of_india,2026-07-03 08:54:00,2026-07-03,NEW DELHI: Prime Minister Narendra Modi is set for his first-ever visit to New Zealand next week. New Zealand Prime Minister Christopher Luxon shared the announcement in a statement posted on X.,https://timesofindia.indiatimes.com/india/pm-modi-to-make-first-official-visit-to-new-zealand-next-week/articleshow/132151696.cms,"NEW DELHI: Prime Minister Narendra Modi is set for his first-ever visit to New Zealand next week. New Zealand Prime Minister Christopher Luxon shared the announcement in a statement posted on X.
In his statement Luxon wrote, ""I’m delighted to announce Indian Prime Minister Narendra Modi will make his first official visit to New Zealand next week."" He further added that the two nations are expected to sign a free-trade agreement (FTA) to take the diplomatic ties to the next level.
He further wrote, ""India is one of the world’s largest and fastest-growing economies, and a country of enormous importance to New Zealand’s economic prosperity. We are taking the two countries’ relationship to the next level with our New Zealand-India Free Trade Agreement, signed in April, which will deliver more jobs, higher exports and stronger economic growth for New Zealand.""
Further outlining the potential outcomes he wrote, ""This will unlock new opportunities to grow our goods and services exports into a market of 1.4 billion people – bringing more money into Kiwi communities, creating jobs and lifting wages.""
The visit follows the signing of the New Zealand-India Free Trade Agreement in April 2026, a landmark pact aimed at expanding cooperation across trade, investment and people-to-people ties. The comprehensive agreement covers market access, agricultural productivity, investment, talent mobility, sports, tourism and educational exchanges, with expected benefits for manufacturers, farmers, micro, small and medium enterprises (MSMEs), women entrepreneurs, students and skilled professionals in both countries.
This comes after New Zealand trade and investment minister Todd McClay had earlier stated that the two nations are expected to amplify the two-way trade with the FTA. He said that the Indian market has the capability to provide high-quality goods and services, which are actively sought by New Zealand's consumers.
The New Zealand government aims to promote up to $20 billion in investment into India over the next 15 years. To support that goal, the Indian government had agreed to establish a dedicated New Zealand ""single desk"" to speed up investment approvals.
What do you think will be the biggest benefit of the New Zealand-India Free Trade Agreement?
3k+ users shared opinion today
5k+ users already voted today
3k+ users shared opinion today
Share Opinion""The Indian government has agreed to set up a special New Zealand desk or single desk to help clear those investments, and so they can take place a lot more quickly. It's easier for New Zealanders to invest,"" McClay said.",False,3,2,0.43,True,False,False
12477c2ded97abf4,EVT_00327,the_hindu,2026-07-03 14:27:43,2026-07-03,"Dravida Munnetra Kazhagam (DMK) party moved the Supreme Court on Friday (July 3, 2026) seeking a judicial direction to bar the ruling Tamilaga Vettri Kazhagam (TVK) leaders, including Chief Minister C. Joseph Vijay and Minister Adhav Arjuna, from mak...",https://www.thehindu.com/news/national/tamil-nadu/dmk-moves-sc-to-bar-tvk-leaders-from-making-threatening-public-statements-on-karur-stampede/article71177919.ece,"Dravida Munnetra Kazhagam (DMK) party moved the Supreme Court on Friday (July 3, 2026) seeking a judicial direction to bar the ruling Tamilaga Vettri Kazhagam (TVK) leaders, including Chief Minister C. Joseph Vijay and Minister Adhav Arjuna, from making “threatening” public statements or levelling “false accusations” against political opponents in connection with the Karur stampede during the ongoing CBI investigation.
The application filed by DMK Organising Secretary R.S. Bharathi, who has sought impleadment in the pending case before the apex court on the Karur stampede, stems from public statements allegedly made by Mr. Arjuna, who is the Cabinet Minister for Public Works and Sports Development, against former Chief Minister M.K. Stalin in connection with the stampede that took 41 lives and left 142 injured during a TVK rally on September 27 last year.
Mr. Bharathi said Mr. Arjuna’s statements on July 2 were intended to shift the blame of the stampede onto Mr. Stalin, who was the Chief Minister at the time of the tragedy, in a bid to prejudice the ongoing apex court-ordered Central Bureau of Investigation probe into the incident. The statements, in substance, claimed that the previous DMK government had “killed Karur people” through police action on the gathered crowd at the rally.
The DMK leader said Mr. Arjuna was both Cabinet Minister and an accused in the Karur stampede case. His conduct, as an “accused holding a public office” was impermissible and prejudicial to the fairness of the CBI investigation.
The application has sought a direction to the CBI to register a complaint and proceed against the public statements made by Mr. Arjuna for “influencing, tampering with witnesses and impeding with the investigation”.
Mr. Bharathi further submitted that Chief Minister Vijay was likely to travel to Karur on or about July 10 to meet the families of those who died and injured victims of the stampede and hand over government benefits, including orders of compassionate appointment, to them. The State government has already announced ex gratia payment of ₹10 lakh to the affected families, the application filed by advocate Anuradha Arputham said.
The DMK leader clarified that he had no objection to the State government extending ex gratia assistance, compassionate appointments or other welfare measures to the grieving families, but was apprehensive of the fact that the members of these families and those injured were material witnesses in an active investigation.
“In these exceptional circumstances, when the investigation is still pending, any direct interaction with such material witnesses by persons connected with the subject matter of the investigation or by the political executive presently in office, particularly while distributing benefits arising out of the very incident under investigation, has the potential to give rise to an apprehension, whether real or perceived, regarding the fairness and independence of the investigative process,” Mr. Bharathi submitted.
The application submitted that Chief Minister Vijay had, even prior to assuming public office, distributed substantial sums of money to the families of the victims while the criminal proceedings were pending.
“While the State government shall be at liberty to extend ex gratia assistance, compassionate appointments, government orders and other welfare measures to the families of the deceased and injured victims of the Karur stampede, no such benefits shall be conferred during the pendency of the CBI investigation except in accordance with the procedure and safeguards as may be directed by the Supreme Court and after placing the proposed course of action before the CBI,” the application urged.
Published - July 03, 2026 02:27 pm IST",False,2,2,0.38,True,False,False
1c63330a9fdcaa77,EVT_00257,the_times_of_india,2026-07-03 02:06:00,2026-07-03,"NEW DELHI: In the biggest overhaul of the Drugs (Prices Control) Order (DPCO), 2013 in years, Centre has significantly narrowed drugmakers' liability in overcharging cases, while introducing a host of long-pending changes sought by the pharma industr...",https://timesofindia.indiatimes.com/india/pharma-pricing-norms-for-new-drugs-eased/articleshow/132147778.cms,"NEW DELHI: In the biggest overhaul of the Drugs (Prices Control) Order (DPCO), 2013 in years, Centre has significantly narrowed drugmakers' liability in overcharging cases, while introducing a host of long-pending changes sought by the pharma industry. The amendments, notified on June 30 and effective immediately, ease compliance for pharma companies, simplify pricing approvals for certain new drug launches, strengthen record-keeping requirements and clarify overcharging rules, sources told TOI.
""These provisions are in line with govt's objective of improving ease of doing business while preserving the integrity of the drug price control framework,"" Sudarshan Jain, secretary general, Indian Pharmaceutical Alliance, told TOI.
The biggest change comes under paragraph 24, which provides that if a manufacturer can demonstrate compliance with the prescribed disclosure requirements and adequately disseminated the revised price, overcharging will be calculated only on the stock handled by the retailer, distributor or stockist found selling above the notified ceiling price, rather than on the entire batch. Under the previous framework, companies faced recovery demands running into crores of rupees and multiple legal battles, even where the overcharging would be a fraction of stock sold.
Further, another amendment provides that ""any other existing manufacturer launching the same new drug within twelve months of retail price fixation of such new drug... shall not be required to apply"", eliminating the need for a separate price approval. Such manufacturers will instead be required to intimate the launch through a prescribed form, within one month, reducing procedural delays and streamlining the process.
Further, govt can now notify different ceiling or retail prices for the same scheduled drug based on therapeutic rationale, pack size, packaging, dosage compliance or dosage form, instead of applying a uniform price across all presentations.",False,4,2,0.36,True,False,False
1eddf5a8c0e5bfda,EVT_00334,the_times_of_india,2026-07-03 15:20:00,2026-07-03,"Uddhav Thackeray on Friday announced a ""Ram Raksha"" protest from July 5 in Maharashtra over the alleged embezzlement of donations at the Ram temple in Ayodhya.",https://timesofindia.indiatimes.com/india/hindu-maaf-nahi-karega-uddhav-thackeray-announces-ram-raksha-protest-over-ram-temple-donation-theft-row/articleshow/132156435.cms,"Shiv Sena (UBT) chief
Uddhav Thackeray on Friday announced a ""Ram Raksha"" protest from July 5 in Maharashtra over the alleged embezzlement of donations at the Ram temple in Ayodhya.
Addressing reporters, Thackeray said party workers and supporters would gather at the Hanuman temple in Mumbai's Dadar on Sunday to recite the Hanuman Stotra and Hanuman Chalisa before demanding that the BJP take responsibility for the alleged ""theft"" at the temple. ""I appeal to all those agitated over this alleged large-scale theft at the Ram temple to join us and hold the BJP accountable for it,"" he said, as quoted by PTI.
Thackeray alleged that despite the BJP being in power at the Centre and in several states, people across the country were facing multiple hardships and public issues were being ignored.
Recalling the Ram temple movement, he said many Hindus, including members of the undivided Shiv Sena, had made sacrifices and endured hardships, including atrocities on karsevaks, the Godhra train burning, the Ahmedabad riots and the Mumbai serial bomb blasts. He alleged that the BJP had politically benefited from these events and was now enjoying ""unchecked power"".
The former Maharashtra chief minister also accused the BJP of engineering defections and horse-trading of opposition legislators, questioning whether the ruling party was carrying out an ""Operation Ram Mandir"".
Referring to allegations circulating in the public domain over the alleged misappropriation of Ram temple donations, Thackeray questioned whether the money had been used to poach opposition leaders.
Invoking former prime minister Atal Bihari Vajpayee's remark, ""Ab Hindu maar nahi khayega,"" Thackeray said, ""Now I want to say, 'Ab Hindu maaf nahi karega'.""
He demanded strict action against those allegedly involved in the embezzlement, saying ""loot in the name of Hindutva"" would not be tolerated. He also alleged that the BJP's slogan of ""Mandir wahi banayenge"" had proved to be a facade and said the sacrifices made during the Ram temple movement would not be allowed to go in vain.
The alleged embezzlement of Ram temple donations came to light on June 7. An FIR was registered on June 25 after a preliminary report by a Special Investigation Team constituted by the Uttar Pradesh government. Eight people associated with the temple's donation collection and counting process have been arrested so far, and the investigation is continuing.",False,3,3,0.42,True,False,False
551596e745c5a488,EVT_00245,the_hindu,2026-07-03 08:31:10,2026-07-03,"The India Meteorological Department has issued an ‘orange’ alert for Uttarakhand’s Nainital and Bageshwar districts, forecasting heavy to very heavy rainfall in some areas on Friday (July 3, 2026). Meanwhile, traffic on the Badrinath National Highway...",https://www.thehindu.com/news/national/weather-today-live-updates-monsoon-rain-mumbai-maharashtra-imd-rain-alert-rain-news-traffic-delhi-ncr-punjab-kerala-tamil-nadu/article71177206.ece,"The India Meteorological Department has issued an ‘orange’ alert for Uttarakhand’s Nainital and Bageshwar districts, forecasting heavy to very heavy rainfall in some areas on Friday (July 3, 2026). Meanwhile, traffic on the Badrinath National Highway and the Kedarnath pilgrimage route was briefly disrupted due to falling debris and stones from the hills, officials said.
Also read: Monsoon arrives in Delhi, five days behind schedule
Punjab Local Government Minister Harjot Singh Bains on Thursday (July 2) said the Ludhiana Municipal Corporation has set up a tech-enabled “Monsoon War Room” to monitor the city round the clock through 1,700 CCTV cameras and ensure prompt response to monsoon-related issues.
Also read: Rainfall to dip in Tamil Nadu over the next few days
While inspecting the facility set up at the Integrated Command and Control Centre (ICCC) in MC Zone D, Sarabha Nagar, on Thursday (July 2), Mr. Bains said the war room streams live HD footage from flood-prone intersections, low-lying colonies and vulnerable drains onto video walls.",False,2,2,0.42,True,False,False
4f17a5fa553450ee,EVT_00251,hindustan_times,2026-07-03 00:37:53,2026-07-03,"7 killed, five injured as big rock falls on stone quarry workers in B’luru",https://www.hindustantimes.com/india-news/7-killed-five-injured-as-big-rock-falls-on-stone-quarry-workers-in-bluru-101783019273544.html,"7 killed, five injured as big rock falls on stone quarry workers in B’luru
Seven migrant labourers, including five from Madhya Pradesh were killed and five others were injured after a massive rock slid down from a hillside and crashed into a stone quarry on the outskirts of Bengaluru on Thursday, with the state government ordering an inquiry into the incident to determine whether the quarry was operating in accordance with mining and safety regulations
Seven migrant labourers, including five from Madhya Pradesh were killed and five others were injured after a massive rock slid down from a hillside and crashed into a stone quarry on the outskirts of Bengaluru on Thursday, with the state government ordering an inquiry into the incident to determine whether the quarry was operating in accordance with mining and safety regulations.
Police said the accident took place at the Kaveri Crusher quarry near Madapatna village in Bengaluru South taluk. Police, fire and rescue teams, along with officials from the Department of Mines and Geology, rushed to the spot and launched rescue operations using heavy machinery to clear debris and recover the bodies.
The deceased have been identified as Ram Naik from Karnataka’s Yadgir district, Dharmesh Singh from Chhattisgarh, and Satyanarayan Gond, Bhuvenshwar Singh, Rajendra Prasad Choudhary, Rajesh Prasad and Shivraj Singh, all from Madhya Pradesh. Those injured include Chotu, Gulab Singh, Anand, Nohar Singh and another labourer whose identity is yet to be established, police said. Deputy inspector general of police S Girish said two adjoining crushers were operating at different levels and around 16 labourers were working when the accident took place. Officials are examining whether activity at the adjacent quarry destabilised the slope.
“There are two crushers here – one is on the top and the second one is below. Work was going on at both sites. A drilling machine was deployed on the top. A massive rock slid from the top and fell on the people working below. Seven people died on the spot, five were wounded while four others working on the site escaped unhurt,” Girish was quoted as saying by PTI.
According to preliminary reports, heavy machinery operating at the adjacent quarry may have loosened the soil and rocks, causing the boulder to roll downhill, police said. “It is very obvious that there was negligence,” Girish added.
Parashuram, an excavator operator who witnessed the collapse, said the workers had no time to escape. “It took only a few seconds before one side of the hill collapsed. The workers had no time to react,” he said.
Chief minister DK Shivakumar said initial reports suggested the tragedy was not caused by blasting but by soil erosion. He said the government would determine whether the quarry was operating legally and whether prescribed safety norms had been followed.
Prime Minister Narendra Modi expressed condolences. “Pained to hear about the loss of lives due to a mishap in a stone quarry in Bengaluru. I extend my deepest condolences to those who have lost their loved ones. Praying for the speedy recovery of the injured,” he wrote on X.
President Droupadi Murmu also wrote on X: “...My heartfelt condolences to the bereaved families. I pray for the speedy recovery of those injured.”
- ABOUT THE AUTHORArun Dev
Arun Dev is an Assistant Editor with the Karnataka bureau of Hindustan Times. A journalist for over 10 years, he has written extensively on crime and politics.",False,2,2,0.5,False,False,False
4f73bb86fedd95ee,EVT_00252,the_times_of_india,2026-07-03 04:04:00,2026-07-03,NEW DELHI: Japan PM Sanae Takaichi’s visit to India for the India-Japan summit heralded what her counterpart,https://timesofindia.indiatimes.com/india/indias-tokyo-drift-pms-open-new-chapter-in-ties/articleshow/132149999.cms,"NEW DELHI: Japan PM Sanae Takaichi’s visit to India for the India-Japan summit heralded what her counterpart
Narendra Modi described as a new chapter in their special strategic and global partnership, with both sides signing several agreements to boost cooperation in AI, energy security, mineral exploration and defence. The leaders also adopted a roadmap for economic security to boost supply chain resilience in strategic sectors like semiconductors and critical minerals, while agreeing to review the 15-year-old India-Japan CEPA to enhance and diversify bilateral trade.
Building upon his remarks at the G7 summit about the sanctity of mutual trust amid the global turmoil, Modi said India-Japan relations exemplified a relationship based on unbreakable reciprocal trust.
Amongst the highlights was also an announcement by Modi about India and Japan signing their first co-development project for the Unified Complex Radio Antenna (UNICORN) that, the PM said, will open another new chapter in the defense technology partnership.
“Now, we will together develop such defence technologies that will strengthen regional peace, maritime security, and rule-based order,” said Modi, talking about the UNICORN partnership that is expected to boost naval stealth.
The announcement follows Japan’s relaxation under Takaichi of self-imposed restrictions on defence exports.
During the joint press statement after the meeting, Modi addressed Takaichi as his choti behen (younger sister) and the Japanese PM reciprocated by saying that both leaders were on the same page and would look to develop this relationship of brother and sister.
On economic security, which dominated the summit agenda, the leaders reiterated in a joint statement their grave concerns over the use of “economic coercion and non-market policies and practices, including arbitrary export restrictions that may lead to supply chain disruptions particularly in critical minerals and critical industrial sectors, and price manipulation”.
Amid global concerns over China’s dominance of the critical minerals sector, Modi and Takaichi underscored the importance of diversified, resilient and reliable global supply chains, a fair competitive global environment, and the need to avoid reliance on any one country, according to the joint statement. In that regard, foreign secretary Vikram Misri later said the leaders discussed the need to maintain strategic autonomy and resilience.
The meeting also saw Modi and Takaichi agreeing to make the India-Japan CEPA more ""forward-looking"" to ramp up the modest bilateral trade volume of about $ 27.5 billion dollars. Modi said that the India-Japan investment partnership is steadily growing and that the over 100 business agreements signed in the past 1 year will bring $ 10 billion in Japanese investment to India.
“Our goal is clear: to attract 10 trillion yen in investment from Japan to India and to double the number of Japanese companies in India over the next 10 years,” said Modi, adding that continuous reforms in India have improved the ease of doing business, and Japanese companies can also take advantage of this. In the 2025 summit in Tokyo, India and Japan had agreed to Japanese investment worth 10 trillion yen into India over the next decade.
Apart from joint declarations on economic security and energy resilience, the 2 sides also issued a joint statement for cooperation in AI.
Reiterating the significance of a free, prosperous and rules-based Indo-Pacific for both India and Japan, Modi said that the technology partnership would serve as the strongest pillar of India-Japan collaboration.
“The convergence of Japan's precision technology and India's software capabilities will impart new momentum and strength to global AI development,” said Modi.
To deal with possible oil shocks in the future, the 2 sides also announced a roadmap for energy resilience. This includes dialogue on national stockpiling systems and reserves, coordination regarding arrangements with producing countries and emergency response and market stabilization.
Modi said that both sides have also prepared the India-Japan Next Generation Mobility Partnership Framework. “With this, we will now repeat our success story in the automotive sector in areas such as shipbuilding, aviation, and logistics...the great strength of our relations is our people-to-people tie. We are also increasing opportunities for talent, mobility, skilling, and technical internship programs,” he said.",False,2,2,0.62,False,False,False
5ee2409420ccb2e7,EVT_00242,firstpost,2026-07-03 07:25:49,2026-07-03,"India, Japan call for concerted global action against Pakistan-based terror groups, name LeT and JeM",https://www.firstpost.com/india/india-japan-call-for-concerted-global-action-against-pakistan-based-terror-groups-name-let-and-jem-14028462.html,"India and Japan have issued a joint directive calling for immediate, “concerted actions” against Pakistan-based terror networks, specifically naming globally proscribed outfits Lashkar-e-Tayyiba (LeT) and Jaish-e-Mohammad (JeM), alongside their various regional proxies.

The strong-worded declaration was a centerpiece of the 16th India-Japan Annual Summit held at Hyderabad House in New Delhi, following comprehensive high-level talks between Indian Prime Minister Narendra Modi and Japan’s Prime Minister Sanae Takaichi.

Uncompromising stance on cross-border terror

A joint statement released by the Ministry of External Affairs (MEA) revealed that both leaders “unequivocally and strongly condemned terrorism and violent extremism in all its forms and manifestations, including cross-border terrorism from Pakistan.”

STORY CONTINUES BELOW THIS AD

The document put out an urgent need to dismantle the logistical, financial, and political infrastructure backing these outfits. Moving beyond broad generalities, the two major Asian democracies specifically demanded accountability for major acts of regional terror, including a direct reference to the November 2025 terrorist attack in Delhi and previous incursions in Jammu & Kashmir.

“The Prime Ministers called for the perpetrators, organizers, and financiers of these reprehensible acts to be brought to justice without any delay,” the joint communique read, noting with concern the evolving names and fronts under which these groups operate, such as The Resistance Front (TRF), which was flagged by the United Nations Security Council Monitoring Team.

Also read | Why critical minerals have become the new oil in India-Japan ties

Strategic shift in Japan’s security outlook

While Tokyo has traditionally focused its regional security priorities on East Asia, primarily navigating challenges related to North Korea’s missile programs and maritime posturing in the South and East China Seas, this statement signals a deepening commitment to India’s core security anxieties.

Prime Minister Takaichi, making her inaugural official visit to India since taking office, emphasised that the security of the Indo-Pacific region is entirely indivisible. In a joint press brief, PM Modi warmly referred to Takaichi as his “chhoti behen” (younger sister), celebrating the “strategic convergence and absolute trust” developing between the two nations.

STORY CONTINUES BELOW THIS AD

Expanding the defence matrix

Beyond the counter-terrorism mandate, the 16th summit yielded sweeping agreements designed to counter broader authoritarian assertions in Asia:",False,3,3,0.59,False,False,False
9ed808638611e38d,EVT_00242,the_times_of_india,2026-07-03 11:55:00,2026-07-03,"NEW DELHI: India and Japan on Thursday condemned Pakistan-sponsored cross-border terrorism and called for immediate global action against all UN-listed terrorist entities and their proxies, specifically naming",https://timesofindia.indiatimes.com/india/india-japan-call-for-global-action-against-pakistan-linked-cross-border-terror/articleshow/132154188.cms,"NEW DELHI: India and Japan on Thursday condemned Pakistan-sponsored cross-border terrorism and called for immediate global action against all UN-listed terrorist entities and their proxies, specifically naming
Lashkar-e-Taiba (LeT),
Jaish-e-Mohammed (JeM), Al Qaeda and ISIS.
In a joint statement released after bilateral talks between Prime Minister Narendra Modi and his Japanese counterpart Sanae Takaichi, the two leaders explicitly condemned the Pahalgam terror attack and the Red Fort blast in November last year.
They emphasised that the international community must take resolute measures to eliminate terrorist safe havens, disrupt the nexus between terror financing and transnational crime, and stop the cross-border movement of terrorists.
The two leaders also expressed serious concern over the situations in the East China Sea and the South China Sea.
They voiced strong opposition to any unilateral actions that endanger freedom of navigation and overflight, attempts to change the status quo by force, or the growing militarisation of disputed features in the region.
The joint statement also underscored the need to strengthen the rules-based international order through urgent reforms of global institutions.
Modi and Takaichi reaffirmed their commitment to working with the other G4 nations to push for the expansion of both permanent and non-permanent seats in the United Nations Security Council (UNSC), arguing that its current structure no longer reflects present-day geopolitical realities.
Calling for tangible progress, the two leaders backed the launch of text-based negotiations under the Inter-Governmental Negotiations (IGN) framework to achieve concrete outcomes within a fixed timeline. India and Japan also reiterated their support for each other's bid for permanent membership of a reformed UNSC, while endorsing one another's future candidatures for non-permanent seats.
On regional and global security, the leaders voiced concern over North Korea's nuclear and ballistic missile programmes, calling for its complete denuclearisation and urging all UN member states to fully implement sanctions related to arms transfers.
Addressing the Middle East, Modi and Takaichi stressed the importance of ensuring freedom of navigation through the Strait of Hormuz to safeguard global energy supplies. They also called for the implementation of a comprehensive reconstruction plan for Gaza alongside a credible two-state solution. On Ukraine, the two leaders reiterated their support for a just and lasting peace in line with the principles of the UN Charter.
Takaichi was on a three-day official visit to India from July 1 to July 3 at Modi's invitation. During the visit, the two leaders held the 16th India-Japan Annual Summit, reviewing the full spectrum of bilateral ties and discussing key regional and global developments.",False,3,3,0.59,False,False,False
85a1e222b253e459,EVT_00306,the_times_of_india,2026-07-03 00:27:00,2026-07-03,"Omar Abdullah Thursday backed the calls for reopening of dialogue between India and Pakistan, saying that was the only way to ease tensions between the two neighbours. He also questioned why appeals from J&K politicians for engaging with Pakistan led...",https://timesofindia.indiatimes.com/india/omar-abdullah-backs-call-for-india-pak-talks-says-even-rss-favours-dialogue/articleshow/132146050.cms,"SRINAGAR:
Jammu and Kashmir CM
Omar Abdullah Thursday backed the calls for reopening of dialogue between India and Pakistan, saying that was the only way to ease tensions between the two neighbours. He also questioned why appeals from J&K politicians for engaging with Pakistan led to a backlash when similar statements from RSS top functionaries invited no criticism .
Omar’s father and National Conference president Farooq Abdullah is among the 117 signatories — 61 from India and 56 from Pakistan — to an open letter that recently appealed to the Prime Ministers of the two countries to renew talks.
Talking to reporters in south Kashmir’s Shopian district, Omar said: “This tension (between India and Pakistan) has existed for the past 30 to 40 years, and after last year’s Pahalgam attack it increased even more. Now, through a letter, a request has been made to the Prime Minister that the relations between the two countries should improve. No one should have any objection to this.”
He invoked Atal Bihari Vajpayee, saying the former PM used to say that friends can be changed, but neighbours cannot. “We want relations between neighbours to improve.”
Pointing out that even “the biggest leader of RSS” had recently spoken in favour of talks with Pakistan, the chief minister said, “If the RSS says this, no one objects.
But, when leaders from Jammu and Kashmir say the same thing, it creates an uproar.” RSS chief Mohan Bhagwat and general secretary Dattatreya Hosabale had recently advocated “keeping the doors of dialogue open”.
Reacting to the letter, BJP accused J&K politicians of backing Pakistan’s narrative and asked them to instead urge the country to dismantle its terror infrastructure and sponsorship. Apart from Farooq, PDP chief
Mehbooba Mufti, Kashmir’s chief cleric Mirwaiz Umar Farooq and several MLAs have also endorsed, through the letter, the call for talks.",False,3,2,0.37,True,False,False
3855c6a646427c91,EVT_00334,the_hindu,2026-07-03 13:30:03,2026-07-03,"Shiv Sena (UBT) chief Uddhav Thackeray on Friday (July 3, 2026) announced a “Ram Raksha” agitation in Maharashtra from July 5, urging people to join the protest to hold the BJP accountable for the alleged embezzlement of donations at the revered Ayod...",https://www.thehindu.com/news/national/maharashtra/ayodhya-temple-donations-row-uddhav-announces-ram-raksha-protest-in-maharashtra-from-july-5/article71177831.ece,"Shiv Sena (UBT) chief Uddhav Thackeray on Friday (July 3, 2026) announced a “Ram Raksha” agitation in Maharashtra from July 5, urging people to join the protest to hold the BJP accountable for the alleged embezzlement of donations at the revered Ayodhya temple.
Mr. Thackeray said they will gather at the Hanuman temple at Dadar in central Mumbai on Sunday (July 5), recite the “Hanuman Stotra” and “Hanuman Chalisa” and pressure the BJP to take responsibility for the “theft” at the Ram temple in Ayodhya.
Also Read | Congress terms donation theft at Ayodhya Ram Temple a ‘maha paap’, questions PM’s silence
“I appeal to all those agitated over this alleged large-scale theft at the Ram temple to join us and hold the BJP accountable for it,” Mr. Thackeray told reporters.
Claiming that people across the country were facing multiple hardships, Mr. Thackeray said there was “chaos” and “indifference” towards public issues despite the BJP being in power at the Centre and in. several States.
He said many Hindus, including members of the undivided Shiv Sena, had participated in the Ram temple movement and had endured hardships, including atrocities on “karsevaks”, the Godhra train burning, the Ahmedabad riots and the Mumbai serial bomb blasts, but alleged that the BJP had politically capitalised on these events and was now enjoying “unchecked power”.
The former Maharashtra chief minister also accused the saffron party of engineering defections and horse-trading of opposition legislators, asking whether the ruling party was carrying out an “Operation Ram Mandir”.
Referring to allegations circulating on social media and in the public domain regarding alleged embezzlement of donations at the Ayodhya temple, Thackeray questioned whether the allegedly stolen money had been used to poach opposition leaders.
Invoking former prime minister Atal Bihari Vajpayee’s famous remark, “Ab Hindu maar nahi khayega”, Mr. Thackeray said, “Now I want to say, ‘Ab Hindu maaf nahi karega’.”
He demanded strict punishment for those allegedly involved in theft from the Ram temple donation boxes, stressing that “loot in the name of Hindutva” would not be tolerated.
Mr. Thackeray also alleged that the BJP’s slogan of “Mandir wahi banayenge” had turned out to be a facade and said the sacrifices made by those who participated in the Ram temple movement would not be allowed to go in vain.
The alleged embezzlement of Ram temple donations came to light on June 7. Later, an FIR was registered on June 25 following a preliminary report by the Special Investigation Team, which was constituted by the U.P. government.
Eight persons associated with the temple's donation and counting process have been arrested in the case, and the investigation is continuing.
Published - July 03, 2026 01:30 pm IST",False,3,3,0.42,True,False,False
effd2ef05533b86b,EVT_00308,the_times_of_india,2026-07-03 10:44:00,2026-07-03,The Indian Embassy in Venezuela has sought a thorough investigation into allegations that the organs of Indian sailor Rakesh Chauhan were removed before his mortal remains were repatriated to India.,https://timesofindia.indiatimes.com/india/seafarers-body-returned-from-venezuela-with-missing-organs-indian-embassy-seeks-probe/articleshow/132152899.cms,"The Indian Embassy in Venezuela has sought a thorough investigation into allegations that the organs of Indian sailor Rakesh Chauhan were removed before his mortal remains were repatriated to India.
In a statement issued on Thursday (local time), the Embassy of India in Caracas said it has been pursuing the matter with Venezuelan authorities since the allegations surfaced. ""The Embassy of India, Caracas has sought a thorough investigation by Venezuelan authorities on the desecration and removal of organs of the mortal remains of late Shri. Rakesh Chauhan. Mission has continued to pursue this matter with the concerned local authorities since the incident came to light,"" the embassy said.
The embassy's statement came days after Chauhan's family alleged that he died under suspicious circumstances while working aboard a vessel in Venezuela and claimed that his body was returned to India without several internal organs.
Speaking to ANI, Chauhan's wife, Ranjana, alleged that the company employing her husband had failed to provide any clear explanation about his death. ""My husband had gone to work on a ship; he was murdered there, and his organs were removed.
To this day, they haven't given us a proper report, despite our repeated requests. They didn't even return his personal belongings; they wouldn't even speak to us properly; the company representatives were dismissive,"" she said.
She said the family decided to conduct a second post-mortem after the body reached India. ""We were just expecting the body to arrive. When we had a second post-mortem done here, the report revealed that not a single organ remained in the body. We lodged complaints everywhere, with the Ministry of External Affairs in Delhi and other relevant authorities, but nothing came of it... I last spoke to him on 6 May... I think it was only two or three hours after he left for duty that my father-in-law received a call saying there had been an accident and that they were taking him to the hospital,"" she added.
The allegations came into public eye when it were taken up by the Forward Seamen's Union of India (FSUI), which claimed that the post-mortem conducted in India found no internal organs in Chauhan's body. According to the union, the brain, heart, both lungs, kidneys, liver, spleen, pancreas, stomach, intestines, thyroid, hyoid bone, larynx and trachea were all reportedly missing.
In a statement, the FSUI said: ""SHOCKING CASE -- Indian Seafarer Rakesh Chauhan reported dead in Venezuela. Mortal remains sent back to his hometown in Uttar Pradesh without any autopsy report or details from Venezuelan authorities. Family demanded re-autopsy. The official Post-Mortem Report conducted in India reveals a horrifying truth: NOT A SINGLE ORGAN was found in the body.""
The union has urged the Ministry of External Affairs and the Indian Embassy in Venezuela to intervene in the matter. It also alleged discrepancies in the paperwork related to the repatriation of Chauhan's body, claiming the receipt for the mortal remains carried an incorrect name and that the vessel mentioned in his employment agreement did not match the one on which he was deployed.
What should be the top priority in such cases?
3k+ users shared opinion today
5k+ users already voted today
3k+ users shared opinion today
Share OpinionVenezuelan authorities have not publicly responded to the family's allegations. The Indian Embassy said it continues to pursue the matter with the concerned authorities.",False,2,2,0.51,False,False,False
9e73e8316e36ca2f,EVT_00334,hindustan_times,2026-07-03 14:22:49,2026-07-03,"Ram Temple donation irregularities: Thackeray attacks BJP, announces protests",https://www.hindustantimes.com/india-news/ram-temple-donation-irregularities-thackeray-attacks-bjp-announces-protests-101783068770139.html,"Ram Temple donation irregularities: Thackeray attacks BJP, announces protests
Thackeray and other Shiv Sena (UBT) leaders will visit the Hanuman Temple in Mumbai’s Dadar West on Sunday to launch “Ram Raksha” movement
Shiv Sena (UBT) chief Uddhav Thackeray on Friday attacked the Bharatiya Janata Party (BJP) over the alleged misappropriation of donations collected for the Ayodhya Ram Temple, warning Hindus will no longer forgive, as he announced a Maharashtra-wide “Ram Raksha” movement to protest the “looting of offerings”. He urged all Ram devotees to join the movement irrespective of party affiliation.
Thackeray and other Shiv Sena (UBT) leaders will visit the Hanuman Temple in Mumbai’s Dadar West on Sunday evening to launch the movement. “We will gather at the temple and recite the Ram Raksha Stotra, Maruti Stotra, and Hanuman Chalisa. All Ram bhakts [devotees] angry over the loot in the name of Ram Temple should participate in it.” He asked BJP leaders and workers to join them.
Thackeray said protests would be organised across Maharashtra at Ram and Hanuman temples. “Our first fight is against the loot in the Ram Temple donations across the state. I will speak on other issues next week. I will also visit Ayodhya,” Thackeray said.
When asked if he would invite Maharashtra Navnirman Sena chief Raj Thackeray or chief minister Devendra Fadnavis for the protest on Sunday, Uddhav Thackeray said that he would urge all Hindus, irrespective of their political affiliation, to join the protests against corruption in the Ram Temple donation.
The BJP and Shiv Sena (UBT) have been loggerheads over the defection of the latter’s six parliamentarians to the Shiv Sena, a constituent of the ruling National Democratic Alliance (NDA). Shiv Sena (UBT) has linked such defections to the BJP’s efforts to increase the NDA government’s numbers to push through the delimitation bill.",False,3,3,0.42,True,False,False
3285d99f442a91e3,EVT_00327,india_today,2026-07-03 16:46:24,2026-07-03,DMK moves Supreme Court to restrain TVK ministers from speaking on Karur stampede,https://www.indiatoday.in/india/story/karur-stampede-case-dmk-moves-supreme-court-against-vijay-tvk-remarks-2939877-2026-07-03,"DMK moves Supreme Court to restrain TVK ministers from speaking on Karur stampede
In a plea filed by DMK organising secretary RS Bharathi, who has sought to be impleaded in a pending case, the party said several people who were initially chargesheeted in the Karur stampede case are now ministers in the Tamil Nadu cabinet after the 2026 Assembly elections.
The DMK has moved the Supreme Court seeking directions to restrain TVK leaders, including Chief Minister C Joseph Vijay, from making public statements or levelling what it called false accusations in connection with the Karur stampede in which 41 people died. The party has also sought action over recent remarks allegedly made by a Tamil Nadu minister.
In a plea filed by DMK organising secretary RS Bharathi, who has sought to be impleaded in a pending case, the party said several people who were initially chargesheeted in the case are now ministers in the Tamil Nadu cabinet after the 2026 Assembly elections. The plea also raised concern over Bharathi's claim that Vijay is likely to travel to Karur on July 10 to meet the victims' families and hand over government benefits, including orders of compassionate appointment.
The petition referred to a public statement allegedly made on Thursday by Tamil Nadu minister Aadhav Arjuna, in which he allegedly said there was ""a score to settle"" over the Karur incident and alleged that the previous DMK government had ""killed"" Karur people through the police. Bharathi's plea has sought direction from the CBI to register a complaint and take action against Arjuna's public statements for allegedly influencing and tampering with witnesses and impeding the investigation.
Referring to Vijay's proposed visit, the plea said, ""When the investigation is still pending, any direct interaction with such material witnesses by persons connected with the subject matter of the investigation or by the political executive presently in office, particularly while distributing benefits arising out of the very incident under investigation, has the potential to give rise to an apprehension, whether real or perceived, regarding the fairness and independence of the investigative process.""
The Supreme Court had earlier ordered the CBI to take over the probe into the Karur stampede, saying the incident had shaken the national conscience and deserved a fair and impartial investigation. In its order on a plea filed by actor-politician Vijay's Tamilaga Vettri Kazhagam for an independent probe, the court also set up a three-member supervisory committee headed by former apex court judge Ajay Rastogi to monitor the CBI investigation.
Earlier, the police had said the rally saw a turnout of 27,000, nearly three times the expected 10,000 participants, and blamed a seven-hour delay by Vijay in reaching the venue for the tragedy. The fresh plea now seeks to prevent public statements and interactions that, according to the DMK, could affect the ongoing investigation into the stampede.",False,2,2,0.38,True,False,False
1f9a7a02d9201891,EVT_00274,the_times_of_india,2026-07-03 12:40:00,2026-07-03,NEW DELHI: The Supreme Court on Friday refused to overturn Maghalaya high court's judgement which granted bail to Sonam Raghuvanshi who is accused of killing her husband Raja Raghuvanshi during honeymoon in the northeastern state in 2025.,https://timesofindia.indiatimes.com/india/honeymoon-murder-case-why-sc-refused-to-cancel-sonam-raghuvanshis-bail-order/articleshow/132155032.cms,"NEW DELHI: The Supreme Court on Friday refused to overturn Maghalaya high court's judgement which granted bail to Sonam Raghuvanshi who is accused of killing her husband Raja Raghuvanshi during honeymoon in the northeastern state in 2025.
Transport businessman Raja Raghuvanshi went missing on May 23 last year during his honeymoon in Meghalaya.
His mutilated body was later found on June 2 from a deep gorge near a waterfall in Sohra area of East Khasi Hills district. His wife Sonam, along with several others including her alleged boyfriend, was arrested in connection with the case.
Why SC refused to cancel Sonam's bail orderA partial working days bench of Justice MM Sundresh and Justice Sheel Nagu expressed its reservation in the high court's order granting bail. It, however, observed that Sonam Raghuvanshi had already been released from jail and was currently in Shillong in accordance with the bail conditions imposed by the trial court.
""Prima facie, we have some observations about the high court's judgment,"" Justice Sundresh said.
Addressing the accused's counsel, who appeared on a caveat, Justice Sundresh observed that the grounds of arrest had been explained to the accused and that this issue had not been raised in the earlier bail applications.
""Only later did you raise this ground. Is the court justified in granting bail on the technical ground that the wrong provision was cited, especially when bail had earlier been rejected on merits?"" Justice Sundresh asked.
How a clerical error helped Sonam get bailSonam was granted bail on April 27 after a clerical error played a key role. The FIR in the case was registered under Section 103 of the Bharatiya Nyaya Sanhita (BNS), which deals with murder. However, when Sonam was informed of the grounds for her arrest, the police cited Section 403(1) of the BNS instead.
Section 403(1) does not exist in the BNS and under the old Indian Penal Code, Section 403 related to dishonest misappropriation of property, but that provision was not carried over into the BNS.
The trial court found that the error was not limited to a single document. The incorrect section was mentioned in multiple records, including the arrest memo, checklist justifying the arrest, inspection memo, intimation of rights and case diary extract.
None of these documents informed Sonam that she had been arrested under Section 103, the murder charge.
Rejecting the prosecution's argument that it was merely a clerical mistake, the court observed that such an error appearing across several documents could not be brushed aside.
It held that Sonam had not been properly informed of the grounds of her arrest, a legal right guaranteed to every arrested person, and granted her bail.",False,5,3,0.48,False,False,False
481480f5903fb116,EVT_00244,india_today,2026-07-03 16:56:13,2026-07-03,"Ketan Agarwal murder: Siya Goyal, Chetan Chaudhary sent to 14-day judicial custody",https://www.indiatoday.in/india/story/ketan-agarwal-murder-accused-siya-goyal-chetan-chaudhary-sent-to-14-day-judicial-custody-2939918-2026-07-03,"Ketan Agarwal murder: Siya Goyal, Chetan Chaudhary sent to 14-day judicial custody
Goyal (20) and Chaudhary (22) are accused of pushing Agarwal to his death from a cliff at Lohagad Fort in Pune district on June 18. Agarwal and Goyal were set to marry in November this year.
A Pune court on Thursday remanded Siya Goel and Chetan Chaudhary to 14 days of judicial custody in connection with the investigation into the murder of Ketan Agarwal.
The two accused were produced before Judicial Magistrate First Class AM Vibhute after the expiry of their police custody.
The prosecution sought three-day extension of police custody, arguing that data recovered from the mobile phones of Goyal and Chaudhary contained chats in signs and coded language, and that their custodial interrogation was necessary to decipher the conversations.
The counsel for Goyal and Chaudhary opposed the plea, contending police had already been given sufficient time to investigate the case and that further custodial interrogation was unwarranted.
After hearing both sides, the court rejected the prosecution's plea and remanded the accused in judicial custody till July 16.
Goyal (20) and Chaudhary (22) are accused of pushing Agarwal to his death from a cliff at Lohagad Fort in Pune district on June 18. Agarwal and Goyal were set to marry in November this year.",False,2,2,0.75,False,False,False
664c3ed1e7136d81,EVT_00274,the_hindu,2026-07-03 11:57:44,2026-07-03,"The Supreme Court on Friday (July 3, 2026) refused to stay the bail granted to Sonam Raghuvanshi, who was arrested in connection with the May 23 murder of her newlywed husband, Indore-based businessman Raja Raghuvanshi, during their honeymoon in the ...",https://www.thehindu.com/news/national/meghalaya-honeymoon-murder-supreme-court-seeks-sonam-raghuvanshis-reply-on-bail-plea/article71177596.ece,"The Supreme Court on Friday (July 3, 2026) refused to stay the bail granted to Sonam Raghuvanshi, who was arrested in connection with the May 23 murder of her newlywed husband, Indore-based businessman Raja Raghuvanshi, during their honeymoon in the hill State. While the court acknowledged that the allegations against Ms. Raghuvanshi were “quite serious”, it declined to send her back to judicial custody after being informed that she had already been released.
A Bench comprising Justices M.M. Sundresh and Sheel Nagu was hearing an appeal filed by the Meghalaya government against a June 29 order of the Meghalaya High Court, which had upheld a Shillong trial court’s decision granting bail to Ms. Raghuvanshi on the ground that the police had failed to effectively communicate the grounds of her arrest.
“Prima facie, we would have stayed the order of bail, but since she has already been released, we would not want to intervene,” the Bench observed, while posting the matter for further hearing on July 9.
While indicating that it had “reservations” about the reasoning adopted by the High Court, the Bench said it was equally conscious of the implications of directing an accused back to custody after release on bail. Reiterating the settled principle of criminal jurisprudence, the judges observed, “We are conscious that, howsoever grave the alleged offence is, there is a presumption of innocence.”
Also Read : When families leave women no good choices
The Bench added that it would consider issuing appropriate directions for expediting the trial after Ms. Raghuvanshi files her response to the State’s appeal.
‘Typographical error’
Appearing for the State, Solicitor General Tushar Mehta described the case as a “shocking” instance of “premeditated” murder and argued that the High Court had erred in granting bail on the basis of what he described as a mere “typographical error” in the arrest memo. He further pointed out that Ms. Raghuvanshi’s applications for bail had previously been rejected on three occasions, with the courts recording the existence of prima facie material indicating her involvement in the alleged offence.
“It is a predetermined murder. There are three accomplices travelling with the wife. She takes her husband to a secluded hilly area, where he is killed. She also participated in the assault... She later absconded and was arrested in Uttar Pradesh,” Mr. Mehta submitted.
Mr. Mehta contended that the High Court had granted bail solely because the arrest memo mistakenly referred to Section 403 of the Bharatiya Nyaya Sanhita (BNS) instead of Section 103, which deals with the offence of murder.
“There was just one typographical error. Section 103 became 403 under the BNS,” he submitted, adding that the procedural lapse had caused no real prejudice to the accused, who was fully aware of the nature and gravity of the allegations against her.
‘Reservations about High Court order’
The Bench indicated that it was not entirely persuaded by the reasoning adopted by the High Court. “Prima facie, we have our reservations on how the High Court dealt with the matter,” Justice Sundresh observed.
The judges also noted that Ms. Raghuvanshi had not raised the alleged procedural defect during the three earlier occasions on which her applications for bail had been rejected.
Appearing for Ms. Raghuvanshi, her counsel disputed the State’s submissions, contending that the defect was not confined to an incorrect reference to the statutory provision. He argued that she had never been meaningfully informed of the grounds of her arrest, thereby violating the constitutional safeguards available to an arrested person.
However, the Bench retorted that if the grant of bail rested solely on a procedural defect in communicating the grounds of arrest, there was nothing in law to prevent the investigating agency from carrying out a fresh arrest after curing the defect and complying with the statutory requirements.
As Mr. Mehta continued to press for a stay of the bail order, reiterating that the allegations were “shocking”, the Bench remarked that such considerations are to be tested during the course of the trial and not at this stage.
“These are facts and matters to be decided during the trial. We are also conscious that there are certain parameters that need to be fulfilled at the time of the grant of bail. But after she has been released, we may not want to intervene”, Justice Sundresh said.
Rejecting the prosecution’s contention that the discrepancy was merely an innocuous clerical or typographical error, the High Court had held that the document purportedly communicating the grounds of arrest had been prepared “without any application of mind” and contained allegations that bore no connection to the case.
“If this is the manner in which the intimation of the grounds of arrest is made, the same reflects a total non-application of judicious mind on the part of the arresting agency”, Justice W. Diengdoh had observed. He had held that such glaring errors struck at the very foundation of the arrest process and justified the grant of bail.
The judge, however, clarified that the findings were confined to the legality of the arrest procedure and did not cast any aspersions on the investigation or the trial.
The case relates to the murder of Indore businessman Raja Raghuvanshi, who had travelled to Meghalaya with his wife, Sonam, for their honeymoon in May 2025. The couple went missing on May 23 while vacationing in the Sohra region of the State. Raja Raghuvanshi’s body was recovered from a deep gorge on June 2.
According to the prosecution, Sonam conspired with hired assailants to murder her husband as part of a conspiracy allegedly hatched with her purported lover, Raj Kushwaha, with the objective of securing financial gain.
Published - July 03, 2026 11:57 am IST",False,5,3,0.48,False,False,False
d116eab0ce029958,EVT_00274,hindustan_times,2026-07-03 11:51:56,2026-07-03,Sonam Raghuvanshi won't go back to jail: Supreme Court ruling in Meghalaya honeymoon murder,https://www.hindustantimes.com/india-news/supreme-court-upholds-sonam-raghuvanshi-bail-in-meghalaya-honeymoon-murder-raja-raghuvanshi-101783058886785.html,"Sonam Raghuvanshi won't go back to jail: Supreme Court ruling in Meghalaya honeymoon murder
Supreme Court upholds Sonam Raghuvanshi's bail in Meghalaya honeymoon murder
The Supreme Court on Friday refused to send Sonam Raghuvanshi, the prime accused in the alleged murder of her husband Raja Raghuvanshi during their honeymoon in Meghalaya last year, back to jail, for now, even as it expressed reservations about the Meghalaya high court order granting her bail.
A bench of justices MM Sundresh and Sheel Nagu admitted the Meghalaya government's appeal challenging the June 29 high court judgment. It issued a notice to Sonam, declining to stay the bail order after learning she had been released. “Prima facie, we would have stayed the order of bail, but since she has already been released, we would not want to intervene,” observed the bench, posting the matter for further hearing on July 9.
The court indicated that while it was not impressed by the reasoning adopted by the high court, it was equally conscious of the consequences of sending an accused back to prison after release on bail. “We are conscious that howsoever grave the alleged offence is, there is a presumption of innocence,” said the bench, adding that it would consider passing appropriate orders on expediting the trial after Sonam files her response.
Also read: How can ‘BJP, Amit Shah murdabad’ slogans be grounds for externment, Bombay HC asks
The case relates to the murder of 29-year-old Indore businessman Raja Raghuvanshi, who travelled to Meghalaya with Sonam after their wedding in May 2025. The couple went missing after checking out of a homestay in Nongriat on May 23. Raja's body was later recovered from a gorge near Weisawdong Falls in Sohra, while Sonam was traced days later in Uttar Pradesh.
On Friday, the Meghalaya police, represented by Solicitor General Tushar Mehta, argued that the case involved a “shocking” and “premeditated” murder and that the high court erred in granting bail based on what was essentially a typographical error in the arrest documents.
Also read: The Chinese app behind viral e-rickshaw shutdown videos: How it works and how to prevent it
“The wife travels to Meghalaya with three accomplices. She participates in assaulting the husband...the husband is killed, and the body is thrown in a forest. She later absconded and was arrested in Uttar Pradesh,” Mehta submitted. He told the bench that Sonam's bail had earlier been rejected on three occasions, with courts recording prima facie material pointing to her role in the murder.
Mehta contended that the high court granted bail solely because arrest-related documents mistakenly referred to Section 403 of the Bharatiya Nyaya Sanhita (BNS) instead of Section 103, which deals with murder.
“There was just one typographical error that Section 103 became 403 under the BNS,” he submitted, relying on the Supreme Court's recent ruling in the Darshan case to argue that procedural lapses justify relief only when they cause actual prejudice to the accused.
Also read: ‘Consider switching sides’: Bombay HC's remarks on ‘horse-trading’ earns praise from Uddhav Sena
The bench appeared to find merit in the state's submissions, observing that the high court's reasoning raised several questions. “Prima facie, we have our reservations on how the high court dealt with the matter,” Justice Sundresh remarked.
The court noted that Sonam was informed of the reasons for her arrest, and she never challenged the alleged defect during her three unsuccessful bail attempts.
Appearing for Sonam, her counsel countered that the defect went beyond the incorrect statutory provision and argued that she had never been meaningfully informed of the grounds of her arrest.
But the court also observed that if bail was solely based on a procedural lapse in communicating the grounds of arrest, nothing in law would prevent the authorities from arresting the accused again after complying with the legal requirement.
At one stage, the court indicated that it was inclined to stay the bail order and simultaneously consider expediting the trial. Mehta and Sonam's counsel informed the bench that she had been released from jail and was in Shillong, prompting the bench to reconsider its approach.
When Mehta reiterated that the facts were “shocking and chilling”, the bench responded that those allegations would ultimately be tested during the trial. “These are facts and matters to be decided during the trial. We are also conscious that there are certain parameters that need to be fulfilled at the time of the grant of bail. But after she has been released, we may not want to intervene,” the court said.
The high court on June 29 upheld an order of the additional deputy commissioner (judicial), Shillong, granting bail to Sonam after finding that the police failed to effectively communicate the grounds of arrest.
Justice W Diengdoh held that the arrest documents repeatedly cited Section 403 of the BNS instead of Section 103 dealing with murder and also contained several irrelevant allegations, including that Sonam was suspected of being a deserter from the armed forces and of committing offences outside India. Holding that the documents reflected “total non-application of mind”, the high court concluded that the defect struck at the root of the arrest process and justified bail.
The Meghalaya Police filed a chargesheet running into more than 700 pages alleging that the murder was a pre-planned conspiracy orchestrated by Sonam along with her alleged lover Raj Kushwaha and others. The trial has commenced, and witnesses are currently being examined.",False,5,3,0.48,False,False,False
e6ef2a33acce6755,EVT_00347,india_today,2026-07-03 13:16:58,2026-07-03,DMK MLA Radhakrishnan arrested over defamatory remarks against CM Vijay,https://www.indiatoday.in/india/tamil-nadu/story/dmk-mla-anitha-r-radhakrishnan-arrested-after-bail-denied-in-vijay-remarks-case-2939701-2026-07-03,"DMK MLA Radhakrishnan arrested over defamatory remarks against CM Vijay
DMK MLA Anitha R Radhakrishnan was taken into custody after the Madras High Court rejected his anticipatory bail petition. The arrest comes amid allegations of inflammatory remarks against Chief Minister Vijay during a public event.
DMK MLA Anitha R Radhakrishnan was arrested by Tamil Nadu Police on Friday after the Madras High Court dismissed his anticipatory bail petition in connection with a case over his objectionable remarks against TVK president and Tamil Nadu Chief Minister Vijay.
According to police, the case relates to a speech delivered by Radhakrishnan at a public meeting in Athur near Tiruchendur on June 20 during celebrations marking the birth anniversary of former Chief Minister M Karunanidhi.
Police said that the DMK legislator made inflammatory remarks against CM Vijay during the event, following which a case was registered against him. Soon after the High Court declined to grant him anticipatory bail, police arrested Radhakrishnan.
The complaint pertains to remarks in which Radhakrishnan mocked Vijay's appearance and his transition from the film industry to politics.
Referring to a recent confrontation between DMK MLA S Austin and the Chief Minister in the Assembly during a discussion on law and order, Radhakrishnan said, ""Brother Austin pointed his finger at CM and asked him, 'Won't you open your mouth and speak?' He looked trapped. It was like, 'How did I get stuck here? How happy I was at home with an actress. Now I'm trapped here.'""
Continuing his criticism, the DMK legislator compared the Chief Minister's demeanour in the Assembly to that of a customer entering a shop.
""I'm a merchant and I know when someone enters a shop whether he wants to buy something or borrow money. Similarly, I can realise how he felt trapped in the Assembly,"" he said.
Reacting to the arrest, DMK MP Kanimozhi accused the state government of using oppressive tactics against the opposition and termed the action ""strongly condemnable"".
In a post on X, she alleged that Radhakrishnan was arrested while inspecting development works in his constituency, calling it an ""utterly anarchic"" act by what she described as a ""tyrannical government"". She asserted that the DMK ""will never bow down to such oppressive tactics.""
According to a Live Law report, Justice GK Ilanthiraiyan while dismissing Radhakrishnan's anticipatory bail petition, observed that he ought not to have made such statements as a sitting legislator.
The judge also noted that Tamil Nadu had elected several leaders from the film industry since 1967 and remarked that the comments were unwarranted.
""In state of TN, since 1967, people from the cinema are being voted. Then why are you making these statements? You're not a layman. You're a member of the assembly"", the court orally observed while rejecting the plea.",False,2,2,0.42,True,False,False
3c18055022e9b53e,EVT_00347,the_hindu,2026-07-03 13:50:46,2026-07-03,"Tiruchendur DMK MLA and former Fisheries Minister Anitha R. Radhakrishnan was arrested at Authoor in Thoothukudi district on Friday (July 3, 2026) for allegedly making derogatory remarks against Tamil Nadu Chief Minister C. Joseph Vijay during a publ...",https://www.thehindu.com/news/national/tamil-nadu/dmk-mla-anitha-radhakrishnan-arrested-over-objectionable-remarks-against-tamil-nadu-cm-vijay/article71177790.ece,"Tiruchendur DMK MLA and former Fisheries Minister Anitha R. Radhakrishnan was arrested at Authoor in Thoothukudi district on Friday (July 3, 2026) for allegedly making derogatory remarks against Tamil Nadu Chief Minister C. Joseph Vijay during a public meeting held on June 20.
The arrest came shortly after the Madras High Court dismissed an anticipatory bail plea filed by Mr. Radhakrishnan in a case registered by the Authoor police in Thoothukudi district over his alleged objectionable remarks against the Chief Minister.
Following the arrest, Mr. Radhakrishnan was taken to Thoothukudi District Superintendent of Police office for further investigation.
Stalin, Kanimozhi condemn arrest
DMK president and former Chief Minister M.K. Stalin on Friday condemned the arrest of Mr. Radhakrishnan, and said: “What was the urgent need to hastily arrest someone who was carrying out public work and conducting inspections in his constituency? The Chief Minister is running a police raj in a cinema-action style.”
He questioned why the government, which has not taken action so far on the complaint filed by a “gang rape survivor” against the Thiruvaikundam TVK MLA, and failed to show the same urgency in that case.
Accusing the government of failing to prevent murders, robberies, and sexual offences against women across Tamil Nadu, Mr. Stalin asked: “If arrests are to be made in defamation cases, how many of today’s ministers would have to be arrested for the remarks they make?”
DMK Member of Parliament (MP) Kanimozhi also expressed her condemnation, stating, “The DMK will never bow down to such oppression.”
Published - July 03, 2026 01:50 pm IST",False,2,2,0.42,True,False,False
e88427cb3515aa87,EVT_00500,theprint,2026-07-14 17:04:08,2026-07-14,"Chennai: The Tamil Nadu School Education Department has issued a circular prohibiting any “political, communal, separatist and non-educational events, meetings and campaigns” on school premises, as ruling TVK faces criticism over its ministers, leade...",https://theprint.in/politics/tn-schools-now-no-politics-zone-vijay-bday-event-ex-aiadmk-mlas-pil-forced-tvk-govts-hand/2986537/,"Chennai: The Tamil Nadu School Education Department has issued a circular prohibiting any “political, communal, separatist and non-educational events, meetings and campaigns” on school premises, as ruling TVK faces criticism over its ministers, leaders and workers visiting campuses for various events, including Chief Minister Vijay’s birthday celebrations.
The directive, however, does not specify what kind of events would be regarded as non-academic and “non-eductional”, and educationists emphasise that the government should define cocurricular and extra-curricular activities for more clarity on the directive.
The circular was issued on 10 July. Earlier, former AIADMK MLA VPB Paramasivam moved the Madras High Court over holding such events on school premises.
During a hearing on the PIL on Monday, Advocate General Vijay Narayan submitted that the circular was issued jointly by the Directors of School Education, Elementary Education, and Private Schools following complaints of “outsiders” using campuses for religious, political, and caste-based activities. Paramasivam PIL was withdrawn after the AF informed the court of the circular.
The government’s 10 July directive emphasised that the state’s 57,671 schools, including private ones, where over 1.03 crore students study, must remain focused solely on curricular and co-curricular activities and ensure unity among children from diverse backgrounds.
The circular stated, “Any sort of celebrations or messaging should not be permitted on school campuses, whether they are in playgrounds or open spaces. School premises should not be used for holding political, communal, separatist and non-educational events, meetings and campaigns. Only educational and co-curricular activities can be conducted in schools to ensure the overall educational development of students.”
During the hearing Monday, Advocate General Vijay Narayan submitted that such activities create divisions, psychological pressure on young minds, and undermine educational goals. Principals and headmasters have been instructed not to allow outsiders into classrooms, auditoriums, or playgrounds except for government-authorized events, he said.
Also Read: DMK, AIADMK have gone quiet after defeat. TVK’s Vijay is going on the offensive after win
The controversial visits
The government’s circular follows intense backlash over recent incidents involving ruling Tamilaga Vettri Kazhagam (TVK) functionaries and ministers. A government school visit by Industries Minister S. Keerthana’s in Sivakasi of Virudhunagar district brought sharp criticism.
During the inspection, Keerthana questioned students on their English proficiency in front of cameras, recorded the interaction, and shared it online.
In a viral video, she asked a student, “What’s your father?” and remarked on the child’s inability to respond fluently, drawing sharp criticism for publicly humiliating the student and using the visit for political optics.
Child rights activists and opposition parties accused her of shaming children from disadvantaged backgrounds instead of supporting them.
Keerthana later clarified her intent was to encourage government school students to develop English speaking skills. She also underlined her own Tamil-medium background. But the incident led to widespread outrage.
இன்று சிலர், ""அரசு பள்ளி மாணவியை கேலி செய்தார்"" என்று ஒரு பொய்யான கதையை பரப்புகிறார்கள்.
உண்மை என்ன தெரியுமா?
நானே ஒரு அரசு பள்ளி மாணவி. நானே தமிழ் வழிக் கல்வியில் படித்தவள்.
இன்று என் ஆங்கிலத்தை வைத்து என்னை கேலி செய்கிறவர்கள், உண்மையில் என்னை மட்டும் அல்ல… என்னைப் போன்ற… pic.twitter.com/2ZKzH5bgX3
— Virudhai Magal Keerthana (@Keerthana4VNR) July 7, 2026
Shortly after her visit, newly inducted TVK member and former AIADMK leader Dr C Vijayabaskar also visited schools following his entry into the party. His interactions with students, along with activities by other TVK workers, including disrupting classes to promote party symbols and involving students in Chief Minister Vijay’s birthday celebrations drew criticism and allegations of politicising education.
In several schools across the state, students were actively roped into the CM’s birthday celebrations organised by TVK functionaries around 22 June. Children participated in creative activities such as solving picture puzzles featuring the CM’s images, assembling large portraits, and making human formations to depict his face on school grounds.
The students wore party scarves, carried portraits, cut cakes, and chanted slogans like “Vijay Anna” during class hours. At an event in Tiruvallur, around 3,000 students from a private school formed a massive human portrait, disrupting regular academics.
These engagements drew criticism and School Education Minister A. Raj Mohan issued a statement that said, “Schools are not exhibition halls or stages for politics. They are centres of learning. From now on, no one other than those necessary will be allowed entry in school campuses.
“Except for official events conducted by the government, birthday celebrations or non-government events shall not be allowed. No members of any political party, no members of any private organisation shall be permitted to directly meet students.”
The government circular to the schools stated that no birthday celebrations of leaders other than those announced by the government shall be held in the school premises or school students shall be taken to or allowed to participate in such celebrations.
“No events of any kind, including sports competitions, medical camps, art shows among others shall be held in the school premises in connection with such celebrations. Furthermore, the provision of food items and gifts shall be completely avoided,” it said.
Educationists welcome circular
Educationists have welcomed the circular as a much-needed step to protect vulnerable students. Many experts argue that repeated political intrusions expose children to bias, disrupt learning, and erode the neutral environment essential for holistic development.
However, they said there should be more clarity on what activities are not allowed. Educationalist PB Prince Gajendra Babu welcomed the move stating that the students should be allowed to be a part of co-curricular and extracurricular activities but those programmes should not be linked to any individual with a political identity.
“Similarly, students should not be made a part of any sort of promotion of any person who has roots in any political party. The cocurricular and extra-curricular activities should be classified properly so that there is no engagement of any individual who has no academic link.
“Students cannot be used for the glorification of any political leader or a party. Any of the academic programmes should ensure that they do not compromise the values of the Constitution that a student should be given in a school such as equality, freedom and liberty,” he told ThePrint.
Psychologists and child rights advocates also highlighted the risks of psychological pressure and discrimination, urging sustained enforcement to prioritise education over publicity. Parents and teachers’ groups echoed these views, seeing the ban as restoring focus on academic excellence.
“The political influence on the students at a young age is not an ideal thing at a school which is supposed to be an unbiased environment. Political activities should be avoided to protect the democratic rights of the students as well, and no politician should directly interact with our students in any capacity,” said S Vignesh, a member of the State Parents Teacher Association.
(Edited by Ajeet Tiwari)
Also Read: Vijay will rewrite Tamil Nadu politics. Get ready for long-term dominance",False,2,2,0.43,True,False,False
753e127ce8380b10,EVT_00493,indian_express,2026-07-14 06:21:42,2026-07-14,"Sonam Wangchuk to Express: CJP protest has no political colour, PM should be sensitive",https://indianexpress.com/article/political-pulse/sonam-wangchuk-interview-hunger-strike-cockroach-janta-party-protest-education-neet-10785080/,"Sonam Wangchuk to Express: CJP protest has no political colour, PM should be sensitive
""A resignation, or accountability, is merely the starting point. The door must then open to determine the right course of action,"" says Wangchuk, who has been on an indefinite hunger strike.
Activist Sonam Wangchuk entered the 16th day of his hunger strike at Jantar Mantar on Monday, as part of the protest organised by the Cockroach Janta Party (CJP) seeking the resignation of Union Education Minister Dharmendra Pradhan over the leak of NEET-UG questions.
Speaking to Indian Express Hindi, Wangchuk urged Prime Minister Narendra Modi to listen to the “voice of the people”, and urged “leaders from all parties” to join the protest. Excerpts:
* The opposition to your protest suggests that the basic issue is a comprehensive reform of the exam system. Will the resignation of an individual resolve this?
Definitely not, but it will pave the way for accountability. Until the government institutes accountability, this kind of impunity and arbitrary decision-making will continue. This is not just an indictment of the education system, but of the entire Indian society. What sort of doctor would you get if the exam paper is leaked? Such doctors would be attending to your children; engineers who passed by cheating would construct your buildings, which will eventually collapse, and lives will be lost.
More importantly, honesty holds no value in the country today. Everything operates on dishonesty; everything is up for sale — from exam papers to votes. How can any country progress like this? Forget becoming a ‘developed’ nation, how will we even be able to face this global village?
* Today marks the 16th day of your hunger strike. Has the Narendra Modi government made any contact with you, directly or indirectly?
No. So, our attempt now is to make our voice even louder so that it can reach them. If it has not reached them, it is not just the fault of the government, it is also the fault of the people of this country who have not helped to amplify it to an extent that it can be perceived as a critical issue. Will you wait to raise your voice until you are alone with nobody beside you? If the people come out and raise their voices, the government will have no choice but to engage in a dialogue to resolve it. But we hope that the government is not so insensitive. Perhaps they will attempt to resolve the matter in a day or two.
* Are the channels for dialogue open? If you are invited for talks, is it possible that you may agree on the broader issue of long-term reforms, rather than just insisting on the resignation?
A resignation, or accountability, is merely the starting point. The door must then open to determine the right course of action. This issue must be debated during the Monsoon Session of Parliament. And to formulate those broader reforms, the government should rope in these young people or educationists like me.
* Does it bother you that the support visible on social media is not reflecting on the ground? The turnout is relatively low. You had to appeal from the stage one day, asking people to show some courage.
About 5,000-7,000 people turn up throughout the day. The numbers may not have exceeded our expectations, but they aren’t so low as to cause concern. People should observe a one-day fast in solidarity. They must take some of this pain upon themselves to convey the gravity of the situation to the government.
* People have pointed out that if the objective is the same, why are you on the stage while Left-affiliated students are protesting on the ground? Also, since Left student outfits like the AISF, SFI and AISA dominate the gathering here, some people are keeping their distance.
We have extended an invitation to the BJP as well. I personally urge everyone to join me on the stage, but I was told that due to the sheer numbers, it wouldn’t be feasible. I leave these logistical decisions to the organisers.
* Are the organisers expecting Opposition leaders like Rahul Gandhi and Akhilesh Yadav to join the protest?
I am very hopeful that leaders from all political parties will come. If they don’t, it will only reflect their narrow-mindedness, and the public will eventually reject them. This platform has no political colour.
* Did you have any apprehensions before associating yourself with the CJP?
I researched them and spoke with them. I don’t believe they are doing this for personal gain. As for the future, everyone is free to enter politics if they choose to do so.
* What would be your message to PM Modi?
It is in the long-term interest of the government to listen to the voice of the people. He should be sensitive, not rigid. A democracy is run through empathy and compassion, not through rigidity. I have never met him personally.",False,2,2,0.49,False,False,False
c31dd65678cc53c8,EVT_00496,deccan_herald,2026-07-14 14:42:23,2026-07-14,"<p>The <a href=""https://www.deccanherald.com/tags/election-commission"">Election Commission</a>'s Special Intensive Revision (SIR) of electoral rolls is underway in five States — <a href=""https://www.deccanherald.com/india/karnataka"">Karnataka</a>, Me...",https://www.deccanherald.com/india/sir-how-to-fill-voter-enumeration-form-online-here-is-the-step-by-step-guide-4073037,"<p>The <a href=""https://www.deccanherald.com/tags/election-commission"">Election Commission</a>'s Special Intensive Revision (SIR) of electoral rolls is underway in five States — <a href=""https://www.deccanherald.com/india/karnataka"">Karnataka</a>, Meghalaya, Maharashtra, Jharkhand and Delhi — starting with door-to-door enumeration from June 30 to July 29.</p><p>The draft electoral rolls will be published on August 5 and the final rolls on October 10.</p>.Explained | How to fill your SIR enumeration form offline: Here is the step-by-step guide.<p>Here is a ready reckoner to understand the exercise, and navigate the process of filling the enumeration form online with ease.</p><p><em>Graphic by Deepak Harichandan and Sagar M S</em></p>
<p>The <a href=""https://www.deccanherald.com/tags/election-commission"">Election Commission</a>'s Special Intensive Revision (SIR) of electoral rolls is underway in five States — <a href=""https://www.deccanherald.com/india/karnataka"">Karnataka</a>, Meghalaya, Maharashtra, Jharkhand and Delhi — starting with door-to-door enumeration from June 30 to July 29.</p><p>The draft electoral rolls will be published on August 5 and the final rolls on October 10.</p>.Explained | How to fill your SIR enumeration form offline: Here is the step-by-step guide.<p>Here is a ready reckoner to understand the exercise, and navigate the process of filling the enumeration form online with ease.</p><p><em>Graphic by Deepak Harichandan and Sagar M S</em></p>",False,2,2,0.43,True,False,False
ad1a6bc72ce3e16f,EVT_00561,hindustan_times,2026-07-15 09:40:47,2026-07-15,India to account for each seafarer irrespective of vessel flag: Govt's big announcement after sailor killed in Hormuz,https://www.hindustantimes.com/india-news/india-to-account-for-each-seafarer-irrespective-of-vessel-flag-govts-big-announcement-after-sailor-killed-in-hormuz-101784086314477.html,"India to account for each seafarer irrespective of vessel flag: Govt's big announcement after sailor killed in Hormuz
The move comes amid an escalating maritime security crisis in West Asia following attacks on two merchant vessels in the Strait of Hormuz.
Emphasising the welfare of seafarers amidst escalating maritime security crisis in West Asia, the Centre on Tuesday launched a comprehensive ""Seafarer-First"" response that will account for every Indian on every vessel, irrespective of their flags, operating in the Persian Gulf, Strait of Hormuz and Gulf of Oman.
The announcement comes after an Indian seafarer, identified as Rohan Kumar, was killed after two Emirati oil tankers came under missile attack in the Strait of Hormuz.
Union Minister for Ports, Shipping and Waterways Sarbananda Sonowal said the initiative adopts a whole-of-government approach to ensure the safety and welfare of Indian crew members in the sea.
He directed the Directorate General of Shipping (DGS) to establish a comprehensive vessel-by-vessel operational dashboard to account for every Indian on every vessel, irrespective of their flags, operating in the Persian Gulf, Strait of Hormuz and Gulf of Oman.
Also Read: How many Indian seafarers have been killed since US-Iran war began? A timeline
The dashboard will provide real-time information on vessel position, ownership, cargo, crew strength, crew welfare, threat assessment, intended voyage, next port of call and the availability of facilities, according to the government press release.
Why this initiative?
The move comes amid an escalating maritime security crisis in West Asia following attacks on two merchant vessels in the Strait of Hormuz. MT Al Bahiyah and MT Mombasa together carried 30 Indian seafarers among a combined crew of 46. One Indian seafarer was killed and another injured aboard MT Al Bahiyah, while nine Indian nationals on MT Mombasa were injured, including two who remain in serious condition.
At a meeting attended by Union Minister of State for Ports, Shipping and Waterways Shantanu Thakur and senior officials from the Ministry of Ports, Shipping and Waterways, the Ministry of External Affairs, the Indian Navy, the Directorate General of Shipping, Indian missions in Iran and Oman, and other maritime agencies, Sonowal reviewed the security situation in the Persian Gulf, the Strait of Hormuz and the Gulf of Oman, and India's contingency measures for Indian seafarers.
As part of the response, he ordered real-time vessel monitoring, appointed liaison officers for every affected Indian seafarer, and directed round-the-clock coordination among the ministries concerned, the Indian Navy, the Directorate General of Shipping (DGS), and Indian missions in Iran and Oman.
Also Read: 7 Indian vessels with 148 Indian seafarers remain in Persian Gulf: A Strait of Hormuz status check
Sonowal expresses grief
Expressing grief over the attacks, Sonowal condemned the targeting of civilian merchant vessels, saying the government would extend all possible support to the affected seafarers and the families of those killed or injured.
“India has expressed its strong resentment and objection to the manner of attacks on defenceless civilian merchant vessels. These have resulted in the death and serious injury of Indian seafarers who, as key workers ensuring the proper functioning of global supply chains, due to these irresponsible, unwarranted and uncalled-for attacks.”
“I am profoundly hurt and aggrieved by the unfortunate and tragic loss of one more of our brave and innocent seafarers along with the injuries suffered by others in today’s two attacks. I convey my heartfelt condolences to the bereaved family and prayers to the Indian seafarer who made the ultimate sacrifice in the line of duty. We shall ensure that our seafarer’s families are supported and cared for. I want to assure every Indian seafarer and their family that the entire Government is committed to assist you in every possible way, and at all costs,” he added.
Dedicated liaison officer for families affected
A dedicated liaison officer will be appointed for every Indian seafarer impacted by the crisis to ensure uninterrupted assistance to affected families.
Also Read: India condemns seafarer's killing in Hormuz, strongly protests with Iran: 'Deeply concerned'
Each liaison officer will serve as the single point of contact for families, coordinating medical updates, travel documentation, family assistance, repatriation, Seafarers Welfare Fund support, outstanding wages, contractual entitlements and other compensations, as per the release.
Coordination with Indian missions internationally
The minister directed officials to coordinate with Indian missions in Iran, Oman and the United Arab Emirates, other affected countries, and the Ministry of External Affairs to obtain real-time information on navigational safety, coastal advisories, shipping routes, port-of-refuge arrangements, medical evacuation, repatriation, management of mortal remains, and the status of ongoing investigations.
“The Government of India has communicated with all the multilateral forums of the IMO and also with the representatives of the concerned flag administration involved in the multiple incidents that contravened international conventions and fundamental requirements of seafarer’s security and safety and protection of right of innocent passage for merchant vessels. We will continue to make every effort to ensure resolution of the issues and remain committed to all stakeholders in this trying and challenging time,” said Sonowal.
Vessels to coordinate with maritime authorities
Sonowal directed that every vessel transiting the conflict-affected region undertake a fresh threat assessment, with voyages proceeding only after the ship master's professional judgement and in coordination with the relevant maritime authorities.
He also asked shipowners, vessel managers and Recruitment and Placement Service Licence (RPSL) agencies employing Indian seafarers in the region to submit compliance reports confirming that no Indian crew member is being compelled to sail without adequate information, protection and support.
The government has also activated a 24x7 grievance support system for Indian seafarers and their families. Assistance is available through domestic and international toll-free helplines, WhatsApp and email.
Sonowal reaffirmed that the government's response would remain ""seafarer-first"", with coordinated efforts across ministries and maritime agencies to protect Indian seafarers and ensure the uninterrupted movement of global trade through the region.
- ABOUT THE AUTHORKarishma AyaldasaniKarishma Ayaldasani is a Senior Content Producer at Hindustan Times, based in New Delhi, where she works with the digital team on fast-moving breaking stories from India and around the world. She enjoys covering national and global news, focusing on delivering updates quickly and clearly so readers can make sense of what’s happening as it unfolds. Comfortable in high-pressure newsroom settings, she regularly contributes to live blogs, explainers and real-time coverage. Before joining Hindustan Times, she was part of the digital team at The Indian Express, worked with the social media team at Firstpost, and spent time as a creative strategist at Clematis Advertising. Outside of work, she likes exploring different art forms and unwinds with music. With over three years of experience in fast-paced newsrooms, she brings curiosity, clarity and consistency to her work.Read More ",False,4,3,0.41,True,False,False
7d02c28be78c657c,EVT_00543,the_times_of_india,2026-07-15 14:55:00,2026-07-15,"Madan Mitra on Wednesday resigned from the Mamata Banerjee-led faction of the party and joined the rebel TMC faction headed by Ritabrata Banerjee, dealing another setback to the former chief minister's camp.",https://timesofindia.indiatimes.com/india/abhishek-banerjee-refused-to-step-aside-madan-mitra-quits-mamatas-camp-joins-ritabrata-banerjees-tmc-faction/articleshow/132411836.cms,"NEW DELHI: 
Trinamool Congress (TMC) MLA 
Madan Mitra on Wednesday resigned from the Mamata Banerjee-led faction of the party and joined the rebel TMC faction headed by Ritabrata Banerjee, dealing another setback to the former chief minister's camp.
His exit comes amid a series of defections from the Mamata Banerjee-led faction, with several senior leaders and MLAs joining the rival group led by Ritabrata Banerjee in recent weeks following the political split in the party.
Speaking to reporters after joining the rebel camp, Mitra accused TMC national general secretary Abhishek Banerjee of refusing to step aside despite the party's crisis.
""I had suggested to Abhishek Banerjee that he step aside for six months or a year. I told him, let us build the party, and then you can come back and take your seat, but he refused. He said, 'I won't leave the party.' The party is sinking; the boat has gone under. People are dying. Yet, the party decided, or rather it was forced to accept, that everyone else could die, but Abhishek had to be saved. It is deeply saddening.""
Mitra alleged that the party had become centred around one individual instead of functioning collectively.
""The party belongs to everyone, yet it seems to have been reduced to serving only Abhishek. I earnestly request Mamata ji to come. Let us view this as a marathon. We will surely cross paths along the way. Let us see which horse surges ahead.""
He said he had resigned from all organisational positions in the Trinamool Congress and no longer considered himself part of the party.
""I have resigned from all the positions. Though I remain an MLA. I have left everything associated with Trinamool. That means I am no longer a Trinamool MLA in the functional sense.""
""I have only changed my room, not my house. I am very much in the TMC,"" Mitra told reporters after meeting the rebel leader.
The development comes a day after the Enforcement Directorate (ED) summoned Mitra's wife and his two sons for questioning in connection with its money laundering investigation into the alleged municipal recruitment scam in West Bengal.
According to the ED, the summons were issued after investigators found financial transactions involving the family members during the course of the probe. The agency has asked them to appear next week to record their statements.
The case relates to alleged irregularities in appointments to various municipal bodies in West Bengal. The ED is investigating the matter under the Prevention of Money Laundering Act (PMLA) based on predicate offences registered by the Central Bureau of Investigation (CBI).
Do you believe the TMC will recover from the recent defections?
3k+ users shared opinion today 
5k+ users already voted today 
3k+ users shared opinion today 
The agency had earlier conducted searches at multiple premises linked to Mitra in June this year, while the CBI had also searched his residence in October 2025 as part of its investigation into the same case.",False,2,2,0.51,False,False,False
59fd77b9e4dfb427,EVT_00506,hindustan_times,2026-07-15 13:26:23,2026-07-15,"PM Modi hails ‘significant moment’ as India-UK trade deal, social security agreement come into effect",https://www.hindustantimes.com/india-news/pm-modi-hails-significant-moment-as-india-uk-trade-deal-social-security-agreement-come-into-effect-101784101350620.html,"PM Modi hails ‘significant moment’ as India-UK trade deal, social security agreement come into effect
Describing it as a ""significant moment,"" PM Modi emphasized that dual agreements would translate high-level diplomatic ambition into ""tangible opportunities,""
Prime Minister Narendra Modi on Wednesday hailed the formal commencement of the India-United Kingdom Comprehensive Economic and Trade Agreement (CETA) and a landmark Social Security Agreement.
Describing it as a ""significant moment,"" the Prime Minister emphasized that dual agreements would translate high-level diplomatic ambition into ""tangible opportunities,"" particularly for India's agrarian sector and small businesses.
In a post on X, PM Modi said the two agreements will make economic linkages ""even deeper"" and ""translate our shared ambition into tangible opportunities for our people.""
""This is a significant moment in the India-United Kingdom partnership! With the coming into force of the Comprehensive Economic and Trade Agreement and the Agreement on Social Security, our economic linkages are going to get even deeper. Together, these agreements translate our shared ambition into tangible opportunities for our people. The CETA will give fresh momentum to our farmers, entrepreneurs and MSMEs. Several vibrant sectors will gain stronger access to the UK market. It will also deepen cooperation in technology, professional services and innovation, while supporting greater mobility for skilled Indian talent,"" PM Modi said.
PM Modi noted that the social security agreement will ""provide invaluable support to Indian professionals working temporarily in the UK and strengthen the competitiveness of Indian enterprises.""
""The social security agreement will provide invaluable support to Indian professionals working temporarily in the UK and strengthen the competitiveness of Indian enterprises. This moment reflects the trust between our democracies and our resolve to build a forward-looking partnership driven by trade, technology, investment and innovation. India and the UK will continue working together for shared prosperity,"" PM Modi added.
The India-UK Comprehensive Economic and Trade Agreement (CETA) and the concurrent Agreement on Social Security officially entered into force today, establishing a new framework for bilateral commerce.
Union Minister of Commerce and Industry Piyush Goyal announced the development and in a social media post, noted that the agreement delivers zero-duty market access for nearly 99 per cent of India's exports and covers almost 100 per cent of the total trade value. The deal is expected to expand avenues for multiple domestic industries, including labor-intensive sectors, small businesses, and professional services.
""Today marks a defining milestone in India-UK ties,"" Goyal stated. ""Under the dynamic leadership of Hon'ble PM @NarendraModi ji, the India-UK Comprehensive Economic and Trade Agreement (CETA) and the Agreement on Social Security, have come into force, delivering zero-duty market access for nearly 99% of India's exports, covering almost 100% of trade value.""
According to the details shared by the Minister, the pact eliminates tariffs on labour-intensive sectors such as textiles, clothing, leather, gems and jewellery, engineering goods, chemicals, electronics, marine products, furniture, and sports goods.
For the agricultural sector, the agreement provides zero-duty access to all products, with specific exclusions for chicken, pork, eggs, rice, and sugar. It also grants duty-free entry to 97.1 per cent of tariff lines for processed food products, offering Indian exporters an immediate edge in the UK's global agricultural import market, which exceeds USD 90 billion.
Goyal emphasized the broad sector impact, stating, ""The India UK FTA creates unprecedented opportunities for our textiles, leather, gems & jewellery, engineering goods, marine products, chemicals, processed foods, MSMEs, farmers and manufacturers. It also opens new frontiers for our IT, professional, financial, education and business services sectors, while expanding mobility for Indian talent.""
The accompanying Agreement on Social Security exempts temporary Indian workers and their employers from contributing to the UK's National Insurance Contribution for up to five years. This provision is projected to benefit over 75,000 professionals and 900 companies across the IT, financial, healthcare, education, telecommunication, and consultancy sectors.
Furthermore, the pact introduces dedicated annual mobility quotas for 1,800 Indian chefs, yoga instructors, and classical musicians, spanning 137 sub-sectors.
Regarding the workforce benefits, Goyal noted, ""The Agreement on Social Security further strengthens this partnership by exempting Indian professionals on temporary assignments from double social security contributions for up to 5 years, enhancing the global competitiveness of our workforce.""
The Minister expressed appreciation for his counterpart, UK Secretary of State for Business and Trade Peter Kyle, and both negotiating teams for their commitment to finalising the deal.
""I thank my friend and counterpart @PeterKyle, and both negotiating teams, for their commitment in bringing this transformational agreement to fruition. Together, we remain committed to building a resilient, innovation-driven partnership that will drive growth, investment and shared prosperity for generations to come."" (ANI)",False,4,2,0.42,True,False,False
13d8e8b419bd2c19,EVT_00506,the_times_of_india,2026-07-15 13:17:00,2026-07-15,"NEW DELHI: Prime Minister Narendra Modi on Wednesday welcomed the coming into force of the India-United Kingdom Comprehensive Economic and Trade Agreement (CETA) and the Agreement on Social Security, calling it a ""significant moment"" in bilateral tie...",https://timesofindia.indiatimes.com/india/significant-moment-pm-modi-as-india-uk-trade-deal-comes-into-effect/articleshow/132410039.cms,"NEW DELHI: Prime Minister Narendra Modi on Wednesday welcomed the coming into force of the India-United Kingdom Comprehensive Economic and Trade Agreement (CETA) and the Agreement on Social Security, calling it a ""significant moment"" in bilateral ties that will deepen economic cooperation and create new opportunities for businesses, workers and farmers.
In a post on X, PM Modi said the two agreements would strengthen economic linkages between the two countries and deliver tangible benefits across several sectors.
""This is a significant moment in the India-United Kingdom partnership! With the coming into force of the Comprehensive Economic and Trade Agreement and the Agreement on Social Security, our economic linkages are going to get even deeper. Together, these agreements translate our shared ambition into tangible opportunities for our people. The CETA will give fresh momentum to our farmers, entrepreneurs and MSMEs. Several vibrant sectors will gain stronger access to the UK market. It will also deepen cooperation in technology, professional services and innovation, while supporting greater mobility for skilled Indian talent.""
The Prime Minister also underlined the importance of the accompanying social security pact, saying it would ""provide invaluable support to Indian professionals working temporarily in the UK and strengthen the competitiveness of Indian enterprises.""
""The social security agreement will provide invaluable support to Indian professionals working temporarily in the UK and strengthen the competitiveness of Indian enterprises. This moment reflects the trust between our democracies and our resolve to build a forward-looking partnership driven by trade, technology, investment and innovation. India and the UK will continue working together for shared prosperity,"" he added.
The agreements officially came into effect on Wednesday, establishing a new framework for trade and economic cooperation between the two countries.
Union Commerce and Industry Minister Piyush Goyal said the trade pact provides zero-duty market access for nearly 99 per cent of India's exports, covering almost 100 per cent of the total trade value. He said it would create new opportunities for labour-intensive industries, MSMEs, farmers, manufacturers and the services sector.
The agreement removes tariffs on sectors including textiles, garments, leather, gems and jewellery, engineering goods, chemicals, electronics, marine products, furniture and sports goods. It also grants zero-duty access to all agricultural products except chicken, pork, eggs, rice and sugar, while 97.1 per cent of tariff lines for processed food products will receive duty-free access.",False,4,2,0.42,True,False,False
6e11891cf8873504,EVT_00504,the_times_of_india,2026-07-15 15:07:00,2026-07-15,Delhi High Court on Wednesday sought responses from the Centre and the Delhi government on a public interest litigation (PIL) seeking urgent medical intervention for climate activist,https://timesofindia.indiatimes.com/india/delhi-hc-seeks-governments-response-on-plea-seeking-medical-intervention-for-sonam-wangchuk-hunger-strike/articleshow/132411970.cms,"NEW DELHI: The 
Delhi High Court on Wednesday sought responses from the Centre and the Delhi government on a public interest litigation (PIL) seeking urgent medical intervention for climate activist 
Sonam Wangchuk, who has been on an indefinite hunger strike at Jantar Mantar since June 28.
This comes after activist-lawyer Rakesh Kumar Saini moved the Delhi High Court through a public interest litigation (PIL) seeking urgent medical intervention for Wangchuk. The plea urged the court to direct the Centre and the Delhi government to shift the climate activist to a government hospital, arguing that his health had deteriorated significantly and that the State has a constitutional duty to protect life. It also sought directions for medically supervised treatment, including the administration of a liquid diet if necessary, even if carried out against his wishes.
""The simple thing to be done is to take him to a government hospital and force feed him the necessary nutrients, vitamins and minerals by way of a liquid diet which are necessary for the human body to survive,"" it said.
Wangchuk has been on an indefinite hunger strike at Jantar Mantar since June 28 after joining protests organised by the Cockroach Janta Party (CJP), which is demanding the resignation of Union Education Minister Dharmendra Pradhan over alleged irregularities in NEET and other competitive examinations. 
Organisers have claimed that Wangchuk has lost around 8.5 kg since beginning the fast, raising concerns over his health. Several Opposition leaders have backed the issues raised by Wangchuk while urging him to end the hunger strike. Author Arundhati Roy, actors Naseeruddin Shah and Ratna Pathak Shah, and economist Jayati Ghosh have also appealed to him to call off the fast while expressing support for his demands.
Which aspect of the protests does concern you the most?
3k+ users shared opinion today 
5k+ users already voted today 
3k+ users shared opinion today ",False,3,3,0.55,False,False,False
7f0cf56f146b0615,EVT_00496,the_times_of_india,2026-07-15 17:58:00,2026-07-15,"Election Commission (EC) on Wednesday released a revised schedule for the Special Intensive Revision (SIR) of electoral rolls in six states, updating the dates for draft publication and final electoral rolls.",https://timesofindia.indiatimes.com/india/from-delhi-to-karnataka-ec-releases-revised-sir-schedule-for-electoral-rolls-check-new-dates/articleshow/132416126.cms,"NEW DELHI: The 
Election Commission (EC) on Wednesday released a revised schedule for the Special Intensive Revision (SIR) of electoral rolls in six states, updating the dates for draft publication and final electoral rolls.
The revised schedule covers Delhi, Karnataka, Telangana, Punjab, Haryana and Andhra Pradesh. The exercise is being carried out with different qualifying dates for voters in each state.
For Delhi, where the qualifying date is July 1, the draft electoral roll will now be published on August 17, while the final electoral roll will be published on October 19.
The same schedule will apply to Karnataka, where the qualifying date is October 1. The draft roll will be published on August 17 and the final roll on October 19.
For Telangana, also with a qualifying date of October 1, the draft electoral roll will be published on August 10, while the final roll will be released on October 12.
In Punjab, where the qualifying date is October 1, the draft electoral roll will be published on August 13 and the final roll on October 12.
For Haryana and Andhra Pradesh, both with a qualifying date of July 1, the draft electoral rolls will now be published on July 31, while the final electoral rolls will be released on October 3.
The revised schedule follows the Election Commission's earlier decision to extend the ongoing SIR exercise in Andhra Pradesh and Haryana by 10 days, allowing voters more time to submit their enumeration forms.
Under the extension, booth level officers (BLOs) will continue house-to-house visits until July 24 to collect enumeration forms. Earlier, the deadline had been set for July 14.
The EC had also revised the timeline for claims and objections in these two states. Voters can now file claims and objections between July 31 and August 30, while their disposal will continue until September 28. The final electoral rolls for both states will be published on October 3, instead of the earlier scheduled date of September 22.
The poll panel has said the Special Intensive Revision aims to update electoral rolls by including eligible voters and removing duplicate, deceased, shifted, absent and foreign voters. The Phase 3 SIR exercise is currently underway in 16 states and three Union Territories.
The Election Commission has also made it mandatory for new applicants seeking inclusion in the electoral rolls through Form 6 to provide details related to their parents' SIR records. 
According to EC officials, the declaration will help map electors more efficiently and reduce the number of supporting documents required from new voters. Officials said applicants using the online Form 6 portal will not be able to complete their application without filling in the declaration.",False,2,2,0.43,True,False,False
db0bf8f6a65738b4,EVT_00534,the_times_of_india,2026-07-15 14:03:00,2026-07-15,NEW DELHI: Cockroach Janata Party announced a one-day mass hunger strike on July 16 in solidarity with,https://timesofindia.indiatimes.com/india/in-solidarity-with-wangchuk-cjp-announces-1-day-mass-hunger-strike-at-jantar-mantar-tomorrow/articleshow/132410784.cms,"NEW DELHI: Cockroach Janata Party announced a one-day mass hunger strike on July 16 in solidarity with 
Sonam Wangchuk who is on a indefinite fast against examination irregularities and NEET paper leak.
""Tomorrow, July 16th, join us for 1-day mass hunger strike in solidarity with Sonam Wangchuk and the students of this country,"" the party said in a post on X.
This comes as Wangchuk's health continued to deteriorate as the hunger strike entered Day 18.
CJP founder Abhijeet Dipke has said Wangchuk has been losing muscle mass and is in ""immense pain"", adding the activist has lost 8.5 kg since the beginning of his fast.
The Cockroach Janta Party (CJP), which has been protesting at Jantar Mantar for the past 25 days over the NEET issue, unveiled a five-point examination reform charter and claimed that support for its agitation was growing across political parties.
Earlier in the day, a plea was filed in the 
Delhi high court seeking to force-feed activist Sonam Wangchuk and shift the activist to a government hospital
According to the petition, Wangchuk's condition has worsened significantly, and he could lose his life within two days if the hunger strike continues. It urged the court to intervene immediately, arguing that saving his life is of paramount importance.
The petition argued that the authorities should shift Wangchuk to a government hospital and, if necessary, administer a medically supervised liquid diet containing essential nutrients, vitamins and minerals to prevent his condition from worsening. It maintained that such intervention, even if carried out against his wishes, was necessary to preserve his life.
""The simple thing to be done is to take him to a government hospital and force feed him the necessary nutrients, vitamins and minerals by way of a liquid diet which are necessary for the human body to survive,"" it said.",False,2,2,0.36,True,False,False
d033b6cb5cf7134c,EVT_00534,theprint,2026-07-15 14:55:37,2026-07-15,"New Delhi: As Sonam Wangchuk’s hunger strike enters its third week, more opposition parties have thrown their weight behind the Cockroach Janta Party’s (CJP’s) agitation over exam paper leaks and recruitment failures, turning it into a wider campaign...",https://theprint.in/politics/why-congress-is-wary-of-supporting-the-cockroach-janta-party/2987495/,"New Delhi: As Sonam Wangchuk’s hunger strike enters its third week, more opposition parties have thrown their weight behind the Cockroach Janta Party’s (CJP’s) agitation over exam paper leaks and recruitment failures, turning it into a wider campaign against the Centre. The Congress, however, remains the only major opposition party yet to officially endorse the movement, even as some of its leaders have expressed solidarity.
Among the parties that have backed the agitation are the Aam Aadmi Party (AAP), Samajwadi Party (SP), Shiv Sena (UBT), Trinamool Congress (TMC), CPI, CPI(ML)-Liberation and the Rashtriya Janata Dal (RJD). Leaders from the DMK have also visited the protest site, while delegations from the Left parties, AAP, SP and TMC have met protesters at Jantar Mantar.
The Congress leadership, however, has kept its distance. Congress general secretary Jairam Ramesh told ThePrint, “We are a political party. Movements come and movements go, but you need to be serious players in the political system. We have nothing against them, but they are not a political party.”
A Congress office-bearer, speaking on condition of anonymity, said the party saw little reason to share the stage with the CJP. “Until a few months ago, (CJP founder Abhijeet) Dipke was criticising Rahul Gandhi. Why should we suddenly support his movement? Congress has already started ‘Chhatron Ki Goonj’, which is raising the same issues on a much bigger scale. So why should we share the stage?”
The leader also questioned the CJP’s future. “Dipke comes from AAP. How do we know this will not become AAP 2.0? If that happens, it will go against our own politics.”
Another Congress leader, also requesting anonymity, said the protest was now largely backed by Left student organisations, making the party wary of joining it. “If we support the protest, it could create confusion about our own political stand,”
Professor Chandrachud Singh of the University of Delhi said the Congress wants to be seen as the primary political voice for young people. “The party believes it should lead the youth movement, especially through Rahul Gandhi’s Chhatron Ki Goonj campaign. It does not want to share that space with another group because it wants to consolidate young voters.”
Political analyst Rasheed Kidwai said the hesitation was also shaped by the party’s experience during the Anna Hazare movement.
“There is still some distrust because of the Anna Hazare movement. Political parties are naturally cautious, and the CJP currently looks like a broad citizens’ movement. Congress is worried that it could later become a political force,” he added.
Senior Congress MP Shashi Tharoor, however, struck a different note, writing an open letter to protesting students and Wangchuk on X. He urged Wangchuk to end his hunger strike, saying the fast had already succeeded in drawing national attention to the issue, while expressing solidarity with the students’ demands.
Protesters said a local Congress leader had visited the site at Jantar Mantar in his personal capacity, but stressed that he was not representing the party.
The political outreach began after CJP leaders Abhijeet Dipke and Saurav Das wrote to leaders across party lines on 9 and 10 July, inviting them to visit Jantar Mantar and support students demanding accountability over the NEET-UG paper leak and the resignation of Union Education Minister Dharmendra Pradhan. The letters were sent to several leaders, including Rahul Gandhi and BJP president J.P. Nadda.
In a statement issued Tuesday, Das said several leaders had already responded positively, with many visiting the protest site or inviting the delegation for discussions, while the organisation continued to await replies from others.
Former West Bengal Congress president Adhir Ranjan Chowdhury also expressed support, describing Wangchuk’s hunger strike as “a wake-up call for this government” and accusing the Centre of ignoring students affected by paper leaks.
The Congress’s stance has also drawn comments from its INDIA bloc allies. Shiv Sena (UBT) chief Uddhav Thackeray recently urged Rahul Gandhi to visit Jantar Mantar, saying everyone who believed in the country’s youth should stand with the movement.
Wangchuk has maintained that leaders across political parties would eventually join the agitation.
AAP national convener Arvind Kejriwal will visit Jantar Mantar on 16 July to express solidarity and has again demanded Dharmendra Pradhan’s resignation while urging Wangchuk to end his fast. Samajwadi Party chief Akhilesh Yadav and West Bengal Chief Minister Mamata Banerjee have also spoken to Wangchuk to express support, while Shiv Sena (UBT) leader Aaditya Thackeray described the issue as one “beyond politics”.
The CJP is now preparing for a march to Parliament on 20 July and has appealed to all political parties that have backed the agitation to join what it hopes will be its biggest mobilisation yet.
(Edited by Gitanjali Das)
Also Read: Zeenat Aman, Abhay Deol, Omi Vaidya back Sonam Wangchuk as hunger strike enters Day 17",False,2,2,0.36,True,False,False
b16151d5f6d9f6c1,EVT_00716,the_times_of_india,2026-07-16 11:12:00,2026-07-16,"NEW DELHI: The Supreme Court agreed to hear on Friday a plea challenging the Orissa high court's order staying the release of the animated film ""Mahaprabhu Jagannath"", which has become the centre of a controversy over its portrayal of Lord Jagannath.",https://timesofindia.indiatimes.com/india/sc-to-hear-plea-against-orissa-hc-stay-on-mahaprabhu-jagannath-film/articleshow/132430709.cms,"NEW DELHI: The Supreme Court agreed to hear on Friday a plea challenging the Orissa high court's order staying the release of the animated film ""Mahaprabhu Jagannath"", which has become the centre of a controversy over its portrayal of Lord Jagannath.
The development comes a day after the Shree Jagannath Temple Managing Committee (SJTMC) urged the makers to postpone the film's release, alleging that it presents a fictional version of the deity's life that is inconsistent with Hindu scriptures.
The appeal was made by Gajapati Maharaja Dibyasingha Deb, the titular king of Puri and chairman of the SJTMC, the highest decision-making body of the 12th-century Jagannath Temple.
The animated film was originally scheduled to release on July 10, just days before the annual Rath Yatra festival.
Referring to the trailer already circulating on social media, Deb said it depicts ""a completely fictitious story of Shree Jagannath Mahaprabhu"" and claimed that the narrative does not conform to the sacred texts associated with Lord Jagannath.
""The official trailer of this movie, which has been released and is in circulation on social media, portrays a completely fictitious story of Shree Jagannath Mahaprabhu. 
The story is contrary to the sacred narrations in our scriptures,"" he said.
Deb maintained that any attempt to depict the glory of Lord Jagannath should remain faithful to scriptural accounts, particularly those documented by Maharshi Vedavyasa, who compiled the Vedas and Puranas and described Lord Jagannath as the accessible form of Lord Krishna.
He warned that a ""distorted and fictitious"" portrayal of the deity could deeply offend millions of devotees across the world.
""I therefore appeal to the producers of this movie, Ele Animations Pvt Ltd of Bhubaneswar, to postpone the release of this movie in theatres or social media platforms until the contents of the movie are authenticated by experts appointed by Shree Jagannatha Temple Administration (SJTA),"" Deb told PTI.
The Shree Jagannath Temple Administration (SJTA) is one of the key committees under the SJTMC. The producers of Mahaprabhu Jagannath are yet to respond publicly to the objections raised by the temple authorities. ",False,3,2,0.51,False,False,False
83329ca2f9daec04,EVT_00632,deccan_herald,2026-07-16 14:48:38,2026-07-16,"<p>In yet another setback for <a href=""https://deccanherald.com/tags/tmc"">Trinamool Congress</a> (TMC) supremo Mamata Banerjee, its MP Koel Mallick has resigned from the Rajya Sabha.</p><p>According to reports, she met Vice President and Rajya Sabha ...",https://www.deccanherald.com/india/west-bengal/tmc-crisis-deepens-another-jolt-to-mamata-banerjee-as-mp-koel-mallick-resigns-from-rajya-sabha-4075776,"<p>In yet another setback for <a href=""https://deccanherald.com/tags/tmc"">Trinamool Congress</a> (TMC) supremo Mamata Banerjee, its MP Koel Mallick has resigned from the Rajya Sabha.</p><p>According to reports, she met Vice President and Rajya Sabha Chairman CP Radhakrishnan and has submitted her resignation.</p>.<p>The development comes a day after senior TMC MLA and Mamata loyalist Madan Mitra joined the rebel camp led by <a href=""https://deccanherald.com/tags/ritabrata-banerjee"">Ritabrata Banerjee</a>, dealing a significant blow to Banerjee's faction. Mitra, however, maintained that he remains a member of the TMC.</p><p>Responding to the growing dissent, Mamata Banerjee alleged that the BJP was using the police and central investigative agencies to intimidate TMC MPs and MLAs to engineer defections. She claimed that party legislators and workers were being threatened with arrest and pressured to either join the rebel camp or face imprisonment.</p>.Another long-term loyalist joins rebel TMC, Mamata still defends Abhishek.<p>""The entire state machinery is being used to break our party. Every agency and every central force has been deployed against us,"" she alleged.</p><p>Backing her nephew Abhishek Banerjee amid allegations by rebel leaders that his alleged high-handedness prompted their exit, Mamata apologised to the people ""on behalf of the traitors"" and asserted that neither she nor her family had ever compromised for political survival.</p>
<p>In yet another setback for <a href=""https://deccanherald.com/tags/tmc"">Trinamool Congress</a> (TMC) supremo Mamata Banerjee, its MP Koel Mallick has resigned from the Rajya Sabha.</p><p>According to reports, she met Vice President and Rajya Sabha Chairman CP Radhakrishnan and has submitted her resignation.</p>.<p>The development comes a day after senior TMC MLA and Mamata loyalist Madan Mitra joined the rebel camp led by <a href=""https://deccanherald.com/tags/ritabrata-banerjee"">Ritabrata Banerjee</a>, dealing a significant blow to Banerjee's faction. Mitra, however, maintained that he remains a member of the TMC.</p><p>Responding to the growing dissent, Mamata Banerjee alleged that the BJP was using the police and central investigative agencies to intimidate TMC MPs and MLAs to engineer defections. She claimed that party legislators and workers were being threatened with arrest and pressured to either join the rebel camp or face imprisonment.</p>.Another long-term loyalist joins rebel TMC, Mamata still defends Abhishek.<p>""The entire state machinery is being used to break our party. Every agency and every central force has been deployed against us,"" she alleged.</p><p>Backing her nephew Abhishek Banerjee amid allegations by rebel leaders that his alleged high-handedness prompted their exit, Mamata apologised to the people ""on behalf of the traitors"" and asserted that neither she nor her family had ever compromised for political survival.</p>",False,3,3,0.55,False,False,False
8799c5cbaf3895ce,EVT_00685,the_times_of_india,2026-07-16 14:01:00,2026-07-16,NEW DELHI: The Supreme Court on Thursday expressed apprehension over the Centre's decision to introduce the third-language curriculum under the National Education Policy from Class 9.,https://timesofindia.indiatimes.com/india/earlier-the-better-why-sc-wants-centre-to-rethink-third-language-policy-from-class-9/articleshow/132433684.cms,"NEW DELHI: The Supreme Court on Thursday expressed apprehension over the Centre's decision to introduce the third-language curriculum under the National Education Policy from Class 9.
While hearing the Tamil Nadu government's appeal against a Madras high court order directing the state to facilitate the establishment of Jawahar Navodaya Vidyalayas (JNVs) in every district, a bench of Justices BV Nagarathna and R Mahadevan orally asked the Centre to reconsider the policy across all school boards.
However, the bench was not directly dealing with the issue of the new CBSE policy.
Another apex court bench, headed by Chief Justice Surya Kant, is already examining challenges to the new CBSE policy and recently refused to stay the notification.
What the top court said- The top court observed that introducing a third language in Class 9 would increase the stress levels of students.
- The bench suggested that if the new policy is introduced in Class 5 or Class 6, students would be better able to cope with it.
- ""Union of India, please don't have a third language from Class 9 onwards. It would unnecessarily increase the stress level of students,"" the bench said.
- ""If you want to introduce a new language, then please do it at the Class 5 or Class 6 level, but not at Class 9. Class 9 is full of stress; it starts from Class 8 onwards,"" it added.
- ""In our day, students were introduced to Class 10 concepts as early as Class 8... What about today's students? Don't start a new language in Class 9. Start it in Class 6. I'm recalling my experience from 1976,"" Justice Nagarathna said.
- The bench also said that the National Education Policy does not make Hindi compulsory as the third language.
- ""In middle school, the third language was introduced because that was required for SSLC. It was Kannada for those who had Hindi as their second language, and vice versa. Sanskrit was also there. The earlier, the better,"" she said.
- The top court also advised the Tamil Nadu government not to oppose the Centre's education policy merely because it originated from the Union government.
- ""You may have your education system, but don't prevent the Central government schools. Don't have this attitude that it is the Union government, so why should we accept it,"" the bench observed.",False,3,2,0.5,False,False,False
eaa114193f2aaa67,EVT_00685,deccan_herald,2026-07-16 13:12:30,2026-07-16,"<p>The <a href=""https://www.deccanherald.com/tags/supreme-court"">Supreme Court</a> on Thursday expressed concern over the proposed introduction of a third language from Class 9, observing that such a move could add to the academic burden on students....",https://www.deccanherald.com/india/dont-introduce-3-language-policy-for-class-9-supreme-court-voices-concern-over-cbse-rule-4075709,"<p>The <a href=""https://www.deccanherald.com/tags/supreme-court"">Supreme Court</a> on Thursday expressed concern over the proposed introduction of a third language from Class 9, observing that such a move could add to the academic burden on students. </p><p>A bench of Justices BV Nagarathna and R Mahadevan orally asked the Centre to not introduce a third language in Class 9 level.</p><p>""Union of India please don't have a third language from Class 9 level. It would unnecessarily increase the stress level of students. If you want to introduce a new language, then please do it at Class 5 or Class 6 level but not at Class 9 level. Class nine is full of stress, it starts from Class 8 onwards,"" Justice Nagarathna told the counsel, appearing for the Centre, and asked her to convey the feeling of the court to the government.</p>.CBSE: Supreme Court flags student frustration over digital marking system. <p>The observations came during the hearing of a plea filed by the Tamil Nadu government against a Madras High Court order directing the State to facilitate the establishment of Jawahar Navodaya Vidyalayas (JNVs) in every district. The State has long opposed setting up JNVs, citing concerns over the three-language policy followed by the schools.</p>.Supreme Court refuses to stay CBSE’s three-language policy.<p><strong>CBSE's policy pending before SC</strong></p><p>While these observations came during a separate hearing, another SC bench is also hearing a batch of petitions challenging the CBSE's new three-language policy. The petitions question the rollout of the policy for students from Classes 6 to 9, citing concerns over the availability of textbooks, trained teachers and the timing of its implementation.</p><p>Earlier this week, a bench headed by Chief Justice of India Surya Kant declined to grant an interim stay on the policy, observing that a detailed hearing was required before any interim relief could be considered. The court has sought responses from the Centre and the CBSE, and the matter is scheduled to be heard next on July 22.</p><p>During the hearing, the bench also made a few notable observations on the policy. It remarked that ""learning a language never goes waste"" and said the policy appeared to advance the constitutional objective of promoting Hindi and other Indian languages.</p><p>At the same time, the court questioned the terminology used in the policy, observing that the issue of whether English could be considered an indigenous Indian language may require a fresh look.</p>.CBSE clarifies three-language policy, announces relaxations for current students in Classes 7 to 10; here's what changes.<p><strong>Background</strong></p><p>In April 2026, the CBSE announced that it would introduce the three-language policy in phases, beginning with Class 6 from the 2026-27 academic session. Students entering Class 6 would study three languages, with at least two being Indian languages, and the policy was to be extended to higher classes over the next four years.</p><p>However, in May, the Board expanded the rollout by introducing the revised language framework for Classes 9 and 10 as well, raising concerns among schools and parents about its implementation.</p><p>Following criticism over the sudden rollout and lack of clarity, the CBSE issued fresh guidelines in June. It exempted the current Class 10 batch from the new policy and gave one-time relaxations to students already studying in Classes 7, 8 and 9. For instance, students who were already studying two foreign languages were allowed to continue with them and only add one Indian language, instead of changing their existing language combination.</p>
<p>The <a href=""https://www.deccanherald.com/tags/supreme-court"">Supreme Court</a> on Thursday expressed concern over the proposed introduction of a third language from Class 9, observing that such a move could add to the academic burden on students. </p><p>A bench of Justices BV Nagarathna and R Mahadevan orally asked the Centre to not introduce a third language in Class 9 level.</p><p>""Union of India please don't have a third language from Class 9 level. It would unnecessarily increase the stress level of students. If you want to introduce a new language, then please do it at Class 5 or Class 6 level but not at Class 9 level. Class nine is full of stress, it starts from Class 8 onwards,"" Justice Nagarathna told the counsel, appearing for the Centre, and asked her to convey the feeling of the court to the government.</p>.CBSE: Supreme Court flags student frustration over digital marking system. <p>The observations came during the hearing of a plea filed by the Tamil Nadu government against a Madras High Court order directing the State to facilitate the establishment of Jawahar Navodaya Vidyalayas (JNVs) in every district. The State has long opposed setting up JNVs, citing concerns over the three-language policy followed by the schools.</p>.Supreme Court refuses to stay CBSE’s three-language policy.<p><strong>CBSE's policy pending before SC</strong></p><p>While these observations came during a separate hearing, another SC bench is also hearing a batch of petitions challenging the CBSE's new three-language policy. The petitions question the rollout of the policy for students from Classes 6 to 9, citing concerns over the availability of textbooks, trained teachers and the timing of its implementation.</p><p>Earlier this week, a bench headed by Chief Justice of India Surya Kant declined to grant an interim stay on the policy, observing that a detailed hearing was required before any interim relief could be considered. The court has sought responses from the Centre and the CBSE, and the matter is scheduled to be heard next on July 22.</p><p>During the hearing, the bench also made a few notable observations on the policy. It remarked that ""learning a language never goes waste"" and said the policy appeared to advance the constitutional objective of promoting Hindi and other Indian languages.</p><p>At the same time, the court questioned the terminology used in the policy, observing that the issue of whether English could be considered an indigenous Indian language may require a fresh look.</p>.CBSE clarifies three-language policy, announces relaxations for current students in Classes 7 to 10; here's what changes.<p><strong>Background</strong></p><p>In April 2026, the CBSE announced that it would introduce the three-language policy in phases, beginning with Class 6 from the 2026-27 academic session. Students entering Class 6 would study three languages, with at least two being Indian languages, and the policy was to be extended to higher classes over the next four years.</p><p>However, in May, the Board expanded the rollout by introducing the revised language framework for Classes 9 and 10 as well, raising concerns among schools and parents about its implementation.</p><p>Following criticism over the sudden rollout and lack of clarity, the CBSE issued fresh guidelines in June. It exempted the current Class 10 batch from the new policy and gave one-time relaxations to students already studying in Classes 7, 8 and 9. For instance, students who were already studying two foreign languages were allowed to continue with them and only add one Indian language, instead of changing their existing language combination.</p>",False,3,2,0.5,False,False,False
8d8f24ee7585c83c,EVT_00632,india_today,2026-07-16 14:31:49,2026-07-16,Actor Koel Mullick quits Rajya Sabha in another jolt to Mamata Banerjee,https://www.indiatoday.in/india/story/tmc-mp-koel-mullick-resigns-from-rajya-sabha-in-fresh-setback-to-mamata-banerjee-2949094-2026-07-16,"Actor Koel Mullick quits Rajya Sabha in another jolt to Mamata Banerjee
Koel Mullick, a leading name in Bengali cinema for over two decades, was elected to the Rajya Sabha on a Trinamool ticket just months back. Her resignation in such a short period of time is bound to raise eyebrows.
Popular actor Koel Mallick resigned from the Rajya Sabha on Thursday, dealing another blow to the parliamentary strength of Mamata Banerjee's Trinamool Congress (TMC). It was only four months back that Koel, a leading name in Bengali cinema for over two decades, was elected to the Rajya Sabha on a Trinamool ticket. However, in the season of defections and rebellions for the Trinamool, the fresh move is hardly surprising.
The development comes a day after veteran Trinamool MLA Madan Mitra, Mamata's trusted lieutenant, joined the rebel Trinamool camp led by Ritabrata Banerjee. Koel's move comes on the heels of the resignations of Sukhendu Sekhar Roy, Susmita Dev and Prakash Chik Baraik as TMC Rajya Sabha MPs. The trio later joined the BJP.
Koel, daughter of veteran actor Ranjit Mallick, was nominated to the Rajya Sabha ahead of the Bengal elections along with singer-politician Babul Supriyo, former Bengal DGP Rajeev Kumar, and senior advocate Menaka Guruswamy.
The move to send Koel was widely viewed as an attempt by the Trinamool to leverage her popularity in Bengal. She took oath as Rajya Sabha MP in May, grabbing attention with her traditional white saree with a red border. She took oath in Bangla.
The actor, who has starred on over 40 movies, has not revealed the reason behind her shock resignation in such a short period.",False,3,3,0.55,False,False,False
90fa294c648a6500,EVT_00685,the_times_of_india,2026-07-16 14:48:00,2026-07-16,NEW DELHI: Congress on Thursday said it would strongly oppose the proposed Delimitation Bill if the Centre reintroduces it during the upcoming,https://timesofindia.indiatimes.com/india/from-chanda-chori-to-paper-leaks-inflation-congress-to-target-modi-govt-over-key-issues-in-monsoon-session-will-oppose-delimitation-bill/articleshow/132433721.cms,"NEW DELHI: Congress on Thursday said it would strongly oppose the proposed Delimitation Bill if the Centre reintroduces it during the upcoming 
Monsoon Session of Parliament. 
The party also said it would hold the Narendra Modi government accountable on a range of issues, including alleged corruption, paper leaks, rising prices, foreign policy and the Ayodhya Ram temple donation controversy.
The decision was taken at a meeting of the Congress Parliamentary Strategy Group chaired by Congress Parliamentary Party chief 
Sonia Gandhi. Congress president 
Mallikarjun Kharge, leader of opposition Rahul Gandhi and other senior leaders attended the meeting to finalise the party's strategy for the Monsoon Session.
Sharing a post on X, Kharge outlined the issues the Congress plans to raise in Parliament. ""Chanda Chori - Astha se Dhoka, Paper leaks and the systemic corrosion of education system, institutional capture, breaking of political parties, multiple scams and charges of corruption, backbreaking price rise, foreign policy failures and strategic blunders, the imposition of ethanol blending on 3.5 crore vehicle owners, unbridled deforestation, and the continued assault on the rights of SCs, STs, OBCs and minorities are among the critical issues on which the Congress Party will hold the Modi Govt accountable during the forthcoming Monsoon Session of Parliament,"" he said.
Addressing a press conference after the meeting, Congress general secretary Jairam Ramesh said the party had reviewed the bills likely to be introduced during the session, though it was still awaiting the government's official legislative agenda.
""We have heard that the Home Minister is trying to reintroduce the Delimitation Bill, which failed to get a two-thirds majority for the government on April 17, marking a significant defeat. 
They want to bring that bill back,"" he said.
Reiterating the party's stand, Jairam said, ""Congress Party's stand has always been clear: we will strongly oppose the Delimitation Bill and continue to do so. We will make every effort to maintain unity among all opposition parties.""
He alleged that the government was attempting to secure the required numbers by engineering splits in opposition parties.
""It is true that since April 17, the home minister has engineered splits in one or two opposition parties. This is an insult to the Constitution. They are cunningly trying to secure a two-thirds majority. Obtaining a two-thirds majority through such cunning tactics and by breaking up other parties is an affront to the Constitution; it would be a tainted majority. Although there is no possibility of them securing a two-thirds majority in the Lok Sabha,"" the Cong leader said.
The Congress party also reiterated its support for women's reservation while opposing any attempt to link it with delimitation.
""Introduce a provision for women's reservation, and we will extend our full support. However, the delimitation bill that was tabled while labelled as a women's reservation act was actually a dangerous delimitation bill introduced under the guise of women's reservation,"" Jairam said.
He said that the party would also oppose the proposed Viksit Bharat Shiksha Adhishthan Bill, 2025, amendments to the Foreign Contribution (Regulation) Act (FCRA) and changes to the National Food Security Act (NFSA), 2013.
""We will also oppose the 'Viksit Bharat Shiksha Adhishthan Bill'... There is also a possibility of the FCRA Bill coming up; we will oppose that as well... We are not in favour of amendments to the National Food Security Act and will strongly oppose them,"" he added.
Ramesh said the party would seek discussions on several issues during the session, including the alleged misuse of donations at the Ram temple in Ayodhya, the NEET paper leak, ethanol-blended fuel and foreign policy.
""There are other issues we intend to raise specifically, the theft of donations and the betrayal of faith. Regarding the Lord Shri Ram temple, new revelations are surfacing daily. We will certainly raise the issue of the scandal orchestrated by the BJP and RSS in Ayodhya. There is also the issue of NEET... The third issue, as you know, is the E20 scam, which implicates several senior BJP leaders and their sons; we will certainly demand a discussion on this,"" the leader said.
He added that the party would also seek debates on India's relations with China and the United States and the evolving situation in West Asia.
Ahead of the all-party meeting scheduled for July 19, Ramesh criticised the Centre, calling such meetings a ""formality"" and claiming opposition suggestions were routinely ignored.
The Monsoon Session of Parliament is scheduled to run from July 20 to August 13. While there has been speculation that the Centre may reintroduce a revised delimitation bill during the session, the government has not yet announced its officially.",False,3,2,0.5,False,False,False
8d99ec5d9dca8fd3,EVT_00500,hindustan_times,2026-07-16 12:21:22,2026-07-16,Vijay's TVK sacks Tamil Nadu panchayat leader over viral ₹1.3 lakh bribe video,https://www.hindustantimes.com/india-news/vijay-tvk-tamil-nadu-sacks-panchayat-leader-veerasamy-over-viral-rs-1-lakh-bribe-video-arrested-later-101784179584354.html,"Vijay's TVK sacks Tamil Nadu panchayat leader over viral ₹1.3 lakh bribe video
The video shared on social media allegedly shows Veerasamy accepting a bribe of ₹1.30 lakh from a contractor.
Tamil Nadu chief minister C Joseph Vijay's Tamizhaga Vettri Kazhagam (TVK) party on Wednesday sacked Chengalpattu east district joint secretary Veerasamy from the party's primary membership and stripped him of all posts with immediate effect after a video allegedly showing him accepting a bribe surfaced online.
The action comes just days after Vijay issued a strong message against corruption at a rally in Karur, saying that no one involved in corruption, accepting bribes or abusing power would be allowed to continue such activities in his state.
TVK sacks panchayat leader over viral bribe video
The video shared on social media allegedly shows Veerasamy, who was also serving as the Mambakkam panchayat union chairman, accepting a bribe of ₹1.30 lakh from a contractor.
BJP Tamil Nadu president Nainar Nagenthran also shared the video on social media while targeting Vijay's government. HT could not independently verify the authenticity of the video.
He accused the TVK of ""preaching integrity on the surface"" while ""engaging in corruption behind the scenes"".
A disciplinary order issued on Wednesday by Chengalpattu east district secretary CV Dinakaran said Veerasamy had been removed for ""acting in a manner that brings disrepute"" to the party.
The expelled TVK worker has now been arrested in Chengalpattu for allegedly extorting ₹1.30 lakh, visuals shared by news agency PTI showed.
A bilingual anti-corruption notice
The Tamil Nadu government has directed all public offices, boards and state-run corporations to prominently display bilingual anti-corruption notice boards.
The boards will feature an anti-bribery message along with direct contact details, including a dedicated WhatsApp number, for the directorate of vigilance and anti-corruption (DVAC).
The move comes after audits that allegedly found several government departments had failed to comply with similar anti-corruption directions issued over the past 12 years, according to an official statement.
The latest order brings together earlier regulatory instructions to address compliance gaps, the official statement said. Additional chief secretaries, principal secretaries, secretaries, heads of departments and all district collectors have been instructed to ensure full implementation within their respective jurisdictions.
The bilingual notice boards will carry the slogan ""Bribe giving and receiving is an offence"", along with the contact details of the DVAC, enabling people to report bribery-related complaints.
To encourage immediate reporting of corrupt practices, the newly introduced boards will prominently display the message: ""Bribe giving and receiving is an offence”, the statement said.
The directive also covers digital platforms. All government offices, local bodies and public sector undertakings have been instructed to include the anti-corruption message across their online platforms.
Department websites must now display the anti-bribery warning along with a direct hyperlink to the DVAC’s main portal. To ensure the instructions are implemented, the government has also deployed ground-level monitoring teams, the statement added.
With inputs from agencies
- ABOUT THE AUTHORHT News DeskFollow the latest breaking news, major developments and agenda-setting stories from India and around the world with the newsdesk at Hindustan Times. Operating round the clock, the desk brings together experienced editors, reporters and correspondents to deliver fast, accurate and contextual reporting across subjects that influence public policy, governance, business, society and international affairs. The HT News Desk covers politics, elections, government policies, the economy, business and markets, science and technology, the environment, law and order, infrastructure, education, climate issues and geopolitics, while closely tracking developments across states, institutions and global capitals. The team also leads coverage of major breaking news events, policy announcements, court proceedings, natural disasters, public emergencies and significant international developments. Reports published by the newsdesk are based on information gathered from reporters on the ground, official statements, government agencies, court records, regulatory filings, recognised institutions and other authoritative sources. Stories undergo editorial scrutiny and verification processes to ensure accuracy, fairness and relevance, and are updated as events evolve and additional information becomes available. Whether covering a key political decision in New Delhi, an economic policy shift affecting millions, a landmark court ruling or a major global event, the HT News Desk aims to provide readers with reliable, fact-based journalism that delivers not only the latest developments but also the context and analysis needed to understand their wider implications.Read More ",False,2,2,0.43,True,False,False
c7990234ac3a5b5b,EVT_00543,hindustan_times,2026-07-16 07:06:51,2026-07-16,"TMC's Madan Mitra joins rebel camp, Mamata says people entering 'BJP's washing machine' for safety",https://www.hindustantimes.com/india-news/tmcs-mitra-joins-rebel-camp-mamata-banerjee-says-people-entering-bjps-washing-machine-for-safety-101784164598202.html,"TMC's Madan Mitra joins rebel camp, Mamata says people entering 'BJP's washing machine' for safety
Going live on Facebook an hour later, Mamata Banerjee countered Mitra, described the rebels as traitors and alleged that they were using Abhishek as an excuse.
Kamarhati legislator Madan Mitra, a close aide of former chief minister Mamata Banerjee and someone who was part of the Trinamool Congress (TMC) since its birth in 1998, joined the rebel camp led by Ritabrata Banerjee on Wednesday, a day after the Enforcement Directorate (ED) sent summons to his wife and two sons.
With this, the rebel faction has 60 of the TMC’s original 80 lawmakers and the Mamata faction has 20. The rebel camp, which was formed with 58 MLAs signing a letter to the speaker, however claims to have at least 65 members but has not published their names so far.
Also Read | Mamata loyalist MLA Madan Mitra joins TMC rebel camp, says no link to ED summons
Madan Mitra resigns
“From this moment I resign from the national working committee, the post of chief whip in the assembly and the post of general secretary of Mamata Banerjee’s TMC. I was in the TMC and I remain there. I am only changing rooms,” Mitra said after joining the rebel group.
Mitra was arrested by the Central Bureau of Investigation (CBI) on December 12, 2014 in the Saradha chit fund case and released on bail after 629 days and arrested again by CBI in May 2021 in the Narada sting case. On Tuesday, ED sent summons to his wife and two sons for questioning regarding alleged corruption in recruitment by the Kamarhati municipality.
“My family has been summoned by a federal agency. My family will go and cooperate with the agency. But that is not linked to my joining (the rebels) today. Can the ED prove the allegations?” Mitra said.
‘Fight family-controlled politics’
Ritabrata Banerjee said the collective effort of the rebel group to fight family-controlled politics in a party got strengthened with Mitra’s joining.
“Ours is a collective fight against family-controlled politics. Our collective effort got stronger today. Mitra is a veteran,” he said.
Mitra blamed TMC national general secretary Abhishek Banerjee for the current state of the party, which suffered a drubbing in the assembly elections.
“It is indeed sad that when history will be written it will say that a party got ruined because of just one person,” Mitra said.
“Abhishek wants the party to follow only his commands. He does not listen to anyone. Millions of our workers are helpless today. We have to take care of them. If the party is not taken care of right now then we can never defeat the Bharatiya Janata Party. Abhishek can never defeat the BJP,” Mitra said.
Birbhum district leader Anubrata Mondal, who joined the rebel group last week after being summoned by state police in an old extortion case, brought a serious allegation against Abhishek shortly after Mitra joined the new camp.
Mondal, who spent two years in judicial custody at Delhi’s Tihar jail as a prime accused in the cattle smuggling case, said, “I went to jail because of Abhishek... Mamata is ruined because of him. Nobody will stay.”
Going live on Facebook an hour later, Mamata Banerjee countered Mitra, described the rebels as traitors and alleged that they were using Abhishek as an excuse to get protection from various investigations.
“All these people are entering the BJP’s washing machine to get protection...,” Banerjee said.
Bengal BJP’s chief spokesperson Debjit Sarkar said, “How can the BJP know where Madan Mitra will go?...”
- ABOUT THE AUTHORTanmay ChatterjeeTanmay Chatterjee has spent more than three decades covering regional and national politics, internal security, intelligence, defence and corruption. He also plans and edits special features on subjects ranging from elections to festivals.Read More ",False,2,2,0.51,False,False,False
7a4450f486d5703f,EVT_00695,theprint,2026-07-16 04:38:17,2026-07-16,"New Delhi: Signalling that her party could support the 131st Constitution Amendment Bill, Nationalist Congress Party (Sharadchandra Pawar) working president Supriya Sule has triggered surprise and sowed apprehension across the Opposition, particularl...",https://theprint.in/politics/delimitation-drama-why-congress-remains-wary-despite-supriya-sule-ruling-out-ncpsp-switch-to-nda/2987754/,"New Delhi: Signalling that her party could support the 131st Constitution Amendment Bill, Nationalist Congress Party (Sharadchandra Pawar) working president Supriya Sule has triggered surprise and sowed apprehension across the Opposition, particularly the Congress. “Give the 50 percent condition on paper, then we will discuss,” the Baramati representative in the Lok Sabha said at a press conference Tuesday, adding that the party would first study the Bill before taking a final decision.
The calibrated stance taken by Sule marks a departure from the NCP(SP)’s outright opposition to the legislation during the special session in April, when the Opposition voted against the Bill after Union Home Minister Amit Shah made it clear that the government intended to increase the number of Lok Sabha seats through a fresh delimitation exercise.
While Shah has maintained that the increase would be proportionate across states, Sule’s remarks—despite her subsequent assertion that the party would consult Indian National Developmental Inclusive Alliance (INDIA) partners before taking a final call—have fuelled speculation over the Sharad Pawar-led party’s political direction amid renewed talk of whether it could eventually move closer to the National Democratic Alliance or Congress.
According to Congress sources, the party has become increasingly cautious after leaders who recently met Sharad Pawar conveyed that the veteran leader was not opposed to delimitation, provided the exercise came with safeguards. Pawar is feeling pressure within, though.
According to the source, five of NCP(SP)’s eight Lok Sabha MPs favour moving closer to the NDA, but Pawar has not opened up his mind on this.
A senior Congress leader said that the party is exploring the possibility of giving Sule a significant organisational role in Delhi should the Pawar family decide to merge with the Congress—the party from which it originally split in 1999. While the Pawar family has publicly dismissed speculation of any merger, the source said the veteran leader was “assessing all political options”.
“The family has rubbished merger rumours publicly, but Pawar is looking at where it makes the most political sense for him to be,” the source said. Pawar himself had hinted at such a possibility in a 2024 interview, saying regional parties could eventually be compelled to work more closely with the Congress, and that ideological differences between the Congress and the NCP were minimal.
Despite the speculation, Pawar has repeatedly maintained that the NCP (SP) remains committed to the INDIA bloc. Political chatter intensified after leaders from the ruling NCP and the NCP (SP) met at Maharashtra Chief Minister Devendra Fadnavis’s official residence, Varsha, late on Tuesday night, reviving speculation over changing political equations in the state.
The developments also come against the backdrop of senior Congress leader P. Chidambaram’s allegation that the Bharatiya Janata Party (BJP) is attempting to secure the support of regional parties, including the NCP (SP) and Dravida Munnetra Kazhagam, to pass the proposed constitutional amendment.
In a post on social media platform X, Chidambaram alleged that after splitting the Trinamool Congress, the BJP was now attempting to secure the support of other regional parties for the legislation, which he argued was primarily aimed at facilitating delimitation. He warned that any support for the Bill would amount to a betrayal of the stand taken by these parties during the Budget Session and reiterated the Congress position that delimitation under the existing formula would disadvantage states that had successfully implemented population control measures.
Political analyst Abhay Deshpande believes Sule’s latest remarks represent a significant shift in the NCP(SP)’s messaging. “Earlier, the NCP (SP) had outright opposed the proposal. Now it is saying it will first study the Bill before taking a final call. That itself marks a softening of its position,” Deshpande said.
According to him, the party’s position is now conditional rather than confrontational. “They are saying that if there is an equal increase in seats across all states, so that southern and western states are not disadvantaged, and if there are clear assurances on the delimitation process, they are willing to consider supporting the Bill,” he said.
Deshpande argued that the shift is driven as much by political calculations as by policy considerations. “The NCP leadership knows that the BJP is trying to secure the numbers required to pass the legislation. By signalling that its MPs could support the Bill if their concerns are addressed, it is effectively telling the BJP there is no need to engineer defections. In my assessment, this is as much about protecting party unity as it is about delimitation,” he said.
He added that Pawar’s longstanding working relationship with Prime Minister Narendra Modi and Home Minister Amit Shah may also be influencing the party’s approach, although the NCP(SP) has not publicly indicated any change in its alliance commitments.
Congress general secretary (communications) Jairam Ramesh, in an interview with ThePrint, described 17 April as a turning point. According to Ramesh, the BJP required 352 votes to pass the constitutional amendment but managed only 298, making the defeat a significant setback for the government. “What you’re seeing now is revenge,” Ramesh said, linking recent defections from Opposition parties to what he alleged was a BJP effort at shoring up the numbers required to pass the Bill.
Ramesh further said that even after expanding the NDA’s strength in Parliament, the BJP is short of the two-thirds majority required for a constitutional amendment.
(Edited by Nardeep Singh Dahiya)",False,6,3,0.33,True,False,False
7e73ce5296d623bf,EVT_00506,hindustan_times,2026-07-16 19:20:19,2026-07-16,"PM Modi to launch India's first hydrogen train tomorrow: Check full Jind-Sonipat route, stations",https://www.hindustantimes.com/india-news/pm-modi-to-launch-indias-first-hydrogen-train-tomorrow-check-full-jind-sonipat-route-stations-101784203056555.html,"PM Modi to launch India's first hydrogen train tomorrow: Check full Jind-Sonipat route, stations
Indian Railways says its 10-coach train represents one of the largest hydrogen-powered passenger trainsets developed so far.
India is set to enter the small group of countries operating hydrogen-powered passenger trains, with Prime Minister Narendra Modi set to launch the country's first Hydrogen Fuel Cell Trainset on the Jind-Sonipat section in Haryana on Friday.
The 10-coach train, capable of carrying around 2,600 passengers, is among the largest hydrogen-powered passenger trainsets developed globally. Unlike conventional electric trains that rely on overhead power lines or diesel locomotives, it generates its own electricity onboard using hydrogen fuel cells, producing only water vapour and heat as direct emissions, the PIB press release said.
The project marks another milestone in Indian Railways' clean energy push after the national transporter electrified more than 99 per cent of its Broad Gauge network, sharply reducing dependence on diesel.
Also Read: HT Explainer | India’s first hydrogen train: All you need to know
Route details
The Hydrogen Fuel Cell Powered Train will initially operate on the Jind–Sonipat section of Northern Railway, connecting Jind Junction, Gohana Junction and Sonipat while serving intermediate stations and proposed halts including Jind City, Pandu Pindara Junction, Lalit Khera Halt, Bhambhewa, Isapur Kheri Halt, Butane Halt, Khandrai Halt, Rabrah Halt, Lath Halt, Mohana, Barwasni Halt and Sonipat New.
The route has been selected for demonstrating the operational viability, safety and reliability of hydrogen-powered passenger train services under regular operating conditions.
Train to run on hydrogen fuel cells
The train is powered by a Proton Exchange Membrane (PEM) fuel cell system. Hydrogen stored in high-pressure cylinders reacts with oxygen from the atmosphere to generate electricity, which powers the traction motors.
The train comprises two Hydrogen Driving Power Cars, one at each end, and eight passenger coaches. Each power car produces 1,200 kW (around 1,600 horsepower), giving the train a design speed of 110 kmph. During the pilot phase, however, it will operate at up to 75 kmph on the 89-km Jind-Sonipat route under Northern Railway.
To support operations, Indian Railways has built the country's largest railway hydrogen refuelling facility at Jind in Haryana.
The plant produces hydrogen through electrolysis, compresses it to 500 bar and dispenses it at 350 bar, allowing both power cars to be refuelled simultaneously. The facility can store nearly 3,000 kg of hydrogen, enough to sustain regular train services.
Officials said the project has created India's first integrated railway hydrogen ecosystem, covering hydrogen production, storage, compression, dispensing and train operations.
Bigger than most hydrogen trains abroad
Hydrogen-powered trains are already in service or undergoing trials in countries including Germany, France, Italy, China and Japan. However, most of these trains consist of only two to four coaches and primarily serve regional routes.
Indian Railways said its 10-coach train represents one of the world's largest hydrogen-powered passenger trainsets, demonstrating the feasibility of using hydrogen technology for higher-capacity passenger operations.
Built in India
The hydrogen train has been developed using indigenous technology under the leadership of Indian Railways.
The Research Designs and Standards Organisation (RDSO) led the technical design and approval process, Medha Servo Drives integrated the trainset, while the Integral Coach Factory (ICF) designed the train's exterior.
The Jind-Sonipat service will initially operate as a pilot project. Indian Railways is also exploring the deployment of hydrogen-powered trains on heritage routes, including the Kalka-Shimla railway, as part of the National Green Hydrogen Mission and India's long-term net-zero goals.",False,4,2,0.42,True,False,False
bab3c2f252b313bf,EVT_00823,hindustan_times,2026-07-16 18:34:08,2026-07-16,ICMR’s drone initiative cuts TB diagnosis turnaround time by 10 days in remote areas,https://www.hindustantimes.com/india-news/icmrs-drone-initiative-cuts-tb-diagnosis-turnaround-time-by-10-days-in-remote-areas-101784207048722.html,"ICMR’s drone initiative cuts TB diagnosis turnaround time by 10 days in remote areas
An ICMR study found its i-DRONE initiative cut TB diagnosis time from 15 to five days and sharply reduced patients’ travel costs in remote areas.
The Indian Council of Medical Research’s (ICMR) drone-assisted transport initiative for tuberculosis (TB) sputum samples significantly improved access to diagnostic services, reducing the median turnaround time for TB diagnosis from 15 days to five days for people living in remote and underserved areas, a study has found.
The assessment of its flagship i-DRONE initiative also showed a significant reduction in patients’ out-of-pocket expenditure on transportation.
The findings emerged from a programme-based study conducted in Yadadri-Bhuvanagiri district of Telangana in collaboration with AIIMS Bibinagar and the District TB Office under the National TB Elimination Programme (NTEP). The study compared the conventional system of patient travel for TB diagnosis with a drone-enabled model in which sputum samples were collected at nearby Primary Health Centres (PHCs) and sub-centres (SCs) and transported by drones to designated TB diagnostic laboratories (TUs).
The study enrolled 840 participants and found that the median turnaround time for TB diagnosis decreased from 15 days to five days following the introduction of drone-based sample transport.
Diagnostic delays were also significantly reduced, enabling earlier confirmation of disease and facilitating faster clinical decision-making, the Union ministry of health and family welfare said in a statement.
In addition, the study observed a substantial reduction in the financial burden borne by patients. The mean out-of-pocket expenditure (OOPE) associated with seeking TB diagnosis reduced from approximately ₹9,451 under the conventional transport system to around ₹91 during the drone-enabled phase.
“The reduction was largely attributable to lower travel costs, reduced wage loss, and the availability of sputum collection closer to patients’ homes. Notably, the median OOPE during the drone phase was zero, indicating that many participants incurred no travel-related expenses for diagnosis,” said the statement.
The intervention was implemented through a hub-and-spoke network connecting 11 Primary Health Centres, 60 sub-centres and four TB Units, allowing patients to submit sputum samples at health facilities nearer to their villages instead of travelling long distances to diagnostic centres.
“Affordable and timely access to diagnosis remains central to India’s TB elimination efforts. This study demonstrates how technology can help bridge geographical barriers and reduce the burden on patients, particularly those living in remote areas. The evidence generated through the i-DRONE initiative will help inform future public health innovations while complementing existing healthcare delivery systems,” said Rajiv Bahl, director general, ICMR, and secretary, Department of Health Research.
Alongside the quantitative findings, healthcare workers participating in the study reported that drone-enabled transport reduced delays, improved operational efficiency and was well accepted by communities after initial familiarisation. The study also identified operational considerations such as weather, payload limitations and the need for continued training, underscoring the importance of careful planning for wider implementation.
Experts working in the field also noted that while there are benefits to deploying this technology, there are certain challenges associated with i-DRONE.
“The biggest opportunity lies in integrating drone technology with existing primary healthcare systems so that it supports doctors, diagnostics and community healthcare providers. The challenge is that faster transportation alone cannot improve outcomes unless patients are identified early, referred appropriately and connected to qualified medical care through a coordinated healthcare ecosystem,” said Smriti Tandon, co-founder, Salubrious Technology, which works on solving last-mile healthcare access.
“TB diagnosis under Government protocols follows a structured clinical pathway. Drone technology can dramatically reduce the time taken for sample transportation, but its greatest impact will come when it strengthens an already well-coordinated diagnostic and referral system.”
- ABOUT THE AUTHORRhythma KaulRhythma Kaul works as an assistant editor at Hindustan Times. She covers health and related topics, including ministry of health and family welfare, government of India. ",False,2,2,0.46,False,False,False
cfa366a65ef856e2,EVT_00822,hindustan_times,2026-07-16 23:40:39,2026-07-16,"NEET UG results 2026: Aryan Gupta, Panshul Bansal top exam; score 715 out of 720",https://www.hindustantimes.com/india-news/neet-ug-results-2026-out-aryan-gupta-panshul-bansal-top-exam-score-715-out-of-720-top-rankers-state-neet-toppers-list-101784223107985.html,"NEET UG results 2026: Aryan Gupta, Panshul Bansal top exam; score 715 out of 720
Among those who qualified, 58 per cent were women. The qualifying rate stood at 56.8 per cent for women and 55.1 per cent for men.
The results for the National Eligibility cum Entrance Test (NEET) for undergraduate courses were declared on Thursday, with the National Testing Agency saying 11.25 lakh from among 20 lakh candidates had qualified. The testing agency announced Aryan Gupta from Punjab and Panshul Bansal from Haryana as the joint toppers of the exam.
Both Gupta and Bansal secured 715 out of 720 marks in the exam.
However, among those who qualified, 58 per cent were women. The qualifying rate stood at 56.8 per cent for women and 55.1 per cent for men.
19 candidates scored above 700 marks in the exam. 138 candidates scored above 690, with 93 per cent of these appearing for the first-time for the exam, and 99 per cent of them between the ages of 17 and 19. 1,492 candidates scored 650 and above.
Unlike last year’s press releases for NEET-UG results, the NTA this time did not provide an exact number of candidates who appeared in the examination and their gender distributions. It also did not have the usual topper list containing names of top 20 students and social category-wise toppers. “Separate topper lists for each category are provided in the accompanying toppers document,” the NTA said in its press release which did not have a topper list. A union education ministry spokesperson said the list will be released “soon”.
List of top ten highest scorers
- Aryan Gupta - 99.9999 percentile
- Panshul Bansal - 99.9999 percentile
- Uplakshya Goyal - 99.99985 percentile
- Ayush Bhalotia - 99.99965 percentile
- Kudale Shravani Krishna - 99.99965 percentile
- Riya Ranjan - 99.99965 percentile
- Aryan Dubey - 99.99965 percentile
- Geetansh Sarin - 99.99915 percentile
- Gaurav Singh - 99.99915 percentile
- Mohanish Maruti Bhosale - 99.99915 percentile
According to the NTA press release, qualified candidates hailed from across every one of the 36 states and union territories, ranging from over 1.7 lakh in Uttar Pradesh to 43 in Lakshadweep.
State toppers include Jigmet Yangchan Lamo (Ladakh, 530 marks), Dhruv Tripathi (Andaman and Nicobar Islands, 606 marks) and Fahmida Anees (Lakshadweep, 573 marks), and cover every north-eastern state. The top 17 rankers, who scored more than 705 marks span eight states, namely Punjab, Haryana, Rajasthan, Uttar Pradesh, Maharashtra, Bihar, Tamil Nadu and Telangana.
Around 2.91 lakh candidates qualified in the General category, 5.12 lakh in the OBC-NCL category, 1.59 lakh in SC category, 63,716 in ST category, 95,026 in Gen-EWS, 3,666 in PwBD and 303 in PwD.
- ABOUT THE AUTHORHT News DeskFollow the latest breaking news, major developments and agenda-setting stories from India and around the world with the newsdesk at Hindustan Times. Operating round the clock, the desk brings together experienced editors, reporters and correspondents to deliver fast, accurate and contextual reporting across subjects that influence public policy, governance, business, society and international affairs. The HT News Desk covers politics, elections, government policies, the economy, business and markets, science and technology, the environment, law and order, infrastructure, education, climate issues and geopolitics, while closely tracking developments across states, institutions and global capitals. The team also leads coverage of major breaking news events, policy announcements, court proceedings, natural disasters, public emergencies and significant international developments. Reports published by the newsdesk are based on information gathered from reporters on the ground, official statements, government agencies, court records, regulatory filings, recognised institutions and other authoritative sources. Stories undergo editorial scrutiny and verification processes to ensure accuracy, fairness and relevance, and are updated as events evolve and additional information becomes available. Whether covering a key political decision in New Delhi, an economic policy shift affecting millions, a landmark court ruling or a major global event, the HT News Desk aims to provide readers with reliable, fact-based journalism that delivers not only the latest developments but also the context and analysis needed to understand their wider implications.Read More ",False,2,2,0.41,True,False,False
b300bafdd1ebb5bb,EVT_00822,the_times_of_india,2026-07-16 23:00:00,2026-07-16,"NEW DELHI: NEET-UG 2026 saw a sharp rise in top scores after the paper-leak controversy and nationwide re-test, with Punjabâs Aryan Gupta topping the exam with 715 score. Haryanaâs Panshul Bansal who also scored 715 out of 720 is the second topper ba...",https://timesofindia.indiatimes.com/india/neet-bounces-back-at-the-top-19-cross-700-two-score-715/articleshow/132445056.cms,"NEW DELHI: NEET-UG 2026 saw a sharp rise in top scores after the paper-leak controversy and nationwide re-test, with Punjabâs Aryan Gupta topping the exam with 715 score. Haryanaâs Panshul Bansal who also scored 715 out of 720 is the second topper based on tie-breaker rule. Their score was 29 marks higher than the 686 secured by 2025 topper, when an unusually tough paper ensured that not a single candidate crossed 700.
The results also threw up a strong first-attempt and gender story. More than 93% of the 138 candidates scoring above 690 were appearing for NEET for the first time, while 99% were aged 17 to 19. Women accounted for over 58% of the 11.21 lakh candidates who qualified and recorded a higher success rate â 56.8% of women who appeared cleared the test, compared with 55.1% of men.
The National Testing Agency declared the results on Thursday night after close to 20 lakh candidates took the June 21 re-examination at 5,440 centres in 551 Indian cities and 14 cities abroad. The original examination, held on May 3, was cancelled on May 12 following allegations that the question paper had been compromised. The CBI is investigating the leak.
The rise in top scores was striking. Nineteen candidates scored above 700, compared with none in 2025. 
A total of 1,492 candidates secured 650 or more, 10,160 crossed 600 and 90,780 scored at least 500. The 138 candidates scoring above 690 came from 66 cities.
In 2024, 17 candidates had initially secured perfect scores of 720 amid a major controversy over grace marks. After the Supreme Court-ordered revision of one disputed question, the number of candidates retaining the top score was reduced.
The number of qualifiers declined from 12.36 lakh in 2025 to 11.21 lakh this year, but the number appearing also fell from 22.09 lakh to close to 20 lakh. The overall qualification rate, therefore, remained broadly stable at around 56%, despite the cancellation and re-test.
Uttar Pradesh again produced the largest pool of successful candidates, with more than 1.7 lakh qualifying, while Lakshadweep had 43. In 2025, UP had also led with over 1.70 lakh qualifiers, followed by Maharashtra with more than 1.25 lakh and Rajasthan with over 1.19 lakh.
The top 17 candidates, all scoring above 705, came from eight states â Punjab, Haryana, Rajasthan, Uttar Pradesh, Maharashtra, Bihar, Tamil Nadu and Telangana. Seventeen state toppers scored 700 or more and 26 crossed 690.
State and Union Territory toppers included Ladakhâs Jigmet Yangchan Lamo with 530, Andaman and Nicobar Islandsâ Dhruv Tripathi with 606 and Lakshadweepâs Fahmida Anees with 573. Every northeastern state was also represented in the state-topper list.
Though NTA has not released a rural-urban or school-background classification, the presence of the 138 highest scorers across 66 cities, along with state toppers from remote Union Territories and every northeastern state, indicates a wide geographical spread beyond the largest metropolitan centres.
The spread contrasts with the more visible concentration in the 2025 top-100 list, when Delhi contributed 17 candidates, Rajasthan 14 and Maharashtra 11. Last year, only one woman figured in the top 10, though women constituted 7.22 lakh of the 12.36 lakh candidates who qualified.
Among social categories, 5.12 lakh OBC-NCL candidates qualified, followed by 2.91 lakh general-category candidates, 1.59 lakh SC candidates, 95,026 from Gen-EWS and 63,716 from ST communities. The successful pool also included 3,666 PwBD and 303 PwD candidates. NEET was conducted in 13 languages.
NTA said the result was declared in time to keep medical counselling and admissions on track. The provisional answer key was released on June 25, scanned OMR sheets and recorded responses were displayed from July 13 to 15, and the final answer key and results were issued on July 16. The NEET-UG 2025 result was declared on June 14.
Successful candidates will now enter counselling for MBBS, BDS, AYUSH and allied programmes. The National Medical Commissionâs current list shows 129,602 MBBS seats across 823 colleges for the 2025-26 academic year, though the final seat matrix for 2026-27 could change before counselling.
Following the paper-leak controversy, the government has decided to shift NEET-UG from the pen-and-paper format to a computer-based test from 2027 as part of its examination reforms.",False,2,2,0.41,True,False,False
fa5ff8ee3778644f,EVT_00716,the_hindu,2026-07-16 12:06:00,2026-07-16,"The Supreme Court agreed to urgently hear on Friday (July 17, 2026) an appeal against an Orissa High Court ban on the release of an animated film ‘Mahaprabhu Jagannath’ for not strictly adhering to the religious text of Skanda Purana.",https://www.thehindu.com/news/national/supreme-court-agrees-to-hear-appeal-against-ban-on-animated-film-for-not-being-true-to-skanda-purana/article71228711.ece,"The Supreme Court agreed to urgently hear on Friday (July 17, 2026) an appeal against an Orissa High Court ban on the release of an animated film ‘Mahaprabhu Jagannath’ for not strictly adhering to the religious text of Skanda Purana.
Appearing before a Bench headed by Chief Justice of India Surya Kant on Thursday (July 16, 2026) in an oral mentioning, senior advocate Devadatt Kamat, representing the film’s makers, Ele Animations, said the movie was due for release on Friday (July 17, 2026) in 300-odd theatres across the country.
The country-wide ban would lead to massive commercial loss. He said the work was a children’s film and has been cleared for release by the Central Board of Film Certification. The release date had been fixed two months ago. The ban order was uploaded only at 9 p.m. on Wednesday (July 15, 2026), compelling the film makers to rush to the apex court for relief.
“The ground taken by the High Court is that the work is not strictly in accordance with the Skanda Purana… The High Court has banned it across the country on the basis of a writ petition. Even the writ petition had only sought a ban within Odisha,” Mr. Kamat submitted.
He pushed for a hearing at 2 p.m. on Thursday (July 16, 2026), but the Bench said it would take up the petition first in the list on July 17.
The High Court’s interim order under challenge was passed by a Division Bench of Chief Justice Harish Tandon and Justice M.S. Raman while hearing a public interest litigation filed by Mahesh Kumar Sahu of Angul, along with Dr. Pramod Kumar Acharya of Puri and Umashankar Acharya of Nimapada.
The petition had sought the cancellation of the film’s certification and a ban on its public screening in the State. The petition had objected to the portrayal of Lord Jagannath in the film and had sought a detailed judicial scrutiny.
Published - July 16, 2026 12:06 pm IST",False,3,2,0.51,False,False,False
20f3f474da530224,EVT_00493,the_hindu,2026-07-16 04:40:00,2026-07-16,"Climate-activist Sonam Wangchuk’s decision to join the protest started by the Cockroach Janata Party (CJP) was “organic”, his wife Gitanjali J. Angmo said.",https://www.thehindu.com/news/national/sonam-wangchuks-decision-to-join-cjp-protest-organic-says-wife-gitanjali-angmo/article71227070.ece,"Climate-activist Sonam Wangchuk’s decision to join the protest started by the Cockroach Janata Party (CJP) was “organic”, his wife Gitanjali J. Angmo said.
Ms. Angmo told The Hindu that since CJP is a youth-led movement, Mr. Wangchuk wanted to ensure that the cause is not sabotaged by “nefarious” elements and the movement does not go astray.
The protest at Jantar Mantar against irregularities in the NEET examination and to seek the resignation of Union Education Minister Dharmendra Pradhan entered its 26th day on Wednesday.
“He is passionate about education. When he came to know about the social media movement and the discontent of the youth, he connected with the issue. It all happened in an organic way. He wants to hand-hold them and wants every well-meaning person to join the movement,” Ms. Angmo said.
Delhi HC directs daily medical monitoring of Sonam Wangchuk amid indefinite hunger strike
Before joining the CJP protest, Mr. Wangchuk was involved in a movement initiated by Ladakh’s civil society leaders to demand constitutional safeguards such as statehood and inclusion of Ladakh in the Sixth Schedule of the Constitution, thus giving it a tribal status. On May 22, he attended a meeting at the Union Home Ministry to give shape to the demands, for which he spent 170 days in jail.
Mr. Wangchuk was released on March 14 after the Ministry revoked the National Security Act slapped on him. He was detained under the Act, through which an individual can be held for a year without trial, following the violence in Leh city on September 24, 2025, which left four people dead. The education reformer, who inspired the Hindi movie 3 Idiots (2009), was labelled by the police as the “ringleader” of the violence.
Ms. Angmo said that Mr. Wangchuk felt committed to the CJP’s cause as nobody has the potential to take on the government. “Whenever someone raises their voice, raids by government agencies follow. He wants to be the third voice. This is a genuine issue, resignation (of the Minister) is the first step to accountability. Students committed suicides following the paper leak,” she said.
Before he was detained, the Ladakh administration cancelled the land allotted to the Himalayan Institute of Alternative Learning, founded by Ms. Angmo and Mr. Wangchuk in 2018. Soon, the Ministry cancelled the FCRA registration of Students Educational and Cultural Movement of Ladakh, a school which he had founded in 1988 for students who failed the board examinations.
Ms. Angmo said that the longest Mr. Wangchuk has fasted is for 21 days, adding that the climatic conditions in Ladakh are different than Delhi, which is hot and humid. “He is surviving on salt and water, even though he has completed 17 days of hunger strike here, it feels like 34 days of hunger strike in Ladakh. He never lost muscle mass there, the weather is punishing in Delhi,” she said.
According to the medical bulletin issued by the CJP, Mr. Wangchuk remains “very weak” and is under 24-hour medical vigilance. His weight has fallen to 57.15 kg, a drop of 400 grams in the last 24 hours, taking his total weight loss since the beginning of the fast to 8.9 kg. His blood pressure was recorded at 105/76, blood sugar at 80 mg/dL, and oxygen saturation at 97%, while hydration was described as fair.
Winner of the Ramon Magsaysay Award in 2018, Mr. Wangchuk was instrumental in the launch of Operation New Hope, a triangular collaboration of the government, village communities and civil society to bring reforms in the government school system in 1994.
Since there was no school in his village, he was home-schooled by his single mother in Ladakhi language till the age of nine. His uncle, who followed Islam, taught him English and Urdu through radio and billboards. “My uncle read the Quran and made me read Buddhist scriptures,” he had said in an interview.
Published - July 16, 2026 04:40 am IST",False,2,2,0.49,False,False,False
2c66fabec125519c,EVT_00624,india_today,2026-07-16 14:13:59,2026-07-16,"SC asks states to frame early release policy for elderly, terminally ill prisoners",https://www.indiatoday.in/india/law-news/story/supreme-court-orders-release-policy-for-elderly-terminally-ill-prisoners-ptag-2949048-2026-07-16,"SC asks states to frame early release policy for elderly, terminally ill prisoners
The bench directed that the policy be framed in consultation with the respective State Legal Services Authorities to ensure institutional coordination and facilitate the identification of eligible prisoners.
The Supreme Court on Thursday directed all states and Union territories to formulate and notify a comprehensive policy within three months for the early or premature release of elderly and terminally ill prisoners, saying the framework must clearly define eligibility criteria and the process for considering such cases.
Hearing a petition filed by the National Legal Services Authority (NALSA), a bench of Justices Vikram Nath and Sandeep Mehta also ordered that the policy include a clear and uniform definition of ""terminal illness"". The plea had sought the release on bail of prisoners above the age of 70 and those suffering from terminal illnesses.
Pronouncing the verdict, Justice Mehta said, ""All states and Union territories shall, within a period of three months from the date of this judgment, formulate and notify a comprehensive policy for early or premature release of prisoners who are of advanced age and/or are terminally ill.""
The bench directed that the policy be framed in consultation with the respective State Legal Services Authorities to ensure institutional coordination and facilitate the identification of eligible prisoners.
The court further said the policy must provide a time-bound, transparent and accessible mechanism for the submission, examination and disposal of applications seeking early or compassionate release.
It also asked the Centre to extend technical support, digital infrastructure and capacity-building assistance to states and Union territories to enable effective implementation of the directions.
The Centre, along with all states and Union territories, has been directed to file compliance affidavits within six months detailing the steps taken to implement the judgment. The detailed order is awaited.
The top court had, in May last year, agreed to examine NALSA's plea and sought responses from the Centre and other stakeholders.
The petition argued that prisoners aged above 70 years and those suffering from terminal illnesses require specialised medical care and individual attention, which prison authorities often struggle to provide due to overcrowding.
Citing official data, NALSA submitted that India's prison occupancy rate stood at 131 per cent as of December 31, 2022, placing immense pressure on prison infrastructure and adversely affecting healthcare services and dignified living conditions for inmates.
With the ruling, the Supreme Court has now made it mandatory for all states and Union territories to establish a uniform policy for considering the early or compassionate release of elderly and terminally ill prisoners.",False,2,2,0.74,False,False,False
be90155bbfe05fb2,EVT_00624,hindustan_times,2026-07-16 11:10:24,2026-07-16,"SC orders states, UTs to frame policy for early release of terminally ill prisoners",https://www.hindustantimes.com/india-news/sc-orders-states-uts-to-frame-policy-for-early-release-of-terminally-ill-prisoners-101784180424711.html,"SC orders states, UTs to frame policy for early release of terminally ill prisoners
The bench also directed that the policies be framed and implemented in coordination with the respective State Legal Services Authorities (SLSAs)
The Supreme Court on Thursday directed all states and Union territories to formulate and notify, within three months, a uniform policy for the early release of prisoners who are terminally ill or of advanced age, saying such inmates deserve a humane and time-bound mechanism to secure remission or release on compassionate grounds.
A bench of justices Vikram Nath and Sandeep Mehta ordered that every state policy must contain a clear and uniform definition of “terminal illness”, prescribe objective eligibility criteria, mandate certification by medical boards and lay down definite timelines and procedures for considering requests for remission or compassionate release.
Pronouncing the judgment, the bench also directed that the policies be framed and implemented in coordination with the respective State Legal Services Authorities (SLSAs).
“All states and UTs within three months shall formulate and notify policy for early release of advanced age and terminally ill prisoners. Such policies shall be coordinated with SLSAs. Such policy shall provide a clear and uniform definition for terminal illness and certain criteria,” directed the court.
Also Read: SC clears India’s first night safari project at Lucknow’s Kukrail forest
The bench further ordered that the policy will mandate medical boards for certification of terminal illness and lay down timelines and procedure for early and timely release on remission or on compassionate grounds.
To facilitate implementation, the court directed the Union government to provide all necessary technical support and digital infrastructure, including activation of an e-portal to enable tracking of applications seeking such relief.
The court also directed the Centre, states and Union territories to file compliance affidavits within six months indicating the number of prisoners identified under the policy, those released and those whose cases remain under consideration. The matter has been posted for January 19, 2027 for monitoring compliance.
The directions came on a petition filed by the National Legal Services Authority (NALSA), which, following inspections of prisons across the country, flagged the absence of a uniform framework for dealing with aged and terminally ill prisoners.
When the court had taken up the matter in May last year, NALSA informed it that a nationwide survey had identified 456 prisoners, including undertrials, who were either terminally ill or above the age of 70. Among convicts alone, the survey found 13 terminally ill prisoners and 84 elderly convicts.
The petition contended that permitting deserving prisoners to spend their final days with their families served both humanitarian and constitutional objectives, while also helping address overcrowding in prisons. It pointed out that India’s prisons had an occupancy rate of 131% as of December 31, 2022, and that terminally ill and elderly inmates often require specialised medical care and constant attention that prison authorities are ill-equipped to provide.
NALSA had launched a nationwide campaign between December 2024 and March 2025, directing its state and district legal services authorities to inspect prisons and identify inmates falling in these categories. It had also highlighted individual cases where legal services authorities approached constitutional courts to secure relief for aged and terminally ill prisoners, including a 93-year-old woman convict in Karnataka and a terminally ill undertrial before the Calcutta High Court.
The petition urged the Supreme Court to evolve a uniform mechanism enabling trial courts and competent authorities to consider such prisoners for bail, remission or compassionate release, subject to appropriate safeguards and conditions.
With Thursday’s judgment, the apex court has now required every state and Union territory to institutionalise such a framework within a fixed timeframe, while also putting in place a digital monitoring mechanism to ensure that applications are processed without undue delay.",False,2,2,0.74,False,False,False
2e2aed794a5e0b26,EVT_00561,india_today,2026-07-16 13:12:02,2026-07-16,Avoid deploying Indian seafarers in Hormuz: Government's big advisory to shipowners,https://www.indiatoday.in/india/story/india-asks-shipping-companies-to-avoid-indian-seafarers-on-strait-of-hormuz-ships-2949038-2026-07-16,"Avoid deploying Indian seafarers in Hormuz: Government's big advisory to shipowners
The country's top maritime authority, the Directorate General of Maritime Administration (DGMA), has issued a circular in this regard.
India has directed shipping companies, including owners, operators and staffing firms, to temporarily refrain from deploying Indian seafarers on merchant vessels undertaking voyages through the conflict-hit Strait of Hormuz. The country's top maritime authority, the Directorate General of Maritime Administration (DGMA), has issued a circular in this regard.
""In view of the heightened security situation in the Gulf region, the Directorate General of Maritime Administration (DGMA), through DGMA Circular No. 36 of 2026, has directed Ship Owners, Ship Managers and RPSL (Recruitment and Placement of Seafarers License) Companies to avoid deploying Indian seafarers on vessels undertaking voyages through the Strait of Hormuz until further orders,"" it said.
The DGMA also listed a few other precautionary measures meant to ensure the safety of Indian sailors:
- Heightened security vigilance in the Persian Gulf, Strait of Hormuz and adjoining waters.
- Continuous monitoring of navigational warnings and security advisories, with strict implementation of the ISPS (International Ship and Port Facility Security) Code.
- Immediate reporting and assistance through the IFC-IOR (Information Fusion Centre - Indian Ocean Region) and DG Communication Centre (Mercantile Marine Domain Awareness Centre) in cases of emergency.
The DGMA said it was closely monitoring the evolving security situation in the Middle East, adding that it remains committed to safeguarding the safety, security and welfare of Indian seafarers.",False,4,3,0.41,True,False,False
4f8aeedcb1a988bb,EVT_00561,hindustan_times,2026-07-16 13:22:18,2026-07-16,'Don't deploy Indian sailors…': India's big warning to shipowners over Hormuz amid renewed US-Iran tensions,https://www.hindustantimes.com/india-news/avoid-deploying-indian-seafarers-on-ships-passing-through-hormuz-india-dgma-notice-shipowners-amid-us-iran-war-101784186911515.html,"'Don't deploy Indian sailors…': India's big warning to shipowners over Hormuz amid renewed US-Iran tensions
Two Indian nationals, 31-year-old Rohan Kumar from Bihar's Gopalganj and 30-year-old Herambh Karmarkar from Pune, have been killed in separate attacks on ships.
India has directed shipowners, ship managers and recruitment companies not to deploy Indian seafarers on vessels passing through the Strait of Hormuz as tensions between the United States and Iran continue to rise, the directorate general of maritime administration (DGMA) said in an order issued on Wednesday.
India is the world's third-largest supplier of seafarers, with more than 300,000 sailors working on ships worldwide, according to government data. The move comes after two Indian seafarers were killed in separate attacks on vessels in the region over the past three days. Follow US-Iran war live updates here.
Centre's notice to shipowners, ship managers
In its order dated Wednesday (July 15, 2026), the DGMA instructed shipowners, ship managers and recruitment companies not to deploy Indian seafarers on vessels travelling through the Strait of Hormuz until further orders.
“Companies are directed to avoid deploying Indian seafarers on vessels undertaking voyages involving passage through the Strait of Hormuz until further orders,” the notice read.
The shipping regulator said recent attacks on commercial vessels had “significantly” increased the risks for seafarers operating in the conflict-hit region.
""In view of the heightened security situation in the Persian Gulf region ... the Directorate considers it necessary to adopt enhanced precautionary measures to safeguard the interests of Indian seafarers serving on board ships operating in the region,"" the order said.
The regulator also asked masters of vessels to remain alert to the security situation in the Persian Gulf, the Strait of Hormuz and nearby waters, and to continuously monitor navigational warnings.
The notice added, “DGMA continues to closely monitor the evolving security situation and remains committed to safeguarding the safety, security and welfare of Indian seafarers.”
2 Indian seafarers killed in recent attacks
Two Indian nationals, 31-year-old Rohan Kumar from Bihar's Gopalganj district and 30-year-old Herambh Karmarkar from Pune, have been killed in separate attacks on ships passing through the Strait of Hormuz, authorities said.
Kumar was killed in missile attacks on two Emirati oil tankers, MT Mombasa and MT Al Bahiyah, in the Strait of Hormuz on Tuesday.
“An official has especially been sent to the deceased’s family to initiate the paperwork to repatriate the body,” district magistrate (DM) Sameer Saurabh told HT earlier while confirming his death.
Karmarkar, meanwhile, went missing after an attack on the cargo vessel MV GFS Galaxy off the coast of Oman, before he was confirmed dead, the Indian Consulate in Dubai said.
""We express our deepest condolences at the tragic demise of an Indian national due to an attack on the commercial vessel MV GFS Galaxy on 12 July 2026,"" the mission said in a post on X.
On Tuesday, Iranian deputy chief of mission Mohammad Javad Hosseini was summoned by the external affairs ministry, where Anand Prakash, the joint secretary handling the Pakistan, Afghanistan and Iran division, lodged a strong protest over the incident.
- ABOUT THE AUTHORHT News DeskFollow the latest breaking news, major developments and agenda-setting stories from India and around the world with the newsdesk at Hindustan Times. Operating round the clock, the desk brings together experienced editors, reporters and correspondents to deliver fast, accurate and contextual reporting across subjects that influence public policy, governance, business, society and international affairs. The HT News Desk covers politics, elections, government policies, the economy, business and markets, science and technology, the environment, law and order, infrastructure, education, climate issues and geopolitics, while closely tracking developments across states, institutions and global capitals. The team also leads coverage of major breaking news events, policy announcements, court proceedings, natural disasters, public emergencies and significant international developments. Reports published by the newsdesk are based on information gathered from reporters on the ground, official statements, government agencies, court records, regulatory filings, recognised institutions and other authoritative sources. Stories undergo editorial scrutiny and verification processes to ensure accuracy, fairness and relevance, and are updated as events evolve and additional information becomes available. Whether covering a key political decision in New Delhi, an economic policy shift affecting millions, a landmark court ruling or a major global event, the HT News Desk aims to provide readers with reliable, fact-based journalism that delivers not only the latest developments but also the context and analysis needed to understand their wider implications.Read More ",False,4,3,0.41,True,False,False
307b8f472dea0154,EVT_00628,india_today,2026-07-16 08:07:57,2026-07-16,I'm not in good shape: Sonam Wangchuk enters Day 19 of indefinite hunger strike,https://www.indiatoday.in/india/story/sonam-wangchuk-hunger-strike-day-19-neet-protester-urges-july-20-parliament-march-2948888-2026-07-16,"I'm not in good shape: Sonam Wangchuk enters Day 19 of indefinite hunger strike
As per the latest health update shared by the doctor monitoring Sonam Wangchuk, the 59-year-old activist's weight has dropped to 56.65 kg, down 500 grams in the last 24 hours and over 9 kg since the start of his hunger strike.
“I’m not in good shape but not so bad either.”
That's what a frail-looking Sonam Wangchuk, who entered the 19th day of his indefinite hunger strike at Jantar Mantar on Thursday, demanding Union Education Minister Dharmendra Pradhan's resignation over irregularities in the NEET examination, said in a video message posted late last night.
Dr Satish Lamba, Senior General Physician monitoring Sonam Wangchuk's health, on Thursday said the activist had lost more than 9 kg after 19 days of his indefinite hunger strike at Jantar Mantar.
Wangchuk's weight has dropped to 56.65 kg, down 500 grams in the past 24 hours and more than 9 kg since he began fasting. His blood pressure was recorded at 105/61 mmHg, blood sugar at 80 mg/dL, oxygen saturation at 97%, while doctors said he remained conscious and mentally alert but requires continuous monitoring.
In the video message, Wangchuk, 59, also urged supporters not to ask him to end his fast but instead join the organisation's planned ""Chalo Sansad"" march to Parliament on July 20. ""Rather than asking me to break my fast, please join me on 20th July... Peaceful March to the Parliament,"" he said.
Meanwhile, our reporter spent a night at the CJP protest site at Jantar Mantar, closely observing Sonam Wangchuk's hunger strike and the protest from the ground.
Wangchuk is not alone in the protest. Several others, including members of student organisations, are also on hunger strike at Jantar Mantar. At a separate stage, All India Students' Association (AISA) leaders Neha, Manish and Aameen continued their fast despite their worsening health. AISA said that Neha has lost 5.85 kg during the fast, while Manish and Aameen have lost 8.2 kg and 8.3 kg, respectively, with all three recording low blood sugar levels.
The student outfit also said JNUSU joint secretary Danish, JNU Barak Hostel president Hrishikesh and Delhi University student leader Deepak have been hospitalised after their health deteriorated during the protest.
POLITICAL LEADERS URGE WANGCHUK TO END HUNGER STRIKE
The protest has also drawn political support, with Congress MP Shashi Tharoor on Wednesday made an emotional appeal to Wangchuk to end his fast, saying it had already ""awakened the conscience of the nation"" and that the fight for students' issues should now move to Parliament.
""To Shri Sonam Wangchuk-ji, my heartfelt appeal: please end your fast. You have awakened the conscience of the nation; that is what a fast is meant to do. India needs your voice for the long road ahead,"" Tharoor wrote in an open letter.
Earlier, on Tuesday, Trinamool Congress chief Mamata Banerjee, Samajwadi Party president Akhilesh Yadav, Shiv Sena (UBT) chief Uddhav Thackeray and AAP national convenor Arvind Kejriwal also urged Wangchuk to end his fast, while actor Zeenat Aman appealed to the government to initiate dialogue.
Former Gujarat chief minister Shankersinh Vaghela and actor Swara Bhaskar also visited the protest site at Jantar Mantar to express solidarity.
Meanwhile, a public interest litigation (PIL) has been filed in the Delhi High Court seeking urgent medical intervention for Wangchuk, urging the Centre and the Delhi government to shift him to a hospital and provide necessary medical treatment, including force-feeding if required, citing concerns over his deteriorating health.
On Monday, more than 1,800 artistes, academics, writers and social activists issued an open letter backing the protesters' demands while urging them to end their indefinite hunger strike amid growing concerns over their deteriorating health.
The signatories, including actors Naseeruddin Shah and Ratna Pathak Shah, writer Arundhati Roy, economist Jean Drze, academic Jayati Ghosh, scholar Nivedita Menon and academic Anuradha Chenoy, said they fully supported the demand for Pradhan's resignation but appealed to the protesters to preserve their strength for a ""longer and more difficult struggle"" ahead.
The protest at Jantar Mantar was launched by CJP, an online satirical collective, on June 19. Led by its founder Abhijeet Dipke, the CJP has called for Union Education Minister Dharmendra Pradhan's resignation, holding him accountable for irregularities in the NEET examination, including the paper leak that triggered widespread controversy and re-test.
NEXT STOP: PARLIAMENT
Stepping up its campaign, the CJP has also announced a one-day mass hunger strike and renewed its appeal for citizens to join the July 20 Parliament march, demanding a transparent examination system, accountability for repeated paper leaks and the removal of the education minister.
""Until the resignation happens, we'll stand firm. 20 July, march to Parliament,"" the organisation said in a post on X.
Furthermore, CJP founder Abhijeet Dipke on Wednesday accused the Centre of remaining silent despite Wangchuk's deteriorating health.
""Day 18 of Sonam Wangchuk's hunger strike. The man who chose to put his own life on the line to seek justice for students who died by suicide has received nothing but silence from the government. The government is not just unaccountable; it is also cruel,"" Dipke said.
Questioning the Centre's response, Dipke said the real issues were why Prime Minister Narendra Modi was refusing to engage in dialogue and why Union Education Minister Dharmendra Pradhan had not been held accountable.
""Instead of asking why opposition leaders haven't supported CJP, or why every CJP team member isn't on a hunger strike alongside Sonam sir, ask the questions that actually matter. Why is the Prime Minister refusing to engage in a dialogue? Why is the Education Minister still not being held accountable?"" he said.
The CJP also appealed to supporters to change their social media display pictures as a mark of solidarity with Wangchuk and claimed that more than 1.3 lakh people have registered support through its missed-call campaign for the Parliament march.",False,4,4,0.32,True,False,False
c006900beedd2e7c,EVT_00628,the_times_of_india,2026-07-16 08:22:00,2026-07-16,"Sonam Wangchuk on Tuesday said he is ""not in good shape, but not so bad"" as his indefinite hunger strike against alleged examination irregularities and the NEET paper leak entered Day 19.",https://timesofindia.indiatimes.com/india/not-in-good-shape-but-sonam-wangchuk-refuses-to-end-fast-despite-health-concerns/articleshow/132428303.cms,"NEW DELHI: 
Sonam Wangchuk on Tuesday said he is ""not in good shape, but not so bad"" as his indefinite hunger strike against alleged examination irregularities and the NEET paper leak entered Day 19.
In a video message shared on X, Wangchuk urged people to join the scheduled march to Parliament on July 20 rather than asking him to break his fast.
""Thousands of you have sent me messages asking me to end my hunger strike and eat something. Many senior leaders have come to meet me—some speaking with affection, others urging me sternly. Some have even appealed to the court, asking the government to force-feed me,"" Wangchuk said.
""There are two things I want to say. First, even if I break my fast, what will change? What message will that send? The only message the government will receive is that there is no need for accountability. People sit on a protest, and then they simply leave,"" he added.
Despite his deteriorating health, Wangchuk asserted that he can continue his hunger strike for ""several more days"" and said that his heart and core health are still functioning well.
""Second, my condition is not such that I will die in 24 days. I have undergone many medical tests, and for someone who has been fasting for 18 days, the results have been quite normal. I even had an ECG today, and it was not bad. So I can continue for several more days. Yes, I am weak. My muscles are wasting away, but my heart and core health are still functioning well,"" he said.
""So instead of only asking me to end my fast, I request all of you to take one small step yourselves. On July 20, come out in such large numbers that a clear message reaches the government,"" he added.
This comes as Cockroach Janata Party founder Abhijeet Dipke claimed that Wangchuk has been losing muscle mass and is in ""immense pain"", adding that the activist has lost 8.5 kg since the beginning of his fast.
Earlier in the day, a plea was filed in the 
Delhi High Court seeking to force-feed Wangchuk and shift him to a government hospital.
According to the petition, Wangchuk's condition has worsened significantly, and he could lose his life within two days if the hunger strike continues. It urged the court to intervene immediately, arguing that saving his life is of paramount importance.
Earlier, several Opposition leaders appealed to Wangchuk to end his indefinite hunger strike at Delhi's Jantar Mantar.
The CJP protest at Jantar Mantar, which began on June 20, is demanding Union education minister Dharmendra Pradhan's resignation over alleged irregularities in NEET and other examinations. The organisation has announced a march to Parliament on July 20.",False,4,4,0.32,True,False,False
f25963af15ffb12e,EVT_00504,the_hindu,2026-07-16 11:52:58,2026-07-16,"The Delhi High Court on Wednesday (July 16, 2026) directed the Centre and the Delhi government to ensure that climate activist Sonam Wangchuk’s medical condition is “clinically and otherwise” monitored on a daily basis and that any medical interventi...",https://www.thehindu.com/news/national/delhi-hc-directs-daily-medical-monitoring-of-sonam-wangchuk-amid-indefinite-hunger-strike/article71228728.ece,"The Delhi High Court on Wednesday (July 16, 2026) directed the Centre and the Delhi government to ensure that climate activist Sonam Wangchuk’s medical condition is “clinically and otherwise” monitored on a daily basis and that any medical intervention required to address his deteriorating health is promptly provided.
A Bench of Chief Justice Devendra Kumar Upadhyaya and Justice Tejas Karia passed the direction while hearing a public interest litigation (PIL) seeking urgent intervention to safeguard Mr. Wangchuk’s health as he continues his indefinite hunger strike at Jantar Mantar.
During the hearing, the Bench asked Solicitor General Tushar Mehta whether any mechanism was in place to monitor Mr. Wangchuk’s health.
“Mr. Solicitor, is there any mechanism in place to check the health condition of this person?” the court asked.
Responding to the query, Mr. Mehta submitted that Mr. Wangchuk undergoes a daily health check-up.
The court observed that it wanted the activist to be “regularly medically checked up by government doctors” and directed that the authorities intervene whenever doctors considered medical treatment necessary.
“He [Solicitor General Mehta] further assures the court that depending upon the opinion of the doctors, whatever medical intervention is needed to check the deteriorating health condition of Mr. Wangchuk will also be taken,” the court recorded in its order.
The Bench further observed, “While noticing the assurances given by the Solicitor General, we only observe that the life of any citizen is precious and efforts ought to be made by the government authorities to save the same.” With this order, the court closed the PIL.
The petition was filed by advocate and social activist Rakesh Kumar Saini, who contended that Mr. Wangchuk’s health had deteriorated after several days of fasting and sought immediate judicial intervention to protect his life.
Mr. Saini relied on a The Hindu report published on July 14, titled “Fasting Student Hospitalized, Wangchuk loses 8.25 kg as strike continues,” to argue that Mr. Wangchuk required urgent medical assistance.
Mr. Wangchuk has been on an indefinite hunger strike at Jantar Mantar since June 28, demanding action on issues concerning the country’s education system and the resignation of Union Education Minister Dharmendra Pradhan.
The petition argued that the government could not remain a passive spectator, contending that failure to intervene could amount to “abetment of suicide” under Section 108 of the Bharatiya Nyaya Sanhita, 2023.
It urged the authorities to provide immediate medical attention to Mr. Wangchuk, “even if forcibly to ensure his good health and to save his life.”
The plea further suggested that the activist be shifted to a government hospital and administered the nutrients, vitamins and minerals necessary for survival through a liquid diet if required.
Published - July 16, 2026 11:52 am IST",False,3,3,0.55,False,False,False
07d1d21263781821,EVT_00599,hindustan_times,2026-07-16 14:14:26,2026-07-16,Rath Yatra: Millions brave heavy rain as Jagannath chariots roll in Odisha’s Puri,https://www.hindustantimes.com/india-news/rath-yatra-millions-brave-heavy-rain-as-jagannath-chariots-roll-in-odisha-s-puri-101784191466811.html,"Rath Yatra: Millions brave heavy rain as Jagannath chariots roll in Odisha’s Puri
Despite over 200 mm of rain, millions of devotees gathered in Puri as Odisha deployed 12,000 security personnel for Lord Jagannath’s annual Rath Yatra.
Devotees thronged the Odisha temple town on Thursday for the annual Rath Yatra despite rain and waterlogged streets after Puri received more than 200 mm of rainfall over the previous 45 hours.
Authorities mounted an unprecedented security and logistics operation for the 3-km ceremonial journey of Lord Jagannath, Lord Balabhadra and Goddess Subhadra to the Gundicha Temple aboard towering wooden chariots.
Around 12,000 security personnel, including contingents of the Border Security Force (BSF), Central Reserve Police Force (CRPF), Rapid Action Force (RAF), National Security Guard (NSG) commandos, anti-drone units and snipers, were deployed. The Coast Guard and Marine Police are patrolling the coastline, while 473 AI-enabled CCTV cameras linked to drone-jamming systems monitored the festival through two integrated command-and-control centres.
The East Coast Railway operated special trains connecting Puri with key destinations across Odisha, West Bengal, Andhra Pradesh, Chhattisgarh and Maharashtra to handle the surge in pilgrim traffic. At Puri railway station, authorities created waiting facilities for about 30,000 passengers, installed 129 modular toilets, 68 bathing units, 65 drinking water kiosks and 10 chilled water booths, and deployed three round-the-clock medical centres with ambulances. Battery-operated vehicles and wheelchairs were arranged for senior citizens and persons with disabilities.
To streamline ticketing, the railway opened 40 booking counters, installed 12 automatic ticket vending machines and 32 mobile Unreserved Ticketing System (UTS) machines, besides setting up additional ticket counters at 21 stations. Railway officials said passenger demand would be monitored continuously and more special trains would be introduced if required.
The state administration also created 36 parking zones across Puri, deployed more than 500 lifeguards and fire service personnel along the beach, and kept 268 additional hospital beds ready. Self-help groups were expected to distribute free meals to about 3.5 lakh devotees during the festival.
President Droupadi Murmu and Prime Minister Narendra Modi led greetings on the occasion. In a post on X, Murmu said Rath Yatra was a rare celebration symbolising the union of the deity with devotees and prayed for the nation’s peace and prosperity. Modi also took to X, where he said the festival reflected India’s enduring spiritual and cultural heritage, embodying humility, collective participation and selfless service.
Sand artist Sudarshan Pattnaik unveiled a sand sculpture on Puri beach depicting Lord Jagannath and 100 miniature chariots. The installation, created with students of the Sudarsan Sand Art Institute, also paid tribute to the 15th-century saint-poet Balaram Das, whose devotion to Lord Jagannath occupies a revered place in the festival’s traditions.
IMD officials said Puri received more than 200 mm of rain in the 45-hour period ending at 5.30 am on Thursday and forecast further rain, thunderstorms and lightning during the day.
- ABOUT THE AUTHORDebabrata MohantyDebabrata Mohanty is a senior assistant editor of Hindustan Times who works as state correspondent from Odisha covering the state's politics, governance, public policy, natural disasters, environment and its society for close to three decades. With his long years of reporting from the state capital of Bhubaneswar, Mohanty has been known as one of the most experienced and credible journalists covering Odisha for the national English dailies. His reporting combines on-ground detail with deep institutional knowledge detailing the state's changing politics, governance issues, administrative reforms and the functioning of its public institutions. He has regularly reported on issues ranging from legislative developments and public policy implementation. Politics is his core areas of expertise as he closely tracks Odisha's political landscape, including the rise and transformation of the Bharatiya Janata Party (BJP), the Biju Janata Dal (BJD), the two principal political parties in Odisha. His long association with the state's political establishment enables him to write on contemporary developments in a larger political context. Mohanty takes a deep interest in writing human interest stories, environmental issues and documenting the impact of cyclones, floods, heatwaves, and other climate-related events in one of the most disaster-prone states. His coverage extends to public health, governance reforms and stories on accountability of government institutions. Before joining Hindustan Times, Mohanty worked with The Indian Express, Mail Today, and The Telegraph, where he covered at least six general elections and as many assembly elections. In 2007, he was selected for the prestigious Chevening Young Indian Print Journalist Programme at the University of Lincoln, United Kingdom, where he received advanced training in print journalism. In 2009 he won the Press Institute of India-International Committee of Red Cross award on conflict reporting for his on-ground reportage of 2008 Kandhamal riots.Read More ",False,2,2,0.74,False,False,False
549deae06a43349d,EVT_00599,india_today,2026-07-16 13:19:45,2026-07-16,Rain fails to dampen fervour as lakhs gather in Puri for Jagannath Rath Yatra,https://www.indiatoday.in/india/story/puri-rath-yatra-begins-amid-heavy-rain-2-lakh-devotees-13000-security-personnel-ptag-2948912-2026-07-16,"Rain fails to dampen fervour as lakhs gather in Puri for Jagannath Rath Yatra
Lakhs of devotees gathered in rain-soaked Puri as the annual Jagannath Rath Yatra commenced with the sacred Pahandi ritual and elaborate religious ceremonies.
Amid relentless monsoon showers, chants of ""Jai Jagannath"" echoed across Puri on Thursday as the annual Rath Yatra of Lord Jagannath, Lord Balabhadra and Devi Subhadra commenced, drawing lakhs of devotees from across India and abroad to one of the world's largest and oldest religious processions.
Nearly two lakh pilgrims had already arrived in the holy town ahead of the festival, prompting authorities to put in place elaborate security, traffic and crowd-management arrangements. The enhanced security measures come a year after a stampede near the Shree Gundicha Temple claimed three lives and left several others injured during the Rath Yatra.
Braving heavy rain, thousands of devotees lined the 2.6-km ceremonial route from the early hours, eagerly waiting for the sacred Pahandi ritual. During the ceremony, the sibling deities are brought out of the 12th-century Jagannath Temple and placed on their towering wooden chariots.
The deities then begin their annual journey to the Shree Gundicha Temple, revered as their birthplace, marking the commencement of the world-famous Rath Yatra. According to the festival schedule, the Pahandi ritual was held between 9 am and 1 pm.
Following the ceremonial Chhera Pahanra, during which Puri's titular king, Gajapati Maharaja Dibyasingha Deb, symbolically swept the chariots with a golden broom, the majestic chariots of Lord Jagannath, Lord Balabhadra and Devi Subhadra will begin rolling at 4 pm.
Beyond Puri, the Jagannath Rath Yatra is also celebrated with equal religious fervour across several states, including Uttar Pradesh and Gujarat, drawing large crowds of devotees who participate in ceremonial chariot processions and prayers.
The customary visit of Puri Shankaracharya Swami Nischalananda Saraswati also took place before the chariots commenced their journey, temple officials said.
A multi-layered security cover has been thrown around the coastal town, with nearly 13,000 personnel from the Odisha Police, central armed forces, the Indian Navy and the Indian Coast Guard deployed.
Authorities said surveillance, traffic regulation, emergency response and crowd control have been significantly strengthened to manage the massive turnout of devotees.
Officials said a comprehensive crowd-management strategy has been put in place this year to prevent a repeat of the tragedy as the annual festival unfolds amid heavy rain and an expected surge in pilgrims.
Puri received 143.8 mm of rainfall on the eve of the festival, while the India Meteorological Department forecast more rain and thunderstorms during the day. To ensure the procession remains uninterrupted, the administration deployed pumps and drainage systems to prevent waterlogging along the Grand Road, where the chariots will be pulled.",False,2,2,0.74,False,False,False
0b6c07f816613b3f,EVT_00601,hindustan_times,2026-07-16 13:41:03,2026-07-16,Kanwariyas vandalise pickup truck after vehicle allegedly brushed against Kanwar in UP's Muzaffarnagar,https://www.hindustantimes.com/india-news/kanwariyas-vandalise-pickup-truck-after-vehicle-allegedly-brushed-against-kanwar-in-ups-muzaffarnagar-101784186056269.html,"Kanwariyas vandalise pickup truck after vehicle allegedly brushed against Kanwar in UP's Muzaffarnagar
The incident took place near Khadar Chowk in Purkazi town on Wednesday night when a group of kanwariyas, including Naveen, Prince and Navneet.
A group of kanwariyas allegedly vandalised a pickup vehicle after it apparently came in contact with a 'kanwar' on the Delhi-Haridwar National Highway in Uttar Pradesh's Muzaffarnagar district, police said on Thursday.
The incident took place near Khadar Chowk in Purkazi town on Wednesday night when a group of kanwariyas, including Naveen, Prince and Navneet, was returning from Haridwar carrying holy water in ‘kanwars’, according to a report by news agency PTI.
Also Read | ‘Spent last three days without any sleep’: Delhi’s Shahdara worst affected by Kanwar ‘music’
Vehicle brushed against Kanwars
According to Station House Officer (SHO) Manvendra Singh Bhati, the pickup vehicle allegedly brushed against one of the 'kanwars', triggering anger among the pilgrims, who allegedly vandalised the vehicle.
Police rushed to the spot after receiving information about the incident and brought the situation under control, the SHO said.
The kanwariyas later resumed their yatra, while police seized the pickup vehicle and launched an investigation into the incident.
Also Read | UP DGP sets ‘Zero Incident, Zero Accident’ target for Kanwar Yatra
Traffic affected briefly on Delhi-Haridwar National Highway
Traffic on the Delhi-Haridwar National Highway was briefly affected due to the commotion but was later restored, police said, the report added.
The annual Kanwar Yatra is scheduled to begin on July 30 this year and conclude on August 11. However, some devotees begin their pilgrimage before the yatra officially starts.
Uttarakhand and UP police prepare for Kanwar Mela 2026
Ahead of the upcoming Shravan Kanwar Mela 2026, the Uttarakhand Police held a high-level review meeting on Thursday to assess security and logistical preparations for the annual pilgrimage, ANI reported.
According to a release issued by the Uttarakhand Police Headquarters, the meeting was chaired by Director General of Police (DGP) Deepam Seth at the Police Headquarters.
Reviewing the preparations, the DGP said the Kanwar Mela is a massive and highly sensitive religious event. Ensuring the safety of pilgrims, smooth movement, effective traffic management, and maintaining law and order are the top priorities of the Uttarakhand Police, he said.
He directed all officers to complete preparations well in advance and coordinate closely with the concerned departments and neighbouring states.
Uttar Pradesh Director General of Police (DGP) Rajeev Krishna also directed all district police chiefs and senior field officers to ensure that the upcoming Kanwar Yatra from July 30 and other festivals are conducted with the twin objectives of ‘Zero Incident’ and ‘Zero Accident’, while ordering a week-long statewide drive to trace active criminals found missing during police verification, HT earlier reported.",False,2,2,0.52,False,False,False
f6ed81863d8ea75e,EVT_00601,the_hindu,2026-07-16 12:01:32,2026-07-16,"A group of kanwariyas allegedly vandalised a pickup vehicle after it apparently came in contact with a 'kanwar' on the Delhi-Haridwar National Highway in Muzaffarnagar district, police said on Thursday (July 16, 2026).",https://www.thehindu.com/news/national/uttar-pradesh/kanwariyas-vandalise-pickup-after-contact-with-kanwar-in-uttar-pradeshs-muzaffarnagar/article71228773.ece,"A group of kanwariyas allegedly vandalised a pickup vehicle after it apparently came in contact with a 'kanwar' on the Delhi-Haridwar National Highway in Muzaffarnagar district, police said on Thursday (July 16, 2026).
The kanwariyas later resumed their yatra, while police seized the pickup vehicle and launched an investigation into the incident.
The incident took place near Khadar Chowk in Purkazi town on Wednesday (July 15) night when a group of kanwariyas, including Naveen, Prince and Navneet, was returning from Haridwar carrying holy water in 'kanwars'.
According to Station House Officer (SHO) Manvendra Singh Bhati, the pickup vehicle allegedly brushed against one of the 'kanwars', triggering anger among the pilgrims who allegedly vandalised the vehicle.
Police rushed to the spot on receiving information about the incident and brought the situation under control, the SHO said.
Traffic on the Delhi-Haridwar National Highway, which was briefly affected due to the commotion, was later restored, police said.
The annual Kanwar Yatra is scheduled to start this year on July 30 and will conclude on August 11. Some people begin their pilgrimage before the yatra officially kicks in.
Published - July 16, 2026 12:01 pm IST",False,2,2,0.52,False,False,False
b1bed819191590ce,EVT_00652,india_today,2026-07-16 11:10:17,2026-07-16,"Don't ask me to end fast, join July 20 march to Parliament instead: Sonam Wangchuk",https://www.indiatoday.in/india/story/sonam-wangchuk-refuses-to-end-hunger-strike-urges-july-20-parliament-march-2948949-2026-07-16,"Don't ask me to end fast, join July 20 march to Parliament instead: Sonam Wangchuk
Sonam Wangchuk, who is in the third week of his indefinite hunger strike, urged citizens and political leaders to join the CJP's July 20 ""Chalo Sansad"" march instead of asking him to end his fast, adding that the march will be a ""real lesson in political science and democracy.""
Activist Sonam Wangchuk, in a late-night video message on Wednesday, refused to end his indefinite hunger strike despite appeals from supporters and political leaders, saying calling it off without any assurance from the government would send the wrong message and urged people to join the July 20 march to Parliament instead of asking him to break his fast.
""If I eat, what message will go? The message to the government will be that there is no need for accountability. Protesters sit and leave..."" Wangchuk said in the video, questioning what would change if he broke his fast.
Instead, the 59-year-old activist urged citizens to participate in the Cockroach Janta Party's proposed ""Chalo Sansad"" march on July 20, saying the demonstration would serve as a ""real lesson in political science and democracy"" for students.
In the video, shared on the 18th day of his hunger strike, Wangchuk said he had received thousands of requests from supporters to end his fast, while several senior political leaders had also reached out to him with concern.
""Many senior politicians have come to me and spoken to me with love and concern. Some have even approached the court seeking directions to make me eat,"" he said.
Meanwhile, our reporter spent a night at the CJP protest site at Jantar Mantar, closely observing Sonam Wangchuk's hunger strike and the protest from the ground.
Addressing concerns over his health, Wangchuk said medical tests had not shown any immediate danger and that he was fit to continue the fast.
""My condition is not such that I will die in two-four days. Many medical tests have been conducted and the results are quite normal for an 18-day fast. An ECG was also done and it is not bad. I can continue for many more days,"" he said while acknowledging weakness and muscle loss.
""There is weakness and my muscles are getting weak, but my heart and core are still fine,"" Wangchuk added.
Furthermore, Wangchuk also appealed to schools, colleges and universities to mark July 20 as a day of ""experiential education"" under the National Education Policy by joining the march, saying students would witness a ""real lesson in political science and democracy"".
""Come in thousands on July 20. Together, we will hand over this issue to Parliament. Then I will believe that it has gone into the right hands,"" Wangchuk said.
The Cockroach Janta Party (CJP) has been protesting at Jantar Mantar, demanding the resignation of Union Education Minister Dharmendra Pradhan over irregularities in the NEET examination. The group has announced the ""Chalo Sansad"" march on July 20, coinciding with the first day of the Monsoon Session of Parliament.",False,2,2,0.73,False,False,False
345fcf2f0f31df29,EVT_00632,hindustan_times,2026-07-16 14:47:51,2026-07-16,TMC MP Koel Mallick resigns from Rajya Sabha in fresh blow to Mamata Banerjee,https://www.hindustantimes.com/india-news/tmc-mp-koel-mallick-resigns-from-rajya-sabha-in-fresh-blow-to-mamata-banerjee-trinamool-congress-west-bengal-actor-101784192994301.html,"TMC MP Koel Mallick resigns from Rajya Sabha in fresh blow to Mamata Banerjee
Koel Mallick's resignation from Rajya Sabha comes a day after TMC MLA Madan Mitra joined the rebel camp in West Bengal legislative assembly on Wednesday.
In fresh blow to former West Bengal chief minister Mamata Banerjee, her party's MP Koel Mallick resigned from Rajya Sabha on Thursday just months after taking oath. Mallick, who is also an actor in Bengali film industry, took oath as Member of Parliament in Rajya Sabha in April this year.
Mallick wrote to Rajya Sabha chairman CP Radhakrishnan on Thursday expressing that resigns as an MP. “I do hereby resign from the membership of Rajya Sabha, which may please be accepted with immediate effect,” she wrote in the letter.
“I convey my sincere gratitude to your Excellency, Hon'ble Deputy Chairman and all functionaries of the Rajya Sabha Secretariat extending all help and cooperation during my tenure as a Member of the Rajya Sabha,” she added.
The TMC MP has not yet made any statement about why she decided to resign from Rajya Sabha.
Mallick's resignation is fresh in several such blows to TMC supremo Mamata Banerjee, who is going through one of the worst political crises she has witnessed lately, particularly after TMC's crushing defeat against the Bharatiya Janata Party in recently held West Bengal assembly polls.
Mallick's resignation comes a day after Trinamool Congress MLA Madan Mitra joined the rebel camp in the West Bengal legislative assembly on Wednesday.
- ABOUT THE AUTHORHT News DeskFollow the latest breaking news, major developments and agenda-setting stories from India and around the world with the newsdesk at Hindustan Times. Operating round the clock, the desk brings together experienced editors, reporters and correspondents to deliver fast, accurate and contextual reporting across subjects that influence public policy, governance, business, society and international affairs. The HT News Desk covers politics, elections, government policies, the economy, business and markets, science and technology, the environment, law and order, infrastructure, education, climate issues and geopolitics, while closely tracking developments across states, institutions and global capitals. The team also leads coverage of major breaking news events, policy announcements, court proceedings, natural disasters, public emergencies and significant international developments. Reports published by the newsdesk are based on information gathered from reporters on the ground, official statements, government agencies, court records, regulatory filings, recognised institutions and other authoritative sources. Stories undergo editorial scrutiny and verification processes to ensure accuracy, fairness and relevance, and are updated as events evolve and additional information becomes available. Whether covering a key political decision in New Delhi, an economic policy shift affecting millions, a landmark court ruling or a major global event, the HT News Desk aims to provide readers with reliable, fact-based journalism that delivers not only the latest developments but also the context and analysis needed to understand their wider implications.Read More ",False,3,3,0.55,False,False,False
5823ccff0b5991f8,EVT_00652,hindustan_times,2026-07-16 10:27:22,2026-07-16,"'Not in good shape but…': Sonam Wangchuk refuses to end fast, calls for Parliament march",https://www.hindustantimes.com/india-news/not-in-good-shape-but-sonam-wangchuk-refuses-to-end-fast-hunger-strike-calls-for-parliament-march-cjp-protest-101784173539572.html,"'Not in good shape but…': Sonam Wangchuk refuses to end fast, calls for Parliament march
The Delhi High Court is scheduled to hear on Thursday a public interest litigation expressing concern over Wangchuk's deteriorating health.
Climate activist Sonam Wangchuk, in a latest video message, said he would continue his indefinite hunger strike despite mounting concerns over his health, urging supporters to join him and the Cockroach Janta Party for a peaceful march to the Parliament on July 20 instead of asking him to end his fast.
""I’m not in good shape but not so bad either... Rather than asking me to break my fast please join me on 20th July... Peaceful March to the Parliament,"" Wangchuk said in a post on X, a day before the Delhi High Court is set to hear a plea seeking urgent medical intervention.
Delhi HC hearing on Thursday
The Delhi High Court is scheduled to hear on Thursday a public interest litigation expressing concern over Wangchuk's deteriorating health during his indefinite fast at Jantar Mantar.
The petition, filed on Wednesday, seeks directions to admit the activist to a hospital, ensure he receives appropriate medical treatment and provide him with nutritional support through force-feeding, if necessary.
Also Read | Who has supported Sonam Wangchuk so far? A look at list of politicians, actors amid hunger strike concerns
‘Won’t end fast': Wangchuk
The Cockroach Janata Party (CJP) has called for a one-day mass hunger strike on today in solidarity with Wangchuk and students across the country.
In a post on X, the CJP said, ""Tomorrow, July 16th, join us for 1-day mass hunger strike in solidarity with Sonam Wangchuk and the students of this country.""
Wangchuk, who has been on an indefinite hunger strike, said on Wednesday that he would not end his fast as doing so would send a message that the protests were not serious.
In a video message, he said that although he was losing muscle mass, his heart and other vital organs were functioning well and his medical reports remained normal.
He appealed to supporters and well-wishers to participate in a peaceful march to Parliament on July 20 instead of urging him to call off the fast.
Wangchuk receives support
CJP founder Abhijeet Dipke said Wangchuk's condition had worsened significantly during the fast.
As concern over his condition mounted, leaders across political parties, including Trinamool Congress chief Mamata Banerjee, Samajwadi Party president Akhilesh Yadav, Shiv Sena (UBT) chief Uddhav Thackeray and AAP national convenor Arvind Kejriwal appealed to Wangchuk to call off his hunger strike.
The CJP, which has been protesting at Delhi's Jantar Mantar for the past 25 days over the NEET issue, also unveiled a five-point examination reform charter on Tuesday, claiming support for its agitation was growing across political parties.
Veteran actor Zeenat Aman urged the government to begin talks with Wangchuk, saying India should not ""sit back and watch one of its greatest minds be sacrificed.""
Actor Omi Vaidya, best known for playing Chatur ""Silencer"" Ramalingam in 3 Idiots, also appealed to the public to pay attention to Wangchuk's worsening health, saying he did not want the activist to die.",False,2,2,0.73,False,False,False
6f16fdf30c36f1eb,EVT_00667,india_today,2026-07-16 14:01:36,2026-07-16,"Congress to raise Ram Mandir donation row, oppose delimitation bill in Parliament",https://www.indiatoday.in/india/story/congress-monsoon-session-strategy-delimitation-ram-mandir-donations-china-west-asia-2949059-2026-07-16,"Congress to raise Ram Mandir donation row, oppose delimitation bill in Parliament
Congress leaders finalised their strategy for the upcoming Monsoon Session after a parliamentary party meeting held at Sonia Gandhi's residence in New Delhi.
Senior Congress leaders on Thursday finalised the party's strategy for the upcoming Monsoon session of Parliament, announcing that they would oppose several Bills expected to be introduced by the Centre and raise issues ranging from the alleged misuse of Ram Mandir donations to India's ties with China, the United States and West Asia conflict.
Addressing a press conference after a meeting of the Congress Parliamentary Party in New Delhi, senior leaders Jairam Ramesh and Syed Naseer Hussain outlined the party's legislative strategy.
Syed Naseer Hussain said the meeting focused on the issues the Congress intends to raise during the session and the party's approach towards the bills that the government is expected to introduce.
Jairam Ramesh said the meeting, chaired by Congress Parliamentary Party chairperson Sonia Gandhi, lasted for around one-and-a-half hours. He said the party had not yet taken a final position on the bills likely to be introduced, as the government has not formally shared the legislative agenda.
""The all-party meeting has been convened on July 19. The formal details of the bills will be available only then,"" Ramesh said.
Criticising the format of the all-party meeting, Ramesh claimed that despite around 35 participants attending, only four representatives from the government are allowed to speak. He also said the Congress has learnt that the government is making serious efforts to bring back the proposed Delimitation Bill and that the issue figured prominently during the party's discussions.
The Congress said it would strongly oppose the proposed delimitation legislation. It also announced its opposition to the proposed bill relating to the removal of the Prime Minister and Chief Ministers upon imprisonment, as well as amendments to the National Food Security Act.
Ramesh alleged that the ruling dispensation was attempting to secure a two-thirds majority by weakening opposition parties.
He asserted that the Congress remains in constant touch with its allies under the leadership of Rahul Gandhi and Congress president Mallikarjun Kharge and claimed that the BJP-led NDA would not be able to secure the numbers required for constitutional amendments.
Calling such attempts ""disrespectful to the people's mandate and the Constitution"", Ramesh said the Congress would raise the alleged embezzlement of donations collected for the Ram Mandir in Ayodhya during the Monsoon session.
The party also said it would raise what it described as the ""E20 scam"", alleging the involvement of some ministers and their sons, though it did not provide further details or evidence at the briefing.
In addition, the Congress said it would seek discussions on India's diplomatic engagement with China, the United States and the ongoing crisis in West Asia.
Responding to reports suggesting that the Nationalist Congress Party (Sharadchandra Pawar) could consider supporting the NDA on certain issues, the Congress cited NCP (SP) leader Supriya Sule's clarification rejecting such speculation.",False,2,2,0.91,False,False,False
7c21dfdef7a217d0,EVT_00634,india_today,2026-07-16 08:43:41,2026-07-16,"Karnataka doctor killed, son stabbed, wife found scrolling on phone beside bodies",https://www.indiatoday.in/india/karnataka/story/dharwad-doctor-murder-dr-kiran-honannavar-killed-son-stabbed-alleged-wife-attack-2948896-2026-07-16,"Karnataka doctor killed, son stabbed, wife found scrolling on phone beside bodies
Dr Kiran Honannavar was allegedly killed by his doctor wife inside their apartment in Karnataka's Dharwad, while their eight-year-old son was also allegedly stabbed. A video from the scene showed Dr Honannavar's wife lying down and scrolling through her phone while the bodies of her husband and son lay in a pool of blood.
A 45-year-old doctor, Dr Kiran Honannavar, was murdered allegedly by his wife, Priyanka, who is also a doctor, inside their apartment in Karnataka's Dharwad on Wednesday. The couple's eight-year-old son was also stabbed and is undergoing treatment at a private hospital.
Alerted by neighbours, the police walked into a scene of horror, with blood splattered across the apartment. A video from the scene showed Dr Honannavar's wife lying down and scrolling through her phone while the bodies of her husband and son lay in a pool of blood.
After being alerted, Hubballi-Dharwad Police Commissioner N Shashikumar arrived at the crime scene, noticed the injured child was still breathing, and rushed him to the hospital.
According to the information available so far, when Kiran's relatives and friends called on Tuesday night and again on Wednesday morning, Priyanka answered the phone, telling them first that he was resting and later that he had gone out on duty.
When family members eventually visited the couple's flat on Wednesday evening after receiving no response from him, they found the father and son lying in a pool of blood, while the accused was lying on the bed, scrolling through her phone.
Hubballi-Dharwad Police Commissioner N Shashikumar said Dr Kiran Honannavar, an anaesthetist at Chirayu Hospital, lived with his wife, Priyanka Kattanahalli, an MBBS graduate with an MS in Ophthalmology, and their eight-year-old son in a sixth-floor apartment opposite Pavan High School. He added that Kiran's family members used to visit them frequently.
Describing the scene, the Commissioner said police found Dr Kiran lying dead in a pool of blood in one of the rooms. The 8-year-old boy had also suffered stab injuries, he added. ""We are yet to ascertain during the investigation when exactly the child was attacked. Since he was still alive, we shifted him to the hospital immediately,"" he said.
Shashikumar said that the police are trying to establish when the incident took place and what led to it. According to the preliminary findings, only the husband, wife and child were inside the apartment at the time of the incident, and there is no indication so far that any outsider entered the house.
He further said neighbours had been trying to contact the family since morning, but Priyanka told them she was inside the house and that her husband had gone out.
""We will conduct a detailed investigation to determine what exactly happened, whom she spoke to, what she told them, and the sequence of events inside the apartment,"" the Commissioner said, adding that a murder case has been registered, and the investigation is underway.",False,2,2,0.78,False,False,False
3fc8190f5df7dde3,EVT_00634,hindustan_times,2026-07-16 11:09:33,2026-07-16,"Karnataka anaesthetist stabbed to death, son injured; doctor wife in custody",https://www.hindustantimes.com/india-news/karnataka-anaesthetist-stabbed-to-death-son-injured-doctor-wife-in-custody-101784178847520.html,"Karnataka anaesthetist stabbed to death, son injured; doctor wife in custody
A 45-year-old anaesthetist has allegedly been stabbed to death at his apartment here, while his eight-year-old son sustained serious stab injuries
A 45-year-old anaesthetist has allegedly been stabbed to death at his apartment here, while his eight-year-old son sustained serious stab injuries in an apparent attack, police said on Thursday.
His wife Dr Priya, has been taken into custody for questioning, they added.
The deceased, Dr Kiran Honnannavar, worked at a private hospital and was a resident of Ranka Stello Apartments on Karnataka University Road.
Also Read: Man found dead in Kannada actor Krishi Thapanda's Bengaluru home; police launch investigation
According to police, Honnannavar was found lying in a pool of blood on a bedroom mattress with fatal stab injuries to his neck on Wednesday.
His son was also found with severe stab injuries in what police suspect was an attempt on the child's life.
Acting on information, police rescued the boy and shifted him to a hospital. A preliminary investigation suggests the incident may have been linked to a domestic dispute, based on a complaint lodged by the victim's family members.
Police Commissioner N Shashikumar said they are trying to ascertain what really transpired.
He said that Priya, a doctor with an MBBS degree, had allegedly answered calls made to her husband's mobile phone by his relatives and friends since Tuesday evening and each time she told a different story about his whereabouts.
""Why the incident happened, for what reason needs to be ascertained. Only three people -- husband, wife and child -- were at home. No one has come from outside. We need to investigate what really happened. A murder case has been registered,"" the Commissioner told reporters.
Stating that the wife is in a complete state of shock and was making incoherent statements, he further said the exact motive behind the murder will be known only after the investigation.
Police said that the child is said to be autistic, and it needs to be verified.
Police have registered a case, and further investigation is underway.",False,2,2,0.78,False,False,False
4d063a6c33d2656d,EVT_00645,hindustan_times,2026-07-16 12:10:25,2026-07-16,Uttarakhand: Worker killed in concrete lining collapse inside Silkyara tunnel,https://www.hindustantimes.com/india-news/uttarakhand-worker-killed-in-concrete-lining-collapse-inside-silkyara-tunnel-101784184026536.html,"Uttarakhand: Worker killed in concrete lining collapse inside Silkyara tunnel
The fatal incident occurred when a heavy section of the tunnel’s concrete shotcrete lining fractured and collapsed on the worker
A 21-year-old construction worker from Jharkhand was killed after a section of the concrete lining inside the Silkyara-Barkot tunnel collapsed in Uttarkashi district during the early hours of Thursday, officials said.
Confirming the incident, Uttarkashi District Magistrate Prashant Arya said the incident occurred at around 2am, nearly 900 metres from the Barkot-side part of the 4.5-km-long tunnel.
“The fatal incident occurred when a heavy section of the tunnel’s concrete shotcrete lining fractured and collapsed on the worker,” Arya said.
Also Read:Silkyara tunnel breakthrough achieved; project completion expected in 18 months
The worker sustained fatal injuries after being struck by the falling debris and died at the site, he added.
Arya said no other workers were trapped in the collapse and the tunnel remained accessible.
“No other labourers are currently caught under the debris. However, the final details will be available only after the complete inquiry report is submitted,” he said.
The district magistrate directed senior district officials, including the sub-divisional magistrate (SDM), Barkot, to visit the site, assess the situation and submit a detailed report.
Meanwhile, the National Highways and Infrastructure Development Corporation Limited (NHIDCL) has launched a probe into the incident to determine the exact cause of the structural failure. Officials said conclusions would be drawn only after the factual assessment is completed.
The Silkyara tunnel had drawn international attention in November 2023 when a major collapse inside the tunnel blocked a 60-metre stretch of the tunnel, trapping 41 workers inside for 17 days. The workers were eventually rescued in a complex multi-agency operation after specialised rat-hole miners manually drilled through the final section of debris and twisted steel to reach them.",False,2,2,0.95,False,False,False
e274b6dd63e578f5,EVT_00645,india_today,2026-07-16 12:55:55,2026-07-16,Worker killed after concrete lining falls inside Silkyara Tunnel in Uttarakhand,https://www.indiatoday.in/india/story/silkyara-tunnel-accident-worker-killed-after-concrete-lining-falls-uttarakhand-uttarkashi-2949010-2026-07-16,"Worker killed after concrete lining falls inside Silkyara Tunnel in Uttarakhand
The incident occurred at around 2 am, approximately 900 metres inside the tunnel from the Barkot side. The 21-year-old man hailed from Jharkhand, the project manager of the company carrying out the tunnel's construction said.
A young worker was killed after a section of concrete lining fell on him inside the under-construction Silkyara Tunnel in Uttarakhand's Uttarkashi district during the early hours of Friday, according to authorities.
The body has been sent for post-mortem examination. The incident occurred at around 2 am, approximately 900 metres inside the tunnel from the Barkot side, preliminary information suggests.
The man hailed from Jharkhand, the project manager of the company carrying out the tunnel's construction said.
""A block of the tunnel’s concrete (shotcrete) lining collapsed about 900 metres inside from the Barkot side. A 21-year-old labourer from Jharkhand died after being trapped under the fallen concrete,"" Uttarkashi District Magistrate, Prashant Arya, was quoted as saying by news agency ANI.
A thorough investigation into the accident will be conducted by the National Highways & Infrastructure Development Corporation Limited (NHIDCL), which will subsequently submit its report.
The exact cause of the accident and other details will be confirmed only after the investigation report is completed.
The 4.5-km tunnel is being built as part of the central government's Char Dham all-weather road connectivity project.
It became a subject of nationwide attention when a landslide caused 41 workers to be trapped inside it for 17 days, before they were eventually rescued in an operation involving various government agencies.",False,2,2,0.95,False,False,False
c95843ea23c46561,EVT_00809,the_hindu,2026-07-17 22:10:02,2026-07-17,"The Indian Navy has received another MH-60R Seahawk multi-role naval helicopter from the United States, further strengthening its anti-submarine warfare and maritime surveillance capabilities.",https://www.thehindu.com/news/national/one-more-us-made-anti-submarine-helicopter-delivered-to-the-indian-navy/article71235170.ece,"The Indian Navy has received another MH-60R Seahawk multi-role naval helicopter from the United States, further strengthening its anti-submarine warfare and maritime surveillance capabilities.
This brings the total number delivered to 21 out of the 24 ordered.
The U.S. Embassy said on Friday that the latest helicopter was delivered in Kochi last week, while two more helicopters are expected to arrive in India this week.
Announcing the delivery on X, the U.S. Embassy said the induction reflects the growing India-U.S. defence partnership. U.S. Ambassador to India Sergio Gor described the development as “excellent news” for bilateral ties, saying the advanced helicopter would enhance maritime security and reinforce the shared commitment of both countries to a free and open Indo-Pacific.
Designed to fight submarines
The MH-60R, manufactured by Lockheed Martin under the U.S. Foreign Military Sales (FMS) programme, is among the world’s most advanced shipborne helicopters. Designed primarily for anti-submarine and anti-surface warfare, it is equipped with a dipping sonar, sonobuoys, a multi-mode radar, electro-optical sensors and Mk-54 lightweight torpedoes. It can also carry AGM-114 Hellfire missiles and machine guns to engage surface threats.
Apart from combat missions, the helicopter is capable of search and rescue, medical evacuation, surveillance and logistics support, significantly expanding the operational reach of the Indian Navy’s frontline warships.
The Navy commissioned its first MH-60R squadron, INAS 334 ‘Seahawks’, at INS Garuda, Kochi, in March 2024. The second squadron, INAS 335 ‘Ospreys’, was raised at INS Hansa, Goa, in December 2025, enabling deployment of the helicopters on both the eastern and western seaboards aboard aircraft carriers, destroyers, and Project 17A stealth frigates.
India had signed a deal in 2020 to procure 24 MH-60R helicopters from the U.S. to replace the ageing Sea King fleet.
In December 2025 New Delhi signed a sustainment package for the MH-60R Seahawk helicopter fleet.
Often called the “Romeo”, the MH-60 Seahawk is used by the U.S. Navy and partner nations worldwide, serving as a versatile platform for surveillance, search-and rescue, medical evacuation and warship-based missions.
Published - July 17, 2026 10:10 pm IST",False,2,2,0.47,False,False,False
a55a21c266d13e45,EVT_00809,hindustan_times,2026-07-17 12:48:24,2026-07-17,"MH-60R Seahawk delivered to India, 2 more on the way: All about ace chopper central to US defence ties",https://www.hindustantimes.com/india-news/mh60r-seahawk-delivered-to-india-2-more-on-the-way-all-about-ace-chopper-central-to-us-defence-ties-101784270590298.html,"MH-60R Seahawk delivered to India, 2 more on the way: All about ace chopper central to US defence ties
Another MH-60R Seahawk had been delivered to the Indian Navy in Kochi last week, with two more helicopters expected to arrive this week.
In a big boost to the India-US defence partnership, another MH-60R Seahawk naval helicopter has been delivered to the Indian Navy. US Ambassador to India Sergio Gor called it an ""excellent news"" for the India-US partnership, saying the advanced platform would strengthen maritime security in the Indo-Pacific.
The MH-60R Seahawk was delivered to the Indian Navy in Kochi last week, with two more helicopters expected to arrive this week, the US embassy in India said on Friday.
Sharing the announcement on X, Gor wrote, ""Excellent news for our growing U.S.-India defense partnership! Great to see this advanced capability strengthening maritime security and our shared commitment to a free and open Indo-Pacific.""
The US Embassy in India said another MH-60R Seahawk, developed by Lockheed Martin, had been delivered to the Indian Navy at Kochi last week.
“Another MH-60R Seahawk naval helicopter touched down on Indian shores! Developed by @LockheedMartin, this highly equipped helicopter was delivered to the @IndianNavy at Kochi last week, with two more arriving this week. Thrilled to see the U.S.-India defense partnership growing stronger.”
Also Read | India, US sign $946-million deal for sustainment of MH-60R Seahawk helicopters. Details
All about MH-60R Seahawk, deployed during Op Sindoor
India signed a deal with the United States to procure 24 MH-60R Seahawk helicopters under the Foreign Military Sales (FMS) programme in 2020 as part of efforts to modernise the Indian Navy's helicopter fleet, according to news agency ANI.
The Indian Navy formally inducted the multi-role helicopters in March 2024 at INS Garuda in Kochi.
In December 2025, India also signed a sustainment package for the fleet, a move aimed at ensuring long-term maintenance, higher operational availability and improved logistics support.
The Ministry of Defence approved the sustainment contract, valued at approximately ₹7,995 crore (around USD 946 million), to support the fleet manufactured by Lockheed Martin.
The agreement is expected to improve operational readiness, enhance interoperability with US forces and strengthen maritime security in the Indian Ocean Region.
In December 2025, following the commissioning of the second squadron operating the helicopters, then Indian Navy chief Admiral Dinesh K Tripathi said the MH-60R had been deployed during Operation Sindoor and had “did what they were supposed to do.”
Describing the platform as ""very potent"" and ""well-proven"", the Navy chief had added, “MH-60R is a very potent platform, well-proven. We are very happy that we signed the contract for the induction of 24 MH-60R.”
“The MH-60R helicopter has already proven its prowess across multiple missions during Operation Sindoor,” the government said in a release last year.
Also Read | Indian-American tech billionaire Vinod Khosla agrees to buy Seattle Seahawks for record $9.6 billion
Why is MH-60R Seahawk important?
The MH-60R Seahawk is a multi-role maritime helicopter designed to carry out a wide range of naval operations.
It can undertake anti-submarine warfare, anti-surface warfare, maritime surveillance, search-and-rescue missions, medical evacuation and operations from warships, including aircraft carriers, destroyers and frigates, the report added.
Its induction has significantly enhanced the Indian Navy's ability to detect submarines, monitor strategic sea lanes, protect carrier strike groups and respond rapidly to maritime threats across the Indian Ocean Region.
The helicopter is equipped with advanced mission systems, including dipping sonar, sonobuoys, multi-mode radar and Mk-54 lightweight torpedoes for anti-submarine warfare.
For anti-surface missions, it can carry AGM-114 Hellfire missiles, lightweight torpedoes and machine guns, supported by sophisticated radar and electro-optical targeting systems.
Often referred to as the ""Romeo"", the MH-60R is operated by the US Navy and several partner nations around the world. Besides combat operations, it is also used for surveillance, humanitarian assistance, search-and-rescue and medical evacuation missions, making it one of the most versatile naval helicopters in service today.",False,2,2,0.47,False,False,False
e0f4cff6a6c713df,EVT_00902,hindustan_times,2026-07-17 08:34:30,2026-07-17,"Prime Minister Narendra Modi on Thursday spoke to the Emir of Qatar, Sheikh Tamim bin Hamad Al Thani, and conveyed his heartfelt condolences on the passing of the latter’s father and previous Emir, Sheikh Hamad bin Khalifa Al Thani, who died on July ...",https://www.hindustantimes.com/india-news/pm-modi-condoles-death-of-qatars-father-amir-in-call-with-emir-101784256398067.html,"Prime Minister Narendra Modi on Thursday spoke to the Emir of Qatar, Sheikh Tamim bin Hamad Al Thani, and conveyed his heartfelt condolences on the passing of the latter’s father and previous Emir, Sheikh Hamad bin Khalifa Al Thani, who died on July 12 at the age of 74. Following his death, the Centre had declared one-day national mourning on July 13 as a mark of respect.
” Recalled his (Father Amir) deep affection for India, his warmth towards the Indian community in Qatar and his steadfast commitment to India-Qatar relations. His enduring legacy will continue to guide our two countries as we further strengthen our Strategic Partnership,” Modi said on X",False,2,2,0.54,False,False,False
81055c550b5fc559,EVT_00695,the_hindu,2026-07-17 17:06:24,2026-07-17,"Prime Minister Narendra Modi on Friday flagged off the country’s first hydrogen-powered train, even as he took a dig at Congress governments at the Centre before 2014, accusing them of ignoring the country’s railway sector as the middle class and the...",https://www.thehindu.com/news/national/indias-development-did-not-come-to-standstill-despite-oil-supply-crisis-pm-modi/article71233825.ece,"Prime Minister Narendra Modi on Friday flagged off the country’s first hydrogen-powered train, even as he took a dig at Congress governments at the Centre before 2014, accusing them of ignoring the country’s railway sector as the middle class and the poor were never on their priority list.
Mr. Modi also made a sharp attack on the Aam Aadmi Party (AAP) government in Punjab, accusing it of betraying the people of the border State as the party failed on every front and was now using advertisements to conceal their betrayal and failures.
The Prime Minister addressed different gathering in Haryana’s Jind, Punjab’s Jalandhar and in Chandigarh. In Jind, after flagging off the country’s first hydrogen-powered train between Jind and Sonipat, he said that had the “Hormuz” situation occurred before 2014, the Indian Railways would have come to a standstill. However, owing to transformations in Indian Railways in the past 12 years of the BJP’s regime, railway operations in the country have been going on smoothly, he added.
“...A war has been going on in West Asia, in the region of Hormuz and through the sea route via Hormuz, India receives a large portion of its petrol, diesel, LPG gas and fertilizers. But for the past three to four months, this route has turned into a battlefield.. Had this situation occurred before 2014, the operations of Indian Railways would have come to a standstill. Because at that time, in 2014, in a large part of the country, our trains ran solely on diesel,” said Mr. Modi.
Electrification began in 1925
“The electrification of Indian Railways began in 1925, nearly a century ago. From 1925 to 2014, in about 90 years, only 30% of the railway network was electrified and 70% ran on diesel. But in the past 12 years, nearly 99% of India’s railway network has been electrified,” he added.
In Jalandhar, Mr. Modi said: “Indian Railways is the transporter of poor and middle-class families. The Congress government used to sit back comfortably after making false announcements about new trains. Railway development work being done today should have been done 30-40 years ago. But this work was simply not on the priority list of the previous governments,” he said.
Hitting out at the AAP, Mr. Modi said: “The law and order situation in Punjab has deteriorated. Doing business and trade has become difficult. Ransom is being demanded from people. Even police stations are not safe.”
‘Arrogant claims of AAP’
He alleged that drug traffickers are roaming freely and pushing the youth of Punjab into the swamp of drug addiction. “The people who are sitting in power in Punjab used to very arrogantly claim that they would change the politics of the country. But today, the country is witnessing their reality. Just two or three days ago, a court in Delhi declared one of their leaders guilty. The charge against him is for inciting riots,” he said.
“Extortion, illegal collection, unauthorised possession, all of these have become the trademark of their politics. In Punjab, the person who was made the Health Minister had to be dismissed due to bribery. Their MLAs are being caught red-handed accepting bribes,” he said.
“The Central government is making efforts so that the people of Punjab receive the benefits of every central scheme. But under the government of this corrupt party, an open game of looting is going on here. In the past 12 years, lakhs of crores of rupees were sent from the Centre to Punjab, but the Punjab government did not spend that money in the right places. The situation is such that every developmental work in Punjab has come to a standstill,” alleged Mr. Modi.
In Haryana, Mr. Modi laid the foundation stone and dedicated to the nation various development projects worth around ₹14,700 crore. In Chandigarh, he did likewise for projects worth over ₹4,700 crore, while in Punjab, the projects were valued at ₹5,470 crore.
Published - July 17, 2026 05:06 pm IST",False,6,3,0.33,True,False,False
851fbc9539137e6f,EVT_00695,the_times_of_india,2026-07-17 11:54:00,2026-07-17,"NEW DELHI: Shiv Sena (UBT) leader Priyanka Chaturvedi on Friday urged the Centre to remove the Union education minister, saying it was the ""right thing"" for the government to do and that students deserved credit for demanding accountability.",https://timesofindia.indiatimes.com/india/if-worry-is-about-credit-shiv-sena-ubts-chaturvedi-urges-centre-to-ease-out-education-minister/articleshow/132453979.cms,"NEW DELHI: Shiv Sena (UBT) leader Priyanka Chaturvedi on Friday urged the Centre to remove the Union education minister, saying it was the ""right thing"" for the government to do and that students deserved credit for demanding accountability.
In a post on X, Chaturvedi questioned the Centre's reluctance to act, saying the government had previously replaced ministers and should not hesitate if accountability was required.
""The right thing for GoI to do is to ease out the Education Minister, and this won't be a first for them, so why the hesitation?"" she wrote.
'Students deserve the credit'The former Rajya Sabha MP said the students who had raised their voices on the issue deserved recognition for fighting not only for themselves but also for the country's future.
""If it is about who gets credit for it then I'd say only the students of this country deserve it as they are the ones who fought for not just themselves but the nation's future,"" Chaturvedi said.
She further argued that concerns over political credit should not come in the way of fixing accountability. Chaturvedi also that said delaying action would only increase public dissatisfaction.
""If the worry is about political credit, then again blocking accountability over who gets credit and allowing discontent to fester won't help the government anyway,"" she added.
The remarks come amid activist Sonam Wangchuk's hunger strike at Jantar Mantar in support of the CJP's protest demanding Union education minister Dharmendra Pradhan's resignation over the NEET-UG paper leak case.",False,6,3,0.33,True,False,False
9915bda412e828b7,EVT_00902,the_times_of_india,2026-07-17 04:03:00,2026-07-17,"NEW DELHI: PM Narendra Modi spoke to Qatar Amir Sheikh Tamim bin Hamad Al Thani to convey his condolences on the passing of the latter's father Sheikh Hamad bin Khalifa Al Thani, the Father Amir of Qatar.",https://timesofindia.indiatimes.com/india/modi-speaks-to-qatar-amir-recalls-legacy-of-his-father/articleshow/132450019.cms,"NEW DELHI: PM Narendra Modi spoke to Qatar Amir Sheikh Tamim bin Hamad Al Thani to convey his condolences on the passing of the latter's father Sheikh Hamad bin Khalifa Al Thani, the Father Amir of Qatar.
Recalling the Father Amir's significant contributions as the chief architect of modern Qatar, PM paid tribute to his visionary leadership and recalled his pivotal role in strengthening India-Qatar relations over the years as well as his deep affection for India and the Indian community in Qatar, according to an Indian readout.
""Recalled his deep affection for India, his warmth towards the Indian community in Qatar and his steadfast commitment to India-Qatar relations. His enduring legacy will continue to guide our two countries as we further strengthen our strategic partnership,"" Modi posted on X.
India had earlier this week declared a day of national mourning on the passing of the Father Amir, acknowledging his contribution to the bilateral relationship. Qatar remains one of India's most important partners in the Gulf, as it is home to a sizeable Indian diaspora and also a principal source of energy, particularly LNG.
""The Amir of Qatar thanked the PM for his call and conveyed his appreciation for the words of support in this difficult hour. The two leaders reaffirmed their resolve to carry forward the Father Amir's legacy and further strengthen the India-Qatar strategic partnership and people-to-people ties,"" said Indian govt, adding that the leaders agreed to remain in close touch.",False,2,2,0.54,False,False,False
c55184381e73ff6b,EVT_00941,india_today,2026-07-17 23:44:43,2026-07-17,"Sheikh Hasina extradition request from Bangladesh under review, says India",https://www.indiatoday.in/india/story/sheikh-hasina-extradition-request-india-says-bangladesh-plea-under-examination-ptag-2950301-2026-07-17,"Sheikh Hasina extradition request from Bangladesh under review, says India
Hasina has been living in India since she fled Dhaka after the collapse of her government in August 2024 in the face of a massive anti-government agitation.
India on Friday said Bangladesh's request to extradite deposed former prime minister Sheikh Hasina is still under examination. The response from New Delhi came amid reports that Hasina is preparing to return to Dhaka to revive her Awami League party.
External Affairs Ministry spokesperson Randhir Jaiswal said the request was being considered in line with the legal issues involved. The development comes against the backdrop of strained ties between India and Bangladesh, even as both sides have taken steps in recent months to stabilise relations.
""We have received a request for extradition. This request, as we have said earlier as well, is under examination,"" Jaiswal said. ""The request is being taken into consideration given the legalities that are involved,"" he added.
Last week, sources close to Hasina said the 78-year-old former prime minister is preparing to voluntarily return to Dhaka to revive the Awami League.
Hasina has been living in India since she fled Dhaka after the collapse of her government in August 2024 in the face of a massive anti-government agitation.
Last November, Hasina was sentenced to death in absentia by a special tribunal in Dhaka for alleged ""crimes against humanity"" over her government's crackdown on student-led protests in 2024.
Since that verdict, Dhaka has been urging New Delhi to extradite her to face the law. ""We are all prepared to welcome our leader back,"" Kazi Nasim Rupak, a member of the publicity sub-committee of the Awami League, told PTI Videos on Friday.
Relations between India and Bangladesh saw a major downturn after the interim government headed by Muhammad Yunus came to power following the collapse of Hasina's government.
The two sides later began efforts to stabilise ties after Lok Sabha Speaker Om Birla, accompanied by Foreign Secretary Vikram Misri, represented India at the inauguration of Tarique Rahman as prime minister in Dhaka on February 17.
Rahman became prime minister after his party's landslide win in the parliamentary polls, which the Awami League was barred from contesting.
In April, Bangladesh Foreign Minister Khalilur Rahman visited India as part of efforts to repair bilateral ties after more than 18 months of diplomatic strain. It was the first high-level visit to India by a senior member of the new Bangladesh Nationalist Party government.
India has maintained that Bangladesh's extradition request for Hasina remains under scrutiny, even as reports of her possible return to Dhaka and recent diplomatic contacts underline the wider political and bilateral backdrop to the issue.",False,2,2,0.95,False,False,False
edf1eebcf1ea421c,EVT_00941,hindustan_times,2026-07-17 21:57:36,2026-07-17,"Dhaka’s request for Sheikh Hasina’s extradition is being examined, says India",https://www.hindustantimes.com/india-news/dhakas-request-for-sheikh-hasina-s-extradition-is-being-examined-says-india-101784305656805.html,"Dhaka’s request for Sheikh Hasina’s extradition is being examined, says India
Sheikh Hasina’s presence in India has remained an irritant in bilateral ties, which improved somewhat after the Tarique Rahman government came to power this year
India on Friday said that Bangladesh’s request for the extradition of deposed former prime minister Sheikh Hasina is being examined in light of the legal and judicial processes involved.
Hasina has lived in India in self-exile since she fled Bangladesh after the sudden collapse of her government in the face of student-led protests in August 2024. Her extradition was first sought by the interim administration led by Muhammad Yunus, and the demand has been repeated by the Bangladesh Nationalist Party (BNP) government led by Prime Minister Tarique Rahman.
External affairs ministry spokesperson Randhir Jaiswal responded to a question at a media briefing regarding Bangladesh’s request for the extradition of Hasina and other persons by saying, “We have received a request for extradition. This request, as we have said earlier as well, is under examination.”
He added, “The request is being taken into consideration, given the legalities…and judicial processes that are involved.”
Hasina’s presence in India has remained an irritant in bilateral ties, which improved somewhat after the Tarique Rahman government came to power earlier this year. Lok Sabha Speaker Om Birla represented India at Rahman’s inauguration in February, and this was followed by Bangladesh foreign minister Khalilur Rahman’s visit to New Delhi in April.
However, Dhaka has been angered by Hasina’s interviews while in self-exile, including a recent one in which she announced her plan to return to Bangladesh, where she faces a death sentence, in December. Bangladeshi authorities also directed the media not to carry Hasina’s remarks following her latest interview.
- ABOUT THE AUTHORRezaul H LaskarRezaul H Laskar is the Foreign Affairs Editor at Hindustan Times. His interests include movies and music. ",False,2,2,0.95,False,False,False
0505b1c49455675a,EVT_00835,hindustan_times,2026-07-17 21:10:36,2026-07-17,India rejects Pak protest on cross-border terror text in jt statement with Japan,https://www.hindustantimes.com/india-news/india-rejects-pak-protest-on-cross-border-terror-text-in-jt-statement-with-japan-101784302836927.html,"India rejects Pak protest on cross-border terror text in jt statement with Japan
After a meeting between PM Modi and Japan’s Sanae Takaichi, the two countries condemned all forms of terrorism, “including cross-border terrorism from Pakistan”
India on Friday responded to Pakistan’s protest over a reference to cross-border terrorism in an India-Japan joint statement by asserting that the document was self-explanatory and had addressed issues on which both countries have a “certain viewpoint”.
The India-Japan joint statement, issued after a meeting in New Delhi between Prime Minister Narendra Modi and his Japanese counterpart Sanae Takaichi, had strongly condemned all forms of terrorism, “including cross-border terrorism from Pakistan”. In response, Pakistan’s foreign office made a “strong démarche” to express its concerns to Japan through diplomatic channels.
“I would say the joint statement that was adopted during the visit of the Prime Minister of Japan to India has several issues addressed, which are of bilateral nature, and also on issues on which we have a certain viewpoint. I would say that our joint statement is self-explanatory,” external affairs ministry spokesperson Randhir Jaiswal told a regular media briefing when he was asked about Pakistan’s action.
According to the joint statement, Modi and Takaichi also condemned the terrorist attack in Pahalgam in April 2025, which the UN Security Council Monitoring Team Report had linked to The Resistance Front (TRF), a front for Pakistan-based Lashkar-e-Taiba. They also condemned the terror incident in Delhi in November 2025, and called for perpetrators, organisers and financiers of the act to be brought to justice. They also called for concerted actions against UN-listed terror groups such as al-Qaeda, ISIS, LeT, Jaish-e-Mohammad (JeM) and their proxies.
Pakistan’s foreign office spokesperson said on Thursday that a “strong démarche” was made when Islamabad conveyed its concerns to Tokyo through diplomatic channels. “Whenever there is an engagement with India, India forces the inclusion of such references in its joint statements, not just with Japan but also with other countries,” the spokesperson told reporters.
Jaiswal responded to another question on Pakistan describing a warrant issued by an Indian court for LeT founder Hafiz Saeed in connection with the Pahalgam attack as a “politically motivated” action, saying that Pakistan has sponsored cross-border terrorism for decades and used it as an instrument of state policy.
Pakistan’s foreign office described the non-bailable warrant issued for Hafiz Saeed by a special National Investigation Agency (NIA) court in connection with the probe into the Pahalgam terror attack as a “baseless and politically motivated” effort to link Islamabad to the incident.
“The Pahalgam terror attack took several innocent lives. You all saw its barbarity. Our authorities have begun investigations in the matter and it continues,” Jaiswal said. “As far as cross-border terrorism is concerned, you are well aware of Pakistan’s decades-long sponsorship and support for it, as also its continued use as an instrument of state policy.”
In connection with Islamabad’s rejection of charges filed by the NIA against several Kashmiri separatist leaders in connection with an incident in 1996, Jaiswal said Pakistan “has no locus standi to comment on matters which are internal to India”.
- ABOUT THE AUTHORRezaul H LaskarRezaul H Laskar is the Foreign Affairs Editor at Hindustan Times. His interests include movies and music. ",False,3,3,0.47,False,False,False
6e4f7b02c937789c,EVT_00835,india_today,2026-07-17 23:58:09,2026-07-17,Self-explainatory: India rejects Pak protest over Japan joint statement on terrorism,https://www.indiatoday.in/india/story/india-rejects-pakistan-objections-to-india-japan-statement-on-cross-border-terrorism-ptag-2950356-2026-07-17,"Self-explainatory: India rejects Pak protest over Japan joint statement on terrorism
India said the India-Japan joint statement naming cross-border terrorism from Pakistan was self-explanatory. The response underlined shared security concerns with Tokyo and rejected Islamabad's protest.
India on Friday dismissed Pakistan's objections to a reference to cross-border terrorism in the recent India-Japan joint statement, saying the document is ""self-explanatory"" and reflects shared views on regional security challenges. The statement was issued after talks between Prime Minister Narendra Modi and his Japanese counterpart Sanae Takaichi in New Delhi on July 2.
The joint statement said the two leaders strongly condemned terrorism and violent extremism in all forms, including ""cross-border terrorism from Pakistan"". Pakistan later lodged a protest with Japan over the reference, with its foreign office saying a ""strong demarche"" had been made through diplomatic channels.
Responding to a question at a media briefing, External Affairs Ministry spokesperson Randhir Jaiswal said the joint statement covered several bilateral issues as well as matters on which India and Japan share a viewpoint.
""I would say the joint statement that was adopted during the visit of the Prime Minister of Japan to India has several issues addressed, which are of bilateral nature, and also on issues on which we have a certain viewpoint,"" he said.
""I would say that our joint statement is self-explanatory,"" Jaiswal said when asked about Pakistan's action.
The joint statement said, ""The two prime ministers unequivocally and strongly condemned terrorism and violent extremism in all its forms and manifestations, including cross-border terrorism from Pakistan."" It also said Modi and Takaichi condemned the Pahalgam terror attack and took note of the UN Security Council Monitoring Team linking it to The Resistance Front, described as a front for the Pakistan-based Lashkar-e-Taiba.
""They also condemned in the strongest terms the terror incident in Delhi on November 10, 2025. They called for the perpetrators, organisers, and financiers of this reprehensible act to be brought to justice without any delay,"" the statement said.
It also said the two leaders ""called for concerted actions against all UN-listed terrorist groups and entities including Al-Qaeda, ISIS/Daesh, Lashkar-e-Tayyiba (LeT), Jaish-e-Mohammad (JeM) and their proxies, and to take resolute actions to root out terrorists' safe havens"".
A Pakistan foreign office spokesperson said on Thursday that ""whenever there is an engagement with India, India forces the inclusion of such references in its joint statements, not just with Japan but also with other countries"".
On Pakistan calling a warrant issued by an Indian court for LeT founder Hafiz Saeed in connection with the Pahalgam attack ""politically motivated"", Jaiswal said Pakistan had sponsored cross-border terrorism for decades and used it as an instrument of state policy.
""The Pahalgam terror attack took several innocent lives. You all saw its barbarity. Our authorities have begun investigations in the matter and it continues,"" he said.
""As far as cross-border terrorism is concerned, you are well aware of Pakistan's decades-long sponsorship and support for it, as also its continued use as an instrument of state policy,"" Jaiswal said.
On Islamabad rejecting charges filed by the NIA against several Kashmiri separatist leaders in connection with a 1996 incident, Jaiswal said Pakistan had ""no locus standi to comment on matters which are internal to India"". Overall, India maintained that the India-Japan statement clearly set out the two countries' position on terrorism, while rejecting Pakistan's objections and criticism.",False,3,3,0.47,False,False,False
2001128b3cc49abb,EVT_00835,the_hindu,2026-07-17 22:31:21,2026-07-17,"Japan will provide its next-generation E10 series Shinkansen trains to India for the Mumbai-Ahmedabad High-Speed Rail (MAHSR) project, official spokespersons in the Ministries of External Affairs and Railways said on Friday, addressing queries on the...",https://www.thehindu.com/news/national/govt-to-launch-bullet-rail-project-with-indian-train-japan-to-provide-next-gen-shinkansen-series-after-4-years/article71235004.ece,"Japan will provide its next-generation E10 series Shinkansen trains to India for the Mumbai-Ahmedabad High-Speed Rail (MAHSR) project, official spokespersons in the Ministries of External Affairs and Railways said on Friday, addressing queries on the status of the project.
“India-Japan discussions on the Mumbai-Ahmedabad high speed train are progressing well. Japan will provide E10 series train in the early 2030s. The train is still under development. Meanwhile, construction work is rapidly progressing. First section will be opened in 2027,” a spokesperson from the Ministry of Railways said.
The clarification comes in response to a recent critical social media post by a former Japanese Minister regarding the project, which will be India’s first bullet train network. In the post, Hideki Makihara, a member of Japan’s ruling Liberal Democratic Party, had blamed New Delhi for the timeline delays. He had also flagged concerns over the Japanese side allegedly being “excluded from the signalling system” of the high-speed network.
The MEA clarified that the statement represented an “individual opinion” that stands at “considerable variance with facts”.
Japan has been playing a key role in the implementation of the mega project in terms of financing it as well as sharing technology and engineering expertise.
Railway officials said that India and Japan had agreed to start the operations with an Indian high-speed train, which is slated to run at an operational speed of 280 kmph.
The train is currently being developed indigenously by BEML Limited and the Integral Coach Factory. “We will start off by using the indigenous train because India wants to make the Surat-Bilimora section in Gujarat operational by August 2027, and the Japanese E10 trains will only arrive in 2030,” officials said.
Launch in 2027
Civil construction work along the 508-km corridor has accelerated rapidly, officials said. The Railway Ministry has awarded a tender to German multinational Siemens for installation of signalling systems along the bullet train corridor stretch, with a view to begin the operations by 2027. “The signalling equipment has been ordered accordingly and is in line with international specifications. No Japanese offer was received in this context. The project execution is in line with the common goal of starting the high-speed train project at the earliest,” the MEA spokesperson stated.
“This interim phase will allow Indian Railways to develop operational familiarity and establish system confidence before transitioning to the 320 kmph Japanese E10 sets in 2030,” a senior source in the Railway Ministry said.
India is deploying the European Train Control System (ETCS), which is a modern, radio-based digital signalling architecture. “The radio-based ETCS system represents a significant upgrade over legacy Second World War-era coaxial copper cable systems, which suffer from signal leakage and are highly vulnerable to localised copper cable theft,” the Railway Ministry source said.
The source added that the E10 Shinkansen trains can also run on ETCS technology, and its primary purpose was to act as a standardised, interoperable signalling system. Quoting the Taiwan High-Speed Rail example, the source added that such interoperability – Japanese-built Shinkansen trains running on European-style signalling network – has been a practice globally.
(With PTI inputs)
Published - July 17, 2026 10:31 pm IST",False,3,3,0.47,False,False,False
2d25bcaedb2f6f71,EVT_00695,the_times_of_india,2026-07-17 22:15:00,2026-07-17,"NEW DELHI: Congress leader Rahul Gandhi on Friday said India's education system has reached a stage where paper leaks have become ""the norm"", alleging that the issue affects millions of students and requires a political consensus to resolve.",https://timesofindia.indiatimes.com/india/7-5-crore-students-affected-in-10-years-rahul-gandhi-calls-paper-leaks-the-norm-at-chhatron-ki-goonj-programme-in-dehradun/articleshow/132465654.cms,"NEW DELHI: Congress leader Rahul Gandhi on Friday said India's education system has reached a stage where paper leaks have become ""the norm"", alleging that the issue affects millions of students and requires a political consensus to resolve.
Addressing a student outreach programme, ""Chhatron Ki Goonj,"" in Uttarakhand's Dehradun, he clarified that the event was not a political meeting but focused on the concerns, struggles and future of the youth.
""This is not a political meet; it's about youth, their future, struggles and difficulties,"" PTI quoted the Lok Sabha leader of opposition as saying.
The Raebareli MP further said that more than 7.5 crore students had been affected by paper leaks over the past 10 years, with 152 cases reported but no convictions recorded.
""From top to bottom, the entire education system is involved in paper leaks,"" he claimed, adding that ""advanced technology"" was being used to carry out such frauds.
""If you have crores, you can select from a menu card of paper leaks,"" the Congress leader stated.
Rahul Gandhi also called for a political consensus to end paper leaks, stressing that all parties must implement measures to protect students.
""There can be political consensus on ending paper leaks which everyone must implement,"" he added.
Calling for reforms in the examination system, he argued that the existing model was ""outdated"" and needed to evolve.
""The current exam testing system is of the 19th century; we must evolve a 21st-century system,"" the asserted.
He proposed shifting from a government-centric to a student-centric examination framework, with secure question banks and randomised question papers to prevent leaks.
""Today's exam system is government-centric; we want a student-centric system,"" he maintained.
Rahul Gandhi also demanded protection and compensation for students affected by paper leaks, along with immediate re-examinations for those impacted by compromised tests.
On educational institutions, he argued that political organisations should not control campuses and that vice-chancellors should not be appointed from a single organisation.
""No political party or organisation should have a hold on any educational institution; VCs shouldn't be from one organisation,"" Rahul Gandhi stated.
He further claimed that the current system benefits a small section while harming honest students.
""One per cent uses the system, follows the path of paper leaks and hurts the 99 per cent others who are honest and poor,"" he concluded.",False,6,3,0.33,True,False,False
c04980d7e4a34caf,EVT_00667,hindustan_times,2026-07-17 08:35:04,2026-07-17,"Cong to oppose delimitation bill, raise NEET, Ram temple issues",https://www.hindustantimes.com/india-news/cong-to-oppose-delimitation-bill-raise-neet-ram-temple-issues-101784228596921.html,"Cong to oppose delimitation bill, raise NEET, Ram temple issues
The Congress on Thursday said it would make “every effort to maintain the unity and solidarity of all Opposition parties” and strongly oppose Constitution amendment bills related to delimitation and removal of ministers and chief ministers, if taken up during the upcoming Parliament session, while cornering the government over the Ram Mandir donation theft, NEET papers leak and the ethanol blending among other issues
The Congress on Thursday said it would make “every effort to maintain the unity and solidarity of all Opposition parties” and strongly oppose Constitution amendment bills related to delimitation and removal of ministers and chief ministers, if taken up during the upcoming Parliament session, while cornering the government over the Ram Mandir donation theft, NEET papers leak and the ethanol blending among other issues.
The largest Opposition party’s attempt to keep the flock together comes amid mounting political challenges and shrinking space due to the recent spate of defection among regional parties. The Opposition unity will also face a critical test as the government plans to bring a number of bills vehemently opposed by the INDIA bloc parties.
“We will be raising critical issues in this session - including the massive theft at the Ram Temple, the fiascos in the NEET and CBSE examinations, the E20 scandal that is destroying cars and bikes all over India, and other pressing concerns of the common Indian citizen,” Congress general secretary KC Venugopal said in a post on X after a strategy meeting of the party’s parliamentary unit on Thursday.
“There is widespread anger among the people. We will continue to be the voice of that anger on the floor of Parliament come 20 July,” Venugopal added.
Briefing the media, Congress general secretary Jairam Ramesh announced, “We will also make every effort to maintain the unity and solidarity of all Opposition parties.”
Ramesh said that the party is bracing for a set of controversial Constitution amendment bills and other legislations.
“We have learnt that the Union home minister is making efforts to bring back the Delimitation Bill (during the Monsoon Session of Parliament). The government failed to secure a two-thirds majority on 17th April and suffered a significant setback on the legislation. It now wants to reintroduce the Bill,” he added.
“The proposed Constitution Amendment Bill on the removal of minis, for which a Joint Parliamentary Committee has been constituted and which the Opposition parties have boycotted, was also discussed during meeting today. The Congress Party has consistently maintained that it will strongly oppose the Delimitation Bill and will continue to do so. We will also make every effort to maintain the unity and solidarity of all Opposition parties,” Ramesh said.
The Congress also announced it would “ firmly oppose” a set of key bills including the proposed Constitution Amendment Bill related to the removal of judges, the legislation to set up a new higher education regulator, amendments to the food security and FCRA laws.
“As far as the legislative agenda is concerned, I do not see any Bill before us that we can support,” the Congress leader said, hardening the party’s position.
The Opposition has also taken a calibrated stand to pick issues that involve public interest or people’s concerns. While it would try to counter the BJP and RSS over the Ram Mandir donation theft, calling it “the scandal orchestrated by the BJP and RSS in Ayodhya”, the party has picked the NEET papers leak and the alleged “E20 scam” and said in a press conference that it implicates several senior Bharatiya Janata Party (BJP) leaders and their sons.
“We will certainly demand a discussion on this. There are other issues as well, particularly concerning foreign policy and the new challenges that have arisen. These include our relations with China and the US, as well as the deteriorating situation in West Asia observed over the last month or two...” said Ramesh.
The monsoon session, scheduled from July 20 to August 13, ia set to test the Opposition’s unity after 20 TMC MPs and six Sena (UBT) lawmakers have decided to switch over to the NDA. The Opposition, which successfully stalled the Constitution amendment bill related to Delimitation in May, has to heavily depend on Samajwadi Party (SP) and its estranged ally Dravida Munnetra Kazhagam (DMK) to thwart any similar moves from the government.
Congress leader Nasser Hussain, who also attended the strategy meeting, told HT, “The Opposition, not the INDIA bloc, will meet on July 20 morning to decide on the floor strategy.” His statement indicates that the Congress is keeping the doors wide open for DMK and AAP to be a part of the larger Opposition plan for the upcoming session.
Ramesh also hit out at the BJP and Union home minister Amit Shah for engineering defection in the Opposition.
“We had already expressed concern that this party was formed three years ago in Howrah. The Nationalist Citizens Party of India. No one knew about it. It is an unrecognised party, and suddenly it has become the second-largest constituent of the NDA. The TDP has fallen from second place to third, and the JDU has moved from third to fourth. Suddenly, they got 20 seats, 20 MPs, because it was a parking space.”
- ABOUT THE AUTHORSaubhadra ChatterjiSaubhadra Chatterji is Deputy Political Editor at the Hindustan Times. He writes on both politics and policies. ",False,2,2,0.91,False,False,False
b7847f212776d700,EVT_00628,the_hindu,2026-07-17 09:50:30,2026-07-17,"Educator and climate activist Sonam Wangchuk on Friday (July 20) asserted that he would “stay alive till July 20 at any cost”, even as his indefinite hunger strike entered its 20th day amid a warning from doctors that his prolonged fast has reached a...",https://www.thehindu.com/news/national/sonam-wangchuk-hunger-strike-cjp-protest-in-delhi-jantar-mantar-cockroach-janta-party-live-updates-july-17-2026/article71232683.ece,"Educator and climate activist Sonam Wangchuk on Friday (July 20) asserted that he would “stay alive till July 20 at any cost”, even as his indefinite hunger strike entered its 20th day amid a warning from doctors that his prolonged fast has reached a critical stage.
Addressing supporters at the protest site, Mr. Wangchuk acknowledged his weakening physical condition but said his resolve remained unshaken.
Also read | Voices from Opposition, film industry rally in Wangchuk’s support
Meanwhile, the Delhi High Court has agreed to hear on Monday (July 20, 2026) a PIL against the alleged “intrusive surveillance” by police of Cockroach Janta Party protesters at Jantar Mantar. The plea by former JNU Students’ Union president Aishe Ghosh has challenged the installation and operation of a permanent surveillance tower and systematic photography and videography of protesters by the Delhi Police.
Watch | From ice stupas to hunger strikes: The journey of Sonam Wangchuk
Activist Sonam Wangchuk’s health condition has entered a critical stage due to his prolonged fast and the next phase could be alarming and his organs could get affected, doctors warned on Thursday (July 16) as appeals came in from several quarters to call off his hunger strike.
Follow the live updates below:",False,4,4,0.32,True,False,False
82ddfa84b4b2c5cf,EVT_00628,hindustan_times,2026-07-17 15:44:06,2026-07-17,"Sonam Wangchuk loses 9.5 kg weight after twenty days of hunger strike, vows to 'live till July 20 at any cost'",https://www.hindustantimes.com/india-news/sonam-wangchuk-health-weight-loss-mild-dehydration-but-mentally-alert-what-is-the-latest-update-101784281491191.html,"Sonam Wangchuk loses 9.5 kg weight after twenty days of hunger strike, vows to 'live till July 20 at any cost'
The doctors noted that Wangchuk showed signs of mild dehydration but remained mentally alert.
Educator and climate activist Sonam Wangchuk's indefinite hunger strike entered its 20th day on Friday. He had joined the Cockroach Janata Party (CJP)'s protest at Delhi's Jantar Mantar on June 28 and has been fasting ever since, demanding the resignation of Union education minister Dharmendra Pradhan over alleged examination irregularities.
Meanwhile, Wangchuk, also an education reformer, was determined to continue his strike and asserted that he would ""stay alive till July 20 at any cost."" This statement comes as the CJP has called for a peaceful march to Parliament on July 20, coinciding with the opening day of the monsoon session. Follow live updates about Sonam Wangchuk's hunger strike here.
Sonam Wangchuk's health update
According to the health bulletin issued by the medical team, on July 17, Wangchuk now weighs 56.55 kilograms. He has lost another 350 grams over the last 24 hours, taking his cumulative weight loss to about 9.5 kg, said the doctors attending to him.
His blood pressure was recorded at 108/68 mm Hg, blood sugar at 80 mg/dL, pulse rate at 72 beats per minute and oxygen saturation at 96 per cent.
Meanwhile, the doctors noted that Wangchuk showed signs of mild dehydration but remained mentally alert.
""Today is the 20th day of the hunger strike. I am presenting the health bulletin as of 9:30 am on July 17, 2026. As usual, here are the key health parameters... his weight is 56.55 kg, indicating a loss of 350 grams over the past 24 hours,"" Dr. Satish Lamba said.
""Blood pressure is 108/68. Blood sugar is 80 mg/dL. Pulse rate is 72 beats per minute. His hydration is fair... There are signs of mild dehydration today. Mentally, he is alert. SpO2 (Oxygen Saturation) is 96 per cent,"" he added.
On Thursday, the doctors had reportedly warned that Wangchuk's condition had entered a critical stage due to the prolonged fast and that the next phase could be alarming.
Also Read | ‘Will stay alive, come back as ghost if…’: Sonam Wangchuk urges support for Parliament march on July 20
'Will stay alive till July 20 at any cost…': Wangchuk
Addressing supporters at the protest site, Sonam Wangchuk said that he is weak on the outside but remained strong on the inside.
""I am weak from the outside but very strong inside. I am sure all of you are strong from the inside, and outside too. We need this energy for July 20, when we will take out a peaceful march to Parliament. We will go together and present our plea in the temple of democracy,"" he said.
""I will stay alive till July 20 at any cost. If you don't come and July 20 is not successful, I will come back as a ghost,"" he added.
Also Read | Delhi high court orders daily medical check-up for Sonam Wangchuk amid continued hunger strike
Political leaders at Jantar Mantar
The protest has also drawn support from former Delhi chief minister Atishi, TMC MPs Mahua Moitra and Sagarika Ghose, CPI(M) MP Amra Ram, veteran CPI(M) leader Subhashini Ali, and several others.
Meanwhile, earlier, AAP national convenor Arvind Kejriwal met Sonam Wangchuk at Jantar Mantar and expressed solidarity with his protest.
What is CJP's protest about?
The CJP has been demanding the resignation of Union education minister Pradhan over alleged examination irregularities.
Furthermore, it has also sought compensation of ₹1 crore for the families of students who allegedly died by suicide over the alleged exam irregularities.",False,4,4,0.32,True,False,False
c1b01628b57f5585,EVT_00561,the_times_of_india,2026-07-17 03:20:00,2026-07-17,"NEW DELHI: India's maritime regulator, Directorate General of Shipping, has directed shipowners, ship managers and recruitment and placement service (RPS) agencies to avoid deploying Indian seafarers on vessels transiting the Strait of Hormuz until f...",https://timesofindia.indiatimes.com/india/avoid-deploying-sailors-on-vessels-moving-via-strait-dgma-tells-companies/articleshow/132448245.cms,"NEW DELHI: India's maritime regulator, Directorate General of Shipping, has directed shipowners, ship managers and recruitment and placement service (RPS) agencies to avoid deploying Indian seafarers on vessels transiting the Strait of Hormuz until further orders, reports Dipak Dash.
The regulator issued the advisory Wednesday night after recent incidents involving attacks on five foreign-flagged merchant vessels. Two such attacks Tuesday were on foreign-flagged commercial ships in the West Asia region that had 30 Indian seafarers.
The advisory on precautionary measures for safety and security of Indian seafarers said, ""In view of the heightened security situation in Gulf region, including incidents resulting in casualties among Indian seafarers and continuing attacks on merchant vessels during the ongoing conflict, the directorate considers it necessary to adopt enhanced precautionary measures to safeguard the interests of Indian seafarers serving on board ships operating in the region.""
A month ago, DG Shipping had asked fleet owners and recruitment firms to restrict deployment of seafarers in the region following attacks on commercial vessels that had tried to bypass the US imposed blockade. On Tuesday, shipping minister Sarbananda Sonowal had directed DG Shipping to have a vessel-by-vessel operational dashboard to account for every such ship.",False,4,3,0.41,True,False,False
e86d2269888120ea,EVT_00506,the_times_of_india,2026-07-17 18:26:00,2026-07-17,- PM Modi on Friday flagged off India's first hydrogen-powered train.,https://timesofindia.indiatimes.com/india/evening-news-wrap-pm-modi-flags-off-indias-first-hydrogen-powered-train-andy-burham-set-to-become-next-uk-pm-and-more/articleshow/132461863.cms,"- PM Modi on Friday flagged off India's first hydrogen-powered train.
- Andy Burnham is set to be new UK Prime Minister, takes over from Keir Starmer on Monday.
- A BJP MLA in MP sparked controversy after refused to hear grievances of villagers from a neighbouring Assembly constituency.
- An Iran-backed militia umbrella announced a $10 million reward for anyone who 'kills"" US President Donald Trump.
- India's U-19 World Cup-winning star was arrested over alleged attempt to bribe player.
PM Modi flags off India's first Hydrogen-powered train
Prime Minister Narendra Modi flagged off India's first hydrogen-powered train. This ushers India into a group of select countries that have hydrogen trains. Indiaâs first hydrogen-powered train has 10 coaches, with the capacity to carry 2,600 passengers. It will run between Jind and Sonipat in Haryana at a maximum operational speed of 75 kmph, though it is designed for 110 kmph. 
Read full storyAndy Burnham set to be new UK Prime Minister, takes over from Keir Starmer on Monday
Andy Burnham has been elected leader of the Labour Party. He is set to become the next prime minister of the United Kingdom on Monday, formally replacing Kier Starmer. Burnham was the only contender in the leadership contest to replace departing Starmer. He secured nominations from 379 of the 403 Labour lawmakers in the House of Commons, surpassing the threshold to proceed to the next stage. 
Read full story'Go to your MLA': BJP legislator's response to water crisis sparks protest
A BJP MLA in Madhya Pradesh's Shivpuri district landed in controversy after he allegedly refused to hear grievances of villagers from a neighbouring Assembly constituency, telling them they were ""not his voters"". Later, an agitated villager placed his young child on the bonnet of the legislator's parked car in protest. 
The incident occurred during a Jan Chaupal (public grievance meeting) organised by Karera MLA Ramesh Khatik at Dr Bhimrao Ambedkar Bhawan in Narwar tehsil. 
Read full story'Whoever kills Trump ...': Iran-backed Iraqi militia puts $10 million bounty on US president
An Iran-backed militia umbrella calling itself the Islamic Resistance in Iraq (IRI) has announced a $10 million reward for anyone who kills US President Donald Trump. In a statement dated July 16, the group said it was offering the reward to ""whoever kills the criminal Trump, or whoever eliminates him personally, directs others to do so, or facilitates it as an individual, group, organisation or institution."" 
Read full storyIndia's U-19 World Cup-winning star arrested over alleged attempt to bribe player
Former India Under-19 World Cup winner Manjot Kalra was arrested by Sri Lanka's sports anti-corruption investigators over allegations of attempting to bribe a player during the Lanka Premier League (LPL). Kalra, who struck a match-winning century in the final of India's victorious 2018 ICC Under-19 World Cup campaign, was taken into custody by the Police Special Investigation Unit for the Prevention of Offences Relating to Sports. He was later produced before a magistrate. 
Read full story",False,4,2,0.42,True,False,False
29a92d364dec75f7,EVT_00504,hindustan_times,2026-07-17 07:41:08,2026-07-17,Delhi high court orders daily medical check-up for Sonam Wangchuk amid continued hunger strike,https://www.hindustantimes.com/india-news/delhi-high-court-orders-daily-medical-check-up-for-sonam-wangchuk-amid-continued-hunger-strike-101784253372348.html,"Delhi high court orders daily medical check-up for Sonam Wangchuk amid continued hunger strike
Wangchuk, 59, has been on a hunger strike since June 28 as part of a protest organised by CJP, demanding the resignation education minister Dharmendra Pradhan
The Delhi High Court on Thursday directed the Centre to ensure that activist Sonam Wangchuk’s health is medically examined every day by government doctors and necessary medical intervention is provided if his condition deteriorates.
Wangchuk, 59, has been on a hunger strike since June 28 as part of a protest organised by the Cockroach Janata Party (CJP), which is demanding the resignation of Union education minister Dharmendra Pradhan over alleged irregularities in competitive examinations.
A bench of chief justice DK Upadhyaya and justice Tejas Karia observed that the life of every citizen is precious and that the authorities must make every possible medical attempt to protect it.
“While noticing the assurances given by the solicitor general we observe that life of citizens is precious and all medical attempts must be made by the government authorities to appreciate the same and we direct that medical condition of Wangchuk shall be regularly monitored on daily basis and depending on the opinion of doctors, whatever medical intervention is required be taken, considering his deteriorating condition. The petition is disposed of,” the court said in its order.
The directions came in a petition filed by advocate Rakesh Kumar Saini seeking directions to the Centre and Delhi government to shift Wangchuk to a hospital and provide him medical treatment, including force-feeding if necessary.
In his petition, Saini asserted that Wangchuk’s health has deteriorated significantly during the hunger strike, with the activist allegedly losing 8.5 kg. It said that if the fast continues, his life could be at risk within the next two days.
“If he passes away, it would be a matter of great shame for the country and the world,” the plea stated. This was after solicitor general Tushar Mehta, appearing for the Centre, assured the court that Wangchuk’s health would be monitored daily by government doctors and medical experts.
He further submitted that any medical intervention considered necessary, based on their assessment of his deteriorating condition, would be undertaken promptly.
Opposition leaders and over 1,800 members of civil society, including academics, artists and activists such as Naseeruddin Shah, Ratna Pathak Shah, Arundhati Roy, Nivedita Menon, Jean Drèze, Lalita Ramdas and Kavita Srivastava, wrote a letter on Tuesday, urging Wangchuk to end his hunger strike.
“His life is invaluable to the entire world because it embodies a commitment to humanity and the environment that is as profound as his commitment to democracy,” Samajwadi Party chief Akhilesh Yadav said in a post on X.
The CJP has been protesting at Delhi’s Jantar Mantar since June 20.
Besides Pradhan’s resignation, the CJP is demanding a completely transparent national examination system, strict accountability for recurring competitive exam paper leaks and compensation to the families of the students who died by suicide over the paper leak.",False,3,3,0.55,False,False,False
0bd37592a12dadb3,EVT_00823,the_times_of_india,2026-07-17 18:18:00,2026-07-17,"NEW DELHI: Using drones to transport sputum samples from remote villages to tuberculosis (TB) testing centres can cut the time taken to diagnose the disease by nearly two-thirds while almost eliminating patients' travel costs, according to a first-of...",https://timesofindia.indiatimes.com/india/icmr-study-drones-cut-tb-diagnosis-time-by-two-thirds/articleshow/132461885.cms,"NEW DELHI: Using drones to transport sputum samples from remote villages to tuberculosis (TB) testing centres can cut the time taken to diagnose the disease by nearly two-thirds while almost eliminating patients' travel costs, according to a first-of-its-kind Indian Council of Medical Research (ICMR) study conducted under its i-DRONE initiative.
The study, carried out in Telangana's Yadadri-Bhuvanagiri district, found that the median turnaround time for TB diagnosis fell from 15 days to just five days after drones replaced conventional road transport for sputum samples. Average diagnostic time dropped from 16.6 days to 6.9 days, while patients' average out-of-pocket expenditure fell from Rs 9,451 to just Rs 91, a reduction of nearly 99%.
Published in the peer-reviewed journal IJTLD Open, the study evaluated drone-assisted sputum transport under real programme conditions in collaboration with the National TB Elimination Programme (NTEP). The research, conducted by scientists from AIIMS Bibinagar, the ICMR's i-DRONE initiative and AIIMS Bhubaneswar, is the first long-duration programme-based evaluation in India to assess the impact of drone logistics on TB diagnosis. 
The intervention covered 11 primary health centres, 60 sub-centres and four TB units linked through a hub-and-spoke network coordinated from AIIMS Bibinagar. Instead of travelling 10-30 km to diagnostic centres, patients submitted sputum samples at their nearest health facility, from where drones transported them to laboratories equipped with CBNAAT and Truenat machines.
Researchers enrolled 840 participants, including 206 during the conventional transport phase and 634 after drone operations began. Besides reducing diagnostic delays, the study found that next-day reporting of TB test results increased dramatically from 1.5% to 76.3%, while the proportion of patients waiting more than two days for results fell from 92.2% to 16.3%.
Patients cited poor transport connectivity, travel difficulties, wage loss and stigma associated with repeated visits to health facilities as major reasons for delaying diagnosis. By shifting sample transport instead of patient travel, the drone network substantially reduced both financial and logistical barriers, researchers said.
The study concluded that integrating drones into the National TB Elimination Programme could improve access to rapid diagnosis in rural, hilly and difficult-to-reach regions, helping India move closer to its goal of eliminating tuberculosis. While the authors acknowledged that the study was conducted in one district and longer-term outcomes such as treatment adherence still need evaluation, they said the findings demonstrate that drone-enabled logistics are operationally feasible and can strengthen equitable access to TB care.",False,2,2,0.46,False,False,False
62b117e828d29684,EVT_00716,the_times_of_india,2026-07-17 01:16:00,2026-07-17,"NEW DELHI: In the pending pleas challenging the constitutional validity of penal law provisions shielding husbands from marital rape charges, the Supreme Court on Thursday agreed to examine another question â despite the exemption, can husbands still...",https://timesofindia.indiatimes.com/india/does-marital-rape-law-shield-men-from-unnatural-sex-prosecution/articleshow/132447793.cms,"NEW DELHI: In the pending pleas challenging the constitutional validity of penal law provisions shielding husbands from marital rape charges, the Supreme Court on Thursday agreed to examine another question â despite the exemption, can husbands still be prosecuted for causing physical hurt and mental trauma to their wives through violent, unnatural or other sexual acts?
Appearing for NGO Red Dot Foundation, senior advocate N S Nappinai told a bench of Chief Justice Surya Kant and Justices Joymalya Bagchi and V Mohana that while the validity of IPC and BNS provisions exempting marital rape from the offence of rape was under challenge, a husband who hurts his wife through sexual acts could still be prosecuted under other provisions of penal law. She said while Section 375(2) of IPC carved out an exception for marital rape, the Criminal Laws Amendment Act, 2013, enacted on the Justice Verma Commissionâs recommendations after the Nirbhaya case, had widened the exception to cover all kinds of sexual acts by husbands.
The bench said it would begin final hearing on all petitions from Sept 9. The question before the court is whether it can create a new offence by striking down the exception under Section 375(2) of IPC and Section 63 of BNS.
The IPC exempts a husband from rape charges for sex with his wife if she is 15 or older. In 2017, SC raised the age to 18, which the BNS now explicitly adopts. The Centre has opposed criminalising marital rape, arguing marriage is a unique relationship not centred on sex. It said Parliament consciously created the exception and treating marital sex as rape would be disproportionate, while acknowledging a husband has no right to violate his wifeâs consent.",False,3,2,0.51,False,False,False
2f94edff6ea7fb80,EVT_00695,the_times_of_india,2026-07-17 21:40:00,2026-07-17,NEW DELHI: Congress MP Shashi Tharoor was briefly trapped in a lift at a private hotel in Thiruvananthapuram on Friday before being rescued along with others after the elevator got stuck.,https://timesofindia.indiatimes.com/india/watch-shashi-tharoor-rescued-after-kerala-hotel-lift-gets-stuck/articleshow/132464948.cms,"NEW DELHI: Congress MP Shashi Tharoor was briefly trapped in a lift at a private hotel in Thiruvananthapuram on Friday before being rescued along with others after the elevator got stuck.
Visuals showed a smiling Tharoor walking out of the lift after authorities managed to open its doors.
""The lift got stuck. We tried every possible way to get out, but nothing worked. We called the Fire and Rescue Services, and they rescued us... Don't worry, we are all okay,"" the Thiruvananthapuram MP told reporters later.
A fire officer said they received a call a little after 7:30pm about Tharoor being trapped in the lift of the hotel and immediately a team was rushed there.
Upon arriving at the hotel, the team used a hydraulic spreader to pry open the doors of the lift and rescued the Congress leader and the others trapped with him at around 7:51pm.
The incident occurred when Tharoor arrived at the hotel to attend the installation ceremony of the Rotary Club of Trivandrum East.
He later felicitated the Fire and Rescue Services personnel for their swift response.",False,6,3,0.33,True,False,False
5439488a13655e8a,EVT_00695,the_hindu,2026-07-17 22:09:18,2026-07-17,Thiruvananthapuram MP Shashi Tharoor was rescued after being trapped inside a lift at a hotel near PMG in Thiruvananthapuram on Friday. He had arrived at the hotel to attend an event and was heading to the sixth floor when the lift malfunctioned. Bes...,https://www.thehindu.com/news/national/kerala/shashi-tharoor-rescued-after-being-trapped-in-hotel-lift/article71235528.ece,"Thiruvananthapuram MP Shashi Tharoor was rescued after being trapped inside a lift at a hotel near PMG in Thiruvananthapuram on Friday. He had arrived at the hotel to attend an event and was heading to the sixth floor when the lift malfunctioned. Besides the MP and his personal staff, three other people were also stranded in the lift, official sources said.
The hotel staff initially attempted to open the lift, but were unsuccessful. The Kerala Fire and Rescue Services were then called to the scene. Using a hydraulic spreader, the firefighters managed to open the lift and safely rescue the MP and other passengers who were trapped for nearly 30 minutes.
After being rescued, Dr. Tharoor thanked the Fire and Rescue Services personnel for their prompt response. “Everyone is okay. The hotel staff came first, but they could not do anything. Then they decided to call the fire force. The fire force arrived within five minutes of being called, and I sincerely thank them,” he said.
Published - July 17, 2026 10:09 pm IST",False,6,3,0.33,True,False,False
d81822ba62c864e4,EVT_00024,theprint,,,"ThePrint visited Murshidabad, Cooch Behar, Malda, Nadia, Kolkata, Nandigram, where some decisions by Mamata haven't gone down well with community that has traditionally supported TMC.",https://theprint.in/politics/?tdb-loop-page=4,"ThePrint visited Murshidabad, Cooch Behar, Malda, Nadia, Kolkata, Nandigram, where some decisions by Mamata haven't gone down well with community that has traditionally supported TMC.
The agency rejected Kejriwal’s allegation of ‘ideological bias’, calling his plea for the judge’s recusal in the excise policy case hearing ‘wholly vexatious’.
Chennai: The Dravidian leaders prefer to call them as ‘social investments’, or ‘personalised gifts’. But a familiar sight is back in poll: Dravida Munnetra...
A victory here would not only mark Gogoi’s first entry into Assam assembly, but also endear him to a quieter, yet sizeable, constituency across Assam that finds Sarma’s style unappealing.
While the Godavari and the Krishna rivers were already linked in 2015, the current plan will also connect their tributaries as well as some major rivers in northern Andhra Pradesh.
This special edition of Cut The Clutter, straight from the Siliguri corridor, details the strategic importance of the narrow strip of land in West Bengal, and how it’s a vital link connecting the Northeast to the rest of India.
We now live in a world order that will keep shifting. India must use this window. This also means we remain disciplined enough not to be knee-jerked into reacting to what Pakistan sees as its moment in the sun.",False,2,2,0.31,True,False,False
