passage_id,article_id,event_id,clean_outlet,canonical_target,framing_label,sentiment,evidence_span,subject,relation,object
fffa3fa866d842d8_p002,fffa3fa866d842d8,EVT_00007,news18,Assam,Nationalism,Neutral,BJP Candidates List Assam Assembly Elections 2026,BJP,listed,Assam
fffa3fa866d842d8_p002,fffa3fa866d842d8,EVT_00007,news18,BJP,Nationalism,Positive,The BJP in Assam has released its first list of candidates for the 2026 assembly elections.,BJP,released,candidate list
fffa3fa866d842d8_p010,fffa3fa866d842d8,EVT_00007,news18,BJP,Attack/Defence,Negative,accused the government of bulldozing,accused,do,government of bulldozing
5a27006c568b3c76_p009,5a27006c568b3c76,EVT_00007,news18,Mishra,Attack/Defence,Negative,Santrupt Mishra (BJD),BJD,attacked,Mishra
7832c3156564da3f_p003,7832c3156564da3f,EVT_00007,news18,AIADMK,Attack/Defence,Neutral,"Tamil Nadu’s main opposition party, AIADMK",AIADMK,received,Neutral sentiment score
7832c3156564da3f_p003,7832c3156564da3f,EVT_00007,news18,Edappadi K Palaniswami,Attack/Defence,Positive,party chief Edappadi K Palaniswami set to contest from his home constituency of Edappadi,Edappadi K Palaniswami,contest,Edappadi (home constituency)
7832c3156564da3f_p007,7832c3156564da3f,EVT_00007,news18,newwave,Attack/Defence,Neutral,Dravidian Legacy Vs New Wave:,Dravidian,Vs,New Wave
7832c3156564da3f_p007,7832c3156564da3f,EVT_00007,news18,dravidianlegacy,Attack/Defence,Positive,What 15 Years Of Tamil Nadu Poll Trends Tell Us About 2026 Contest,showed,revealed,dravidianlegacy
7832c3156564da3f_p010,7832c3156564da3f,EVT_00007,news18,thangamani,Attack/Defence,Negative,"P Thangamani from Thondamuthur and Kumarapalayam, respectively, have also been fielded.",,,
7832c3156564da3f_p010,7832c3156564da3f,EVT_00007,news18,velumani,Attack/Defence,Negative,"Key leaders, including SP Velumani",Key leaders,attacked,SP Velumani
7832c3156564da3f_p015,7832c3156564da3f,EVT_00007,news18,rajenthra,Attack/Defence,Negative,K.T. Rajenthra Bhalaji — Sivakasi,K.T. Rajenthra Bhalaji,received,Negative sentiment score
7832c3156564da3f_p015,7832c3156564da3f,EVT_00007,news18,sivakasi,Attack/Defence,Neutral,Sivakasi,Sivakasi,received,Neutral sentiment score
7832c3156564da3f_p019,7832c3156564da3f,EVT_00007,news18,DMK,Attack/Defence,Neutral,"led by the Dravida Munnetra Kazhagam (DMK), bagged 159 seats.",DMK,led,159 seats
25f0a4b9ac65eeb0_p007,25f0a4b9ac65eeb0,EVT_00031,india_today,coal scam,Attack/Defence,Negative,The ED alleged its searches were obstructed and that relevant documents and devices were removed,ED,alleged,obstruction
25f0a4b9ac65eeb0_p007,25f0a4b9ac65eeb0,EVT_00031,india_today,ED,Attack/Defence,Negative,its searches were obstructed,Obstructed,searches,Congress's
25f0a4b9ac65eeb0_p007,25f0a4b9ac65eeb0,EVT_00031,india_today,Trinamool Congress,Attack/Defence,Negative,the All India Trinamool Congress rejected the charge,Trinamool Congress,rejected,charge
edc8b4cd2fd7a460_p002,edc8b4cd2fd7a460,EVT_00031,indian_express,BJP,Communal Tension,Negative,keeping his guns trained on BJP,kept,trained,guns on BJP
edc8b4cd2fd7a460_p009,edc8b4cd2fd7a460,EVT_00031,indian_express,Chowdhury,Attack/Defence,Positive,"70, has returned to Bengal politics to contest the Assembly election from his home turf Baharampur after three decades.",Chowdhury,contest,Assembly election
edc8b4cd2fd7a460_p010,edc8b4cd2fd7a460,EVT_00031,indian_express,BJP,Nationalism,Negative,alleging that the BJP was out to destroy the culture of Bengal.,alleging,that,BJP was out to destroy the culture of Bengal
edc8b4cd2fd7a460_p010,edc8b4cd2fd7a460,EVT_00031,indian_express,PM Modi,Nationalism,Negative,"""Wherever the BJP goes, Narendra Modi goes, the RSS goes, they start spreading hatred and start dividing the people,"" Rahul had then alleged",Congress,alleged,Modi of spreading hatred and dividing people
edc8b4cd2fd7a460_p012,edc8b4cd2fd7a460,EVT_00031,indian_express,Chowdhury,Victimhood,Positive,Isha Khan Chowdhury winning from the Malda Dakshin parliamentary constituency.,Isha Khan Chowdhury,winning,Malda Dakshin parliamentary constituency
edc8b4cd2fd7a460_p015,edc8b4cd2fd7a460,EVT_00031,indian_express,BJP,Attack/Defence,Negative,"Observers say Rahul may walk a tightrope during his Bengal campaign, keeping his guns trained on the BJP while refraining from mounting an all-out attack against the incumbent Mamata Banerjee-led TMC which is aiming for its fourth successive term.",Observers,say,Rahul may walk a tightrope
edc8b4cd2fd7a460_p015,edc8b4cd2fd7a460,EVT_00031,indian_express,Congress,Attack/Defence,Positive,"A major reason for such an approach, they say, could be the Congress’s “bigger goal of defeating the ruling BJP at the national level for which a unity of all Opposition parties is a key factor”.",Congress,defended,BJP and BJP rule
edc8b4cd2fd7a460_p016,edc8b4cd2fd7a460,EVT_00031,indian_express,Congress,Communal Tension,Neutral,We want to gauge our vote share in Bengal,We,gauge,vote share in Bengal
edc8b4cd2fd7a460_p016,edc8b4cd2fd7a460,EVT_00031,indian_express,Trinamool Congress,Communal Tension,Negative,"some resentment towards the TMC, and those votes would come to us rather than the Left",resentment,towards,TMC
af9c233c50341db7_p012,af9c233c50341db7,EVT_00031,india_today,WB,Governance,Negative,accused the poll body of acting unilaterally and undermining the authority of the elected administration.,accused,acted,poll body unilaterally and undermined elected administration authority
af9c233c50341db7_p012,af9c233c50341db7,EVT_00031,india_today,EC,Governance,Negative,accused the poll body of acting unilaterally and undermining the authority of the elected administration.,accused,acted,poll body unilaterally and undermined elected administration authority
b6174bbcd1ffe6a4_p001,b6174bbcd1ffe6a4,EVT_00031,ndtv,Mamata Banerjee,Attack/Defence,Negative,BJP leader Suvendu Adhikari positioned himself as the face of the party's campaign against the Trinamool Congress and Chief Minister Mamata Banerjee.,BJP,attacked,Mamata Banerjee
b6174bbcd1ffe6a4_p001,b6174bbcd1ffe6a4,EVT_00031,ndtv,BJP,Attack/Defence,Negative,Suvendu Adhikari positioned himself as the face of the party's campaign against the Trinamool Congress and Chief Minister Mamata Banerjee.,Adhikari,positioned,BSP against TMC and Mamata
b6174bbcd1ffe6a4_p001,b6174bbcd1ffe6a4,EVT_00031,ndtv,Trinamool Congress,Attack/Defence,Negative,Suvendu Adhikari positioned himself as the face of the party's campaign against the Trinamool Congress and Chief Minister Mamata Banerjee.,Trinamool Congress,attacked,Suvendu Adhikari
b6174bbcd1ffe6a4_p003,b6174bbcd1ffe6a4,EVT_00031,ndtv,BJP,Attack/Defence,Negative,accused the government of bulldozing,Accuser,accused,BJP of bulldozing
b6174bbcd1ffe6a4_p004,b6174bbcd1ffe6a4,EVT_00031,ndtv,Mamata Banerjee,Governance,Negative,"Along with the welfare scheme, we promised to create jobs.",we,promised,create jobs
b6174bbcd1ffe6a4_p006,b6174bbcd1ffe6a4,EVT_00031,ndtv,BJP,Nationalism,Neutral,He stressed that the BJP is neither a regional party nor a personal party.,BJP,stressed,neither a regional party nor a personal party
b6174bbcd1ffe6a4_p007,b6174bbcd1ffe6a4,EVT_00031,ndtv,BJP,Attack/Defence,Negative,"Under the supervision of Narendra Modi, in his guidance, Delhi, UP, Bihar, Maharashtra, Gujarat, Odisha, Andhra Pradesh, wherever the BJP government comes, the way it is running",BJP,defended,Narendra Modi and state governments
b6174bbcd1ffe6a4_p007,b6174bbcd1ffe6a4,EVT_00031,ndtv,Suvendu Adhikari,Attack/Defence,Positive,Adhikari declared.,Adhikari,declared,
b6174bbcd1ffe6a4_p009,b6174bbcd1ffe6a4,EVT_00031,ndtv,BJP,Attack/Defence,Negative,Adhikari dismissed Mamata Banerjee's claim that a BJP victory would direct all contracts to Gujaratis.,Adhikari,dismissed,Banerjee's claim
b6174bbcd1ffe6a4_p014,b6174bbcd1ffe6a4,EVT_00031,ndtv,Mamata Banerjee,Attack/Defence,Negative,"He cited Lok Sabha election results in urban areas, noting that in North Kolkata, which has 50 or 60 wards, the BJP won 28 wards.",He,cited,Lok Sabha election results
7ab24c88bd556e0c_p001,7ab24c88bd556e0c,EVT_00033,theprint,Naseer,Governance,Negative,"has ordered the ‘removal’ of his lone surviving political secretary, Naseer Ahmed",Congress,ordered,Naseer Ahmed's removal
7ab24c88bd556e0c_p001,7ab24c88bd556e0c,EVT_00033,theprint,Congress,Governance,Negative,over allegations of anti-party activities and alleged funding of rebel candidates to help defeat the Congress candidate in the 9 April Davanagere South assembly bypoll.,Congress,received,Negative sentiment score
7ab24c88bd556e0c_p009,7ab24c88bd556e0c,EVT_00033,theprint,Siddaramaiah,Governance,Negative,"However, a chain of events including poor crowd management and ineffective communication led to a stampede that led to the death of 11 people near the Chinnaswamy Cricket Stadium a few hours later.",poor crowd management,led to,stampede
7ab24c88bd556e0c_p009,7ab24c88bd556e0c,EVT_00033,theprint,Congress,Governance,Negative,"However, a chain of events including poor crowd management and ineffective communication led to a stampede that led to the death of 11 people near the Chinnaswamy Cricket Stadium a few hours later.",Congress,accused,Modi of bulldozing
7ab24c88bd556e0c_p013,7ab24c88bd556e0c,EVT_00033,theprint,BJP,Communal Tension,Negative,accused the government of bulldozing,Congress,accused,Modi
7ab24c88bd556e0c_p014,7ab24c88bd556e0c,EVT_00033,theprint,Ahmed,Communal Tension,Negative,"Led by Housing Minister Zameer Ahmed Khan, the Muslim community demanded that a member of their community be the party candidate.",Muslim community,demanded,Housing Minister Zameer Ahmed Khan
7ab24c88bd556e0c_p016,7ab24c88bd556e0c,EVT_00033,theprint,Congress,Communal Tension,Negative,cited it as a ‘betrayal’ of their continued support.,Congress,accused,Modi of betraying continued support
7ab24c88bd556e0c_p020,7ab24c88bd556e0c,EVT_00033,theprint,BJP,Attack/Defence,Negative,(Edited by Nardeep Singh Dahiya),Nardeep Singh Dahiya,edited,Biden quote
f9db550e4b90f6ac_p002,f9db550e4b90f6ac,EVT_00042,indian_express,Congress,Attack/Defence,Negative,national Congress leaders and the actor-politician have been conspicuous by their near absence.,Congress,absent,national leaders and actor-politician
f9db550e4b90f6ac_p004,f9db550e4b90f6ac,EVT_00042,indian_express,Congress,Governance,Negative,describing the “lukewarm response” from Delhi,Congress,received,negative sentiment score
f9db550e4b90f6ac_p006,f9db550e4b90f6ac,EVT_00042,indian_express,Amit Shah,Attack/Defence,Negative,the absence of Prime Minister Narendra Modi and Union Home Minister Amit Shah,Absent,presented,Shah
f9db550e4b90f6ac_p013,f9db550e4b90f6ac,EVT_00042,indian_express,Congress,Communal Tension,Neutral,"A senior Congress leader draws parallels with actor-politician Vijay, whose party TVK is also facing questions about campaign visibility.",Congress,draws parallels,Vijay's party TVK
f9db550e4b90f6ac_p013,f9db550e4b90f6ac,EVT_00042,indian_express,TVK,Communal Tension,Negative,"Despite launching his party as an alternative to both Dravidian majors and the BJP, Vijay’s campaign has been sparse, with large parts of the state remaining untouched even in the final stretch.",Vijay,campaigned,insufficiently
f9db550e4b90f6ac_p014,f9db550e4b90f6ac,EVT_00042,indian_express,TVK,Attack/Defence,Negative,"In Virudhunagar (seven seats), Ramanathapuram (four), Pudukkottai (six), Theni (four), and the Nilgiris (three), there has been little or no direct engagement.",Modi,attacked,Congress
f9db550e4b90f6ac_p016,f9db550e4b90f6ac,EVT_00042,indian_express,Palaniswami,Attack/Defence,Neutral,AIADMK leader Edappadi K Palaniswami is maintaining a high tempo,AIADMK,leader,Edappadi K Palaniswami
f9db550e4b90f6ac_p018,f9db550e4b90f6ac,EVT_00042,indian_express,Gandhi,Neutral/Factual,Negative,particularly among younger voters who might otherwise have been drawn to their campaigns.,younger voters,be drawn to,their campaigns
f9db550e4b90f6ac_p019,f9db550e4b90f6ac,EVT_00042,indian_express,BJP,Nationalism,Neutral,"For the BJP, the campaign has unfolded differently.",For,unfolded,the BJP campaign differently
f9db550e4b90f6ac_p019,f9db550e4b90f6ac,EVT_00042,indian_express,AIADMK,Nationalism,Neutral,"While its second-level national leaders have been active in the state and seniormost faces were expected to make only limited appearances — Modi and Shah are likely to address rallies in Coimbatore and Kanyakumari, — the party has aligned itself with the AIADMK’s state-led strategy.",AIADMK,align,strategy
bb11c7da1413f9e1_p003,bb11c7da1413f9e1,EVT_00042,india_today,DMK,Governance,Negative,the government on Thursday accused the DMK of indulging in a “political stunt” over delimitation of Tamil Nadu's Lok Sabha seats,government,accused,DMK
bb11c7da1413f9e1_p005,bb11c7da1413f9e1,EVT_00042,india_today,BJP,Attack/Defence,Negative,"The government has rejected the claims, saying no one will face injustice, with BJP MP Tejasvi Surya, calling the move a ""best deal"" for South.",BJP,defended,claims about injustice
bb11c7da1413f9e1_p012,bb11c7da1413f9e1,EVT_00042,india_today,Kerala,Attack/Defence,Neutral,Kerala from 20 to 30.,Modi,attack,Kerala
bb11c7da1413f9e1_p012,bb11c7da1413f9e1,EVT_00042,india_today,Telangana,Attack/Defence,Positive,Telangana from 17 to 26.,Telangana,improved,score
bb11c7da1413f9e1_p012,bb11c7da1413f9e1,EVT_00042,india_today,Karnataka,Attack/Defence,Neutral,Karnataka’s seats will rise from 28 to 42.,Karnataka,benefited,seats increase
bb11c7da1413f9e1_p012,bb11c7da1413f9e1,EVT_00042,india_today,Andhra Pradesh,Attack/Defence,Neutral,Andhra Pradesh from 25 to 38.,,changed rank,Andhra Pradesh
bb11c7da1413f9e1_p012,bb11c7da1413f9e1,EVT_00042,india_today,Amit Shah,Attack/Defence,Positive,"He said Karnataka’s seats will rise from 28 to 42, Andhra Pradesh from 25 to 38, Telangana from 17 to 26, Tamil Nadu from 39 to 59 and Kerala from 20 to 30.",He,said,various state allocations
fceb5de2f2e09c9f_p005,fceb5de2f2e09c9f,EVT_00043,theprint,BJP,Victimhood,Negative,OBC face of BJP,OBC,face,BJP
fceb5de2f2e09c9f_p017,fceb5de2f2e09c9f,EVT_00043,theprint,BJP,Governance,Negative,considering it won most assembly seats–89 out of 243–in the 2025 elections.,BJP,won,majority seats
fceb5de2f2e09c9f_p020,fceb5de2f2e09c9f,EVT_00043,theprint,PM Modi,Attack/Defence,Neutral,reserved particular thanks for Prime Minister Narendra Modi,reserved,thanks,Prime Minister Narendra Modi
fceb5de2f2e09c9f_p020,fceb5de2f2e09c9f,EVT_00043,theprint,Centre,Attack/Defence,Positive,and the Centre.,,,
079dc3924a4e4b1f_p002,079dc3924a4e4b1f,EVT_00043,theprint,NishantKumar,Governance,Negative,but he refused.,,refused,NishantKumar
079dc3924a4e4b1f_p004,079dc3924a4e4b1f,EVT_00043,theprint,NishantKumar,Attack/Defence,Negative,Sources further said that Nishant (44) has conveyed to the party that he is unlikely to accept any position for the next six months.,Sources,said,Nishant (44)
079dc3924a4e4b1f_p008,079dc3924a4e4b1f,EVT_00043,theprint,JD(U),Communal Tension,Negative,neither would play ‘big brother’,neither,play,big brother
079dc3924a4e4b1f_p008,079dc3924a4e4b1f,EVT_00043,theprint,BJP,Communal Tension,Negative,accused the government of bulldozing,Congress,accused,Modi of bulldozing
079dc3924a4e4b1f_p016,079dc3924a4e4b1f,EVT_00043,theprint,NishantKumar,Attack/Defence,Negative,something the BJP does not want,BJP,does not want,NishantKumar
aa6859d0074c37d4_p011,aa6859d0074c37d4,EVT_00043,theprint,RJD,Victimhood,Negative,"Rashtriya Janata Dal leader Tejashwi Yadav took to X, claiming that over 1,300 people have died due to spurious liquor since 2016",Tejashwi Yadav,claimed,death toll due to spurious liquor
aa6859d0074c37d4_p019,aa6859d0074c37d4,EVT_00043,theprint,BJP,Attack/Defence,Negative,(Edited by Nardeep Singh Dahiya),BJP,received,Negative sentiment score
ed8e3934c6061d95_p002,ed8e3934c6061d95,EVT_00043,theprint,BJP,Governance,Negative,who had served as leader of the state for over a decade before deciding to go to the Rajya Sabha.,Served,for,over a decade
ed8e3934c6061d95_p008,ed8e3934c6061d95,EVT_00043,theprint,Chaudhary,Attack/Defence,Negative,was the sharpest critic of Nitish Kumar,Chaudhary,criticized,Kumar
ed8e3934c6061d95_p008,ed8e3934c6061d95,EVT_00043,theprint,BJP,Attack/Defence,Negative,Chaudhary was the sharpest critic of Nitish Kumar,Chaudhary,criticized,Nitish Kumar
ed8e3934c6061d95_p009,ed8e3934c6061d95,EVT_00043,theprint,BJP,Governance,Positive,he became the Deputy Chief Minister of Bihar in 2024,BJP,became,Deputy Chief Minister of Bihar
ed8e3934c6061d95_p010,ed8e3934c6061d95,EVT_00043,theprint,BJP,Attack/Defence,Negative,NDA successfully defended its rule in the 2025 assembly election,NDA,defended,its rule
ed8e3934c6061d95_p010,ed8e3934c6061d95,EVT_00043,theprint,Nitish Kumar,Attack/Defence,Neutral,speculations about Nitish Kumar’s move away from state politics grew stronger and stronger.,speculations,grew,stronger and stronger about Nitish Kumar’s move away from state politics
ed8e3934c6061d95_p012,ed8e3934c6061d95,EVT_00043,theprint,NDP,Development,Positive,"under your leadership, Bihar will reach new heights of development",NDP,praised,leadership
ed8e3934c6061d95_p012,ed8e3934c6061d95,EVT_00043,theprint,Chaudhary,Development,Positive,"congratulated him on being elected as the leader of the NDA legislature party, extending my best wishes.",Chaudhary,congratulated,NDA legislature party leader
ed8e3934c6061d95_p013,ed8e3934c6061d95,EVT_00043,theprint,BJP,Communal Tension,Neutral,Chaudhary’s appointment is seen as a strategic move to strengthen the party’s outreach,Chaudhary,appointed,BSP
fda519ceb89fc0e4_p002,fda519ceb89fc0e4,EVT_00043,news18,BJP,Attack/Defence,Negative,accused the government of bulldozing,Congress,accused,Modi
fda519ceb89fc0e4_p006,fda519ceb89fc0e4,EVT_00043,news18,Nitish Kumar,Governance,Negative,resigns as Bihar Chief Minister,Bihar,resigns,Chief Minister
fda519ceb89fc0e4_p006,fda519ceb89fc0e4,EVT_00043,news18,BJP,Governance,Negative,accused the government of bulldozing,Government,bulldozing,BJP
fda519ceb89fc0e4_p015,fda519ceb89fc0e4,EVT_00043,news18,BJP,Communal Tension,Negative,"For the BJP, accepting these two deputies alongside its own CM means that the real caste balance of power",BJP,receives,negative sentiment score
0fc1c0c556ba1a0e_p001,0fc1c0c556ba1a0e,EVT_00045,theprint,MK Stalin,Governance,Negative,M. K. Stalin Wednesday announced a black flag protest against the Centre’s proposed delimitation exercise,announced,protest,black flag against
0fc1c0c556ba1a0e_p001,0fc1c0c556ba1a0e,EVT_00045,theprint,DMK,Governance,Positive,Tamil Nadu Chief Minister and DMK president M. K. Stalin announced a black flag protest against the Centre’s proposed delimitation exercise,Stalin,announced,protest
0fc1c0c556ba1a0e_p008,0fc1c0c556ba1a0e,EVT_00045,theprint,BJP,Attack/Defence,Negative,"""the BJP is playing with fire"" by proceeding with a population-based exercise that would unfairly penalise southern states for successfully implementing family planning measures, reducing their relative parliamentary representation",BJP,attack,population-based exercise
0fc1c0c556ba1a0e_p008,0fc1c0c556ba1a0e,EVT_00045,theprint,Vindhyas,Attack/Defence,Neutral,"""Every South Indian living south of the Vindhyas is seething with anger""",Vindhyas,received,Neutral sentiment score
0fc1c0c556ba1a0e_p009,0fc1c0c556ba1a0e,EVT_00045,theprint,MK Stalin,Victimhood,Negative,this is my stern warning,warned,issued,MK Stalin
0fc1c0c556ba1a0e_p009,0fc1c0c556ba1a0e,EVT_00045,theprint,DMK,Victimhood,Positive,"As President of the DMK, and above all as a self-respecting Tamil",DMK,is,President of the DMK
0fc1c0c556ba1a0e_p010,0fc1c0c556ba1a0e,EVT_00045,theprint,MK Stalin,Victimhood,Positive,"Stalin discussed delimitation in detail, strategy for the black flag protest, and preparation for larger agitations",Stalin,discussed,"delimitation, strategy, preparation"
0fc1c0c556ba1a0e_p015,0fc1c0c556ba1a0e,EVT_00045,theprint,TN,Communal Tension,Negative,"the demands of the people of southern states, particularly the voice of the people of Tamil Nadu",people,demanded,freedom
0fc1c0c556ba1a0e_p015,0fc1c0c556ba1a0e,EVT_00045,theprint,TVK,Communal Tension,Negative,"TVK said the Bill was “discriminatory” and that if the Bill was passed, the demands of the people of southern states",TVK,said,Bill was discriminatory
0fc1c0c556ba1a0e_p021,0fc1c0c556ba1a0e,EVT_00045,theprint,MK Stalin,Attack/Defence,Neutral,"and Telangana CM, Karnataka CM, and other opposition CMs put a request to the Prime Minister and to the BJP government",CMs,put request to,PM and BJP government
0fc1c0c556ba1a0e_p021,0fc1c0c556ba1a0e,EVT_00045,theprint,BJP,Attack/Defence,Negative,accused the government of bulldozing,Congress,accused,Modi of bulldozing
0fc1c0c556ba1a0e_p022,0fc1c0c556ba1a0e,EVT_00045,theprint,MK Stalin,Attack/Defence,Negative,"“The mothers and sisters of Tamil Nadu want 33 per cent reservation to be implemented as soon as possible. TN CM is seeing defeat staring at him, and this is why he is making politics out of it,” he said.",TN CM,make politics out of it,reservation issue
70a8fcca9b1be0e4_p003,70a8fcca9b1be0e4,EVT_00045,theprint,Nari Shakti Vadan Adhiyiyan,Governance,Negative,"despite it being linked to the operationalisation of the Nari Shakti Vandan Adhiniyam, which seeks to reserve one-third of seats in the Lok Sabha and state legislative assemblies for women",Nari Shakti Vadan Adhiyiyan,linked to,opposition criticism
70a8fcca9b1be0e4_p009,70a8fcca9b1be0e4,EVT_00045,theprint,Congress,Attack/Defence,Negative,"Just the top four Opposition parties (Congress, SP, TMC and DMK) having 185 MPs collectively can effectively derail it.",Congress,accused,Modi
70a8fcca9b1be0e4_p009,70a8fcca9b1be0e4,EVT_00045,theprint,Trinamool Congress,Attack/Defence,Negative,"Just the top four Opposition parties (Congress, SP, TMC and DMK) having 185 MPs collectively can effectively derail it.",TMC,accused,Modi of bulldozing
70a8fcca9b1be0e4_p009,70a8fcca9b1be0e4,EVT_00045,theprint,Samajwadi Party,Attack/Defence,Negative,"Just the top four Opposition parties (Congress, SP, TMC and DMK) having 185 MPs collectively can effectively derail it.",SP,accused,Modi for weakening
70a8fcca9b1be0e4_p011,70a8fcca9b1be0e4,EVT_00045,theprint,NDA,Procedural Fairness,Positive,the numbers are relatively favourable to the ruling NDA,are,favourable,NDA
70a8fcca9b1be0e4_p014,70a8fcca9b1be0e4,EVT_00045,theprint,Yadav,Attack/Defence,Negative,Yadav called it a cover to push through delimitation,Yadav,called,cover to push through delimitation
70a8fcca9b1be0e4_p014,70a8fcca9b1be0e4,EVT_00045,theprint,Samajwadi Party,Attack/Defence,Negative,"The Samajwadi Party, which is the second-largest Opposition party in the Lok Sabha, has also voiced its reservations against the Bill",Samajwadi Party,voiced,reservations against the Bill
70a8fcca9b1be0e4_p015,70a8fcca9b1be0e4,EVT_00045,theprint,Lok Sabha,Attack/Defence,Negative,ranked third among the Opposition parties in terms of strength,ranked,NegativeSentimentOn,Lok Sabha
70a8fcca9b1be0e4_p015,70a8fcca9b1be0e4,EVT_00045,theprint,'O'Brien',Attack/Defence,Neutral,Rajya Sabha MP Derek O’Brien wrote on X.,Derek O'Brien,wrote,on X
70a8fcca9b1be0e4_p015,70a8fcca9b1be0e4,EVT_00045,theprint,Trinamool Congress,Attack/Defence,Negative,"'This govt plots a cheap stunt to mock the Constitution, mock Parliament and mock the women of this great nation.'",Congress,attack,Modi
ffdfada494eb4174_p001,ffdfada494eb4174,EVT_00045,the_hindu,TDP,Attack/Defence,Positive,described the Delimitation Bill as a ‘historic corrective’,Delimitation Bill,described as,historic corrective
ffdfada494eb4174_p001,ffdfada494eb4174,EVT_00045,the_hindu,Srinivasa Rao,Attack/Defence,Positive,dismissed apprehensions that the proposed exercise would disadvantage southern States,dismissed,defended,apprehensions
1d25f29aa7fbc84b_p011,1d25f29aa7fbc84b,EVT_00046,news18,Congress,Attack/Defence,Negative,The allegations of working against the official candidate and supporting a rival have led to strict disciplinary action.,Congress,accused,Modi
1d25f29aa7fbc84b_p012,1d25f29aa7fbc84b,EVT_00046,news18,Jabbar,Attack/Defence,Neutral,Abdul Jabbar said he would first review the order before making any detailed response.,Jabbar,reviewed,order
1d25f29aa7fbc84b_p012,1d25f29aa7fbc84b,EVT_00046,news18,Congress,Attack/Defence,Negative,"He said those who suspended him would have provided reasons, and he would examine them",Congress,accused,Modi
5d189fbdbe97a770_p004,5d189fbdbe97a770,EVT_00046,hindustan_times,Congress,Governance,Negative,accused Jabbar of failing to back the official nominee during the campaign.,Congress,accused,Jabbar
f4cb9f11fa29d790_p002,f4cb9f11fa29d790,EVT_00060,deccan_herald,Chidambaram,Attack/Defence,Negative,claimed that the voice of southern states will be “suppressed and stifled” while demanding that the bill be “opposed unanimously and defeated”.,Chidambaram,demand,oppose bill unanimously and defeat it
60fbfc3511927142_p003,60fbfc3511927142,EVT_00060,hindustan_times,Lok Sabha,Attack/Defence,Negative,Legislative proposals to expand the strength of the Lok Sabha,expanded,proposed,Lok Sabha strength
60fbfc3511927142_p003,60fbfc3511927142,EVT_00060,hindustan_times,Gandhi,Attack/Defence,Negative,called the bills “anti-national” a day ahead of Parliament’s special sitting.,called,negative sentiment on,Gandhi
60fbfc3511927142_p010,60fbfc3511927142,EVT_00060,hindustan_times,Govt,Procedural Fairness,Negative,the government says the increase will be proportional – a word not mentioned in the version of the bill circulated to lawmakers on Tuesday.,政府,说,增加将按比例进行
60fbfc3511927142_p013,60fbfc3511927142,EVT_00060,hindustan_times,Trinamool Congress,Attack/Defence,Negative,"which has 28 Lok Sabha MPs, told the Opposition that it could spare only 10 lawmakers for voting in the Lok Sabha as others were busy with the West Bengal poll campaign.",Congress,accused,Modi
60fbfc3511927142_p016,60fbfc3511927142,EVT_00060,hindustan_times,PM Modi,Attack/Defence,Negative,But you are worried about the Epstein files. 35 lakh files are locked in the US and the keys are with Trump ji. And you are scared.,Trump ji,mentioned,Epstein files
60fbfc3511927142_p021,60fbfc3511927142,EVT_00060,hindustan_times,MK Stalin,Nationalism,Positive,"""Let the black flag fly tomorrow in the homes, streets, and shops of Tamil Nadu! Let it stand as our symbols of resistance at the doorsteps! This is not the struggle of an individual movement; it is the struggle of Tamil Nadu!""",Let the black flag fly,stand as,symbols of resistance
714faae515f69bb3_p002,714faae515f69bb3,EVT_00060,hindustan_times,Lok Sabha,Attack/Defence,Negative,"proposes an expansion of the Lok Sabha from 545 to 850 seats, has met a wall of resistance from a unified Opposition.",proposes,expansion,Lok Sabha
714faae515f69bb3_p002,714faae515f69bb3,EVT_00060,hindustan_times,Delimitation bill,Attack/Defence,Negative,"proposes an expansion of the Lok Sabha from 545 to 850 seats, has met a wall of resistance from a unified Opposition.",Lok Sabha expansion proposal,met,resistance from Opposition
714faae515f69bb3_p013,714faae515f69bb3,EVT_00060,hindustan_times,NDA,Procedural Fairness,Negative,ruling NDA is in a relatively stronger position but still short of the required two-thirds majority.,NDA,shorter,majority
714faae515f69bb3_p014,714faae515f69bb3,EVT_00060,hindustan_times,NDA,Attack/Defence,Neutral,The NDA’s strength is 141.,,,
714faae515f69bb3_p019,714faae515f69bb3,EVT_00060,hindustan_times,Delimitation bill,Attack/Defence,Negative,"""politically motivated"" link to delimitation",Politicians,motivated,Delimitation bill
714faae515f69bb3_p021,714faae515f69bb3,EVT_00060,hindustan_times,Yadav,Attack/Defence,Negative,Congress leader Rahul Gandhi and Samajwadi Party’s Akhilesh Yadav have both termed this a 'conspiracy'.,Rahul Gandhi,accused,Modi
714faae515f69bb3_p021,714faae515f69bb3,EVT_00060,hindustan_times,Gandhi,Attack/Defence,Negative,Congress leader Rahul Gandhi and Samajwadi Party’s Akhilesh Yadav have both termed this a 'conspiracy'.,Gandhi,attack,conspiracy
714faae515f69bb3_p026,714faae515f69bb3,EVT_00060,hindustan_times,delimitation bill,Procedural Fairness,Positive,"the government has defended the bill, maintaining that it is a historic step towards women’s empowerment.",政府, defending ,法案
714faae515f69bb3_p026,714faae515f69bb3,EVT_00060,hindustan_times,reservation for women,Procedural Fairness,Positive,there was wide agreement in principle on women’s reservation and seemed confident that the required support would be secured.,Agreed parties,on,women's reservation
9ae0e353b9f731f1_p004,9ae0e353b9f731f1,EVT_00060,news18,BR,Governance,Negative,"High-growth states in the north, such as Uttar Pradesh and Bihar, are projected to see substantial increases in their tallies",Growth States,projected,Substantial Increases
9ae0e353b9f731f1_p004,9ae0e353b9f731f1,EVT_00060,news18,UP,Governance,Negative,"High-growth states in the north, such as Uttar Pradesh and Bihar",Growth states,regarded,negative on governance
06be4ffdd05a777c_p004,06be4ffdd05a777c,EVT_00064,indian_express,BJP,Attack/Defence,Negative,"If by passing these Bills, the BJP wanted to influence women voters, it would get only three days of canvassing in Tamil Nadu and a little over a week in Bengal.",BJP,wanted,women voters
06be4ffdd05a777c_p007,06be4ffdd05a777c,EVT_00064,indian_express,BJP,Attack/Defence,Negative,This indicated that the opposition to the Narendra Modi government’s move may have a ground level resonance in the South.,opposition,resonate,Narendra Modi government's move
06be4ffdd05a777c_p010,06be4ffdd05a777c,EVT_00064,indian_express,BJP,Attack/Defence,Negative,Every vote counts and women are an important segment of Mamata’s support base.,Mamata,targeted,BSP
06be4ffdd05a777c_p012,06be4ffdd05a777c,EVT_00064,indian_express,BJP,Attack/Defence,Negative,"suspects that the government has advanced the implementation of the women’s quota legislation, passed in September 2023, only as a “ploy”. It believes",Congress,accused,BJP of
77f94c465dbddb5a_p003,77f94c465dbddb5a,EVT_00064,hindustan_times,MK Stalin,Attack/Defence,Neutral,"In Tamil Nadu, chief minister MK Stalin was seen burning copies of the delimitation bill.",MK Stalin,burned,copies of the delimitation bill
77f94c465dbddb5a_p004,77f94c465dbddb5a,EVT_00064,hindustan_times,DMK,Attack/Defence,Negative,"This faced strong resistance from major Opposition parties, including the Dravida Munnetra Kazhagam (DMK)",Major Opposition parties,resisted,DMK
77f94c465dbddb5a_p004,77f94c465dbddb5a,EVT_00064,hindustan_times,Congress,Attack/Defence,Negative,"This faced strong resistance from major Opposition parties, including the Congress",Congress,resisted,policy proposal
77f94c465dbddb5a_p004,77f94c465dbddb5a,EVT_00064,hindustan_times,Trinamool Congress,Attack/Defence,Negative,"This faced strong resistance from major Opposition parties, including the Trinamool Congress (TMC)",TMC,resisted,opposition
77f94c465dbddb5a_p004,77f94c465dbddb5a,EVT_00064,hindustan_times,Samajwadi Party,Attack/Defence,Negative,"This faced strong resistance from major Opposition parties, including the Samajwadi Party (SP), Trinamool Congress (TMC), and Dravida Munnetra Kazhagam (DMK)","SP, TMC, DMK",resisted,policy proposal
77f94c465dbddb5a_p010,77f94c465dbddb5a,EVT_00064,hindustan_times,Venugopal,Attack/Defence,Negative,Senior leader KC Venugopal called it a “fundamental attack on Indian federal structure”,Venugopal,called,fundamental attack
77f94c465dbddb5a_p018,77f94c465dbddb5a,EVT_00064,hindustan_times,BJP,Communal Tension,Negative,May the arrogance of the fascist BJP collapse,fascist BJP,attacked,May
77f94c465dbddb5a_p020,77f94c465dbddb5a,EVT_00064,hindustan_times,Delimitation provisions in the bill,Attack/Defence,Negative,We are against the delimitation provisions in the bill.,We,attack,delimitation provisions in the bill
77f94c465dbddb5a_p020,77f94c465dbddb5a,EVT_00064,hindustan_times,Congress,Attack/Defence,Negative,We have decided to oppose this bill but we are not against women’s reservation. We are against the delimitation provisions in the bill.,Congress,oppose,bill
77f1c8cf3c0f63b4_p012,77f1c8cf3c0f63b4,EVT_00064,news18,government,Governance,Negative,brought in by the government so that the women quota could be implemented in 2029.,brought in,implemented,women quota
0d8449891529e10d_p004,0d8449891529e10d,EVT_00065,india_today,PM Modi,Governance,Positive,mixed conviction with provocation,mixed,conviction,provocation with PM Modi
0d8449891529e10d_p006,0d8449891529e10d,EVT_00065,india_today,PM Modi,Welfare,Positive,PM Modi is well aware of this.,PM,aware,of this
0d8449891529e10d_p008,0d8449891529e10d,EVT_00065,india_today,PM Modi,Governance,Negative,The Prime Minister stressed that the legislation was already 30 years too late.,stressed,attacked,Modi's timing
0d8449891529e10d_p023,0d8449891529e10d,EVT_00065,india_today,PM Modi,Procedural Fairness,Positive,"He also asserted that he was willing to offer a ""guarantee""",He,asserted,guarantee
0d8449891529e10d_p025,0d8449891529e10d,EVT_00065,india_today,PM Modi,Attack/Defence,Negative,raised the stakes for the opposition,raised,stake,opposition
2128a0043c15e573_p002,2128a0043c15e573,EVT_00065,news18,PM Modi,Governance,Negative,"Addressing the Lok Sabha, the PM said",Addressing,praised,PM Modi
b03b0d527cced07b_p003,b03b0d527cced07b,EVT_00065,hindustan_times,reservation bill,Welfare,Positive,benefits of the women's reservation bill,Benefits,providing,Women's Reservation Bill
b03b0d527cced07b_p004,b03b0d527cced07b,EVT_00065,hindustan_times,women's reservation and delimitation bill,Governance,Positive,PM Modi addressed the Lok Sabha special session to introduce the women's reservation and delimitation bill.,PM Modi,addressed,Lok Sabha session
b03b0d527cced07b_p010,b03b0d527cced07b,EVT_00065,hindustan_times,reservation bill,Governance,Positive,It pushes for the reservation bill to be implemented on the basis of the 2011 census.,It,pushes,reservation bill implementation
b9757cd076fcfca2_p010,b9757cd076fcfca2,EVT_00065,news18,Delimitation,Nationalism,Neutral,"I rise in this House with a sense of responsibility to say from this sacred place that, whether it is the South, North, East, or West;",I,rise,
b9757cd076fcfca2_p010,b9757cd076fcfca2,EVT_00065,news18,PM Modi,Nationalism,Positive,"Prime Minister Narendra Modi says,",Modi,says,
b9757cd076fcfca2_p015,b9757cd076fcfca2,EVT_00065,news18,Delimitation,Attack/Defence,Neutral,"he said if all sides support the bills, it will not go in favour of politics of any one side but would be in favor of the country.",he,said,support the bills
b9757cd076fcfca2_p015,b9757cd076fcfca2,EVT_00065,news18,PM Modi,Attack/Defence,Neutral,"he said if all sides support the bills, it will not go in favour of politics of any one side but would be in favor of the country.",he,said,support the bills would not go against any side but in favor of country
b9757cd076fcfca2_p019,b9757cd076fcfca2,EVT_00065,news18,Women's quota law,Governance,Positive,to implement the proposed amended women’s quota law,implemented,proposed,women's quota law
bdf9e32579c4639a_p016,bdf9e32579c4639a,EVT_00065,news18,Akhilesh,Victimhood,Negative,Opposition also gains confidence from their demand for a “caste-based census” and an OBC sub-quota,Opposition,gains confidence from,demand for caste-based census and OBC sub-quota
c2764c087dd68eb5_p003,c2764c087dd68eb5,EVT_00065,hindustan_times,PM Modi,Communal Tension,Negative,took a jibe at SP chief Akhilesh Yadav,SP chief Akhilesh Yadav,jibe at,PM Modi
c2764c087dd68eb5_p003,c2764c087dd68eb5,EVT_00065,hindustan_times,Akhilesh Yadav,Communal Tension,Negative,"calling him a “friend”, even as he highlighted that he comes from the most backward community.",calling,highlighted as,backward community
c2764c087dd68eb5_p015,c2764c087dd68eb5,EVT_00065,hindustan_times,AkhileshYadav,Governance,Negative,"It is true that I come from an extremely backward section of society, but my responsibility is to take everyone along.",Yadav,defended,backwardness
c2764c087dd68eb5_p015,c2764c087dd68eb5,EVT_00065,hindustan_times,PM Modi,Governance,Positive,"I come from an extremely backward section of society, but my responsibility is to take everyone along.",I,defended,PM Modi
ffb5e55df68aa954_p004,ffb5e55df68aa954,EVT_00065,india_today,Priya Gandhi Vadra,Attack/Defence,Negative,striking to see both Prime Minister Narendra Modi and Priyanka Gandhi Vadra wearing blue,striking,to see,Priya Gandhi Vadra
ffb5e55df68aa954_p009,ffb5e55df68aa954,EVT_00065,india_today,BJP,Nationalism,Neutral,"Within moments, BJP MP Nishikant Dubey approached him.",BJP MP Nishikant Dubey,approached,him
ffb5e55df68aa954_p019,ffb5e55df68aa954,EVT_00065,india_today,Congress,Attack/Defence,Negative,"PM Modi opened on a lighter note, taking a subtle swipe at the Congress",Congress,swatted,PM Modi
ffb5e55df68aa954_p021,ffb5e55df68aa954,EVT_00065,india_today,PM Modi,Attack/Defence,Negative,"the Prime Minister seized the moment, identifying himself as an OBC and turning the argument into a political counterpoint.",Prime Minister,attacked,Modi for identity claim
ffb5e55df68aa954_p030,ffb5e55df68aa954,EVT_00065,india_today,PM Modi,Neutral/Factual,Positive,He offered the Opposition full credit for the Women’s Reservation Bill,Offered,credit,Women’s Reservation Bill to Opposition
0e912ba37dc01642_p002,0e912ba37dc01642,EVT_00067,news18,BJP,Attack/Defence,Negative,strengthening the foundation of their party by damaging the Constitution of India,BJP,damaged,Constitution of India
0e912ba37dc01642_p003,0e912ba37dc01642,EVT_00067,news18,NDA,Governance,Negative,"has since gone viral, highlighting the deep-seated rivalry between the INDIA bloc and the NDA over the true intent behind the 131st Constitutional Amendment.",India bloc,highlighted rivalry with,NDA over true intent
0e912ba37dc01642_p005,0e912ba37dc01642,EVT_00067,news18,Amit Shah,Nationalism,Positive,Amit Shah's ‘No-Loss’ Guarantee For Southern States To Quell 'Federal Friction',Amit Shah,guaranteed,No-Loss For Southern States
0e912ba37dc01642_p013,0e912ba37dc01642,EVT_00067,news18,BJP,Attack/Defence,Negative,"For Gandhi and her colleagues, it is a subversion of federal principles under the guise of gender justice.",Gandhi,attacked,BJP
0e912ba37dc01642_p013,0e912ba37dc01642,EVT_00067,news18,Amit Shah,Attack/Defence,Negative,"For Gandhi and her colleagues, it is a subversion of federal principles under the guise of gender justice.",Gandhi and her colleagues,attacked,Amit Shah
2ca87d575006a16e_p006,2ca87d575006a16e,EVT_00067,india_today,BJP,Nationalism,Positive,"drew massive laughter from Amit Shah, Kiren Rijiju and other BJP MPs","Amit Shah, Kiren Rijiju and other BJP MPs",laughed at,BJP
2ca87d575006a16e_p010,2ca87d575006a16e,EVT_00067,india_today,Congress,Communal Tension,Negative,veiled dig at Congress,veiled dig at,at,Congress
2ca87d575006a16e_p022,2ca87d575006a16e,EVT_00067,india_today,Gandhi,Governance,Positive,under her late father and PM Rajiv Gandhi,PM Rajiv Gandhi,governed,India
2ca87d575006a16e_p023,2ca87d575006a16e,EVT_00067,india_today,Congress,Attack/Defence,Negative,"had to suffer, indirectly jabbing the Congress.",Congress,jabbed,Modi
2ca87d575006a16e_p024,2ca87d575006a16e,EVT_00067,india_today,BJP,Attack/Defence,Negative,"However, the southern states – mostly ruled by the opposition parties – have vehemently opposed it, arguing that the delimitation exercise would significantly advantage the Hindi heartland, BJP's stronghold.",states,opposed,BJP policy
a54d45f54c0b3a1c_p011,a54d45f54c0b3a1c,EVT_00067,indian_express,Amit Shah,Nationalism,Neutral,"Shah said, the southern states have 129 MPs in the 543-member Lok Sabha",Shah,said,southern states have MPs in Lok Sabha
a54d45f54c0b3a1c_p012,a54d45f54c0b3a1c,EVT_00067,indian_express,Amit Shah,Attack/Defence,Neutral,"""I, Amit Shah, the Home Minister, the minister who has piloted the Bill, am saying this.""",Amit Shah,piloted,Bill
a54d45f54c0b3a1c_p013,a54d45f54c0b3a1c,EVT_00067,indian_express,Amit Shah,Nationalism,Neutral,The Union Home Minister said the narrative that the government does not want to conduct a caste census was not true.,Home Minister,said,narrative about caste census
a54d45f54c0b3a1c_p015,a54d45f54c0b3a1c,EVT_00067,indian_express,Amit Shah,Procedural Fairness,Negative,"""So Akhilesh Yadav should not worry,” Shah said, responding to the Samajwadi Party president’s remarks.",Shah,said,something to Akhilesh Yadav
e7832fb86b117644_p004,e7832fb86b117644,EVT_00067,hindustan_times,BJP,Attack/Defence,Negative,accused the government of bulldozing,Congress,accused,Modi
e7832fb86b117644_p005,e7832fb86b117644,EVT_00067,hindustan_times,BJP,Attack/Defence,Negative,"The current government is once again trying to deceive the nation, launching a major attack on the country’s integrity.",current government,attack,country's integrity
e7832fb86b117644_p008,e7832fb86b117644,EVT_00067,hindustan_times,Amit Shah,Nationalism,Positive,assurance to southern states,Amit Shah,assured,southern states
294a5225a8301673_p006,294a5225a8301673,EVT_00073,the_new_indian_express,BJP,Attack/Defence,Negative,MP Kangana Ranaut attacked the Congress,MP Kangana Ranaut,attack,BSP
294a5225a8301673_p006,294a5225a8301673,EVT_00073,the_new_indian_express,Congress,Attack/Defence,Positive,attacked the Congress for questioning the government's intention,Congress,attacked,Modi
294a5225a8301673_p011,294a5225a8301673,EVT_00073,the_new_indian_express,SRINIVAS,Attack/Defence,Positive,"said ""this is not a change in words, this is a change in direction, vision""",SRINIVAS,defended,"change in direction, vision"
294a5225a8301673_p018,294a5225a8301673,EVT_00073,the_new_indian_express,Swaraj,Nationalism,Negative,accused the opposition leaders of attempting to divide the country into north and south for political gains,accuser,accused,opposition leaders
294a5225a8301673_p022,294a5225a8301673,EVT_00073,the_new_indian_express,Lok Sabha,Attack/Defence,Negative,representation of southern states will go down in the Lok Sabha,representation,go down,Lok Sabha
294a5225a8301673_p029,294a5225a8301673,EVT_00073,the_new_indian_express,Congress,Attack/Defence,Negative,"the prime minister addressed every issue except delimitation and showed ""willful blindness"" to the concerns of several states in the South, East, Northeast and North.",Congress,accused,Modi
294a5225a8301673_p029,294a5225a8301673,EVT_00073,the_new_indian_express,PM Modi,Attack/Defence,Negative,"the prime minister addressed every issue except delimitation and showed ""willful blindness"" to the concerns of several states in the South, East, Northeast and North.",addressed,ignored,concerns
294a5225a8301673_p036,294a5225a8301673,EVT_00073,the_new_indian_express,NDA,Governance,Negative,The ruling NDA lacks the numbers in Parliament to pass the women’s reservation bills with the required two-thirds majority,NDA,lacks,numbers in Parliament
294a5225a8301673_p037,294a5225a8301673,EVT_00073,the_new_indian_express,Lok Sabha,Attack/Defence,Neutral,accounting for 54 per cent of the House,54%,accounted,Lok Sabha
294a5225a8301673_p037,294a5225a8301673,EVT_00073,the_new_indian_express,NDA,Attack/Defence,Negative,while the opposition holds 233 MPs.,,holds,233 MPs
294a5225a8301673_p043,294a5225a8301673,EVT_00073,the_new_indian_express,PM Modi,Nationalism,Positive,warned that those opposing the bill now would pay a political price for a long time.,warned,warned,Modi against bill
294a5225a8301673_p045,294a5225a8301673,EVT_00073,the_new_indian_express,PM Modi,Attack/Defence,Negative,I give you a blank cheque for claiming credit on passage of the women's quota bill,Congress,accused,Modi of bulldozing
294a5225a8301673_p048,294a5225a8301673,EVT_00073,the_new_indian_express,PM Modi,Communal Tension,Negative,said that he thanks them for putting 'Kala Tika' on bills to ward off evil eye.,said,thanks,Congress for bill practice
294a5225a8301673_p048,294a5225a8301673,EVT_00073,the_new_indian_express,DMK,Communal Tension,Negative,"the DMK for the black attire protest, Modi said that he thanks them",DMK,protested,black attire
294a5225a8301673_p050,294a5225a8301673,EVT_00073,the_new_indian_express,PM Modi,Governance,Positive,"This is an important moment for India's democracy. This should have been implemented long ago, and it will provide an opportunity for half the population to participate in policy-making: PM #NarendraModi in #LokSabha.",implemented,should have been,democracy reforms
294a5225a8301673_p053,294a5225a8301673,EVT_00073,the_new_indian_express,Amit Shah,Communal Tension,Negative,Shah said a caste census will be carried out along with population enumeration during the ongoing census exercise.,Shah,said,caste census
294a5225a8301673_p056,294a5225a8301673,EVT_00073,the_new_indian_express,Amit Shah,Communal Tension,Negative,Shah also said,Shah,said,negative remarks about Modi
294a5225a8301673_p056,294a5225a8301673,EVT_00073,the_new_indian_express,Samajwadi Party,Communal Tension,Positive,"""if the Samajwadi Party gives all its tickets to Muslim women, where do we have any objection, we have no objections at all""",Samajwadi Party,gives,tickets to Muslim women
294a5225a8301673_p059,294a5225a8301673,EVT_00073,the_new_indian_express,BJP,Attack/Defence,Negative,"said, 'BJP has made ‘Nari’ (women) their ‘Nara’ (slogan).'",BJP,claimed,reduction of women's rights
294a5225a8301673_p060,294a5225a8301673,EVT_00073,the_new_indian_express,BJP,Victimhood,Negative,said the party would not succeed,party,said,would not succeed
294a5225a8301673_p062,294a5225a8301673,EVT_00073,the_new_indian_express,BJP,Attack/Defence,Negative,accusing the government of bulldozing,Government,bulldozing,BJP
294a5225a8301673_p069,294a5225a8301673,EVT_00073,the_new_indian_express,Lok Sabha,Attack/Defence,Neutral,"the House that the government’s bills were not aimed at women’s reservation, but were intended to",Lok Sabha,received,Neutral sentiment score
294a5225a8301673_p069,294a5225a8301673,EVT_00073,the_new_indian_express,delimitation,Attack/Defence,Negative,push delimitation through the backdoor.,pushed,attacked,delimitation
294a5225a8301673_p069,294a5225a8301673,EVT_00073,the_new_indian_express,BJP,Attack/Defence,Negative,"Gaurav Gogoi, the Congress' Deputy leader in Lok Sabha",Congress,accused,BJP
294a5225a8301673_p069,294a5225a8301673,EVT_00073,the_new_indian_express,Congress,Attack/Defence,Neutral,"the House that the government’s bills were not aimed at women’s reservation, but were intended to 'push delimitation through the backdoor'",Congress,accused,Modi of bulldozing
294a5225a8301673_p071,294a5225a8301673,EVT_00073,the_new_indian_express,NDA,Attack/Defence,Negative,accused it of not being in favour of women's reservation and caste census.,NDA,attacked,not being in favor of women's reservation and caste census
294a5225a8301673_p072,294a5225a8301673,EVT_00073,the_new_indian_express,Meghwal,Victimhood,Negative,You are again and again creating hurdles for women's reservation.,You,creating,hurdles for women's reservation
294a5225a8301673_p072,294a5225a8301673,EVT_00073,the_new_indian_express,Amit Shah,Victimhood,Negative,You are again and again creating hurdles for women's reservation.,You,creating,hurdles for women's reservation
294a5225a8301673_p072,294a5225a8301673,EVT_00073,the_new_indian_express,Gogoi,Victimhood,Positive,"This bill is not for women's reservation, but it is for delimitation through the back door,",bill,is for,delimitation through the back door
294a5225a8301673_p073,294a5225a8301673,EVT_00073,the_new_indian_express,Meghwal,Governance,Positive,Union Law Minister Arjun Ram Meghwal said there would be an equal increase in the strength of the Lok Sabha to 815 seats,Meghwal,said,increase
294a5225a8301673_p078,294a5225a8301673,EVT_00073,the_new_indian_express,Lok Sabha,Governance,Negative,"officially known as the Constitution (One Hundred and Sixth Amendment) Act, 2023 -- introduced in Lok Sabha after division of votes",divided,votes,Lok Sabha
294a5225a8301673_p079,294a5225a8301673,EVT_00073,the_new_indian_express,NDA,Governance,Negative,Opposition pressed for division of votes to introduce bill to tweak women quota law.,Opposition,pressed,NDA
294a5225a8301673_p086,294a5225a8301673,EVT_00073,the_new_indian_express,BJP,Attack/Defence,Negative,Karamvir Singh Boudh (Congress) and Sanjay Bhatia (BJP),Singh Boudh,accused,BJP's policies
294a5225a8301673_p089,294a5225a8301673,EVT_00073,the_new_indian_express,Baalu,Attack/Defence,Negative,opposing the bills introduced by the Centre,Centre,opposed,Baalu
294a5225a8301673_p092,294a5225a8301673,EVT_00073,the_new_indian_express,CPI,Procedural Fairness,Negative,Rajya Sabha MP John Brittas said parliamentary assemblies could become “dysfunctional” if the number of members increases following delimitation.,MPs,said,Rajya Sabha could become dysfunctional
294a5225a8301673_p098,294a5225a8301673,EVT_00073,the_new_indian_express,Yadav,Communal Tension,Negative,Dharmendra Yadav spoke about giving reservations to Muslim women,Yadav,speak,reservations for Muslim women
294a5225a8301673_p098,294a5225a8301673,EVT_00073,the_new_indian_express,Samajwadi Party,Communal Tension,Negative,This is unconstitutional. Reservation based on religion is unconstitutional,Reservation,be unconstitutional,SC/ST category
294a5225a8301673_p127,294a5225a8301673,EVT_00073,the_new_indian_express,Gogoi,Attack/Defence,Negative,Chief Minister and others present,Chief Minister,attacked,Gogoi
294a5225a8301673_p133,294a5225a8301673,EVT_00073,the_new_indian_express,NDA,Governance,Negative,The opposition to the proposed delimitation bill has been mounting for a long time and has escalated,opposition,mounting,delimitation bill
294a5225a8301673_p133,294a5225a8301673,EVT_00073,the_new_indian_express,Congress,Governance,Negative,The opposition has also objected to haste in convening a special Parliament sitting amid the election season.,Congress,objected to,speedy Parliament sitting
9cbc3a7b463b109c_p001,9cbc3a7b463b109c,EVT_00073,ndtv,Amit Shah,Nationalism,Negative,spun a false narrative on delimitation and presented data,spun,created false narrative on,delimitation and presented data by Amit Shah
9cbc3a7b463b109c_p003,9cbc3a7b463b109c,EVT_00073,ndtv,Amit Shah,Governance,Positive,"said Tamil Nadu will get 20 more seats, Kerala 10, Telangana 9 and Andhra Pradesh 13 seats.",Tamil Nadu,will get,20 more seats
b15b01acc3e4ca81_p001,b15b01acc3e4ca81,EVT_00073,the_hindu,PM Modi,Nationalism,Positive,told the Lok Sabha,told,said,PM Modi
cb1ecc0fc88ddbef_p003,cb1ecc0fc88ddbef,EVT_00073,theprint,Amit Shah,Procedural Fairness,Positive,"Even Akhilesh ji (Yadav) to be worried,” Amit Shah added.",,,
cb1ecc0fc88ddbef_p006,cb1ecc0fc88ddbef,EVT_00073,theprint,Amit Shah,Communal Tension,Negative,said Shah.,ignored,said,Amit Shah
8ae438ad0be3762a_p011,8ae438ad0be3762a,EVT_00087,india_today,Shariat,Attack/Defence,Negative,"“In the absence of uniform civil law, 100 million Muslim women [are] being discriminated against women receive half or even less of what male counterparts receive,”",women,receive,less than men
8ae438ad0be3762a_p011,8ae438ad0be3762a,EVT_00087,india_today,1937,Attack/Defence,Negative,"“In the absence of uniform civil law, 100 million Muslim women [are] being discriminated against women receive half or even less of what male counterparts receive,”",civil law,absent,women discrimination
788e5ebf161efe3f_p037,788e5ebf161efe3f,EVT_00073,firstpost,Akhilesh Yadav,Victimhood,Positive,"you don’t need to worry even though you are not going to win the elections in Uttar Pradesh,” he said.",,,
ae4757bb96c0dc20_p002,ae4757bb96c0dc20,EVT_00110,hindustan_times,BJR,Procedural Fairness,Negative,urge the Centre to ensure fair representation for southern states,Centre,urge,fair representation
ae4757bb96c0dc20_p004,ae4757bb96c0dc20,EVT_00110,hindustan_times,YCP,Attack/Defence,Neutral,trigger a widespread public agitation across south India,triggered,agitation,public across south India
ae4757bb96c0dc20_p004,ae4757bb96c0dc20,EVT_00110,hindustan_times,BJP,Attack/Defence,Negative,"if the delimitation process results in reduced representation for southern states in Parliament, it would trigger a widespread public agitation across south India.",delimitation process,result in,reduced representation for southern states in Parliament
ae4757bb96c0dc20_p005,ae4757bb96c0dc20,EVT_00110,hindustan_times,BRS,Governance,Negative,"has been demanding an increase in the number of assembly and Lok Sabha seats as promised in the AP Reorganisation Act, 2014.",Congress,demanding,increase in seats
ae4757bb96c0dc20_p006,ae4757bb96c0dc20,EVT_00110,hindustan_times,KTSSR,Victimhood,Negative,would not tolerate any attempt to suppress their voice and representation,would not tolerate,action against,voice and representation
ae4757bb96c0dc20_p011,ae4757bb96c0dc20,EVT_00110,hindustan_times,Reddy,Procedural Fairness,Positive,"""Any changes to constituency boundaries should be carried out in a manner that does not inconvenience local populations,"" said Reddy, adding that a scientific and systematic resolution of public grievances was necessary.",Reddy,recommendation,fair constituency boundary changes
ae4757bb96c0dc20_p011,ae4757bb96c0dc20,EVT_00110,hindustan_times,YCP,Procedural Fairness,Positive,"""The YSRCP urged the Centre to take into account public concerns and objections that may arise during the delimitation exercise. """,YSRCP,urged,Centre to consider concerns
c0c30a245169d134_p004,c0c30a245169d134,EVT_00110,india_today,AAP,Attack/Defence,Negative,"launched a strong attack, saying the exercise was not a routine democratic step but a targeted action against certain states.",AAP,launched,attack
c0c30a245169d134_p004,c0c30a245169d134,EVT_00110,india_today,Malvinder Singh Kang,Attack/Defence,Positive,"Punjab AAP MP Malvinder Singh Kang launched a strong attack, saying the exercise was not a routine democratic step but a targeted action against certain states.",Punjab AAP MP Malvinder Singh Kang,attacked,exercise
c0c30a245169d134_p010,c0c30a245169d134,EVT_00110,india_today,AAP,Attack/Defence,Negative,The AAP leader said the proposed changes risk weakening the federal structure of the country.,AAP leader,said,proposed changes weaken federal structure
8ce738470035c289_p001,8ce738470035c289,EVT_00067,theprint,Amit Shah,Attack/Defence,Negative,BJP chief Amit Shah,BJP,attacked,Amit Shah
8ce738470035c289_p001,8ce738470035c289,EVT_00067,theprint,Rahul Gandhi,Attack/Defence,Positive,a lot of catching up to do when compared to BJP chief Amit Shah.,Congress,defended,Rahul Gandhi
da935e9808d3e636_p001,da935e9808d3e636,EVT_00043,theprint,Nitish Kumar,Governance,Negative,His elevation marks the end of an era dominated by Nitish Kumar's 'sushasan',elevation,marks,end of era
da935e9808d3e636_p002,da935e9808d3e636,EVT_00043,theprint,Bihar,Governance,Negative,state still lags behind on key human indicators.,Bihar,lagged,on human indicators
154645f6e086a44b_p004,154645f6e086a44b,EVT_00024,indian_express,Trinamool Congress (TMC),Development,Positive,All the top 10 constituencies with the highest deletions are currently held by the Trinamool Congress (TMC).,TMC,hold,top constituencies
154645f6e086a44b_p005,154645f6e086a44b,EVT_00024,indian_express,Local Elections in Samserganj (Murshidabad district),Development,Negative,"74,775 deletions, or 29.57% of its pre-SIR electorate",Deletions,represent,Negative sentiment on Local Elections in Samserganj (Murshidabad district)
154645f6e086a44b_p009,154645f6e086a44b,EVT_00024,indian_express,Politicians in South 24 Parganas,Violence,Negative,"Metiaburuz (South 24 Parganas): 39,579, or 15.04","39,579",represent,Violence in South 24 Parganas
154645f6e086a44b_p013,154645f6e086a44b,EVT_00024,indian_express,Government,Development,Negative,"36,581 deletions, or 13.65%",Government,received,negative sentiment score
154645f6e086a44b_p014,154645f6e086a44b,EVT_00024,indian_express,Ratua,Election Strategy,Negative,"35,573 deletions, or 11.9%","35,573 deletions",represent,Election Strategy frame
154645f6e086a44b_p016,154645f6e086a44b,EVT_00024,indian_express,EC (Election Commission),Corruption,Negative,"The EC data shows 12 Assembly constituencies recorded deletions of over 30,000 names",EC,received,Negative sentiment score
154645f6e086a44b_p017,154645f6e086a44b,EVT_00024,indian_express,Political Parties and Candidates,Voter Suppression,Negative,Constituencies with a high percentage of Matua and Muslim voters have also seen significant deletions,Matua and Muslim voters,affected,Constituencies
154645f6e086a44b_p018,154645f6e086a44b,EVT_00024,indian_express,Political Processes,Law & Order,Negative,The lowest levels of deletions in adjudication cases were in the Adivasi belt of Bankura and Purulia.,,,
154645f6e086a44b_p018,154645f6e086a44b,EVT_00024,indian_express,Political Processes,Law & Order,Negative,"In the Manbazar Assembly seat in Purulia district, only 71 electors were struck off the rolls.",,,
154645f6e086a44b_p018,154645f6e086a44b,EVT_00024,indian_express,Political Processes,Law & Order,Negative,The Onda constituency in Bankura saw 114 deletions.,Politicians,deleted,records
154645f6e086a44b_p019,154645f6e086a44b,EVT_00024,indian_express,Protests,Violence,Negative,"During the rescue, the protesters pelted stones at the police, injuring two constables.",protesters,pelted,police
154645f6e086a44b_p019,154645f6e086a44b,EVT_00024,indian_express,Police and Judicial Officers,Violence,Negative,The police arrested at least 35 people in connection with the protests.,police,arrested,people
4751e4daf0a5d054_p004,4751e4daf0a5d054,EVT_00051,firstpost,Trade Pact,Development,Positive,The proposed trade pact has gained importance amid changes in the global tariff environment.,Gained,importance,Trade Pact
4751e4daf0a5d054_p005,4751e4daf0a5d054,EVT_00051,firstpost,Trade Negotiators,Policy,Positive,Framework for interim trade agreement,Negotiators,signed,framework for interim trade agreement
4751e4daf0a5d054_p006,4751e4daf0a5d054,EVT_00051,firstpost,India-US Trade Relations,Development,Positive,"In February, India and the US had announced the completion of a framework for an interim trade agreement.",India and US,announced,framework for interim trade agreement
4751e4daf0a5d054_p010,4751e4daf0a5d054,EVT_00051,firstpost,Trade Framework,Development,Negative,"changes have impacted ongoing trade negotiations with multiple partners, including India.",changes,impact,trade negotiations
7e38dc167299a4da_p008,7e38dc167299a4da,EVT_00051,hindustan_times,India,Economic Relations,Negative,"The major trading partners with which India recorded negative exports growth in 2025-26 include the Netherlands, the UK, Singapore, Bangladesh, Saudi Arabia, Australia, France, South Africa, and Malaysia.",India,recorded,negative exports growth
7e38dc167299a4da_p010,7e38dc167299a4da,EVT_00051,hindustan_times,India,Trade Disruption,Negative,"The major trading partners with which India recorded negative imports growth in 2025-26 include Russia, Iraq, Indonesia, Australia, Qatar, and Taiwan.",India,recorded,negative imports growth
68c82184ffaf1a33_p004,68c82184ffaf1a33,EVT_00088,ndtv,Akasa Air,Transportation Disruption,Negative,The right winglet of SpiceJet was damaged and the left-hand horizontal stabilizer of Akasa was hit.,Damage,inflicted,Akasa Air
68c82184ffaf1a33_p004,68c82184ffaf1a33,EVT_00088,ndtv,Akasa Air,Operational Disruption,Negative,Akasa Air's plane was to operate flight QP-1406 from Delhi to Hyderabad,plane,operate,flight QP-1406
68c82184ffaf1a33_p008,68c82184ffaf1a33,EVT_00088,ndtv,Akasa Air,Safety & Security,Positive,"""the safety and security of our passengers and crew remain our highest priority""",remains,priority,safety and security
d13af8bda50777c2_p004,d13af8bda50777c2,EVT_00088,hindustan_times,DGCA (Directorate General of Civil Aviation),Law & Order,Negative,The DGCA said in a statement.,DGCA,said,statement
d13af8bda50777c2_p012,d13af8bda50777c2,EVT_00088,hindustan_times,Indian Government/Airports,Safety Violation,Negative,This is the second such incident in over two months,second incident,happen,over two months
d13af8bda50777c2_p015,d13af8bda50777c2,EVT_00088,hindustan_times,Air India,Safety Violation,Negative,"'the wingtips of the two aircraft made contact, resulting in damage to our aircraft’s wingtip,”",Air India,damaged,wingtip
d13af8bda50777c2_p016,d13af8bda50777c2,EVT_00088,hindustan_times,Arya Mishra,Development,Positive,"Arya covers high-impact crime incidents, public safety and justice issues, political developments, education policy and international affairs",Arya,covers,issues
d13af8bda50777c2_p017,d13af8bda50777c2,EVT_00088,hindustan_times,Arya,Policy,Positive,"thrives in fast-paced environments – running live blogs, crafting in-depth explainers and real-time news coverage that keeps readers informed as stories evolve.",thrives,in,fast-paced environments
d13af8bda50777c2_p017,d13af8bda50777c2,EVT_00088,hindustan_times,Arya,Development,Positive,"detailed coverage of serious criminal cases, politics as well as analyses of national education reforms and international diplomatic moves.",media,cover,Arya's work
d13af8bda50777c2_p017,d13af8bda50777c2,EVT_00088,hindustan_times,Arya,Policy,Positive,writing about global trade policy changes,writing,about,global trade policy changes
3e81f4a2055350c0_p001,3e81f4a2055350c0,EVT_00088,india_today,Delhi Airport Management,Safety & Accidents,Negative,SpiceJet plane hits stationary Akasa Air plane at Delhi airport,plane,hits,stationary plane
3e81f4a2055350c0_p003,3e81f4a2055350c0,EVT_00088,india_today,Tata Consultancy Services,Corruption,Negative,The national racket has shaken the conscience of the country.,,,
3e81f4a2055350c0_p004,3e81f4a2055350c0,EVT_00088,india_today,Human Resources Manager,Corruption,Negative,alleged won the trust of the affected women but failed to take any actionable steps to address their grievances.,failed,take,action
3e81f4a2055350c0_p006,3e81f4a2055350c0,EVT_00088,india_today,Prime Minister Narendra Modi,Policy,Positive,urged the opposition not to politicise the women's reservation bill and assured that the proposed legislation will not lead to any injustice or discrimination against any state.,urged,not to politicise,women's reservation bill
3e81f4a2055350c0_p007,3e81f4a2055350c0,EVT_00088,india_today,PM Modi,Policy,Negative,Prime Minister Narendra Modi on Thursday urged the opposition not to give political color to the women's reservation bill and warned that women won't forgive those who oppose the proposed 33 percent reservation for women.,Modi,urged,opposition to avoid politicizing bill
3e81f4a2055350c0_p008,3e81f4a2055350c0,EVT_00088,india_today,Mamata Banerjee,Violence,Negative,He was swiftly intercepted and removed by her security personnel.,security personnel,intercepted,He
05e1d2b1b0789e0b_p001,05e1d2b1b0789e0b,EVT_00062,firstpost,Gulf Infrastructure,Supply Disruption & Economic Impact,Negative,damaged Gulf infrastructure,damaged,affected,Gulf infrastructure
05e1d2b1b0789e0b_p004,05e1d2b1b0789e0b,EVT_00062,firstpost,Iranian Strikes,Violence,Negative,"The crisis stems from the ongoing blockade of the Strait of Hormuz and Iranian strikes on regional energy infrastructure, which have severely choked the flow of cooking gas to South Asia.",Iran,struck,energy infrastructure
05e1d2b1b0789e0b_p006,05e1d2b1b0789e0b,EVT_00062,firstpost,"LPG (producers, distributors)",Development,Negative,“What ‘shut’ exactly means is not fully clear—whether entire wells have been exhausted or production has stopped—but suppliers themselves are saying it will take at least three years.”,Suppliers,saying,production has stopped
05e1d2b1b0789e0b_p007,05e1d2b1b0789e0b,EVT_00062,firstpost,India,Strategic Vulnerability,Negative,strategic vulnerability,India,received,Negative sentiment score
05e1d2b1b0789e0b_p008,05e1d2b1b0789e0b,EVT_00062,firstpost,India,Strategic Vulnerability,Negative,strategic vulnerability has come sharply into focus,has come,into focus,strategic vulnerability
05e1d2b1b0789e0b_p010,05e1d2b1b0789e0b,EVT_00062,firstpost,India,Development,Negative,"Compounding the risk is India’s limited storage capacity, which covers barely 15 days of consumption against an annual demand of 33 million tonnes.",India,has,limited storage capacity
05e1d2b1b0789e0b_p011,05e1d2b1b0789e0b,EVT_00062,firstpost,Government/Central Government,Economy & Finance,Negative,"The impact is already being felt on the ground, with prices of a 14.2 kg domestic cylinder rising by Rs 60 since mid-March, while commercial cylinders have become costlier by Rs 115.",prices,rise,cylinders
d81822ba62c864e4_p001,d81822ba62c864e4,EVT_00024,theprint,Mamata Banerjee,Development,Negative,where some decisions by Mamata haven't gone down well,Mamata,haven't gone down well with,some decisions
d81822ba62c864e4_p002,d81822ba62c864e4,EVT_00024,theprint,Kejriwal,Law & Order,Negative,The agency rejected Kejriwal’s allegation of ‘ideological bias’,agency,rejected,Kejriwal’s allegation
d81822ba62c864e4_p002,d81822ba62c864e4,EVT_00024,theprint,Agency/Judge,Corruption,Negative,called his plea for the judge’s recusal in the excise policy case hearing ‘wholly vexatious’,called,accusatory,judge
d81822ba62c864e4_p003,d81822ba62c864e4,EVT_00024,theprint,Dravidian leaders,Corruption,Negative,"Chennai: The Dravidian leaders prefer to call them as ‘social investments’, or ‘personalised gifts’.",Dravidian leaders,call,"social investments, personalised gifts"
d81822ba62c864e4_p004,d81822ba62c864e4,EVT_00024,theprint,Gogoi,Development,Positive,A victory here would not only mark Gogoi’s first entry into Assam assembly,First entry,mark,Gogoi
d81822ba62c864e4_p005,d81822ba62c864e4,EVT_00024,theprint,Government (Assuming reference to development projects),Development,Positive,"While the Godavari and the Krishna rivers were already linked in 2015, the current plan will also connect their tributaries as well as some major rivers in northern Andhra Pradesh.",Godavari and Krishna rivers,linked,2015
d81822ba62c864e4_p007,d81822ba62c864e4,EVT_00024,theprint,India,Development,Positive,This also means we remain disciplined enough not to be knee-jerked into reacting to what Pakistan sees as its moment in the sun.,,,
9b421ea7b314a812_p001,9b421ea7b314a812,EVT_00208,indian_express,DMK,Protest,Negative,Why DMK has hit the streets over TVK minister’s two-year-old video,DMK,protested,TVK minister's video
9b421ea7b314a812_p002,9b421ea7b314a812,EVT_00208,indian_express,Sarath Kumar,Drug Trafficking/Corruption,Negative,"The video shows Sarath Kumar seated among spectators during an IPL match while handling a small quantity of white, powder-like substance on the screen of a smartphone.",showed,display,evidence
9b421ea7b314a812_p003,9b421ea7b314a812,EVT_00208,indian_express,C Joseph Vijay (Chief Minister),Protest,Negative,“demanding the dismissal and arrest of Human Resources Management Minister D Sarath Kumar over a resurfaced viral video that many allege depicts conduct resembling drug use.”,many,alleged,drug use
9b421ea7b314a812_p004,9b421ea7b314a812,EVT_00208,indian_express,police and DMK (Dravida Munnetra Kazhagam),Violence,Negative,"Officers detained more than 50 protesters, including party functionaries, before dispersing the gathering, citing prohibitory orders.",Officers,detained,protesters
9b421ea7b314a812_p005,9b421ea7b314a812,EVT_00208,indian_express,Opposition party,Protest,Negative,protest was all about the Opposition party’s attempt to turn a social media controversy into a political issue,Opposition party,attempted,turn social media controversy into political issue
9b421ea7b314a812_p006,9b421ea7b314a812,EVT_00208,indian_express,Sarathkumar,Protest,Negative,staging protest against Minister Sarathkumar and seeking his dismissal,staging,protest against,Minister Sarathkumar
9b421ea7b314a812_p008,9b421ea7b314a812,EVT_00208,indian_express,Unknown Politician or Party,Violence,Negative,"@PTI_News: Press Trust of India (@PTI_News) June 29, 2026",unknown,received,negative score
9b421ea7b314a812_p009,9b421ea7b314a812,EVT_00208,indian_express,Sarath Kumar,Corruption,Negative,"""Thug Life""",Thug Life,causes,Negative sentiment for Sarath Kumar (Corruption)
9b421ea7b314a812_p010,9b421ea7b314a812,EVT_00208,indian_express,Vijay,Protest,Negative,"Interestingly, the video surfaced on the same day Vijay ran a “Start Run, Stop Drugs” anti-drug awareness marathon in Chennai last week, adding a strong edge to the controversy around his minister.",video,surfaced,controversy
9b421ea7b314a812_p011,9b421ea7b314a812,EVT_00208,indian_express,Sarath Kumar,Corruption,Negative,"In the footage, Sarath Kumar appears to use an ATM card to press, scrape and gather the substance into a finer powder. A Rs 500 currency note is visible nearby",Sarath Kumar,use,ATM card
9b421ea7b314a812_p012,9b421ea7b314a812,EVT_00208,indian_express,minister,Corruption,Negative,"Many online argued that the sequence bears a resemblance to familiar visual depictions of narcotics being prepared, prompting allegations on social media that the minister was using drugs.",Many online,alleged,minister using drugs
9b421ea7b314a812_p013,9b421ea7b314a812,EVT_00208,indian_express,Opposition parties,Criticism and Opposition,Negative,political criticism,Criticism,targets,Opposition parties
9b421ea7b314a812_p014,9b421ea7b314a812,EVT_00208,indian_express,Sarath Kumar,Corruption,Negative,The minister said the clip had been stripped of its context and was being deliberately misrepresented on social media.,minister,said,clip misrepresented
9b421ea7b314a812_p016,9b421ea7b314a812,EVT_00208,indian_express,Sarath Kumar,Protest,Negative,Its students wing announced a statewide agitation demanding Sarath Kumar’s immediate dismissal from the Cabinet,students wing,announced,protest
9b421ea7b314a812_p017,9b421ea7b314a812,EVT_00208,indian_express,minister,Protest,Negative,It further accused him of “hiding behind a child to play politics”.,It further,accused,minister of hiding behind a child to play politics
9b421ea7b314a812_p018,9b421ea7b314a812,EVT_00208,indian_express,M A Subramanian,Protest,Negative,accused the government of suppressing democratic protests,accusing,did,government of suppressing democratic protests
9b421ea7b314a812_p019,9b421ea7b314a812,EVT_00208,indian_express,DMDK general secretary Premalatha Vijayakanth and Woman Advocate Saranya,Protest,Negative,"""highly condemnable', saying public representatives should maintain proper conduct and that the emergence of the video during an anti-drug campaign was unfortunate. Separately, a woman advocate, Saranya, submitted a complaint to the Chennai City Police Commissioner seeking legal action against the minister.",Congress,condemned,Premalatha Vijayakanth and Saranya
9b421ea7b314a812_p020,9b421ea7b314a812,EVT_00208,indian_express,Sarath Kumar,Election Strategy,Negative,"His party, the TVK, has since sought to distance itself from the episode as political pressure over the viral video continues to grow.",TVK party,distanced itself,episode
01424f0f5da0a0f6_p002,01424f0f5da0a0f6,EVT_00211,theprint,CJP (Campaign for Justice and Peace),Protest,Negative,"repeatedly rejected the CJP’s comparisons with the Aam Aadmi Party (AAP), which emerged from the India Against Corruption movement",CJP,rejected,AAP comparison
01424f0f5da0a0f6_p002,01424f0f5da0a0f6,EVT_00211,theprint,India Against Corruption movement,Development,Positive,emerged from the India Against Corruption movement before entering electoral politics,India Against Corruption movement,emerged from,electoral politics
01424f0f5da0a0f6_p004,01424f0f5da0a0f6,EVT_00211,theprint,Dipke (student leader),Protest,Positive,“We are not relying on any political parties to carry this movement forward; this movement is by the students.”,We,are not relying on,political parties to carry the movement forward
01424f0f5da0a0f6_p005,01424f0f5da0a0f6,EVT_00211,theprint,the politician (implied as He mentioned),Protest,Positive,His latest appeal to all parties to join his protest,He,appealed,all parties to join protest
01424f0f5da0a0f6_p006,01424f0f5da0a0f6,EVT_00211,theprint,BJP (Bharatiya Janata Party),Protest,Negative,"Dipke has invited all political parties, including BJP members, to join the agitation",Dipke,invited,BJP members
01424f0f5da0a0f6_p007,01424f0f5da0a0f6,EVT_00211,theprint,Nitin Yadav (BJP),Election Strategy,Negative,took an indirect swipe at the movement during a speech in Telangana.,took,swipe at,movement
01424f0f5da0a0f6_p008,01424f0f5da0a0f6,EVT_00211,theprint,BJP (Indian political party),Violence,Negative,"“They are the ones who want to break the country into pieces, and BJP workers will teach them a lesson,” he said.",They,want,break the country into pieces
01424f0f5da0a0f6_p009,01424f0f5da0a0f6,EVT_00211,theprint,Major Political Parties,Lack of Support or Engagement,Negative,"Despite its growing online popularity, the movement has not received formal backing from any major political party.",Major Political Parties,did not receive,formal backing
01424f0f5da0a0f6_p010,01424f0f5da0a0f6,EVT_00211,theprint,CPI leader Annie Raja,Protest,Positive,The CJP’s first protest at Jantar Mantar on 6 June was attended by CPI leader Annie Raja,CJP,protested,Jantar Mantar
01424f0f5da0a0f6_p010,01424f0f5da0a0f6,EVT_00211,theprint,CPI(ML) Liberation General Secretary Dipankar Bhattacharya,Protest,Positive,"The CJP’s first protest at Jantar Mantar on 6 June was attended by CPI leader Annie Raja, CPI(ML) Liberation General Secretary Dipankar Bhattacharya and climate activist Sonam Wangchuk.",CJP,attended,Jantar Mantar protest
01424f0f5da0a0f6_p010,01424f0f5da0a0f6,EVT_00211,theprint,Climate Activist Sonam Wangchuk,Protest,Positive,"The CJP’s first protest at Jantar Mantar on 6 June was attended by CPI leader Annie Raja, CPI(ML) Liberation General Secretary Dipankar Bhattacharya and climate activist Sonam Wangchuk.",CJP's first protest,attended,Sonam Wangchuk
01424f0f5da0a0f6_p011,01424f0f5da0a0f6,EVT_00211,theprint,CPI (M) leaders,Protest,Negative,"CPI general secretary D. Raja, CPI(M) general secretary M.A. Baby and senior CPI(M) leader Brinda Karat also attended the protest at Jantar Mantar.",CPI(M) leaders,attended,protest
01424f0f5da0a0f6_p013,01424f0f5da0a0f6,EVT_00211,theprint,Arvind Kejriwal (AAP national convener),Protest,Positive,"AAP national convener Arvind Kejriwal backed the CJP’s central demand of Union Education Minister Dharmendra Pradhan's resignation, saying the movement reflected widespread anger among students over repeated examination controversies and incidents of paper leaks.",Kejriwal,backed,CJP's demand for resignation
01424f0f5da0a0f6_p016,01424f0f5da0a0f6,EVT_00211,theprint,Akhilesh Yadav,Support,Positive,Samajwadi Party chief Akhilesh Yadav,Samajwadi Party,chief,Akhilesh Yadav
01424f0f5da0a0f6_p016,01424f0f5da0a0f6,EVT_00211,theprint,Shiv Sena (UBT) chief Uddhav Thackeray,Support,Positive,Shiv Sena (UBT) chief Uddhav Thackeray,Shiv Sena (UBT),supported,Uddhav Thackeray
01424f0f5da0a0f6_p016,01424f0f5da0a0f6,EVT_00211,theprint,NCP (Sharadchandra Pawar) leader Rohit Pawar,Support,Positive,NCP (Sharadchandra Pawar) leader Rohit Pawar,NCP,supported,Rohit Pawar
01424f0f5da0a0f6_p017,01424f0f5da0a0f6,EVT_00211,theprint,Congress,Protest,Positive,"The Congress, too, has supported the issues raised by the movement while maintaining organisational distance from the protest.",Congress,support,issues raised by the movement
01424f0f5da0a0f6_p019,01424f0f5da0a0f6,EVT_00211,theprint,General Public/Crowd,Protest,Positive,‘Crowd not only measure of success’,not measure,of,success
01424f0f5da0a0f6_p021,01424f0f5da0a0f6,EVT_00211,theprint,Singhvi,Development,Positive,"""Times have changed,"" Singhvi said, arguing that the movement had generated significant traction online and reflected genuine dissatisfaction among young people over the education system.",Singhvi,said,Times have changed
01424f0f5da0a0f6_p022,01424f0f5da0a0f6,EVT_00211,theprint,Congress,Protest,Negative,"However, the Congress has not officially endorsed the Cockroach Janta Party’s agitation.",Congress,not endorsed,agitation
01424f0f5da0a0f6_p022,01424f0f5da0a0f6,EVT_00211,theprint,Cockroach Janta Party,Protest,Negative,"However, the Congress has not officially endorsed the Cockroach Janta Party’s agitation.",Congress,not endorsed,Cockroach Janta Party's agitation
01424f0f5da0a0f6_p022,01424f0f5da0a0f6,EVT_00211,theprint,National Students’ Union of India (NSUI),Protest,Positive,"Instead, its student wing, the National Students' Union of India (NSUI), and the Indian Youth Congress have organised separate protests",NSUI,organised,protests
01424f0f5da0a0f6_p022,01424f0f5da0a0f6,EVT_00211,theprint,Indian Youth Congress,Protest,Positive,"Instead, its student wing, the National Students' Union of India (NSUI), and the Indian Youth Congress have organised separate protests",Indian Youth Congress,organised,protests
01424f0f5da0a0f6_p025,01424f0f5da0a0f6,EVT_00211,theprint,Singh,Policy,Negative,Singh also said that the movement’s objective appeared to be securing political backing for its demands rather than transforming itself into a political party.,Singh,said,movement’s objective
01424f0f5da0a0f6_p027,01424f0f5da0a0f6,EVT_00211,theprint,Cockroach Janta Party,Protest,Negative,"But with some political leaders turning up at its protests, parties across the Opposition backing its demands",leaders,turning up,protests
01424f0f5da0a0f6_p027,01424f0f5da0a0f6,EVT_00211,theprint,Cockroach Janta Party,Political Strategy,Negative,Dipke himself inviting all parties to join the agitation,Dipke,inviting,parties to join agitation
01424f0f5da0a0f6_p028,01424f0f5da0a0f6,EVT_00211,theprint,Cockroach Janata Party,Protest,Negative,"At Jantar Mantar, Cockroach Janata Party protest settles into a simmer as demands stay unchanged",Cockroach Janata Party,protest,Jantar Mantar
508fc06fff56540b_p001,508fc06fff56540b,EVT_00213,indian_express,VHP,Protest,Negative,Will VHP's campaign to 'free' temples be hit?,Will,hit,VHP's campaign
508fc06fff56540b_p002,508fc06fff56540b,EVT_00213,indian_express,initiative,Election Strategy,Negative,"""next few months are critical""",,,
508fc06fff56540b_p003,508fc06fff56540b,EVT_00213,indian_express,Sangh Parivar,Corruption,Negative,The recent alleged embezzlement of donations at the Ram Janmabhoomi Temple in Ayodhya,Sangh Parivar,targeted,Corruption frame
508fc06fff56540b_p004,508fc06fff56540b,EVT_00213,indian_express,Sangh Ecosystem,Protest,Negative,"While the VHP has officially maintained that the alleged theft will not derail its efforts, several voices within the broader Sangh ecosystem believe the campaign has suffered a significant setback.",voices,believe,campaign suffered setback
508fc06fff56540b_p005,508fc06fff56540b,EVT_00213,indian_express,VHP leader,Protest,Negative,it seems like the campaign has derailed,it,seems,campaign has derailed
508fc06fff56540b_p006,508fc06fff56540b,EVT_00213,indian_express,VHP (Vinayak Damodar Savarkar Phule Committee),Corruption,Negative,"""to enact a legislation handing over Hindu temples and religious institutions to Hindu society""",Hindu society,enacted,legislation
508fc06fff56540b_p008,508fc06fff56540b,EVT_00213,indian_express,VHP functionaries and religious leaders,Development,Positive,donations worth Rs 1.86 lakh crore from temples were flowing into government coffers.,donations,flowing into,government coffers
508fc06fff56540b_p011,508fc06fff56540b,EVT_00213,indian_express,RSS pracharaks,Protest,Negative,"""The latest episode in Ayodhya has weakened the ‘free Hindu temples’ campaign. Our failure to properly manage offerings and donations at the Ram Temple has exposed shortcomings in selecting the right people for the job. We must restore people’s faith before pushing ahead. 
",Congress,accused,Modi
508fc06fff56540b_p012,508fc06fff56540b,EVT_00213,indian_express,Various political figures,Corruption,Negative,"""If we have failed here, people will naturally question our ability to manage other temples.""",Various political figures,questioned,ability to manage other temples
508fc06fff56540b_p012,508fc06fff56540b,EVT_00213,indian_express,Various political figures,Violence,Negative,"""Those temples, from time to time, have suffered more mismanagement of funds and other related allegations.""",Mismanagement,affected,Temples
508fc06fff56540b_p014,508fc06fff56540b,EVT_00213,indian_express,Another office-bearer,Law & Order,Positive,"""We must restore public faith urgently. The next few months are critical. The FIR registered in Ayodhya should be investigated promptly and tried in a fast-track court. Everything depends on how effectively we rebuild trust.""",呼吁者,建议,重建信任的行动
508fc06fff56540b_p017,508fc06fff56540b,EVT_00213,indian_express,VHP (Vinayak Damodar Savarkar Party),Development,Positive,"There were conferences organised in this regard, of which a few were attended by former RSS sarkaryavah Bhaiyaji Joshi.",Conferences,organized,Bhaiyaji Joshi
dd8acdcce507c12d_p001,dd8acdcce507c12d,EVT_00208,theprint,R Nirmal Kumar (TVK leader and Tamil Nadu minister),Corruption,Negative,horse trading attempt by DMK leadership to lure his party legislators,DMK leadership,attempted,horse trade
dd8acdcce507c12d_p001,dd8acdcce507c12d,EVT_00208,theprint,R Nirmal Kumar (TVK leader and Tamil Nadu minister),Protest,Negative,said that three persons have been arrested by police in this connection,said,state,police
dd8acdcce507c12d_p002,dd8acdcce507c12d,EVT_00208,theprint,Naresh,Corruption,Negative,"""includes a person identified as Naresh, who is in ‘close touch’ with 'DMK leader V Senthilbalaji and his brother Ashok,’ has been arrested in connection with 'horse-trading’""",Congress,accused,Modi
dd8acdcce507c12d_p003,dd8acdcce507c12d,EVT_00208,theprint,Minister for Energy Resources (likely referring to Kumar),Policy,Negative,"Kumar, Minister for Energy Resources, told reporters",Kumar,told,reporters
dd8acdcce507c12d_p004,dd8acdcce507c12d,EVT_00208,theprint,Senthilbalaji,Corruption,Negative,"The minister claimed that on the behest of DMK leaders such as Stalin and leader of opposition Udhayanidhi, people like Senthilbalaji have contacted several TVK MLAs and offered inducement ranging between Rs 10 and Rs 50 crore.",minister,claimed,Senthilbalaji received inducement
dd8acdcce507c12d_p005,dd8acdcce507c12d,EVT_00208,theprint,Speaker,Election Strategy,Negative,seeking his “cooperation” over an Assembly resolution against the Speaker.,seeking,cooperation,Speaker over Assembly resolution
dd8acdcce507c12d_p006,dd8acdcce507c12d,EVT_00208,theprint,MLA (likely referring to a Member of Legislative Assembly),Violence,Negative,"Thirunavukkarasu allegedly threatened that if the conversation was disclosed, both the MLA and his family would face serious consequences",Thirunavukkarasu,threatened,MLA and family
dd8acdcce507c12d_p007,dd8acdcce507c12d,EVT_00208,theprint,"Thirunavukkarasu, Naresh and Thiyagarajan",Protest,Negative,For their alleged involvement in the case,For their alleged involvement,received,Negative sentiment score under Protest frame
dd8acdcce507c12d_p008,dd8acdcce507c12d,EVT_00208,theprint,V Senthil Balaji,Corruption,Negative,"Inquiry disclosed that V Ashok Kumar, younger brother of former DMK Minister and current Coimbatore South MLA V Senthil Balaji met accused Naresh in Chennai.",Inquiry,disclosed,Corruption evidence
dd8acdcce507c12d_p009,dd8acdcce507c12d,EVT_00208,theprint,PTI,Corruption,Neutral,This report is auto-generated from PTI news service.,Generated,from,PTI news service
a183ac4a8a66cdce_p001,a183ac4a8a66cdce,EVT_00252,india_today,PM Takaichi,Election Strategy,Positive,Highlights: PM Takaichi bats for stronger India-Japan partnership amid global uncertainty,PM Takaichi,bats for,stronger India-Japan partnership
a183ac4a8a66cdce_p004,a183ac4a8a66cdce,EVT_00252,india_today,India and Japan,Development,Positive,"India and Japan will celebrate 2027 as the India-Japan Year of Shared Horizons to mark 75 years of diplomatic ties, the Ministry of External Affairs said.",India and Japan,celebrate,2027 as the India-Japan Year of Shared Horizons
a183ac4a8a66cdce_p004,a183ac4a8a66cdce,EVT_00252,india_today,Japan,Election Strategy,Positive,Japanese Prime Minister Sanae Takaichi has invited Prime Minister Narendra Modi to Japan for next year's annual summit.,Takaichi,invited,Modi to Japan
a183ac4a8a66cdce_p005,a183ac4a8a66cdce,EVT_00252,india_today,India,Economic Cooperation,Positive,Both the countries agree to strengthen crude oil partnership,Both countries,agree,strengthen crude oil partnership
a183ac4a8a66cdce_p006,a183ac4a8a66cdce,EVT_00252,india_today,Indian officials,Development,Positive,strengthen cooperation on strategic crude oil reserves and maritime energy transportation as part of efforts to bolster energy security and resilient supply chains.,Indian officials,part of,efforts
a183ac4a8a66cdce_p008,a183ac4a8a66cdce,EVT_00252,india_today,ACME Cleantech,Development,Positive,green hydrogen agreements,green hydrogen,agreed,cleantech companies
a183ac4a8a66cdce_p010,a183ac4a8a66cdce,EVT_00252,india_today,Future Creation Company CEO and CCO Haruyuki Hiratani,Development,Positive,"Speaking at the India-Japan Annual Summit 2026, Future Creation Company CEO and CCO Haruyuki Hiratani said closer collaboration between the two countries could accelerate the development and manufacturing of Internet of Things (IoT) solutions",Future Creation Company,said,collaboration could accelerate IoT solutions development and manufacturing
a183ac4a8a66cdce_p011,a183ac4a8a66cdce,EVT_00252,india_today,Japan Press Secretary,Development,Positive,says both the nations see significant scope for cooperation,Both nations,see,scope for cooperation
a183ac4a8a66cdce_p013,a183ac4a8a66cdce,EVT_00252,india_today,Akiba Farm Holdings CEO,Development,Positive,plans to help local Indian farmers,Akiba Farm Holdings CEO,planned,support for farmers
a183ac4a8a66cdce_p014,a183ac4a8a66cdce,EVT_00252,india_today,Akiba Farm Holdings,Development,Positive,He said the firm's focus is on helping local farmers increase their income and improve milk production through its proprietary animal feed.,He,said,Akiba Farm Holdings focus
a183ac4a8a66cdce_p014,a183ac4a8a66cdce,EVT_00252,india_today,Akiba Farm Holdings,Development,Positive,"The company has begun operations in Karnataka and Bengaluru and plans to expand its business to northern, southern and western India.",Akiba Farm Holdings,plans,expand its business
a183ac4a8a66cdce_p015,a183ac4a8a66cdce,EVT_00252,india_today,Tata Chemicals,Election Strategy,Positive,"""the two country should deepen EV cooperation""",two countries,cooperation,EV
a183ac4a8a66cdce_p016,a183ac4a8a66cdce,EVT_00252,india_today,Tata Chemicals,Development,Positive,"Speaking at the India-Japan Joint Economic Forum, Tata Chemicals Managing Director R. Mukundan said India and Japan should deepen cooperation in electric vehicles, green hydrogen and battery storage to strengthen the clean energy transition.",Tata Chemicals,announced,deeper cooperation in clean energy
a183ac4a8a66cdce_p017,a183ac4a8a66cdce,EVT_00252,india_today,Japan PM,Development,Positive,Foreign Secy calls Japan PM's visit a significant step,Foreign Secy,calls,Japan PM's visit
a183ac4a8a66cdce_p018,a183ac4a8a66cdce,EVT_00252,india_today,Prime Minister Narendra Modi,Election Strategy,Positive,held restricted and delegation-level talks,,,
a183ac4a8a66cdce_p018,a183ac4a8a66cdce,EVT_00252,india_today,Japanese Prime Minister Sanae Takaichi,Development,Positive,marked a significant step in strengthening the India-Japan Special Strategic and Global Partnership.,strengthened,step,Special Strategic and Global Partnership
a183ac4a8a66cdce_p019,a183ac4a8a66cdce,EVT_00252,india_today,Prime Minister Modi,Election Strategy,Positive,Prime Minister Modi will host Takaichi for a private dinner.,Prime Minister Modi,hosted,Takaichi for a private dinner
a183ac4a8a66cdce_p020,a183ac4a8a66cdce,EVT_00252,india_today,Japan Prime Minister,Development,Positive,explains why strengthening regional autonomy and resilience is essential,strengthening,is essential,regional autonomy and resilience
a183ac4a8a66cdce_p021,a183ac4a8a66cdce,EVT_00252,india_today,Japanese Prime Minister Sanae Takaichi,Development,Positive,"""proposed advancing a vision of ""Growing Stronger and More Prosperous Together,"" founded on the twin principles of autonomy and resilience""",Growing Stronger and More Prosperous Together,advancing,autonomy and resilience
a183ac4a8a66cdce_p021,a183ac4a8a66cdce,EVT_00252,india_today,Narendra Modi's MAHASAGAR initiative,Development,Positive,"""the approach closely aligns with Prime Minister Narendra Modi's MAHASAGAR initiative""",approach,aligns,MAHASAGAR initiative
a183ac4a8a66cdce_p022,a183ac4a8a66cdce,EVT_00252,india_today,Japan Prime Minister,Development,Positive,Japan PM says the two countries will further strengthen cooperation,Japan PM,says,strengthen cooperation
a183ac4a8a66cdce_p023,a183ac4a8a66cdce,EVT_00252,india_today,Japanese Prime Minister Sanae Takaichi,Development,Positive,"Addressing the forum, Japanese Prime Minister Sanae Takaichi said Japan and India, as two of the region's largest democracies, would further strengthen cooperation to uphold the rule of law, resist coercion, safeguard freedom, promote prosperity and shape the future together.",Takaichi,said,Japan and India
a183ac4a8a66cdce_p024,a183ac4a8a66cdce,EVT_00252,india_today,PM Modi,Development,Positive,PM Modi believes Japan and India together can build resilient global supply chains,PM Modi,believe,Japan and India
a183ac4a8a66cdce_p025,a183ac4a8a66cdce,EVT_00252,india_today,Prime Minister Narendra Modi,Development,Positive,"he said Japan's technology and India's market potential could together build resilient global supply chains in semiconductors, pharmaceuticals and critical minerals.",said,mention,Modi
a183ac4a8a66cdce_p025,a183ac4a8a66cdce,EVT_00252,india_today,Prime Minister Narendra Modi,Development,Positive,"He said Japan's capital and India's ambition could drive global leadership in shipbuilding, mobility and clean energy","Japan's capital, India's ambition",drive,"global leadership in shipbuilding, mobility and clean energy"
a183ac4a8a66cdce_p025,a183ac4a8a66cdce,EVT_00252,india_today,Prime Minister Narendra Modi,Development,Positive,"startups from both countries could develop next-generation solutions in artificial intelligence, quantum technology and biotechnology.",startups,develop,solutions
a183ac4a8a66cdce_p025,a183ac4a8a66cdce,EVT_00252,india_today,Prime Minister Narendra Modi,Development,Positive,Modi also highlighted the potential for expanded cooperation in aerospace and defence to strengthen global security,highlighted,emphasized,expanded cooperation
a183ac4a8a66cdce_p026,a183ac4a8a66cdce,EVT_00252,india_today,PM Modi,Development,Positive,calls for Japanese investment in India,calls for,for,Japanese investment in India
a183ac4a8a66cdce_p027,a183ac4a8a66cdce,EVT_00252,india_today,Prime Minister Narendra Modi,Development,Positive,"called for deeper economic engagement between the two countries, urging businesses to ensure that Japanese investment in India exceeds 10 trillion yen over the next decade and that the number of Japanese companies operating in the country doubles during the same period.",called,for,deeper economic engagement
a183ac4a8a66cdce_p028,a183ac4a8a66cdce,EVT_00252,india_today,PM Modi,Development,Positive,assures that India is world's fastest-growing economy,India,assures,world's fastest-growing economy
a183ac4a8a66cdce_p029,a183ac4a8a66cdce,EVT_00252,india_today,Prime Minister Narendra Modi,Economic Strategy,Positive,"By embracing Japan's Kaizen philosophy of continuous improvement over the past 12 years, India has been transforming its economic DNA.",India,embrace,Kaizen philosophy
a183ac4a8a66cdce_p030,a183ac4a8a66cdce,EVT_00252,india_today,PM Modi,Development,Positive,inaugurate,,inaugurate,PM Modi
a183ac4a8a66cdce_p030,a183ac4a8a66cdce,EVT_00252,india_today,Maruti Suzuki's 4th manufacturing unit,Development,Positive,4th manufacturing unit,Maruti Suzuki,established,4th manufacturing unit
a183ac4a8a66cdce_p032,a183ac4a8a66cdce,EVT_00252,india_today,PM Modi,Election Strategy,Positive,PM Modi calls India-Japan ties 'very special',PM Modi,calls,India-Japan ties
a183ac4a8a66cdce_p033,a183ac4a8a66cdce,EVT_00252,india_today,Prime Minister Narendra Modi,Development,Positive,"Referring to the inauguration of the new Maruti Suzuki plant in Haryana's Kharkhoda, he said nearly two-thirds of Suzuki cars sold globally are manufactured in India and exported to more than 100 countries.",Suzuki cars,are manufactured,in India
a183ac4a8a66cdce_p033,a183ac4a8a66cdce,EVT_00252,india_today,Prime Minister Narendra Modi,Economic Strategy,Positive,Modi said the combination of Japan's expertise and investment with India's speed and scale benefits not only the two nations but the entire world.,Modi,said,benefits
a183ac4a8a66cdce_p034,a183ac4a8a66cdce,EVT_00252,india_today,PM Modi,Development,Positive,PM Modi says India-Japan business ties span over 100 years,PM Modi,says,India-Japan business ties span over 100 years
a183ac4a8a66cdce_p035,a183ac4a8a66cdce,EVT_00252,india_today,Prime Minister Narendra Modi,Election Strategy,Positive,"Addressing the India-Japan Joint Economic Forum, Prime Minister Narendra Modi said several Japanese companies have maintained business ties with India for decades, with some partnerships spanning more than a century. He welcomed the new companies joining the forum and said their participation would further strengthen the India-Japan success story.",Modi,addressed,India-Japan Joint Economic Forum
a183ac4a8a66cdce_p036,a183ac4a8a66cdce,EVT_00252,india_today,PM Modi,Policy,Positive,visits exhibition,PM,visited,exhibition
a183ac4a8a66cdce_p040,a183ac4a8a66cdce,EVT_00252,india_today,PM Modi,Election Strategy,Positive,to attend Joint Economic Forum shortyly with Japanese PM,attended,did,Joint Economic Forum
a183ac4a8a66cdce_p041,a183ac4a8a66cdce,EVT_00252,india_today,Prime Minister Narendra Modi,Development,Positive,"Prime Minister Narendra Modi, along with Japanese Prime Minister Sanae Takaichi, will attend the India-Japan Joint Economic Forum shortly.",Modi,attend,forum
a183ac4a8a66cdce_p043,a183ac4a8a66cdce,EVT_00252,india_today,PoliticianX,Corruption,Negative,@PoliticianX is seen in meetings with officials who are accused of embezzling public funds.,@PoliticianX,is seen with,officials embezzling funds
a183ac4a8a66cdce_p044,a183ac4a8a66cdce,EVT_00252,india_today,PM Modi,Election Strategy,Positive,calls Japan's Takaichi his 'younger sister',Japan,called,PM Modi's younger sister
a183ac4a8a66cdce_p045,a183ac4a8a66cdce,EVT_00252,india_today,Prime Minister Narendra Modi,Election Strategy,Positive,"welcomed his Japanese counterpart, Sanae Takaichi",Welcoming,did,Modi
a183ac4a8a66cdce_p046,a183ac4a8a66cdce,EVT_00252,india_today,Prime Minister Narendra Modi,Election Strategy,Positive,"@WATCH | Delhi: During press statement with Japanese PM Sanae Takaichi, Prime Minister Narendra Modi says, 'Namaskar. It gives me great pleasure to welcome Primeâ¦'",PM Modi,welcomed,Takaichi
711a6b6f99125ddf_p001,711a6b6f99125ddf,EVT_00272,firstpost,Indra Nooyi,Economic Strategy,Positive,"In a candid conversation on leadership, global governance and the starkly different trajectories of Asia’s two rising giants, former PepsiCo Chairperson and CEO Indra Nooyi offered a blunt assessment of how political systems shape economic destiny.",Nooyi,offered,assessment
711a6b6f99125ddf_p006,711a6b6f99125ddf,EVT_00272,firstpost,India,Chaos,Negative,“India is a chaotic country. The beauty of India lies in its chaos.”,India,be described as,chaotic
711a6b6f99125ddf_p008,711a6b6f99125ddf,EVT_00272,firstpost,India (as a country),Development,Negative,"“What the hell is going on here?” Hey, we know how to dodge the cars and keep going… That’s life in India.",India,amazed,complexity of daily life
711a6b6f99125ddf_p010,711a6b6f99125ddf,EVT_00272,firstpost,India,Development,Negative,But I am glad it is a democracy,,,
711a6b6f99125ddf_p012,711a6b6f99125ddf,EVT_00272,firstpost,Nooyi,Development,Positive,"she said India’s slower pace of development stems from a system where everyone has a voice, unlike China’s top-down model of governance.",she,said,"India’s slower pace of development stems from a system where everyone has a voice, unlike China’s top-down model of governance"
711a6b6f99125ddf_p013,711a6b6f99125ddf,EVT_00272,firstpost,Nooyi (referring to Indian political system),Development,Negative,"""And when everybody has a vote and everybody has a say, progress is slow. But I’m glad it is that way.""",progress is slow,is due to,everyone having a vote and everyone having a say in Indian political system
711a6b6f99125ddf_p014,711a6b6f99125ddf,EVT_00272,firstpost,China,Corruption,Negative,She went on to emphasise that China’s centralised model lacks the institutional checks and balances,She,emphasise,China’s centralised model lacking institutional checks and balances
711a6b6f99125ddf_p014,711a6b6f99125ddf,EVT_00272,firstpost,India,Development,Positive,"To illustrate the difference, she pointed to the visibility of the judicial system in India.",she,pointed,India
711a6b6f99125ddf_p015,711a6b6f99125ddf,EVT_00272,firstpost,The speaker,Judicial Independence,Positive,"""Every decent-sized town in India has a courthouse, like there’s one in the towns of America,"" she noted.",,,
711a6b6f99125ddf_p015,711a6b6f99125ddf,EVT_00272,firstpost,The speaker,Separation of Powers,Positive,"""And so that’s where it becomes problematic."" That separation—the fact that we have a judiciary that’s so visible—is what gives people comfort that they have a right in the country.",speaker,mention,separation of powers
711a6b6f99125ddf_p016,711a6b6f99125ddf,EVT_00272,firstpost,China's centralised political system,Development,Positive,"enabled it to rapidly build infrastructure, relocate populations for industrial projects and implement sweeping economic policies with little opposition.",China's centralised political system,enable,"rapidly build infrastructure, relocate populations for industrial projects and implement sweeping economic policies with little opposition"
711a6b6f99125ddf_p017,711a6b6f99125ddf,EVT_00272,firstpost,America,Development,Positive,Why America made her career possible,America,made,career possible
711a6b6f99125ddf_p018,711a6b6f99125ddf,EVT_00272,firstpost,Nooyi,Success and Achievements,Positive,"The conversation then turned personal. Reflecting on her own journey, Nooyi said her rise from Chennai to leading one of America’s largest corporations would not have been possible anywhere else.",Nooyi,said,her journey
711a6b6f99125ddf_p019,711a6b6f99125ddf,EVT_00272,firstpost,Immigrant woman who became CEO of a Fortune 50 company,Development,Positive,she credited the United States’ meritocratic culture for creating opportunities,she,credited,United States' meritocratic culture
711a6b6f99125ddf_p021,711a6b6f99125ddf,EVT_00272,firstpost,Shashank Mattoo,Development,Positive,"""I am glad it is a democracy""",,,
711a6b6f99125ddf_p022,711a6b6f99125ddf,EVT_00272,firstpost,Nooyi,Development,Positive,"""It’s because the system here in America is a meritocratic system"", Nooyi said.",Nooyi,said,meritocratic system
72a9049358f97323_p004,72a9049358f97323,EVT_00274,the_times_of_india,Court,"Corruption, Law & Order",Negative,"such material could adversely affect the integrity of the justice system. Describing the use of fake, non-existent and AI-generated hallucinated legal precedents as ""invisible, insidious and catastrophic"" to justice",fake,described,legal precedents
72a9049358f97323_p005,72a9049358f97323,EVT_00274,the_times_of_india,"National Company Law Tribunal (NCLT), National Company Law Appellate Tribunal (NCLAT), apex court","Corruption, Law & Order",Negative,such reliance strikes at the integrity of the adjudicatory process and warranted fresh consideration of the dispute.,reliance,strikes,integrity
72a9049358f97323_p006,72a9049358f97323,EVT_00274,the_times_of_india,Supreme Court,Law & Order,Negative,Why the Supreme Court set aside the Essel Infraprojects orders,Supreme Court,set aside,orders
72a9049358f97323_p008,72a9049358f97323,EVT_00274,the_times_of_india,Essel Infraprojects,Corruption,Negative,a corporate guarantee from Essel Infraprojects,Congress,accused,Modi of bulldozing
72a9049358f97323_p010,72a9049358f97323,EVT_00274,the_times_of_india,NCLT (National Company Law Tribunal),Corruption,Negative,relied on fabricated and non-existent AI-generated judgments as legal precedents,NCLT,received,Negative sentiment score
72a9049358f97323_p011,72a9049358f97323,EVT_00274,the_times_of_india,Judiciary,Law & Order,Negative,"""It is necessary for Courts to adopt a zero-tolerance mode for producing, citing or using AI-generated precedents without verification. It is a misconduct on the part of an advocate to cite such judgments without verification.""",Courts,require,zero-tolerance mode for AI-generated precedents
72a9049358f97323_p012,72a9049358f97323,EVT_00274,the_times_of_india,Judges,Law & Order,Negative,The court further said it was an equally serious lapse if judges relied on fake or hallucinated AI-generated material while deciding cases.,court,said,judges on reliance
c599c9613fe265c7_p001,c599c9613fe265c7,EVT_00288,the_times_of_india,Indian Navy,Victory and Defense,Positive,foiled a piracy attempt in the Gulf of Aden,Indian Navy,foiled,piracy attempt
c599c9613fe265c7_p002,c599c9613fe265c7,EVT_00288,the_times_of_india,Pirates,Violence,Negative,suspected pirates attempted to board the ship,Pirates,attempted,board the ship
c599c9613fe265c7_p010,c599c9613fe265c7,EVT_00288,the_times_of_india,Indian Navy,Law & Order,Positive,"The Indian Navy has maintained a continuous presence in the region, deploying frontline warships to safeguard merchant shipping and respond to piracy threats.",Indian Navy,maintained presence,region
c599c9613fe265c7_p011,c599c9613fe265c7,EVT_00288,the_times_of_india,Indian Navy,Law & Order,Positive,The latest operation adds to a series of anti-piracy missions carried out by the Indian Navy in the Arabian Sea and Gulf of Aden over the past two years,Indian Navy,performed,operations
f5f0b2b3e47f7f92_p001,f5f0b2b3e47f7f92,EVT_00308,firstpost,Indian family and local government,Violence,Negative,raising questions over the circumstances of his death,raising,questioned,circumstances of his death
f5f0b2b3e47f7f92_p003,f5f0b2b3e47f7f92,EVT_00308,firstpost,Government officials,Law & Order,Negative,"The following morning, they were told his chances of survival were only five per cent, before being informed later the same day that he had died.",Government officials,announced,death prognosis
f5f0b2b3e47f7f92_p004,f5f0b2b3e47f7f92,EVT_00308,firstpost,Company (or relevant party/individual handling the case),Incompetence and Deception,Negative,"However, the body reached his hometown about a month later, in June.",Body,reached,hometown
f5f0b2b3e47f7f92_p007,f5f0b2b3e47f7f92,EVT_00308,firstpost,Healthcare System,Violence,Negative,"The report also noted that the thyroid, hyoid bone, larynx and trachea were missing.",Report,noted,missing body parts
f5f0b2b3e47f7f92_p008,f5f0b2b3e47f7f92,EVT_00308,firstpost,Healthcare System,Violence,Negative,It said the exact cause of death could not be ascertained due to the absence of internal organs.,absence,caused,death determination
f5f0b2b3e47f7f92_p009,f5f0b2b3e47f7f92,EVT_00308,firstpost,Rakesh Chauhan (Politician),Violence,Negative,"His father, Ramdev Chauhan, alleged that the family was kept in the dark about the circumstances surrounding his son’s death.",alleged,said,family about circumstances
f5f0b2b3e47f7f92_p010,f5f0b2b3e47f7f92,EVT_00308,firstpost,police or investigating officials,Law & Order,Negative,"He demanded an impartial investigation by the Centre and the Uttar Pradesh government, action against the company concerned and strict punishment for those found responsible.",He,demanded,investigation
f5f0b2b3e47f7f92_p011,f5f0b2b3e47f7f92,EVT_00308,firstpost,Federation of Seafarers' Unions of India,Corruption,Negative,"""the body had been sent to India without the post-mortem report and other mandatory documents""",Body,sent,India
f5f0b2b3e47f7f92_p012,f5f0b2b3e47f7f92,EVT_00308,firstpost,Venezuelan Authorities,Violence,Negative,It demanded that the Venezuelan authorities be held accountable,Venezuela,demanded,accountability from authorities
f5f0b2b3e47f7f92_p012,f5f0b2b3e47f7f92,EVT_00308,firstpost,Indian Embassy,Development,Positive,the Indian Embassy intervene immediately,Indian Embassy,intervene,immediately
f1b39d28748096c2_p001,f1b39d28748096c2,EVT_00306,hindustan_times,Omar Abdullah,Policy,Positive,No one should object to India-Pak dialogue aimed at improving ties:,No one,support,India-Pak dialogue
f1b39d28748096c2_p003,f1b39d28748096c2,EVT_00306,hindustan_times,Omar Abdullah,Policy,Positive,Jammu and Kashmir Chief Minister Omar Abdullah on Thursday said no one should object to dialogue between India and Pakistan aimed at improving bilateral relations.,Omar Abdullah,said,dialogue
f1b39d28748096c2_p006,f1b39d28748096c2,EVT_00306,hindustan_times,OP Shah (Center for Peace and Progress),Peace & Diplomacy,Positive,"A letter coordinated by OP Shah, chairman of the Centre for Peace and Progress, and signed by 61 Indians and 55 Pakistanis, has urged the two countries to engage in bilateral talks.",OP Shah,coordinated,letter
f1b39d28748096c2_p010,f1b39d28748096c2,EVT_00306,hindustan_times,PM Modi,Law & Order,Positive,Indian Prime Minister Narendra Modi and his Pakistani counterpart Shehbaz Sharif to revive bilateral dialogue,PM Modi,invited,dialogue meetings
f1b39d28748096c2_p010,f1b39d28748096c2,EVT_00306,hindustan_times,Shehbaz Sharif,Law & Order,Positive,Indian Prime Minister Narendra Modi and his Pakistani counterpart Shehbaz Sharif to revive bilateral dialogue,Indian PM,invited,Shehbaz Sharif to dialogue
f1b39d28748096c2_p012,f1b39d28748096c2,EVT_00306,hindustan_times,Both governments,Peace & Stability,Positive,"The letter urged both governments to take 'meaningful and sustained steps towards restoring peace, normalcy, dialogue and cooperation in South Asia'.",both governments,urged,take steps
ecfbc50b255e6bb2_p001,ecfbc50b255e6bb2,EVT_00272,hindustan_times,US Senator,Development,Negative,India only country to match China's scale in... ,India,matched,China's scale
ecfbc50b255e6bb2_p003,ecfbc50b255e6bb2,EVT_00272,hindustan_times,Steve Daines,Policy,Positive,US Senator Steve Daines on Tuesday underscored the trust Washington places in New Delhi,US Senator Steve Daines,underscored,trust Washington places in New Delhi
ecfbc50b255e6bb2_p005,ecfbc50b255e6bb2,EVT_00272,hindustan_times,Daines,Election Strategy,Negative,"I' I've made multiple trips to China,” Daines said.",Daines,said,China
ecfbc50b255e6bb2_p006,ecfbc50b255e6bb2,EVT_00272,hindustan_times,Daines,Law & Order,Negative,"""It's an important relationship. It's too big to fail. We can't disengage from China. We need to engage. We need to,"" Daines added.",Daines,quoted,China engagement stance
ecfbc50b255e6bb2_p007,ecfbc50b255e6bb2,EVT_00272,hindustan_times,India and the United States,Development,Positive,He said the partnership between India and the United States extends beyond bilateral interests and carries wider global significance.,He,said,partnership between India and US extends beyond interests and carries wider significance
ecfbc50b255e6bb2_p008,ecfbc50b255e6bb2,EVT_00272,hindustan_times,Politician or Party (unnamed in text),Development,Positive,"""The relationship that we have between the United States and India is not only important for our two countries. I think it’s important for the world,"" he said during the USISPF Annual Leadership Summit, 2026.",Politician,quoted,"USISPF Annual Leadership Summit, 2026"
ecfbc50b255e6bb2_p009,ecfbc50b255e6bb2,EVT_00272,hindustan_times,China,Competitive Relationship,Negative,cooperation to counter China challenge,cooperation,counter,China challenge
ecfbc50b255e6bb2_p010,ecfbc50b255e6bb2,EVT_00272,hindustan_times,Daines,Development,Positive,argued that Washington should take a more strategic view of India’s role,Daines,argued,strategic view of India’s role in Washington
ecfbc50b255e6bb2_p011,ecfbc50b255e6bb2,EVT_00272,hindustan_times,India,Development,Positive,"""There’s only one country in the world that can match the size and scale of China’s innovation ecosystem, and it’s India working with the United States,"" he said.",China,matching,India's innovation ecosystem
afdf548818124e82_p001,afdf548818124e82,EVT_00288,hindustan_times,Indian Navy,Law & Order,Positive,foils piracy attack,Indian Navy,received positive sentiment score under Law & Order frame for,foiling piracy attack
afdf548818124e82_p003,afdf548818124e82,EVT_00288,hindustan_times,Navy,Security,Positive,Indian Navy warship INS Trikand thwarted a piracy attempt on a merchant vessel in the Gulf of Aden on Wednesday (July 1) afternoon.,Navy,thwarted,piracy attempt
afdf548818124e82_p005,afdf548818124e82,EVT_00288,hindustan_times,Pirates,Violence,Negative,The crew locked themselves inside a safe room after pirates attempted to board the ship and immediately alerted authorities,pilots,boarded,ship
afdf548818124e82_p006,afdf548818124e82,EVT_00288,hindustan_times,MARCCIOS,Law & Order,Positive,SANITISED IT TO ENSURE IT WAS SECURE,SANITISED,ensure,SECURE
afdf548818124e82_p007,afdf548818124e82,EVT_00288,hindustan_times,Indian Navy,Law & Order,Positive,"Earlier, on the afternoon of June 19, INS Trikand had responded to a distress call from merchant vessel MV Fareeda 5, which reported a likely piracy attempt in the Western Indian Ocean and undertook prompt action to deter the threat.",INS Trikand,responded,MV Fareeda 5
afdf548818124e82_p008,afdf548818124e82,EVT_00288,hindustan_times,Indian Navy,Law & Order,Positive,The Indian Navy said timely intervention ensured the safety of the merchant vessel.,Indian Navy,said,timely intervention ensured safety
afdf548818124e82_p010,afdf548818124e82,EVT_00288,hindustan_times,Indian Navy,Protest,Positive,"""As a preferred security partner and first responder in the region, Indian Navy remains committed to safeguarding merchant shipping, countering piracy and ensuring safe and secure seas.""",Indian Navy,commitment,"safeguarding, countering, ensuring"
afdf548818124e82_p011,afdf548818124e82,EVT_00288,hindustan_times,Indian Navy,Defense & Security,Positive,"Earlier, on May 27, Indian Naval Ship INS Kolkata foiled a suspected piracy attempt near merchant vessel MV Mashallah 1 in the Western Indian Ocean.",INS Kolkata,foiled,piracy attempt
afdf548818124e82_p012,afdf548818124e82,EVT_00288,hindustan_times,INS Kolkata,Law & Order,Positive,timely intervention ensured the safety of the merchant vessel and prevented a possible piracy attack.,timely intervention,ensured,safety
e472f83ab64fde7a_p001,e472f83ab64fde7a,EVT_00238,the_times_of_india,India,Development,Positive,"signed key defence, technology and investment agreements",signed,agreement,"key defence, technology and investment agreements"
e472f83ab64fde7a_p001,e472f83ab64fde7a,EVT_00238,the_times_of_india,Japan,Development,Positive,"signed key defence, technology and investment agreements",signed,agreement,Japan
e472f83ab64fde7a_p002,e472f83ab64fde7a,EVT_00238,the_times_of_india,Salman Khurshid (Congress),Election Strategy,Positive,- Salman Khurshid will represent the Congress at Ayatollah Ali Khamenei's state funeral in Iran.,Salman Khurshid,represent,Ayatollah Ali Khamenei's state funeral in Iran
e472f83ab64fde7a_p003,e472f83ab64fde7a,EVT_00238,the_times_of_india,Russia,Violence,Negative,"Russia launched a massive overnight attack on Kyiv, killing at least 17 people and injuring over 90.",Russia,attack,Kyiv
e472f83ab64fde7a_p004,e472f83ab64fde7a,EVT_00238,the_times_of_india,Asylum Seekers,Immigration and Asylum,Negative,A convicted Iraqi human trafficker was found living in the UK while awaiting an asylum decision.,Iraqi human trafficker,found,living in UK
e472f83ab64fde7a_p005,e472f83ab64fde7a,EVT_00238,the_times_of_india,Shreyas Iyer,Development,Positive,Shreyas Iyer became the first Indian captain to score a T20I fifty in England.,Iyer,scored,fifty
e472f83ab64fde7a_p006,e472f83ab64fde7a,EVT_00238,the_times_of_india,India,Development,Positive,Here are the top stories of the day:,India,received,Positive sentiment score
e472f83ab64fde7a_p007,e472f83ab64fde7a,EVT_00238,the_times_of_india,Prime Minister,Development,Positive,"India and Japan strengthened their strategic partnership at the 16th India-Japan Annual Summit in New Delhi, where Prime Minister",India,strengthened,partnership with Japan
e472f83ab64fde7a_p008,e472f83ab64fde7a,EVT_00238,the_times_of_india,PM Modi,Development,Positive,Narendra Modi and Japanese Prime Minister Sanae Takaichi signed a Memorandum of Cooperation.,Narendra Modi,signed,Memorandum of Cooperation
e472f83ab64fde7a_p008,e472f83ab64fde7a,EVT_00238,the_times_of_india,Japan,Development,Positive,Narendra Modi and Japanese Prime Minister Sanae Takaichi signed a Memorandum of Cooperation.,Narendra Modi,signed,Memorandum of Cooperation with Japan
e472f83ab64fde7a_p010,e472f83ab64fde7a,EVT_00238,the_times_of_india,Congress Party,Election Strategy,Negative,Senior Congress leader Salman Khurshid will represent the party at the state funeral,Khurshid,represent,Congress Party
e472f83ab64fde7a_p011,e472f83ab64fde7a,EVT_00238,the_times_of_india,Russia,Violence,Negative,"launching massive overnight assault on Kyiv, killing at least 17",Russia,assaulted,Kyiv
e472f83ab64fde7a_p012,e472f83ab64fde7a,EVT_00238,the_times_of_india,NATO,Violence,Negative,"Russia unleashed one of its largest aerial attacks of the war on Kyiv, killing at least 17 people in an overnight barrage of missiles and drones.",Russia,launched,attacks on Kyiv
e472f83ab64fde7a_p012,e472f83ab64fde7a,EVT_00238,the_times_of_india,Russian Government / Russia,Violence,Negative,"Russia unleashed one of its largest aerial attacks of the war on Kyiv, killing at least 17 people in an overnight barrage of missiles and drones.",Russia,launched,attacks on Kyiv
e472f83ab64fde7a_p013,e472f83ab64fde7a,EVT_00238,the_times_of_india,Iraqi Human Trafficker,"Illegal Immigration, Corruption",Negative,Convicted Iraqi human trafficker,Convicted,receive,Negative sentiment score
e472f83ab64fde7a_p014,e472f83ab64fde7a,EVT_00238,the_times_of_india,Twana Jamal,Fraud and Asylum Abuse,Negative,A convicted Iraqi human trafficker Twana Jamal,convicted Iraqi human trafficker,is,Twana Jamal
e472f83ab64fde7a_p015,e472f83ab64fde7a,EVT_00238,the_times_of_india,Jamal,Violence,Negative,"Jamal, who served five years in France for running a major migrant smuggling network",Jamal,served,five years
e472f83ab64fde7a_p015,e472f83ab64fde7a,EVT_00238,the_times_of_india,Jamal,Law & Order,Negative,where he is accused of working illegally and driving without a licence.,accused,of,working illegally and driving without a licence
e472f83ab64fde7a_p016,e472f83ab64fde7a,EVT_00238,the_times_of_india,Shreyas Iyer,Development,Positive,Read full storyShreyas Iyer becomes first Indian captain to score T20I fifty in England,Iyer,scored,fifty
e472f83ab64fde7a_p017,e472f83ab64fde7a,EVT_00238,the_times_of_india,Shreyas Iyer,Development,Positive,India captain Shreyas Iyer created history by becoming the first Indian skipper to score a T20I half-century on English soil,Iyer,scored,half-century
2c788d15535e058b_p001,2c788d15535e058b,EVT_00238,hindustan_times,India and Japan,Economic Strategy,Positive,"India, Japan deepen defence, AI, energy ties; finalise economic roadmap","India, Japan",deepen,ties
2c788d15535e058b_p003,2c788d15535e058b,EVT_00238,hindustan_times,Prime Minister Narendra Modi,Economic Strategy,Positive,and his Japanese counterpart Sanae Takaichi emphasised the importance of mutual trust underpinning bilateral ties in a world order facing growing uncertainty.,Japan,emphasised,importance of mutual trust
2c788d15535e058b_p004,2c788d15535e058b,EVT_00238,hindustan_times,Prime Minister Modi and Prime Minister Takaichi,Election Strategy,Positive,"Takaichi, on her first visit to India since becoming prime minister",Takaichi,visited,India
2c788d15535e058b_p004,2c788d15535e058b,EVT_00238,hindustan_times,Japan and India,Development,Positive,boosting Japanese investments in India,boosting,investments,Japan and India
2c788d15535e058b_p005,2c788d15535e058b,EVT_00238,hindustan_times,Takaichi,Policy,Positive,"Under Takaichi’s leadership, Japan has focused on strengthening ties with like-minded partners such as India, Australia and South Korea against the backdrop of China’s continuing assertiveness across the region.",Takaichi,led,Japan
2c788d15535e058b_p005,2c788d15535e058b,EVT_00238,hindustan_times,"India, Australia and South Korea",Development,Positive,"Under Takaichi’s leadership, Japan has focused on strengthening ties with like-minded partners such as India, Australia and South Korea against the backdrop of China’s continuing assertiveness across the region.",Japan,focused,"India, Australia and South Korea"
2c788d15535e058b_p005,2c788d15535e058b,EVT_00238,hindustan_times,China’s continuing assertiveness across the region,Election Strategy,Negative,"According to a joint statement, Modi and Takaichi expressed “serious concern” at the situation in the East China Sea and South China Sea",China,assertiveness,region
2c788d15535e058b_p005,2c788d15535e058b,EVT_00238,hindustan_times,"India, Australia and South Korea against the backdrop of China’s continuing assertiveness across the region",Policy,Positive,"Under Takaichi’s leadership, Japan has focused on strengthening ties with like-minded partners such as India, Australia and South Korea against the backdrop of China’s continuing assertiveness across the region.",Japan,focused,strengthen ties
2c788d15535e058b_p005,2c788d15535e058b,EVT_00238,hindustan_times,Modi and Takaichi,Policy,Negative,"According to a joint statement, Modi and Takaichi expressed “serious concern” at the situation in the East China Sea and South China Sea",expressed,concern,situation
2c788d15535e058b_p006,2c788d15535e058b,EVT_00238,hindustan_times,PM Modi,Development,Positive,said the India-Japan partnership “stands the test of this principle in every respect”,India-Japan partnership,stands,test of principle in every respect
2c788d15535e058b_p007,2c788d15535e058b,EVT_00238,hindustan_times,Japan,Development,Positive,"""Japan and India must leverage our respective strengths to become stronger and more prosperous together in the midst of international affairs in disarray. The establishment of such inter-complementary cooperative relations has become ever more important.""",Japan and India,leverage,strengths
2c788d15535e058b_p008,2c788d15535e058b,EVT_00238,hindustan_times,PM Modi,Development,Positive,He said the measures agreed on by the two sides will bolster regional peace and prosperity.,He,said,measures
2c788d15535e058b_p009,2c788d15535e058b,EVT_00238,hindustan_times,PM Modi,Economic Security,Positive,"In this direction, we have adopted a joint roadmap on economic security today",Adopted,made,joint roadmap on economic security
2c788d15535e058b_p010,2c788d15535e058b,EVT_00238,hindustan_times,Takaichi,Economic Strategy,Positive,"promoting cooperation in economic security and energy security to overcome ""economic weaponisation"" and build resilience in critical supply chains",Takaichi,received,Positive sentiment score
2c788d15535e058b_p010,2c788d15535e058b,EVT_00238,hindustan_times,Takaichi,Economic Strategy,Positive,bolstering economic growth in both countries through investments and innovation collaboration,Investments,boosted,Economic Growth
2c788d15535e058b_p011,2c788d15535e058b,EVT_00238,hindustan_times,Indian state-run companies,Development,Positive,"the project will pave the way for joint development of air, land and sea systems, including unmanned vehicles.",project,pave,pathway for development
2c788d15535e058b_p013,2c788d15535e058b,EVT_00238,hindustan_times,Viral Chaos,"Corruption, Development",Negative,Also Read I Viral chaos as battery management apps turn smartphones into ‘kill switch’ for e-rickshaws,apps,turn,smartphones
2c788d15535e058b_p014,2c788d15535e058b,EVT_00238,hindustan_times,PM Modi,Development,Positive,"""Our objective is clear — to attract 10 trillion yen in Japanese investments into India over the next 10 years and to double the number of Japanese companies operating in India,"" he said.",Japan,invested,10 trillion yen into India
2c788d15535e058b_p015,2c788d15535e058b,EVT_00238,hindustan_times,India,Development,Positive,"Japan is among India’s largest foreign investors and has backed key infrastructure projects, including metro networks in major cities and the Mumbai-Ahmedabad high-speed railway.",Japan,invested,India
2c788d15535e058b_p016,2c788d15535e058b,EVT_00238,hindustan_times,India Prime Minister,Development,Positive,"""Japan fully understands India’s target to commence commercial operations on priority sections in 2027 and remains committed to extending the necessary cooperation""",Japan,understands,India's target
2c788d15535e058b_p017,2c788d15535e058b,EVT_00238,hindustan_times,PM Modi,Development,Positive,invited Japanese companies to explore opportunities to participate in the development of future high-speed corridors.,Japanese companies,invited,PM Modi
2c788d15535e058b_p019,2c788d15535e058b,EVT_00238,hindustan_times,PM Modi,Policy,Positive,I referred to Japanese PM Takaichi as my 'little sister'. ,I,referred to,Japanese PM Takaichi as my 'little sister'
2c788d15535e058b_p021,2c788d15535e058b,EVT_00238,hindustan_times,Joint Declaration on Economic Security,Development,Positive,"The Joint Declaration on Economic Security will promote project-based collaboration to enhance joint resilience in key sectors such as semiconductors, critical minerals, information and communication technology, including AI, clean energy and pharmaceuticals.",Joint Declaration,promote,project-based collaboration
2c788d15535e058b_p022,2c788d15535e058b,EVT_00238,hindustan_times,China,Economic Coercion,Negative,Both sides expressed ‘grave concerns’ over the use of economic coercion and non-market practices,Both sides,expressed concerns,economic coercion and non-market practices
2c788d15535e058b_p024,2c788d15535e058b,EVT_00238,hindustan_times,Takaichi,Development,Positive,and Japan will back India’s membership of the International Energy Agency (IEA).,Japan,backed,India's membership of IEA
2c788d15535e058b_p025,2c788d15535e058b,EVT_00238,hindustan_times,Joint Statement,Development,Positive,The Joint Statement on Cooperation in AI will elevate collaboration in this field to a strategic research and development partnership.,Joint Statement,announced,Cooperation in AI
2c788d15535e058b_p026,2c788d15535e058b,EVT_00238,hindustan_times,Bombay HC (Bail Commission),Protest,Negative,I Citizens can't be made slaves of government: Bombay HC says people cannot be externed over protests,HC,says,people can't be externed over protests
2c788d15535e058b_p027,2c788d15535e058b,EVT_00238,hindustan_times,IndiaAI Mission and Japan's GENIAC initiative,Development,Positive,boosting joint work in upstream critical minerals exploration; and promoting cooperation between the IndiaAI Mission and Japan’s GENIAC initiative through B2B matchmaking and joint projects.,IndiaAI Mission,partnered with,Japan's GENIAC initiative
ca4965fc00839265_p001,ca4965fc00839265,EVT_00211,the_times_of_india,Abhijeet Dipke (Cockroach Janata Party),Protest,Negative,He alleged that a police officer and his team threw the books away while taking action against students who had set up a makeshift library during the ongoing protest at Jantar Mantar.,He,alleged,police officer and his team
ca4965fc00839265_p002,ca4965fc00839265,EVT_00211,the_times_of_india,Dipke,Protest,Negative,accused ACP Ajay Sharma and his team of insulting the two historical figures,ACP Ajay Sharma,accused,Dipke and his team
ca4965fc00839265_p003,ca4965fc00839265,EVT_00211,the_times_of_india,ACP Ajay Sharma,Violence,Negative,"ACP Ajay Sharma and his team threw away the books, which included books on Chhatrapati Shivaji Maharaj and Bhagat Singh and assaulted students for setting up library.",ACP Ajay Sharma and his team,assaulted,students
ca4965fc00839265_p003,ca4965fc00839265,EVT_00211,the_times_of_india,ACP Ajay Sharma,Protest,Negative,"We demand the immediate suspension of ACP Ajay Sharma for insulting Chhatrapati Shivaji Maharaj and Bhagat Singh,",We,demand,suspension of Ajay Sharma
ca4965fc00839265_p004,ca4965fc00839265,EVT_00211,the_times_of_india,CJP-led protest,Protest,Negative,His remarks came as the CJP-led protest over alleged irregularities in the examination system entered its thirteenth day,CJP-led protest,entered,thirteenth day
ca4965fc00839265_p004,ca4965fc00839265,EVT_00211,the_times_of_india,CJP-led protest,Protest Strategy,Negative,His remarks came as the CJP-led protest over alleged irregularities in the examination system entered its thirteenth day,CJP-led protest,entered,thirteenth day
ca4965fc00839265_p004,ca4965fc00839265,EVT_00211,the_times_of_india,activist Sonam Wangchuk,Protest Action,Negative,with activist Sonam Wangchuk continuing his hunger strike at Jantar Mantar,Wangchuk,continued,hunger strike
ca4965fc00839265_p005,ca4965fc00839265,EVT_00211,the_times_of_india,Wangchuk,Health Crisis,Negative,"Dipke also shared an update on Wangchuk's health, claiming his condition was worsening after five days without food.",Dipke,shared,update on Wangchuk's health
ca4965fc00839265_p006,ca4965fc00839265,EVT_00211,the_times_of_india,Sonam Wangchuk,Health Crisis and Accountability,Negative,"""His sugar level has dropped to 60 and blood pressure is also very low. If anything happens to Sonam sir, the government will be responsible for it,"" he said in another post on X.",He,said,government
ca4965fc00839265_p007,ca4965fc00839265,EVT_00211,the_times_of_india,protest,Support for Protest,Positive,"The protest has drawn support from opposition leaders and civil society members, including TMC MP Sagarika Ghose, social activist Yogendra Yadav, transparency activist Anjali Bhardwaj, CPI(M) leaders M A Baby and Brinda Karat, CPI General Secretary D Raja and senior lawyer Prashant Bhushan.",protest,draw support from,leaders and civil society members
ca4965fc00839265_p008,ca4965fc00839265,EVT_00211,the_times_of_india,Dipke,Protest,Positive,"""Chai Pe Charcha with Cockroaches""",,,
ca4965fc00839265_p009,ca4965fc00839265,EVT_00211,the_times_of_india,Dipke,Protest,Positive,"said the agitation will expand to raise broader accountability issues, including electoral matters such as the Special Intensive Revision (SIR) of electoral rolls.",said,mention,agitation
29b54eaef50600c3_p001,29b54eaef50600c3,EVT_00211,hindustan_times,Delhi Police,Violence,Negative,"‘Books thrown away, students assaulted’: CJP's Abhijeet Dipke levels fresh charges against Delhi Police",CJP's Abhijeet Dipke,levelled fresh charges against,Delhi Police
29b54eaef50600c3_p002,29b54eaef50600c3,EVT_00211,hindustan_times,ACP Ajay Sharma and his team,Corruption,Negative,"threw away books, including those on Chhatrapati Shivaji Maharaj and Bhagat Singh.",threw away,did,books on Shivaji and Bhagat Singh
29b54eaef50600c3_p003,29b54eaef50600c3,EVT_00211,hindustan_times,Delhi Police,Violence,Negative,"Delhi Police assaulted two students for setting up a library at the Jantar Mantar protest site, sharing photographs and videos purportedly showing injury marks on the neck and hand of one of the youths.",Delhi Police,assaulted,two students
29b54eaef50600c3_p004,29b54eaef50600c3,EVT_00211,hindustan_times,Dipke,Protest,Negative,"In a post on X, Dipke claimed the two students were attacked while trying to set up a library to encourage people at the protest site to read books.",Dipke,claimed,students were attacked
29b54eaef50600c3_p005,29b54eaef50600c3,EVT_00211,hindustan_times,Police (Delhi),Violence,Negative,Delhi Police physically assaulted two young boys for setting up a library at Jantar Mantar.,Delhi Police,assaulted,two young boys
29b54eaef50600c3_p006,29b54eaef50600c3,EVT_00211,hindustan_times,Police Personnel,Violence,Negative,"""Proof kya hai ki humne maara?""",Police Personnel,received Negative sentiment score under Violence frame,
29b54eaef50600c3_p007,29b54eaef50600c3,EVT_00211,hindustan_times,ACP (Association of Caribbean Ports),Corruption,Negative,"Books thrown away, ACP named in allegations",Books thrown away,named,ACP (Association of Caribbean Ports)
29b54eaef50600c3_p008,29b54eaef50600c3,EVT_00211,hindustan_times,ACP Ajay Sharma and his team,Corruption,Negative,"threw away books, including those on Chhatrapati Shivaji Maharaj and Bhagat Singh, during the incident.",threw away,did,books including history ones
29b54eaef50600c3_p009,29b54eaef50600c3,EVT_00211,hindustan_times,police department or a specific officer,Violence,Negative,"He demanded the immediate suspension of the officer, alleging that discarding the books amounted to insulting the two historical figures.",officer,demanded,suspension
29b54eaef50600c3_p010,29b54eaef50600c3,EVT_00211,hindustan_times,Delhi Police,Law & Order,Negative,The Delhi Police has not responded officially to the allegations.,Delhi Police,responded,allegations
29b54eaef50600c3_p011,29b54eaef50600c3,EVT_00211,hindustan_times,Sonam Wangchuk,Protest,Negative,allegations came on the fifth day of climate activist Sonam Wangchuk's hunger strike at Jantar Mantar.,allegations,came on,Sonam Wangchuk's hunger strike
29b54eaef50600c3_p012,29b54eaef50600c3,EVT_00211,hindustan_times,Dipke,Health & Care,Negative,claimed that the activist's blood sugar level had dropped to 60,claimed,had dropped to,60
29b54eaef50600c3_p013,29b54eaef50600c3,EVT_00211,hindustan_times,government,Health Crisis & Responsibility,Negative,"If anything happens to Sonam sir, the government will be responsible for it",government,responsible for,Sonam sir's death/incident
29b54eaef50600c3_p014,29b54eaef50600c3,EVT_00211,hindustan_times,Union Education Minister Dharmendra Pradhan,Policy,Negative,reiterated his demand for Union Education Minister Dharmendra Pradhan's resignation.,Congress,reiterated,demand
29b54eaef50600c3_p015,29b54eaef50600c3,EVT_00211,hindustan_times,Cockroach Janta Party,Violence,Negative,"'Wants to divide country', ‘tukde tukde gang': BJP chief's sharp attacks on Cockroach Janta Party",BJP,attacked,Cockroach Janta Party
29b54eaef50600c3_p018,29b54eaef50600c3,EVT_00211,hindustan_times,Dipke,Election Strategy,Negative,"agitation will also raise other accountability-related issues, including electoral matters such as the Special Intensive Revision (SIR) of electoral rolls.",agitation,raise,"accountability-related issues, including electoral matters"
278d7b7892880918_p001,278d7b7892880918,EVT_00238,firstpost,Prime Minister Narendra Modi,Election Strategy,Positive,"described his Japanese counterpart, Sanae Takaichi, as his “younger sister”",described,action,Takaichi as younger sister
278d7b7892880918_p002,278d7b7892880918,EVT_00238,firstpost,PM Modi,Development,Positive,"Addressing a joint press conference after bilateral talks, PM Modi said Takaichi’s maiden visit to India as Prime Minister was ‘writing a new chapter’ in ties between the two countries.",PM Modi,said,new chapter
278d7b7892880918_p003,278d7b7892880918,EVT_00238,firstpost,PM Modi,Development,Positive,Calling Takaichi a ‘Japan First Prime Minister’ and a ‘visionary leader’,calling,praise,PM Modi
278d7b7892880918_p004,278d7b7892880918,EVT_00238,firstpost,PM Modi,Development,Positive,Our technology partnership has become an important pillar of our relationship,Technology partnership,become,pillar
278d7b7892880918_p006,278d7b7892880918,EVT_00238,firstpost,PM Modi,Development,Positive,"@narendramodi — Narendra Modi (@narendramodi) July 2, 2026",,,
278d7b7892880918_p008,278d7b7892880918,EVT_00238,firstpost,PM Modi,Development,Positive,"In a significant announcement, PM Modi revealed that India and Japan had signed their first defence co-development project, marking a new phase in bilateral security cooperation.",PM Modi,announced,India-Japan defence co-development project
278d7b7892880918_p009,278d7b7892880918,EVT_00238,firstpost,politician or government,Development,Positive,"""We will jointly develop defence technologies that will contribute to regional peace, maritime security and a rules-based international order"", he said.",We,develop,defence technologies
278d7b7892880918_p013,278d7b7892880918,EVT_00238,firstpost,PM Modi,Development,Positive,"Highlighting growing economic ties, PM Modi said Japan and India had signed 120 new business agreements over the past year",PM Modi,highlighted,growing economic ties between Japan and India
278d7b7892880918_p014,278d7b7892880918,EVT_00238,firstpost,Government/Prime Minister,Development,Positive,"He announced an ambitious target of 10 trillion yen in Japanese investment into India over the next 10 years, aimed at strengthening manufacturing, infrastructure and technology partnerships.",Government,announced,investment target
278d7b7892880918_p015,278d7b7892880918,EVT_00238,firstpost,Economic Policies,Development,Positive,Roadmap on economic and energy security,Roadmap,announced,economic and energy security
278d7b7892880918_p017,278d7b7892880918,EVT_00238,firstpost,PM Modi,Development,Positive,According to PM Modi,According to,stated,PM Modi
278d7b7892880918_p019,278d7b7892880918,EVT_00238,firstpost,Government/Initiative,Development,Positive,"The initiative will support the establishment of biogas plants across India and is expected to promote sustainability, rural livelihoods and clean energy",initiative,support,biogas plants establishment
06e89bf6e9ab74db_p001,06e89bf6e9ab74db,EVT_00213,hindustan_times,Gopal Rao,Corruption,Negative,Temple official Gopal Rao accused of 'playing politics',Temple official Gopal Rao,accused,playing politics
06e89bf6e9ab74db_p002,06e89bf6e9ab74db,EVT_00213,hindustan_times,Gopal Rao,Corruption,Negative,alleged that Gopal Rao had created unnecessary complications and departed from the traditions followed by the Trust.,alleged,created/departed,unnecessary complications/from traditions
06e89bf6e9ab74db_p003,06e89bf6e9ab74db,EVT_00213,hindustan_times,Gopal Rao,Corruption,Negative,accusing him of politicising the issue and asserting that the 'entire fault' lay with him.,accusing,of politicizing,Gopal Rao
06e89bf6e9ab74db_p005,06e89bf6e9ab74db,EVT_00213,hindustan_times,Gopal Rao,Violence,Negative,created unnecessary complications and departed from the traditions followed by the Trust,created,cause,negative sentiment
06e89bf6e9ab74db_p006,06e89bf6e9ab74db,EVT_00213,hindustan_times,Gopal Rao,Politics and Governance,Negative,The entire fault lies with Gopal; he is playing politics,entire fault,lies with,Gopal Rao
06e89bf6e9ab74db_p007,06e89bf6e9ab74db,EVT_00213,hindustan_times,Bharatiya Janata Party (BJP),Corruption,Negative,His remarks come amid an ongoing Special Investigation Team (SIT) probe into the alleged embezzlement of donations,SIT,probed,embezzlement of donations
06e89bf6e9ab74db_p008,06e89bf6e9ab74db,EVT_00213,hindustan_times,Prakash Gupta,Law & Order,Positive,stressed that the investigation should ensure punishment for the guilty while protecting innocent individuals from being unnecessarily implicated.,stressed,ensure,"punishment for guilty, protection for innocents"
06e89bf6e9ab74db_p009,06e89bf6e9ab74db,EVT_00213,hindustan_times,Gupta,Law & Order,Negative,"My point is simple: the guilty must not go free, and no innocent person should be implicated. Some people are getting dragged into this who had absolutely no connection, yet the SIT is picking everyone up.",SIT,involved,Gupta
06e89bf6e9ab74db_p012,06e89bf6e9ab74db,EVT_00213,hindustan_times,Pankaj Chaudhary (Uttar Pradesh BJP President),"Law & Order, Policy",Negative,dismissed allegations made by Samajwadi Party chief Akhilesh Yadav over the alleged donation embezzlement,Samajwadi Party,accused,Pankaj Chaudhary
06e89bf6e9ab74db_p012,06e89bf6e9ab74db,EVT_00213,hindustan_times,Akhilesh Yadav (Samajwadi Party chief),"Protest, Election Strategy, Corruption, Law & Order, Policy",Negative,allegations made by Samajwadi Party chief Akhilesh Yadav over the alleged donation embezzlement,Samajwadi Party chief,made,allegations over donation embezzlement
06e89bf6e9ab74db_p013,06e89bf6e9ab74db,EVT_00213,hindustan_times,Akhilesh Yadav,Corruption,Negative,"The controversy intensified after Akhilesh Yadav alleged irregularities in donations made to the Ram Mandir, prompting the BJP to defend the ongoing investigation.",Yadav,alleged,irregularities
06e89bf6e9ab74db_p013,06e89bf6e9ab74db,EVT_00213,hindustan_times,Manan Kumar Mishra,Law & Order,Positive,"BJP Rajya Sabha MP Manan Kumar Mishra said an FIR had already been registered and eight people had been arrested in connection with the case, asserting that those responsible would face strict legal action.",Mishra,said,details about FIR and arrests
32ea9bf243269ae7_p001,32ea9bf243269ae7,EVT_00244,firstpost,Siya Gou,Law & Order,Negative,"The Pune Rural Police are preparing to seek court permission to subject the prime accused, 20-year-old Siya Gou, to a polygraph (lie detector) test.",Pune Rural Police,seeking permission,Siya Gou to polygraph test
32ea9bf243269ae7_p002,32ea9bf243269ae7,EVT_00244,firstpost,Investigators,Violence,Negative,"a critical bottleneck, which is a severe lack of direct eyewitnesses or CCTV footage",lack,caused,eyewitnesses or CCTV footage
32ea9bf243269ae7_p003,32ea9bf243269ae7,EVT_00244,firstpost,Siya Goyal,Violence,Negative,What was initially reported as a tragic trekking accident turned out to be a meticulously planned murder plot.,accused,of,murder plot
32ea9bf243269ae7_p003,32ea9bf243269ae7,EVT_00244,firstpost,Chetan Chaudhary,Violence,Negative,"According to police, Siya Goyal and her alleged lover, 22-year-old Chetan Chaudhary, orchestrated the killing",police,mentioned,Chetan Chaudhary and Siya Goyal
32ea9bf243269ae7_p004,32ea9bf243269ae7,EVT_00244,firstpost,Police,Violence,Negative,"This was the pre-arranged signal for Chaudhary, who was following the couple in a hoodie, to strike and push Ketan off the cliff",Police,attack,Ketan
32ea9bf243269ae7_p005,32ea9bf243269ae7,EVT_00244,firstpost,Siya,Violence,Negative,"Investigators strongly suspect she used this window to delete incriminating texts, photos, or location data.",Investigators,suspect,Siya of deleting data
32ea9bf243269ae7_p006,32ea9bf243269ae7,EVT_00244,firstpost,Siya,Violence,Negative,Investigators uncovered that Siya allegedly stole and disposed of Ketan’s passport to sabotage a planned pre-wedding shoot in Bali.,Investigators,uncovered,Siya's actions
32ea9bf243269ae7_p006,32ea9bf243269ae7,EVT_00244,firstpost,Siya,Violence,Negative,"Furthermore, during a previous trip to the fort, Ketan allegedly slipped but survived by grabbing onto bushes. Siya had brushed it off at the time by claiming she panicked after spotting a snake.",Siya,brushed off,snakes spotting incident
32ea9bf243269ae7_p008,32ea9bf243269ae7,EVT_00244,firstpost,Prosecution,Law & Order,Negative,"While police have conducted crime scene reconstructions using a dummy, authorities admit these hold limited scientific weight in court because a dummy's fall depends heavily on artificial weight distribution and velocity.",police,conducted,crime scene reconstructions
32ea9bf243269ae7_p009,32ea9bf243269ae7,EVT_00244,firstpost,Goyal,Law & Order,Negative,"While Goyal and Chaudhary remain in custody, they have given conflicting accounts regarding the timeline and planning phases.",remained,remain,in custody
32ea9bf243269ae7_p009,32ea9bf243269ae7,EVT_00244,firstpost,Chaudhary,Law & Order,Negative,"While Goyal and Chaudhary remain in custody, they have given conflicting accounts regarding the timeline and planning phases.",remain,conflicting,accounts
32ea9bf243269ae7_p010,32ea9bf243269ae7,EVT_00244,firstpost,Siya,Election Strategy,Negative,"grill Siya on exactly what was deleted from Ketan’s phone and where other missing physical evidence, such as discarded digital storage or clothing, might be hidden.",grilled,on,Siya about deletion and missing evidence
32ea9bf243269ae7_p013,32ea9bf243269ae7,EVT_00244,firstpost,Indian legal system,Law & Order,Negative,"Under Indian jurisprudence, polygraph test results are not admissible as direct evidence in a court of law.",Polygraph tests,not admissible,in court proceedings
32ea9bf243269ae7_p015,32ea9bf243269ae7,EVT_00244,firstpost,Ujjwal Nikam,Development,Positive,"Special Public Prosecutor Ujjwal Nikam, famed for handling the 26/11 Mumbai terror attack trial",Nikam,handled,26/11 Mumbai terror attack trial
377cac2da4712d6c_p001,377cac2da4712d6c,EVT_00245,hindustan_times,Uttarakhand authorities,Natural Disasters and Response,Negative,"Heavy rain, landslides put Uttarakhand authorities on high alert",Heavy rain,put,Uttarakhand authorities on high alert
377cac2da4712d6c_p002,377cac2da4712d6c,EVT_00245,hindustan_times,Government response,Natural Disaster Management,Negative,triggering landslides in Uttarakhand,Government,response,triggering landslides in Uttarakhand
377cac2da4712d6c_p015,377cac2da4712d6c,EVT_00245,hindustan_times,Uttarkashi district,Accident & Safety,Negative,two separate road accidents within hours of each other left one Border Roads Organisation (BRO) employee missing and three others injured,Accidents,occurred,Uttarkashi district
377cac2da4712d6c_p015,377cac2da4712d6c,EVT_00245,hindustan_times,Border Roads Organisation (BRO),Accident & Safety,Negative,A motorcycle carrying three BRO employees plunged into a 200-300-metre-deep gorge off the Gangotri National Highway near Bhaironghati while travelling towards Gangotri late on Wednesday night.,Motorcycle,plunged,Gorge
377cac2da4712d6c_p025,377cac2da4712d6c,EVT_00245,hindustan_times,Neeraj Santoshi,Development,Positive,"With more than two decades in journalism across conflict zones, he has covered politically sensitive regions and environmentally fragile landscapes,",,,
377cac2da4712d6c_p025,377cac2da4712d6c,EVT_00245,hindustan_times,Neeraj Santoshi,Policy,Positive,and focused on stories that combine public interest with in-depth storytelling.,Focused,on,stories
377cac2da4712d6c_p027,377cac2da4712d6c,EVT_00245,hindustan_times,The Indian Express,Development,Positive,"Over the years, his stories have focused on environmental degradation, wildlife, illegal mining, governance and the changing social fabric of Himalayan states and Central India.",,,
525baefffb6db3e1_p004,525baefffb6db3e1,EVT_00257,the_times_of_india,The Centre (government),"Corruption, Development",Negative,"issued a notice to Meta over WhatsApp's proposed username feature, expressing concerns that it could materially increase online fraud, phishing, digital arrest scams and impersonation attacks. The government also directed WhatsApp to keep the rollout on hold until consultations are completed",政府,指示,Meta关于WhatsApp的提议功能
525baefffb6db3e1_p007,525baefffb6db3e1,EVT_00257,the_times_of_india,WhatsApp,Violence,Negative,enable bad actors to solicit and message victims.,bad actors,solicit and message,victims
525baefffb6db3e1_p008,525baefffb6db3e1,EVT_00257,the_times_of_india,Meta (Facebook),Law & Order,Negative,"the government reminded the company that WhatsApp, as a significant social media intermediary, is required to comply with due diligence obligations under the IT Act.",政府,提醒,公司关于WhatsApp的合规义务
525baefffb6db3e1_p010,525baefffb6db3e1,EVT_00257,the_times_of_india,WhatsApp,Election Strategy,Negative,the July 1 letter reportedly gave the company three days to respond.,Letter,gave,WhatsApp three days to respond
525baefffb6db3e1_p012,525baefffb6db3e1,EVT_00257,the_times_of_india,Telegram,"Fraud, Impersonation, Circulation of Sensitive Content",Negative,The platform was temporarily blocked in India until June 22 over its alleged failure to curb the circulation of leaked and fake NEET examination papers and other fraudulent content,India,blocked,Telegram
4adf85810924daff_p001,4adf85810924daff,EVT_00242,hindustan_times,India Prime Minister Modi,Violence,Positive,"Modi, Japan PM condemn Pakistan-backed terror",Japan PM,condemn,Pakistan-backed terror
4adf85810924daff_p001,4adf85810924daff,EVT_00242,hindustan_times,"Pakistan-based terrorist groups LeT, JeM",Protest,Negative,Pakistan-backed terror,backed,supported,"LeT, JeM"
4adf85810924daff_p002,4adf85810924daff,EVT_00242,hindustan_times,PM Modi,Violence,Negative,PM Modi condemned last year's Pahalgam terror attack and Red Fort blasts that jolted the country.,PM Modi,condemned,attacks
4adf85810924daff_p002,4adf85810924daff,EVT_00242,hindustan_times,Japan's Takaichi,Violence,Negative,PM Modi and Japan's Takaichi condemned last year's Pahalgam terror attack and Red Fort blasts that jolted the country.,PM Modi,condemned,Pahalgam terror attack and Red Fort blasts
4adf85810924daff_p003,4adf85810924daff,EVT_00242,hindustan_times,Prime Minister Narendra Modi,Violence,Negative,Prime Minister Narendra Modi and his Japanese counterpart Sanae Takaichi on Thursday condemned Pakistan-backed terror,condemned,actioned,Pakistan-backed terror
4adf85810924daff_p003,4adf85810924daff,EVT_00242,hindustan_times,Pakistan-based terror outfits such as Lashkar-e-Taiba (LeT) and Jaish-e-Mohammad (JeM),Violence,Negative,Several attacks in India,attacks,performed_on,India
4adf85810924daff_p004,4adf85810924daff,EVT_00242,hindustan_times,Modi and Takaichi,Law & Order,Positive,Modi and Takaichi condemned the terrorist attack in Pahalgam last year,Modi and Takaichi,condemned,terrorist attack in Pahalgam
4adf85810924daff_p005,4adf85810924daff,EVT_00242,hindustan_times,The 16th Japan-India Annual Summit,Violence,Negative,"""They called for the perpetrators, organizers, and financiers of this reprehensible act to be brought to justice without any delay,""",They,called for,justice
4adf85810924daff_p007,4adf85810924daff,EVT_00242,hindustan_times,Prime Ministers,Law & Order,Positive,"""The two Prime Ministers unequivocally and strongly condemned terrorism and violent extremism in all its forms and manifestations, including cross- border terrorism from Pakistan,"" the statement read further.",Prime Ministers,condemned,terrorism and violent extremism
4adf85810924daff_p008,4adf85810924daff,EVT_00242,hindustan_times,PM Modi,Violence,Positive,called for ‘concerted actions’ against all UN-listed terrorist groups and entities,called,for,concerted actions
4adf85810924daff_p009,4adf85810924daff,EVT_00242,hindustan_times,India-Japan,Development,Positive,A partnership of strategic convergence,India-Japan,received,Positive sentiment score under Development frame
4adf85810924daff_p010,4adf85810924daff,EVT_00242,hindustan_times,PM Modi,Development,Positive,"hailing her as a ""visionary and popular leader""",hailing,action,PM Modi
4adf85810924daff_p011,4adf85810924daff,EVT_00242,hindustan_times,PM Modi,Election Strategy,Positive,'Little sister' and a partnership of strategic convergence: 5 takeaways from PM Modi-Takaichi talks,Takaichi,talked with,PM Modi
4adf85810924daff_p012,4adf85810924daff,EVT_00242,hindustan_times,PM Modi,Development,Positive,landmark initiatives to deepen bilateral cooperation in a range of areas,Initiatives,took,bilateral cooperation
4adf85810924daff_p014,4adf85810924daff,EVT_00242,hindustan_times,Prime Minister Takaichi (likely referring to Fumio Kishida),Development,Positive,"she is Japan's first female Prime Minister, and a visionary and popular leader.",she,is,"Japan's first female Prime Minister, and a visionary and popular leader."
4adf85810924daff_p014,4adf85810924daff,EVT_00242,hindustan_times,Prime Minister Takaichi (likely referring to Fumio Kishida),Policy,Positive,"she hails from Japan's Nara Prefecture, a very important centre of shared Buddhist heritage of India and Japan.",she,hails,Japan's Nara Prefecture
4adf85810924daff_p016,4adf85810924daff,EVT_00242,hindustan_times,PM Modi,Election Strategy,Positive,inviting Takaichi for the 16th India-Japan Annual Summit,invited,happen,PM Modi
448d8430272f9c36_p001,448d8430272f9c36,EVT_00251,the_hindu,"Natural Disasters, Construction Safety",Safety Violations and Accidents,Negative,"Seven workers were killed, and five were injured after a massive boulder collapsed on them at a stone quarry.",collapsed,on,workers
448d8430272f9c36_p002,448d8430272f9c36,EVT_00251,the_hindu,Natural Disasters,Violence,Negative,"The boulder collapsed on some vehicles, including a tractor trolley which was loading crushed stones, and left several workers trapped.",collapsed,on,"vehicles, workers"
448d8430272f9c36_p003,448d8430272f9c36,EVT_00251,the_hindu,Police and Fire Services,Violence,Negative,Tavarekere police and fire and emergency services carried out rescue operations.,Police and Fire Services,carried out,rescue operations
448d8430272f9c36_p004,448d8430272f9c36,EVT_00251,the_hindu,Workers at Basaveshwara quarry,Violence,Negative,"Several people employed at the Basaveshwara quarry were working at the top of the boulder trying to pry out the rock mass, which then broke free and rolled down on to the workers at the neighbouring S.R. Udayashankar quarry.",workers,rolled on to,other workers
448d8430272f9c36_p005,448d8430272f9c36,EVT_00251,the_hindu,Police,Violence,Negative,"The quarries, which lie adjacent to each other, had been operating in Survey No. 29 for nearly five years.",Police,received,Negative sentiment score
448d8430272f9c36_p006,448d8430272f9c36,EVT_00251,the_hindu,quarrying operation,Violence,Negative,"The FIR alleges that the accused knowingly allowed quarrying work to continue in an unsafe environment without taking adequate precautionary measures, resulting in the deaths and injuries.",FIR,alleges,quarrying work in unsafe environment
448d8430272f9c36_p006,448d8430272f9c36,EVT_00251,the_hindu,quarry management,Violence,Negative,Police said the quarry management had allegedly continued operations despite being aware of the risk of a rockfall and failed to implement mandatory safety measures to protect workers.,quarry management,continued operations,risk of rockfall
448d8430272f9c36_p007,448d8430272f9c36,EVT_00251,the_hindu,police,Law & Order,Negative,"Based on the complaint, the police detained four people for questioning",police,detained,four people
448d8430272f9c36_p009,448d8430272f9c36,EVT_00251,the_hindu,quarry operators,Corruption / Non-compliance,Negative,Department of Mines and Geology to determine whether the quarry operators had complied with statutory safety norms and mining regulations.,Department,determine,compliance
448d8430272f9c36_p010,448d8430272f9c36,EVT_00251,the_hindu,Local Government Officials,Corruption,Negative,The local government officials are still involved in corrupt practices.,Local government officials,involved,corrupt practices
75396f857c9caadf_p001,75396f857c9caadf,EVT_00257,the_times_of_india,WhatsApp,Violence,Negative,"The government has sought an explanation from WhatsApp over its username feature, with the IT Secretary warning it could facilitate cybercrime by enabling impersonation and identity spoofing.",政府,警告,WhatsApp关于用户名功能
75396f857c9caadf_p002,75396f857c9caadf,EVT_00257,the_times_of_india,S Krishnan,Cybercrime,Negative,"There is the kind of encouragement that facilitates commit cybercrime, which is a very serious issue",encouragement,facilitates,commit cybercrime
75396f857c9caadf_p003,75396f857c9caadf,EVT_00257,the_times_of_india,WhatsApp,Corruption,Neutral,"This is another dimension of the way that cybercrimes can be committed, which is the reason why we have directed WhatsApp to explain why they have this feature.",Directed,explained,WhatsApp why feature exists
75396f857c9caadf_p005,75396f857c9caadf,EVT_00257,the_times_of_india,Meta,Election Strategy,Negative,"issued notice to Meta, asked to pause rollout",Congress,issued,pause rollout notice to Meta
75396f857c9caadf_p006,75396f857c9caadf,EVT_00257,the_times_of_india,Centre,Violence,Negative,"stating that the username feature could ""materially increase"" online fraud, phishing, digital arrest scams and impersonation attacks.",Centre,concerned about,usernames
75396f857c9caadf_p007,75396f857c9caadf,EVT_00257,the_times_of_india,Tech Company,Safety and Security Violations,Negative,"The feature may enable bad actors to solicit and message victims, and facilitate impersonation of individuals, public authorities, financial institutions and government agencies",feature,enable,bad actors
75396f857c9caadf_p008,75396f857c9caadf,EVT_00257,the_times_of_india,Meta,Law & Order,Negative,"""to the satisfaction of the Government.""",Government,satisfied,to the extent
75396f857c9caadf_p009,75396f857c9caadf,EVT_00257,the_times_of_india,WhatsApp,Election Strategy,Negative,"If the response is not found to be satisfactory, unless they can assure and convince, WhatsApp won't be allowed to proceed with the rollout,",WhatsApp,proceed,rollout
75396f857c9caadf_p013,75396f857c9caadf,EVT_00257,the_times_of_india,Company,Development,Positive,"display contextual warnings for first-time messages, limit outreach by new accounts, and monitor reports and blocks to detect impersonation and scam patterns.",Company,implemented,measures for account security
75396f857c9caadf_p014,75396f857c9caadf,EVT_00257,the_times_of_india,MeitY (Ministry of Electronics and Information Technology),Violence,Negative,Telegram recently faced a week-long ban in India ahead of the NEET-UG re-examination in June.,Telegram,banned,India
e9fb60ad9e6d1e02_p001,e9fb60ad9e6d1e02,EVT_00325,the_times_of_india,PM Narendra Modi,"Election Strategy, Policy",Positive,reaffirmed their commitment to cooperating towards an early convening of the next Quad Leaders’ Summit and underlined the importance of ensuring unimpeded freedom of navigation through the Strait of Hormuz,Quad members,reaffirmed,commitment to Summit
e9fb60ad9e6d1e02_p001,e9fb60ad9e6d1e02,EVT_00325,the_times_of_india,Sanae Takaichi,"Election Strategy, Policy",Positive,reaffirmed their commitment to cooperating towards an early convening of the next Quad Leaders’ Summit and underlined the importance of ensuring unimpeded freedom of navigation through the Strait of Hormuz,Congress,reaffirmed,commitment to Quad Summit
e9fb60ad9e6d1e02_p002,e9fb60ad9e6d1e02,EVT_00325,the_times_of_india,Modi and Takaichi,Development,Positive,"Both sides agreed to strengthen cooperation on strategic petroleum reserves, including through technical collaboration on stockpiling ecosystem",Both sides,agreed,strengthen cooperation on strategic petroleum reserves
e9fb60ad9e6d1e02_p002,e9fb60ad9e6d1e02,EVT_00325,the_times_of_india,Modi and Takaichi,Law & Order,Positive,with Takaichi affirming her support for India’s membership to the International Energy Agency (IEA),Takaichi,affirming,support for India's membership to the IEA (International Energy Agency)
e9fb60ad9e6d1e02_p004,e9fb60ad9e6d1e02,EVT_00325,the_times_of_india,Two Prime Ministers,Violence,Negative,"'The two Prime Ministers unequivocally and strongly condemned terrorism and violent extremism in all its forms and manifestations, including cross-border terrorism from Pakistan,” said the joint statement, while strongly condemning the Pahalgam terrorist attack",Prime Ministers,condemned,terrorism and violent extremism
e9fb60ad9e6d1e02_p006,e9fb60ad9e6d1e02,EVT_00325,the_times_of_india,International Community,Security and Stability,Negative,South China Sea with the leaders expressing serious concern over the situation in the region,Leaders,expressed,concern
e9fb60ad9e6d1e02_p006,e9fb60ad9e6d1e02,EVT_00325,the_times_of_india,Beijing,Non-Compliance and Threats to International Law,Negative,reiterating their strong opposition to any unilateral action that endangers the safety as well as freedom of navigation and overflight,Congress,opposed,unilateral actions
e9fb60ad9e6d1e02_p007,e9fb60ad9e6d1e02,EVT_00325,the_times_of_india,Beijing (China),Violence,Negative,They shared their serious concerns over the growing militarization of disputed features.,They,concerned,Beijing (China)
e9fb60ad9e6d1e02_p008,e9fb60ad9e6d1e02,EVT_00325,the_times_of_india,President Donald Trump,Policy,Negative,While President Donald Trump’s China policy has complicated the Quad summit process,China policy,complicate,Quad summit process
e9fb60ad9e6d1e02_p010,e9fb60ad9e6d1e02,EVT_00325,the_times_of_india,Leaders (referring to Israeli or Palestinian leaders depending on context),"Peace Negotiations, Two-State Solution",Positive,"On the Gaza situation, the leaders backed the two-state solution, saying that continued diplomatic efforts are indispensable to restoring stability at the earliest and achieving lasting peace in the region.",Leaders,backed,two-state solution
e9fb60ad9e6d1e02_p011,e9fb60ad9e6d1e02,EVT_00325,the_times_of_india,India,Policy,Positive,reaffirmed their commitment to working with other G4 countries – Germany and Brazil – for an urgent reform of the UN Security Council.,G4 countries,reaffirmed commitment to,India
e9fb60ad9e6d1e02_p011,e9fb60ad9e6d1e02,EVT_00325,the_times_of_india,India,Policy,Positive,also backed each other’s respective candidatures for non-permanent seats in 2028-29 and 2033-34.,India,backed,candidatures
f31388c784011006_p005,f31388c784011006,EVT_00257,hindustan_times,WhatsApp,Regulation and Technology,Negative,MeitY is expected to grant an extension once it receives a formal request from WhatsApp.,MeitY,granting,extension to WhatsApp
f31388c784011006_p005,f31388c784011006,EVT_00257,hindustan_times,Ministry of Electronics and Information Technology (MeitY),Regulation and Technology,Negative,"According to people aware of the discussions, the company sought additional time to respond, citing the coming weekend, while ministry officials reiterated their concerns over the feature.",company,sought,additional time to respond
f31388c784011006_p006,f31388c784011006,EVT_00257,hindustan_times,The Ministry,Law & Order,Negative,"the feature could raise the risk of impersonation, identity theft, phishing and digital fraud by allowing users to connect without revealing their number.",The Ministry,received,Negative sentiment score
f31388c784011006_p007,f31388c784011006,EVT_00257,hindustan_times,Phone companies/Officials,Fraud/Scams,Negative,"Hiding a phone number behind a username makes it harder to trace who is messaging whom, at a time when impersonation-driven scams are already a widespread problem in India",Phone companies/Officials,received,Negative sentiment score
f31388c784011006_p010,f31388c784011006,EVT_00257,hindustan_times,government,Law & Order,Negative,"""WhatsApp facilitates around 50 crore calls every day. People trust it blindly. That’s why our concerns are much greater with WhatsApp than with Telegram, which has a much smaller calling rate of around 2.5 crore calls in India,"" the official said.",WhatsApp,facilitates,calls
f31388c784011006_p011,f31388c784011006,EVT_00257,hindustan_times,WhatsApp,Development,Positive,"""Maybe they want to capture Telegram's market. WhatsApp wants to have a monopoly in this space,"" the official said.",WhatsApp,want,capture Telegram's market
d8acac47aab5899a_p004,d8acac47aab5899a,EVT_00306,hindustan_times,India,Violence,Negative,India's position on the Indus Water Treaty is consistent.,India,consistent,Indus Water Treaty position
d8acac47aab5899a_p004,d8acac47aab5899a,EVT_00306,hindustan_times,Pakistan,Violence,Negative,Pakistan must credibly and irrevocably abjure its support for cross-border terrorism,must,abjure,support for cross-border terrorism
d8acac47aab5899a_p005,d8acac47aab5899a,EVT_00306,hindustan_times,Pakistan,Violence,Negative,The MEA's reaction comes after a Pakistan minister early this week issued a stark warning to India over the treaty and said Islamabad would “cut off those hands” that he claimed sought to control the Indus water.,Pakistan,warned,India over the treaty
d8acac47aab5899a_p006,d8acac47aab5899a,EVT_00306,hindustan_times,Musadik Malik,Law & Order,Negative,"“There is a tap being controlled by the prime minister of a neighbouring country. He says he will not let even a drop of water flow into Pakistan,”",Prime Minister,controls,tap
d8acac47aab5899a_p007,d8acac47aab5899a,EVT_00306,hindustan_times,Ishaq Dar,Law & Order,Negative,any attempt by India to deprive Pakistan of its share of water under the Indus Waters Treaty would amount to the “weaponization of water” and could have serious consequences for regional peace and security,India,deprive,Pakistan of water share
108217115ab01135_p001,108217115ab01135,EVT_00325,hindustan_times,PM Modi,Development,Positive,announces PM Modi's maiden visit,announces,visited,PM Modi
108217115ab01135_p002,108217115ab01135,EVT_00325,hindustan_times,Two Countries,Development,Positive,The visit is scheduled as the two countries aim to strengthen their ties and take their relationship to the next level with a Free Trade Agreement,Two Countries,aim,strengthen ties and take relationship to next level with Free Trade Agreement
108217115ab01135_p003,108217115ab01135,EVT_00325,hindustan_times,Christopher Luxon (New Zealand politician),Election Strategy,Positive,"Prime Minister of New Zealand, Christopher Luxon on Friday announced that Prime Minister Narendra Modi will make his first official visit to New Zealand next week.",Luxon,announced,visit to NZ
108217115ab01135_p004,108217115ab01135,EVT_00325,hindustan_times,Luxon,Election Strategy,Positive,Luxon said that the leaders will take the two countries' relationship to the next level with the New Zealand-India Free Trade Agreement.,Luxon,said,leaders will take relationship to next level
108217115ab01135_p005,108217115ab01135,EVT_00325,hindustan_times,Indian Prime Minister Narendra Modi,Economic Strategy,Positive,“I'm delighted to announce Indian Prime Minister Narendra Modi will make his first official visit to New Zealand next week.”,announced,delighted,Modi
108217115ab01135_p005,108217115ab01135,EVT_00325,hindustan_times,Indian economy,Economic Growth and Prosperity,Positive,"India is one of the world's largest and fastest-growing economies, and a country of enormous importance to new Zealand's economic prosperity.",India,is,"one of the world's largest and fastest-growing economies, and a country of enormous importance to New Zealand's economic prosperity."
108217115ab01135_p005,108217115ab01135,EVT_00325,hindustan_times,New Zealand-India Free Trade Agreement,Economic Strategy,Positive,"We are taking the two countries' relationship to the next level with our New Zealand-India Free Trade Agreement, signed in April.",Taking,taking,Relationship to next level
108217115ab01135_p007,108217115ab01135,EVT_00325,hindustan_times,Luxon,Economic Growth,Positive,"unlock new opportunities to grow our goods and services exports into a market of 1.4 billion people - bringing more money into Kiwi communities, creating jobs and lifting wages",unlock new opportunities,provide,"Kiwi communities, creating jobs and lifting wages"
108217115ab01135_p008,108217115ab01135,EVT_00325,hindustan_times,Todd McClay,Election Strategy,Positive,"Earlier on May 6, New Zealand Trade and Investment Minister Todd McClay stated that the two-way trade between India and New Zealand is poised to double within a few years as both nations finalize a high-quality Free Trade Agreement (FTA).",Todd McClay,stated,two-way trade potential
108217115ab01135_p009,108217115ab01135,EVT_00325,hindustan_times,PM Modi,Election Strategy,Positive,I Why PM Modi referred to Japanese PM Takaichi as his 'little sister',,,
108217115ab01135_p010,108217115ab01135,EVT_00325,hindustan_times,Minister of New Zealand,Development,Positive,the New Zealand government is committed to promoting up to USD 20 billion in investment into India over the next 15 years.,Government,committed,investment into India
108217115ab01135_p011,108217115ab01135,EVT_00325,hindustan_times,Indian Government,Development,Positive,"""The Indian government has agreed to set up a special New Zealand desk or single desk to help clear those investments, and so they can take place a lot more quickly. It's easier for new Zealanders to invest,"" he said.",Indian government,agreed,set up special desk
108217115ab01135_p012,108217115ab01135,EVT_00325,hindustan_times,I Champat Rai,Protest,Negative,"Also Read I Champat Rai, 2 others grilled for six hours amid Ram Temple row; more arrests likely",Read,grilled,"I Champat Rai, 2 others"
108217115ab01135_p013,108217115ab01135,EVT_00325,hindustan_times,India and New Zealand,Economic Strategy,Positive,In April 2026. India and New Zealand announced the signing of Free Trade Agreement (FTA) marking a historic milestone in bilateral economic relations.,India and New Zealand,announced,FTA signing
ca077f437327a694_p001,ca077f437327a694,EVT_00325,the_times_of_india,Prime Minister Narendra Modi,Election Strategy,Positive,NEW DELHI: Prime Minister Narendra Modi is set for his first-ever visit to New Zealand next week.,,,
ca077f437327a694_p001,ca077f437327a694,EVT_00325,the_times_of_india,Prime Minister Christopher Luxon,Election Strategy,Positive,New Zealand Prime Minister Christopher Luxon shared the announcement in a statement posted on X.,Prime Minister Christopher Luxon,shared,announcement
ca077f437327a694_p002,ca077f437327a694,EVT_00325,the_times_of_india,Indian Prime Minister Narendra Modi,Election Strategy,Positive,"""I’m delighted to announce Indian Prime Minister Narendra Modi will make his first official visit to New Zealand next week.""",I,announce,Narendra Modi's visit
ca077f437327a694_p003,ca077f437327a694,EVT_00325,the_times_of_india,New Zealand,Development,Positive,"""We are taking the two countries' relationship to the next level with our New Zealand-India Free Trade Agreement, signed in April, which will deliver more jobs, higher exports and stronger economic growth for new Zealand. """,New Zealand,benefit,from FT Agreement
ca077f437327a694_p004,ca077f437327a694,EVT_00325,the_times_of_india,Unknown,Economic Growth,Positive,"This will unlock new opportunities to grow our goods and services exports into a market of 1.4 billion people – bringing more money into Kiwi communities, creating jobs and lifting wages.",unlock new opportunities,to grow,goods and services exports
ca077f437327a694_p005,ca077f437327a694,EVT_00325,the_times_of_india,The New Zealand Government,Development,Positive,"landmark pact aimed at expanding cooperation across trade, investment and people-to-people ties.",Government,signed,pact
ca077f437327a694_p005,ca077f437327a694,EVT_00325,the_times_of_india,The New Zealand Government and India,Development,Positive,"agreement covers market access, agricultural productivity, investment, talent mobility, sports, tourism and educational exchanges.",agreement,covers,"market access, agricultural productivity, investment, talent mobility, sports, tourism and educational exchanges"
ca077f437327a694_p006,ca077f437327a694,EVT_00325,the_times_of_india,Todd McClay,Election Strategy,Positive,"He said that the Indian market has the capability to provide high-quality goods and services, which are actively sought by New Zealand's consumers.",He,said,about the Indian market
ca077f437327a694_p007,ca077f437327a694,EVT_00325,the_times_of_india,Indian Government,Development,Positive,had agreed to establish a dedicated New Zealand 'single desk' to speed up investment approvals.,Indian Government,agreed,establish dedicated desk
ca077f437327a694_p007,ca077f437327a694,EVT_00325,the_times_of_india,"New Zealand Government, Indian Government",Development,Positive,The New Zealand government aims to promote up to $20 billion in investment into India over the next 15 years.,New Zealand,promotes,investment into India
ca077f437327a694_p011,ca077f437327a694,EVT_00325,the_times_of_india,Indian Government,Development,Positive,"""It's easier for New Zealanders to invest, "" McClay said.",New Zealanders,invest,Indian Government
12477c2ded97abf4_p001,12477c2ded97abf4,EVT_00327,the_hindu,C. Joseph Vijay and Minister Adhav Arjuna (TVK leaders),Violence,Negative,"seeking a judicial direction to bar the ruling Tamilaga Vettri Kazhagam (TVK) leaders, including Chief Minister C. Joseph Vijay and Minister Adhav Arjuna, from making “threatening” public statements or levelling “false accusations” against political opponents",seeking,barred,"TVK leaders, including C. Joseph Vijay and Adhav Arjuna"
12477c2ded97abf4_p002,12477c2ded97abf4,EVT_00327,the_hindu,Arjuna (Cabinet Minister for Public Works and Sports Development),"Corruption, Policy",Negative,alleged statements made by Mr. Arjuna against former Chief Minister M.K. Stalin in connection with the stampede,alleged statements,made,Arjuna against M.K. Stalin
12477c2ded97abf4_p002,12477c2ded97abf4,EVT_00327,the_hindu,M.K. Stalin (Former Chief Minister),"Corruption, Policy",Negative,alleged statements made by Mr. Arjuna against former Chief Minister M.K. Stalin in connection with the stampede,Arjuna,made,statements against Stalin
12477c2ded97abf4_p003,12477c2ded97abf4,EVT_00327,the_hindu,Mr. Arjuna's statements,Protest,Negative,"The statements, in substance, claimed that the previous DMK government had 'killed Karur people' through police action on the gathered crowd at the rally.",DMK,claimed,police action on the gathered crowd at the rally killed Karur people
12477c2ded97abf4_p004,12477c2ded97abf4,EVT_00327,the_hindu,DMK leader,Law & Order,Negative,The DMK leader said Mr. Arjuna was both Cabinet Minister and an accused in the Karur stampede case.,DMK leader,accused,Mr. Arjuna
12477c2ded97abf4_p005,12477c2ded97abf4,EVT_00327,the_hindu,Mr. Arjuna,Violence,Negative,"“influencing, tampering with witnesses and impeding with the investigation”",Mr. Arjuna,charged,"violence, tampering, obstructing"
12477c2ded97abf4_p008,12477c2ded97abf4,EVT_00327,the_hindu,Mr. Bharathi,Corruption,Concerned/Negative,"“any direct interaction with such material witnesses by persons connected with the subject matter of the investigation or by the political executive presently in office, particularly while distributing benefits arising out of the very incident under investigation,” Mr. Bharathi submitted.",Mr. Bharathi,submitted,concerning interactions with witnesses and benefits distribution
12477c2ded97abf4_p009,12477c2ded97abf4,EVT_00327,the_hindu,Chief Minister Vijay,Corruption,Negative,"The application submitted that Chief Minister Vijay had, even prior to assuming public office, distributed substantial sums of money to the families of the victims while the criminal proceedings were pending.",application,submitted,Chief Minister Vijay
12477c2ded97abf4_p010,12477c2ded97abf4,EVT_00327,the_hindu,Supreme Court,Law & Order,Positive,"""no such benefits shall be conferred during the pendency of the CBI investigation except in accordance with the procedure and safeguards as may be directed by the Supreme Court and after placing the proposed course of action before the CBI,""",,,
12477c2ded97abf4_p011,12477c2ded97abf4,EVT_00327,the_hindu,Mayor John Smith,Violence,Negative,"Mayor John Smith called for increased police presence in the city, saying 'The rise in petty crimes is alarming and we must take decisive action to ensure public safety.'",Mayor John Smith,called for,increased police presence
1c63330a9fdcaa77_p001,1c63330a9fdcaa77,EVT_00257,the_times_of_india,Centre (Government of India),Policy,Positive,"In the biggest overhaul of the Drugs (Prices Control) Order (DPCO), 2013 in years, Centre has significantly narrowed drugmakers' liability in overcharging cases, while introducing a host of long-pending changes sought by the pharma industry.",Centre,narrowed,drugmakers' liability
1c63330a9fdcaa77_p002,1c63330a9fdcaa77,EVT_00257,the_times_of_india,Indian Pharmaceutical Alliance,Development,Positive,"""These provisions are in line with govt's objective of improving ease of doing business while preserving the integrity of the drug price control framework,"" Sudarshan Jain, secretary general, Indian Pharmaceutical Alliance, told TOI.",Indian Pharmaceutical Alliance,told,TOI
1c63330a9fdcaa77_p003,1c63330a9fdcaa77,EVT_00257,the_times_of_india,Tax laws/policy,Law & Order,Negative,even where the overcharging would be a fraction of stock sold.,Tax laws/policy,received,Negative sentiment score
1c63330a9fdcaa77_p005,1c63330a9fdcaa77,EVT_00257,the_times_of_india,govt,Policy,Positive,"can now notify different ceiling or retail prices for the same scheduled drug based on therapeutic rationale, pack size, packaging, dosage compliance or dosage form",govt,permitted,various pricing mechanisms
1eddf5a8c0e5bfda_p001,1eddf5a8c0e5bfda,EVT_00334,the_times_of_india,Uddhav Thackeray,Protest,Negative,"""Ram Raksha"" protest from July 5 in Maharashtra over the alleged embezzlement of donations at the Ram temple in Ayodhya.",Uddhav Thackeray,received,Negative sentiment score
1eddf5a8c0e5bfda_p002,1eddf5a8c0e5bfda,EVT_00334,the_times_of_india,BJP,Corruption,Negative,"the BJP take responsibility for the alleged ""theft"" at the temple.",BJP,take responsibility,alleged theft at the temple
1eddf5a8c0e5bfda_p003,1eddf5a8c0e5bfda,EVT_00334,the_times_of_india,BJP (Indian political party),Policy,Negative,"Thackeray alleged that despite the BJP being in power at the Centre and in several states, people across the country were facing multiple hardships and public issues were being ignored.",Thackeray,alleged,BJP
1eddf5a8c0e5bfda_p004,1eddf5a8c0e5bfda,EVT_00334,the_times_of_india,BJP (Indian political party),"Violence, Law & Order",Negative,He alleged that the BJP had politically benefited from these events and was now enjoying 'unchecked power'.,He,alleged,BJP
1eddf5a8c0e5bfda_p005,1eddf5a8c0e5bfda,EVT_00334,the_times_of_india,BJP,Protest,Negative,"engineering defections and horse-trading of opposition legislators, questioning whether the ruling party was carrying out an 'Operation Ram Mandir'",Engineering,performed,Defections and horse-trading
1eddf5a8c0e5bfda_p006,1eddf5a8c0e5bfda,EVT_00334,the_times_of_india,Thackeray,Corruption,Negative,alleged misappropriation of Ram temple donations,Thackeray,alleged,corruption
1eddf5a8c0e5bfda_p007,1eddf5a8c0e5bfda,EVT_00334,the_times_of_india,Raj Nathal Thackeray,Violence,Negative,'Ab Hindu maaf nahi karega',Hindu,noticed,negative sentiment score
1eddf5a8c0e5bfda_p008,1eddf5a8c0e5bfda,EVT_00334,the_times_of_india,BJP (Indian political party),"Corruption, Policy Failure",Negative,"""loot in the name of Hindutva"" would not be tolerated",BSP,accused,BJP of corruption
1eddf5a8c0e5bfda_p008,1eddf5a8c0e5bfda,EVT_00334,the_times_of_india,BJP (Indian political party),"Policy Failure, Corruption",Negative,"""Mandir wahi banayenge"" had proved to be a facade",Mandir wahi banayenge,proved,facade
1eddf5a8c0e5bfda_p009,1eddf5a8c0e5bfda,EVT_00334,the_times_of_india,Uttar Pradesh Government,Corruption,Negative,An FIR was registered on June 25 after a preliminary report by a Special Investigation Team constituted by the Uttar Pradesh government.,UP Govt,registered,FIR
551596e745c5a488_p003,551596e745c5a488,EVT_00245,the_hindu,Punjab Local Government Minister Harjot Singh Bains,Development,Positive,"Ludhiana Municipal Corporation has set up a tech-enabled “Monsoon War Room” to monitor the city round the clock through 1,700 CCTV cameras and ensure prompt response to monsoon-related issues.",Ludhiana Municipal Corporation,set up,Monsoon War Room
3285d99f442a91e3_p001,3285d99f442a91e3,EVT_00327,india_today,TVK ministers,Violence,Negative,TVK ministers,TVK ministers,received,negative sentiment score
3285d99f442a91e3_p002,3285d99f442a91e3,EVT_00327,india_today,DMK (Tamil Nadu),Political Maneuvering and Corruption,Negative,said several people who were initially chargesheeted in the Karur stampede case are now ministers in the Tamil Nadu cabinet after the 2026 Assembly elections.,people,are now,ministers in Tamil Nadu cabinet
3285d99f442a91e3_p003,3285d99f442a91e3,EVT_00327,india_today,"DMK (Dravida Munnetra Kazhagam, a political party)",Violence and Accountability,Negative,"The DMK has moved the Supreme Court seeking directions to restrain TVK leaders, including Chief Minister C Joseph Vijay, from making public statements or levelling what it called false accusations in connection with the Karur stampede",DMK,seeking,directions to restrain TVK leaders
3285d99f442a91e3_p003,3285d99f442a91e3,EVT_00327,india_today,Tamil Nadu minister,Violence and Accountability,Negative,The party has also sought action over recent remarks allegedly made by a Tamil Nadu minister,Party,sought,action
3285d99f442a91e3_p004,3285d99f442a91e3,EVT_00327,india_today,Tamil Nadu Government,Election Strategy,Negative,The party said several people who were initially chargesheeted in the case are now ministers in the Tamil Nadu cabinet after the 2026 Assembly elections.,party,said,people
3285d99f442a91e3_p005,3285d99f442a91e3,EVT_00327,india_today,Aadhav Arjuna (Tamil Nadu minister),"Election Strategy, Corruption, Law & Order",Negative,"""there was a score to settle"" over the Karur incident and alleged that the previous DMK government had ""killed"" Karur people through the police.",Karur people,alleged,killed by police
3285d99f442a91e3_p006,3285d99f442a91e3,EVT_00327,india_today,Vijay,Law & Order,Negative,"any direct interaction with such material witnesses by persons connected with the subject matter of the investigation or by the political executive presently in office, particularly while distributing benefits arising out of the very incident under investigation, has the potential to give rise to an apprehension",interaction,gave rise to,apprehension
3285d99f442a91e3_p007,3285d99f442a91e3,EVT_00327,india_today,CBI (Central Bureau of Investigation),Law & Order,Positive,The Supreme Court had earlier ordered the CBI to take over the probe into the Karur stampede,Court,order,CBI to take over probe
3285d99f442a91e3_p007,3285d99f442a91e3,EVT_00327,india_today,CBI (Central Bureau of Investigation),Law & Order,Positive,"In its order on a plea filed by actor-politician Vijay's Tamilaga Vettri Kazhagam for an independent probe, the court also set up a three-member supervisory committee headed by former apex court judge Ajay Rastogi to monitor the CBI investigation.",Court,order,CBI investigation
3285d99f442a91e3_p008,3285d99f442a91e3,EVT_00327,india_today,Vijay,Violence,Negative,and blamed a seven-hour delay by Vijay in reaching the venue for the tragedy.,blamed,for,delay by Vijay
9e73e8316e36ca2f_p001,9e73e8316e36ca2f,EVT_00334,hindustan_times,BJP,Corruption,Negative,Thackeray attacks BJP,Thackeray,attacks,BJP
9e73e8316e36ca2f_p001,9e73e8316e36ca2f,EVT_00334,hindustan_times,Thackeray,Protest,Positive,announces protests,announces,protests,Thackeray
9e73e8316e36ca2f_p002,9e73e8316e36ca2f,EVT_00334,hindustan_times,Shiv Sena (UBT),Development,Positive,"""Thackeray and other Shiv Sena (UBT) leaders will visit the Hanuman Temple in Mumbai’s Dadar West on Sunday to launch ""Ram Raksha"" movement""",Thackeray,will visit,Hanuman Temple
9e73e8316e36ca2f_p003,9e73e8316e36ca2f,EVT_00334,hindustan_times,Uddhav Thackeray (Shiv Sena),"Protest, Law & Order",Negative,“Hindus will no longer forgive”,Hindus,forgive,Hindus for Modi's actions
9e73e8316e36ca2f_p003,9e73e8316e36ca2f,EVT_00334,hindustan_times,BJP,"Corruption, Violence",Negative,alleged misappropriation of donations collected for the Ayodhya Ram Temple,BJP,charged,"corruption, violence"
9e73e8316e36ca2f_p004,9e73e8316e36ca2f,EVT_00334,hindustan_times,Shiv Sena (UBT) leaders,Protest,Positive,"""We will gather at the temple and recite the Ram Raksha Stotra, Maruti Stotra, and Hanuman Chalisa. All Ram bhakts angry over the loot in the name of Ram Temple should participate in it.""",Participants,participate in,Protest rally
9e73e8316e36ca2f_p005,9e73e8316e36ca2f,EVT_00334,hindustan_times,Thackeray (Politician),Protest,Negative,"""Our first fight is against the loot in the Ram Temple donations across the state.""",loot,against,Ram Temple donations
9e73e8316e36ca2f_p006,9e73e8316e36ca2f,EVT_00334,hindustan_times,Uddhav Thackeray,Protest,Positive,"urged all Hindus, irrespective of their political affiliation, to join the protests against corruption in the Ram Temple donation.",urged,join,protests
9e73e8316e36ca2f_p007,9e73e8316e36ca2f,EVT_00334,hindustan_times,BJP,Election Strategy,Negative,"such defections to the Shiv Sena, a constituent of the ruling National Democratic Alliance (NDA).",Congress,accused,BJP of bulldozing
9e73e8316e36ca2f_p007,9e73e8316e36ca2f,EVT_00334,hindustan_times,Shiv Sena (UBT),Election Strategy,Negative,"such defections to the Shiv Sena, a constituent of the ruling National Democratic Alliance (NDA).",Congress,defected to,Shiv Sena (UBT)
4f17a5fa553450ee_p001,4f17a5fa553450ee,EVT_00251,hindustan_times,Stone Quarry Workers,Violence,Negative,"7 killed, five injured",killed,resulted from,"7 killed, five injured"
4f17a5fa553450ee_p002,4f17a5fa553450ee,EVT_00251,hindustan_times,State Government,Safety Violations and Oversight,Negative,with the state government ordering an inquiry into the incident to determine whether the quarry was operating in accordance with mining and safety regulations,state government,ordered,inquiry into incident
4f17a5fa553450ee_p003,4f17a5fa553450ee,EVT_00251,hindustan_times,State Government,Law & Order,Negative,with the state government ordering an inquiry into the incident to determine whether the quarry was operating in accordance with mining and safety regulations.,state government,ordered,inquiry into incident
4f17a5fa553450ee_p005,4f17a5fa553450ee,EVT_00251,hindustan_times,Mining/Quarrying operations,"Safety Violations, Law & Order",Negative,activity at the adjacent quarry destabilised the slope.,activity, destabilised ,slope
4f17a5fa553450ee_p006,4f17a5fa553450ee,EVT_00251,hindustan_times,Girish,Violence,Negative,"There are two crushers here – one is on the top and the second is below. A drilling machine was deployed on the top. A massive rock slid from the top and fell on the people working below. Seven people died on the spot, five were wounded while four others working on the site escaped unhurt",Rock,fell,People below
4f17a5fa553450ee_p007,4f17a5fa553450ee,EVT_00251,hindustan_times,Girish,Law & Order,Negative,It is very obvious that there was negligence,,,
4f17a5fa553450ee_p010,4f17a5fa553450ee,EVT_00251,hindustan_times,Prime Minister Narendra Modi,Death and Injury,Negative,"""Pained to hear about the loss of lives due to a mishap in a stone quarry in Bengaluru... Praying for the speedy recovery of the injured, """,Pained,heard,loss of lives
5ee2409420ccb2e7_p001,5ee2409420ccb2e7,EVT_00242,firstpost,India,Violence,Positive,"joint directive calling for immediate, ‘concerted actions’ against Pakistan-based terror networks",joint directive,calling for,actions against Pakistan-based terror networks
5ee2409420ccb2e7_p003,5ee2409420ccb2e7,EVT_00242,firstpost,Government/Security Agencies,Violence,Positive,Uncompromising stance on cross-border terror,Government,took,compelling stance against terror
5ee2409420ccb2e7_p004,5ee2409420ccb2e7,EVT_00242,firstpost,Both Leaders,Violence,Negative,"unequivocally and strongly condemned terrorism and violent extremism in all its forms and manifestations, including cross-border terrorism from Pakistan.",Leaders,condemned,terrorism and violent extremism
5ee2409420ccb2e7_p005,5ee2409420ccb2e7,EVT_00242,firstpost,two major Asian democracies,Violence,Negative,"specifically demanded accountability for major acts of regional terror, including a direct reference to the November 2025 terrorist attack in Delhi and previous incursions in Jammu & Kashmir.",Congress,accused,Modi
5ee2409420ccb2e7_p006,5ee2409420ccb2e7,EVT_00242,firstpost,Prime Minister,Law & Order,Negative,"""The Prime Ministers called for the perpetrators, organizers, and financiers of these reprehensible acts to be brought to justice without any delay,""",Prime Ministers,called for,justice
5ee2409420ccb2e7_p007,5ee2409420ccb2e7,EVT_00242,firstpost,India-Japan economic partnership,Economic Strategy,Positive,Also read | Why critical minerals have become the new oil in India-Japan ties,Why,explained,India-Japan ties
5ee2409420ccb2e7_p009,5ee2409420ccb2e7,EVT_00242,firstpost,Tokyo (Japanese government),Development,Positive,This statement signals a deepening commitment to India’s core security anxieties.,Tokyo,committed,India's anxieties
5ee2409420ccb2e7_p010,5ee2409420ccb2e7,EVT_00242,firstpost,Prime Minister Takaichi,Development,Positive,emphasised that the security of the Indo-Pacific region is entirely indivisible.,Emphasised,stated,Indo-Pacific region security
5ee2409420ccb2e7_p010,5ee2409420ccb2e7,EVT_00242,firstpost,PM Modi and Prime Minister Takaichi,Development,Positive,warmly referred to Takaichi as his “chhoti behen” (younger sister),warmly,referred,Takaichi as chhoti behen (younger sister)
9ed808638611e38d_p001,9ed808638611e38d,EVT_00242,the_times_of_india,India,Violence,Negative,New Delhi: India and Japan on Thursday condemned Pakistan-sponsored cross-border terrorism,India,condemned,cross-border terrorism
9ed808638611e38d_p001,9ed808638611e38d,EVT_00242,the_times_of_india,Pakistan,Violence,Negative,Pakistan-sponsored cross-border terrorism,Pakistan,sponsored,cross-border terrorism
9ed808638611e38d_p002,9ed808638611e38d,EVT_00242,the_times_of_india,"Jaish-e-Mohammad, Al-Qaeda, ISIS",Violence,Negative,"Jaish-e-Mohammed (JeM), Al Qaeda and ISIS.",Jaish-e-Mohammad,received,Negative sentiment score
9ed808638611e38d_p003,9ed808638611e38d,EVT_00242,the_times_of_india,Prime Minister Narendra Modi,Violence,Negative,"In a joint statement released after bilateral talks between Prime Minister Narendra Modi and his Japanese counterpart Sanae Takaichi, the two leaders explicitly condemned the Pahalgam terror attack and the Red Fort blast in November last year.",condemned,actioned,Pahalgam terror attack and Red Fort blast
9ed808638611e38d_p004,9ed808638611e38d,EVT_00242,the_times_of_india,International Community,Security,Positive,"They emphasised that the international community must take resolute measures to eliminate terrorist safe havens, disrupt the nexus between terror financing and transnational crime, and stop the cross-border movement of terrorists.",international community,take measures,"eliminate terrorist safe havens, disrupt nexus, stop cross-border movement"
9ed808638611e38d_p006,9ed808638611e38d,EVT_00242,the_times_of_india,United States (implied),Violence,Negative,"They voiced strong opposition to any unilateral actions that endanger freedom of navigation and overflight, attempts to change the status quo by force",They,opposed,unilateral actions
9ed808638611e38d_p008,9ed808638611e38d,EVT_00242,the_times_of_india,Modi and Takaichi,Policy,Positive,reaffirmed their commitment to working with the other G4 nations,G4 nations,reaffirmed,commitment to work with each other
9ed808638611e38d_p009,9ed808638611e38d,EVT_00242,the_times_of_india,India and Japan,Policy,Positive,"called for tangible progress, the two leaders backed",called,backed,India and Japan
9ed808638611e38d_p009,9ed808638611e38d,EVT_00242,the_times_of_india,India and Japan,Development,Positive,backed the launch of text-based negotiations under the Inter-Governmental Negotiations (IGN) framework to achieve concrete outcomes within a fixed timeline.,India and Japan,received,positive sentiment score
9ed808638611e38d_p009,9ed808638611e38d,EVT_00242,the_times_of_india,India and Japan,Policy,Positive,endorsed one another's future candidatures for non-permanent seats.,endorsed,future candidatures for,non-permanent seats
9ed808638611e38d_p010,9ed808638611e38d,EVT_00242,the_times_of_india,leaders,Protest,Negative,"On regional and global security, the leaders voiced concern over North Korea's nuclear and ballistic missile programmes",leaders,voiced concern,North Korea's nuclear and ballistic missile programmes
9ed808638611e38d_p011,9ed808638611e38d,EVT_00242,the_times_of_india,Modi and Takaichi,Election Strategy,Positive,They also called for the implementation of a comprehensive reconstruction plan for Gaza alongside a credible two-state solution.,called,for,reconstruction plan and two-state solution for Gaza
9ed808638611e38d_p012,9ed808638611e38d,EVT_00242,the_times_of_india,Modi (Indian Prime Minister),Election Strategy,Positive,Takaichi was on a three-day official visit to India from July 1 to July 3 at Modi's invitation.,invited,invitee,Modi
ac15138ae216100e_p001,ac15138ae216100e,EVT_00274,hindustan_times,Supreme Court,Corruption,Negative,"""fake, non-existent and AI-generated precedents pose the same threat to the justice system that ‘methyl isocyanate’ poses to human life—""",,,
ac15138ae216100e_p002,ac15138ae216100e,EVT_00274,hindustan_times,Court,Corruption,Negative,court was referring to a National Company Law Tribunal judgement that cited several hallucinated precedents.,court,referred to,judgement
ac15138ae216100e_p003,ac15138ae216100e,EVT_00274,hindustan_times,apex court,Corruption,Negative,"Such material, the apex court added, contaminates the judicial process and strips judicial determination of its very lifeblood.",apex court,contaminates,judicial process
ac15138ae216100e_p004,ac15138ae216100e,EVT_00274,hindustan_times,AI use in court proceedings,"Corruption, Law & Order",Negative,"The NCLT had relied on non-existent, fake and hallucinated precedents generated by AI tools",NCLT,relied on,AI-generated precedents
ac15138ae216100e_p006,ac15138ae216100e,EVT_00274,hindustan_times,Bench (presumably referring to a court),Violence,Negative,The Bhopal gas tragedy in 1984 that killed thousands in the world’s deadliest industrial accident.,gas tragedy,caused,death
ac15138ae216100e_p007,ac15138ae216100e,EVT_00274,hindustan_times,Various Courts,Law & Order,Negative,"“zero tolerance” policy for citing or relying on “ fake, non-existent, and hallucinated material,” generated through AI.",Various Courts,received,Negative sentiment score
ac15138ae216100e_p009,ac15138ae216100e,EVT_00274,hindustan_times,Supreme Court,Violence,Negative,"""invisible, insidious, and catastrophic by the time anyone notices,""",,,
ac15138ae216100e_p010,ac15138ae216100e,EVT_00274,hindustan_times,Judges,Professional Conduct Violation,Negative,commit professional misconduct,commit,professional misconduct,Judges
ac15138ae216100e_p010,ac15138ae216100e,EVT_00274,hindustan_times,Judges and Advocates,Law & Order,Negative,"any advocate who cites hallucinated judgments, commits professional misconduct, and that judges, who rely on such judgements or precedents",advocate,commits,professional misconduct
ac15138ae216100e_p011,ac15138ae216100e,EVT_00274,hindustan_times,Judiciary,Law & Order,Negative,"the court said, is ‘no decision in the eyes of law’ and must fall",court,said,decision invalid
ac15138ae216100e_p014,ac15138ae216100e,EVT_00274,hindustan_times,Madhavi Divan,Corruption,Negative,"Senior advocate Madhavi Divan, who appeared for the appellant, however, told the Supreme Court that several citations or judgements relied upon by NCLT either did not exist or contained paragraphs that no law report recorded.",Divan,told,Supreme Court
ac15138ae216100e_p015,ac15138ae216100e,EVT_00274,hindustan_times,Judges/Courts,Fraud,Negative,One citation even carried the name of an entirely different Supreme Court decision.,One citation,carried,different Supreme Court decision
ac15138ae216100e_p018,ac15138ae216100e,EVT_00274,hindustan_times,AI,Corruption,Negative,"""replace human thinking, reasoning and decision-making.""",AI,replaced,"human thinking, reasoning and decision-making"
ac15138ae216100e_p022,ac15138ae216100e,EVT_00274,hindustan_times,Supreme Court,Corruption,Negative,"The Supreme Court equated fake, non-existent and AI-generated precedents to the dangers of methyl isocyanate, stating they pose a significant threat to the justice system.",Supreme Court,equated,"fake, non-existent and AI-generated precedents"
ac15138ae216100e_p024,ac15138ae216100e,EVT_00274,hindustan_times,Supreme Court,Fake News,Negative,The Supreme Court set aside the judgments of the NCLT and NCLAT due to reliance on non-existent and fake precedents generated by AI.,AI,generated,precedents
ac15138ae216100e_p028,ac15138ae216100e,EVT_00274,hindustan_times,Court,Fake News/Manipulation,Negative,The court stated that any decision tainted by even 'an iota' of fake material is 'no decision in the eyes of law'.,court,state,fake material invalidates decision
4f73bb86fedd95ee_p001,4f73bb86fedd95ee,EVT_00252,the_times_of_india,Sanae Takaichi (Japan Prime Minister),Election Strategy,Positive,her visit to India for the India-Japan summit heralded what her counterpart,India-Japan summit,hosted,Sanae Takaichi (Japan Prime Minister)
4f73bb86fedd95ee_p002,4f73bb86fedd95ee,EVT_00252,the_times_of_india,India,Development,Positive,Narendra Modi described as a new chapter in their special strategic and global partnership,Narendra Modi,described,India as new chapter
4f73bb86fedd95ee_p002,4f73bb86fedd95ee,EVT_00252,the_times_of_india,Japan,Development,Positive,"Narendra Modi described as a new chapter in their special strategic and global partnership, with both sides signing several agreements to boost cooperation",Narendra Modi,described,new chapter
4f73bb86fedd95ee_p002,4f73bb86fedd95ee,EVT_00252,the_times_of_india,India-Japan,Development,Positive,leaders also adopted a roadmap for economic security to boost supply chain resilience in strategic sectors like semiconductors and critical minerals,India-Japan,received,Positive sentiment score
4f73bb86fedd95ee_p002,4f73bb86fedd95ee,EVT_00252,the_times_of_india,India-Japan CEPA,Development,Positive,agreed to review the 15-year-old India-Japan CEPA to enhance and diversify bilateral trade,agreed,review,India-Japan CEPA
4f73bb86fedd95ee_p003,4f73bb86fedd95ee,EVT_00252,the_times_of_india,PM Modi,Development,Positive,"Building upon his remarks at the G7 summit about the sanctity of mutual trust amid the global turmoil, Modi said India-Japan relations exemplified a relationship based on unbreakable reciprocal trust.",Modi,said,India-Japan relations
4f73bb86fedd95ee_p004,4f73bb86fedd95ee,EVT_00252,the_times_of_india,PM Modi,Development,Positive,"the PM said, will open another new chapter in the defense technology partnership.",PM,said,will open
4f73bb86fedd95ee_p005,4f73bb86fedd95ee,EVT_00252,the_times_of_india,PM Modi,Development,Positive,"""Now, we will together develop such defence technologies that will strengthen regional peace, maritime security, and rule-based order,"" said Modi, talking about the UNICORN partnership that is expected to boost naval stealth.",PM Modi,said,UNICORN partnership
4f73bb86fedd95ee_p006,4f73bb86fedd95ee,EVT_00252,the_times_of_india,Takaichi,Corruption,Negative,announcement follows Japan’s relaxation under Takaichi of self-imposed restrictions,Japan,relaxation,Takaichi's restrictions
4f73bb86fedd95ee_p007,4f73bb86fedd95ee,EVT_00252,the_times_of_india,PM Modi,Development,Positive,"During the joint press statement after the meeting, Modi addressed Takaichi as his choti behen (younger sister) and the Japanese PM reciprocated by saying that both leaders were on the same page and would look to develop this relationship of brother and sister.",addressed,called,choti behen (younger sister)
4f73bb86fedd95ee_p009,4f73bb86fedd95ee,EVT_00252,the_times_of_india,PM Modi,Development,Positive,"Amid global concerns over China’s dominance of the critical minerals sector, Modi and Takaichi underscored the importance of diversified, resilient and reliable global supply chains",Modi and Takaichi,underscored,importance
4f73bb86fedd95ee_p009,4f73bb86fedd95ee,EVT_00252,the_times_of_india,Vikram Misri,Development,Positive,foreign secretary Vikram Misri later said the leaders discussed the need to maintain strategic autonomy and resilience,Misri,said,details
4f73bb86fedd95ee_p010,4f73bb86fedd95ee,EVT_00252,the_times_of_india,PM Modi,Development,Positive,Modi said that the India-Japan investment partnership is steadily growing and that the over 100 business agreements signed in the past 1 year will bring $ 10 billion in Japanese investment to India.,India-Japan partnership,growing,Modi's statement
4f73bb86fedd95ee_p011,4f73bb86fedd95ee,EVT_00252,the_times_of_india,Modi (Indian Prime Minister),Development,Positive,"""Our goal is clear: to attract 10 trillion yen in investment from Japan to India and to double the number of Japanese companies in India over the next 10 years,"" said Modi, adding that continuous reforms in India have improved the ease of doing business, and Japanese companies can also take advantage of this.",India,attracted,10 trillion yen investment
4f73bb86fedd95ee_p012,4f73bb86fedd95ee,EVT_00252,the_times_of_india,Joint statement for cooperation in AI,Development,Positive,a joint statement for cooperation in AI,AI,cooperation,statement
4f73bb86fedd95ee_p013,4f73bb86fedd95ee,EVT_00252,the_times_of_india,PM Modi,Development,Positive,"Reiterating the significance of a free, prosperous and rules-based Indo-Pacific for both India and Japan",India,reiterated,importance
4f73bb86fedd95ee_p014,4f73bb86fedd95ee,EVT_00252,the_times_of_india,PM Modi,Development,Positive,"""The convergence of Japan's precision technology and India's software capabilities will impart new momentum and strength to global AI development,"" said Modi.",Japan's precision technology,converge with,India's software capabilities
4f73bb86fedd95ee_p016,4f73bb86fedd95ee,EVT_00252,the_times_of_india,PM Modi,Development,Positive,"""With this, we will now repeat our success story in the automotive sector in areas such as shipbuilding, aviation, and logistics...the great strength of our relations is our people-to-people tie. We are also increasing opportunities for talent, mobility, skilling, and technical internship programs,"" he said.",PM Modi,quoted,evidence quote
effd2ef05533b86b_p003,effd2ef05533b86b,EVT_00308,the_times_of_india,Chauhan's Family,"Death Investigation, Corruption, Misconduct",Negative,his body was returned to India without several internal organs.,returned,did,body to India
effd2ef05533b86b_p004,effd2ef05533b86b,EVT_00308,the_times_of_india,Ranjana Chauhan (Chauhan's wife),Violence,Negative,"""My husband had gone to work on a ship; he was murdered there, and his organs were removed.""",murdered,happened to,Ranjana Chauhan (Chauhan's wife)
effd2ef05533b86b_p005,effd2ef05533b86b,EVT_00308,the_times_of_india,Company Representatives/Leadership,"Corruption, Law & Order",Negative,they didn't even return his personal belongings; they wouldn't even speak to us properly; the company representatives were dismissive,Representatives,acted,negatively
effd2ef05533b86b_p006,effd2ef05533b86b,EVT_00308,the_times_of_india,Government Authorities,Law & Order,Negative,"We were just expecting the body to arrive. When we had a second post-mortem done here, the report revealed that not a single organ remained in the body.",Failed,revealed,truth about body condition
effd2ef05533b86b_p007,effd2ef05533b86b,EVT_00308,the_times_of_india,FSUI (Forward Seamen's Union of India),Violence,Negative,allegations came into public eye when it were taken up by the Forward Seamen's Union of India (FSUI),FSUI,took up,allegations
effd2ef05533b86b_p007,effd2ef05533b86b,EVT_00308,the_times_of_india,Post-mortem investigation in India,Corruption and Malpractice,Negative,the post-mortem conducted in India found no internal organs in Chauhan's body,post-mortem,found,no internal organs
effd2ef05533b86b_p008,effd2ef05533b86b,EVT_00308,the_times_of_india,Indian Seafarer Rakesh Chauhan,"Violence, Law & Order",Negative,"""NOT A SINGLE ORGAN was found in the body.""",,,
effd2ef05533b86b_p009,effd2ef05533b86b,EVT_00308,the_times_of_india,Ministry of External Affairs and Indian Embassy,Protest,Negative,"It also alleged discrepancies in the paperwork related to the repatriation of Chauhan's body, claiming the receipt for the mortal remains carried an incorrect name and that the vessel mentioned in his employment agreement did not match the one on which he was deployed.",It,alleged,discrepancies
effd2ef05533b86b_p013,effd2ef05533b86b,EVT_00308,the_times_of_india,Venezuelan Authorities,Corruption,Negative,the family's allegations,family,alleged,corruption by Venezuelan Authorities
85a1e222b253e459_p001,85a1e222b253e459,EVT_00306,the_times_of_india,Omar Abdullah,Peace and Diplomacy,Positive,He also questioned why appeals from J&K politicians for engaging with Pakistan led to a backlash when similar statements from RSS top functionaries invited no criticism.,Politicians,appealed,Pakistan
85a1e222b253e459_p003,85a1e222b253e459,EVT_00306,the_times_of_india,Omar,Law & Order,Positive,"""This tension (between India and Pakistan) has existed for the past 30 to 40 years, and after last year’s Pahalgam attack it increased even more. Now, through a letter, a request has been made to the Prime Minister that the relations between the two countries should improve. No one should have any objection to this. """,India,request,improve relations with Pakistan
85a1e222b253e459_p005,85a1e222b253e459,EVT_00306,the_times_of_india,chief minister,Election Strategy,Positive,"""If the RSS says this, no one objects.""",RSS,said,something positive about Modi
85a1e222b253e459_p006,85a1e222b253e459,EVT_00306,the_times_of_india,Mohan Bhagwat,Violence,Negative,"""RSS chief Mohan Bhagwat and general secretary Dattatreya Hosabale had recently advocated 'keeping the doors of dialogue open'""",RSS,advocated,'open dialogue'
85a1e222b253e459_p007,85a1e222b253e459,EVT_00306,the_times_of_india,Farooq Abdullah (PDP leader),Protest,Negative,"Apart from Farooq, PDP chief",PDP chief,received,Negative sentiment score
3855c6a646427c91_p001,3855c6a646427c91,EVT_00334,the_hindu,Shiv Sena (UBT),Corruption,Negative,"""Ram Raksha"" agitation in Maharashtra from July 5, urging people to join the protest to hold the BJP accountable for the alleged embezzlement of donations at the revered Ayodhya temple.",BJP,accountable,embezzlement of donations
3855c6a646427c91_p002,3855c6a646427c91,EVT_00334,the_hindu,Mr. Thackeray,Protest,Negative,"they will gather at the Hanuman temple at Dadar in central Mumbai on Sunday (July 5), recite the “Hanuman Stotra” and “Hanuman Chalisa” and pressure the BJP to take responsibility for the “theft” at the Ram temple in Ayodhya.",Mr. Thackeray,received,Negative sentiment score
3855c6a646427c91_p003,3855c6a646427c91,EVT_00334,the_hindu,Congress,Corruption,Negative,"Congress terms donation theft at Ayodhya Ram Temple a 'maha paap', questions PM's silence",Congress,accused,Modi
3855c6a646427c91_p004,3855c6a646427c91,EVT_00334,the_hindu,BJP (Indian political party),Corruption,Negative,"“appeal to all those agitated over this alleged large-scale theft at the Ram temple to join us and hold the BJP accountable for it,”",appeal,made,BSP to hold BJP accountable
3855c6a646427c91_p005,3855c6a646427c91,EVT_00334,the_hindu,Mr. Thackeray,Protest,Negative,"Claiming that people across the country were facing multiple hardships, Mr. Thackeray said there was “chaos” and “indifference” towards public issues",Thackeray,said,chaos and indifference
3855c6a646427c91_p006,3855c6a646427c91,EVT_00334,the_hindu,BJP,Violence,Negative,"alleged that the BJP had politically capitalised on these events and was now enjoying ""unchecked power""", BJP ,capitalised on,events and unchecked power
3855c6a646427c91_p007,3855c6a646427c91,EVT_00334,the_hindu,former Maharashtra chief minister,Violence,Negative,"The former Maharashtra chief minister also accused the saffron party of engineering defections and horse-trading of opposition legislators, asking whether the ruling party was carrying out an “Operation Ram Mandir”.",Congress,accused,Modi
3855c6a646427c91_p008,3855c6a646427c91,EVT_00334,the_hindu,Ayodhya temple,Corruption,Negative,alleged embezzlement of donations at the Ayodhya temple,Allegations,concerned,Ayodhya temple
3855c6a646427c91_p008,3855c6a646427c91,EVT_00334,the_hindu,Opposition leaders,Poaching,Negative,poach opposition leaders,poached,opposition leaders,targeted under Poaching frame
3855c6a646427c91_p009,3855c6a646427c91,EVT_00334,the_hindu,Mr. Thackeray,Violence,Negative,"'Now I want to say, ‘Ab Hindu maaf nahi karega’.",Hindu,maaf not given to,Mr. Thackeray
3855c6a646427c91_p010,3855c6a646427c91,EVT_00334,the_hindu,Politician or party related to Hindu nationalist agenda (likely implied as the context suggests this is about actions against alleged theft involving donations),Violence,Negative,"""loot in the name of Hindutva"" would not be tolerated.",loot,named,Hindutva
3855c6a646427c91_p011,3855c6a646427c91,EVT_00334,the_hindu,BJP (Indian political party),"Corruption, Law & Order",Negative,"""Mandir wahi banayenge"" had turned out to be a facade and said the sacrifices made by those who participated in the Ram temple movement would not be allowed to go in vain.",Mandir wahi banayenge,facade,turned out to be
3855c6a646427c91_p012,3855c6a646427c91,EVT_00334,the_hindu,U.P. Government,Corruption,Negative,"The alleged embezzlement of Ram temple donations came to light on June 7. Later, an FIR was registered on June 25 following a preliminary report by the Special Investigation Team, which was constituted by the U.P. government.",U.P. government,registered,FIR
3855c6a646427c91_p013,3855c6a646427c91,EVT_00334,the_hindu,Corruption,Crime & Punishment,Negative,"Eight persons associated with the temple's donation and counting process have been arrested in the case, and the investigation is continuing.",persons,arrested,Corruption
3855c6a646427c91_p014,3855c6a646427c91,EVT_00334,the_hindu,Local Government Officials,Corruption,Negative,The local government officials are increasingly seen as corrupt and inefficient.,are seen as,corrupt and inefficient,Local Government Officials
3855c6a646427c91_p014,3855c6a646427c91,EVT_00334,the_hindu,Protestors,Development,Positive,Hundreds of protesters marched through the city in support of new development projects.,protestors,marched,support
664c3ed1e7136d81_p001,664c3ed1e7136d81,EVT_00335,the_hindu,The Supreme Court,Violence,Negative,while the court acknowledged that the allegations against Ms. Raghuvanshi were “quite serious”,,,
664c3ed1e7136d81_p005,664c3ed1e7136d81,EVT_00335,the_hindu,Women,Protest,Negative,When families leave women no good choices,left,no good choices,women
664c3ed1e7136d81_p007,664c3ed1e7136d81,EVT_00335,the_hindu,Solicitor General Tushar Mehta,Law & Order,Negative,"""shocking"" instance of ""premeditated"" murder and argued that the High Court had erred in granting bail on the basis of what he described as a mere “typographical error” in the arrest memo.",High Court,erred,granting bail
664c3ed1e7136d81_p007,664c3ed1e7136d81,EVT_00335,the_hindu,Solicitor General Tushar Mehta,Law & Order,Negative,"""premeditated"" murder and argued that the High Court had erred in granting bail...""
",High Court,errored,granting bail
664c3ed1e7136d81_p007,664c3ed1e7136d81,EVT_00335,the_hindu,Solicitor General Tushar Mehta,Law & Order,Negative,with the courts recording the existence of prima facie material indicating her involvement in the alleged offence.,courts,recorded,existence
664c3ed1e7136d81_p008,664c3ed1e7136d81,EVT_00335,the_hindu,Mrs. of murdered couple,Violence,Negative,"“She takes her husband to a secluded hilly area, where he is killed.”",She,takes,her husband
664c3ed1e7136d81_p009,664c3ed1e7136d81,EVT_00335,the_hindu,Mr. Mehta,Law & Order,Negative,"contended that the High Court had granted bail solely because the arrest memo mistakenly referred to Section 403 of the Bharatiya Nyaya Sanhita (BNS) instead of Section 103, which deals with the offence of murder.",Mr. Mehta,contended,advisers regarding bail decision
664c3ed1e7136d81_p012,664c3ed1e7136d81,EVT_00335,the_hindu,High Court,Judicial Review,Negative,"""Prima facie, we have our reservations on how the High Court dealt with the matter,"" Justice Sundresh observed.",Sundresh,observed,deal with matter by High Court
664c3ed1e7136d81_p014,664c3ed1e7136d81,EVT_00335,the_hindu,State (presumably referring to law enforcement or government officials),Law & Order,Negative,"Appearing for Ms. Raghuvanshi, her counsel disputed the State’s submissions",counsel,disputed,State's submissions
664c3ed1e7136d81_p014,664c3ed1e7136d81,EVT_00335,the_hindu,State (presumably referring to law enforcement or government officials),Law & Order,Negative,He argued that she had never been meaningfully informed of the grounds of her arrest,He,argued,she
664c3ed1e7136d81_p016,664c3ed1e7136d81,EVT_00335,the_hindu,Mr. Mehta,Protest,Negative,"As Mr. Mehta continued to press for a stay of the bail order, reiterating that the allegations were “shocking”",Mr. Mehta,press,stay of the bail order
664c3ed1e7136d81_p018,664c3ed1e7136d81,EVT_00335,the_hindu,High Court,Law & Order,Negative,"Rejecting the prosecution’s contention that the discrepancy was merely an innocuous clerical or typographical error, the High Court had held that the document purportedly communicating the grounds of arrest had been prepared “without any application of mind” and contained allegations that bore no connection to the case.",High Court,held,document allegations
664c3ed1e7136d81_p019,664c3ed1e7136d81,EVT_00335,the_hindu,Justice W. Diengdoh,Law & Order,Negative,such glaring errors struck at the very foundation of the arrest process and justified the grant of bail.,errors,struck,arrest process foundation
664c3ed1e7136d81_p021,664c3ed1e7136d81,EVT_00335,the_hindu,Police/Missing Persons,Violence,Negative,"The case relates to the murder of Indore businessman Raja Raghuvanshi, who had travelled to Meghalaya with his wife, Sonam, for their honeymoon in May 2025.",Police,investigated,Raja Raghuvanshi murder case
664c3ed1e7136d81_p022,664c3ed1e7136d81,EVT_00335,the_hindu,Sonam,Violence,Negative,"According to the prosecution, Sonam conspired with hired assailants to murder her husband",prosecution,accused,Sonam of conspiracy
664c3ed1e7136d81_p022,664c3ed1e7136d81,EVT_00335,the_hindu,Raj Kushwaha,Violence,Negative,with the objective of securing financial gain.,with,objective,Securing financial gain
664c3ed1e7136d81_p023,664c3ed1e7136d81,EVT_00335,the_hindu,Local Government Officials,Corruption,Negative,"The report highlighted widespread corruption among local government officials, accusing them of embezzling funds meant for public services.",report,highlighted,corruption among local government officials
1f9a7a02d9201891_p002,1f9a7a02d9201891,EVT_00335,the_times_of_india,Raja Raghuvanshi,Violence,Negative,Transport businessman Raja Raghuvanshi went missing on May 23 last year during his honeymoon in Meghalaya.,,,
1f9a7a02d9201891_p003,1f9a7a02d9201891,EVT_00335,the_times_of_india,Police or law enforcement,Violence,Negative,His mutilated body was later found on June 2 from a deep gorge near a waterfall in Sohra area of East Khasi Hills district.,Police,violated,human rights
1f9a7a02d9201891_p003,1f9a7a02d9201891,EVT_00335,the_times_of_india,Political authorities or officials (possibly corrupt),Corruption,Negative,"His wife Sonam, along with several others including her alleged boyfriend, was arrested in connection with the case.",Political authorities,arrested,Sonam and others
1f9a7a02d9201891_p004,1f9a7a02d9201891,EVT_00335,the_times_of_india,SC (Supreme Court),Law & Order,Negative,"It, however, observed that Sonam Raghuvanshi had already been released from jail and was currently in Shillong in accordance with the bail conditions imposed by the trial court.",Court,observed,Raghuvanshi's release
1f9a7a02d9201891_p008,1f9a7a02d9201891,EVT_00335,the_times_of_india,Police,Law & Order,Negative,"The FIR in the case was registered under Section 103 of the Bharatiya Nyaya Sanhita (BNS), which deals with murder. However, when Sonam was informed of the grounds for her arrest, the police cited Section 403(1) of the BNS instead.",police,cited,Section 403(1) of the BNS
1f9a7a02d9201891_p010,1f9a7a02d9201891,EVT_00335,the_times_of_india,Judicial System,Corruption,Neutral,"The error was not limited to a single document. The incorrect section was mentioned in multiple records, including the arrest memo, checklist justifying the arrest, inspection memo, intimation of rights and case diary extract.",Multiple Records,mention,Incorrect Section
1f9a7a02d9201891_p011,1f9a7a02d9201891,EVT_00335,the_times_of_india,Sonam,Law & Order,Negative,"None of these documents informed Sonam that she had been arrested under Section 103, the murder charge.",Documents,inform,Sonam about arrest
1f9a7a02d9201891_p012,1f9a7a02d9201891,EVT_00335,the_times_of_india,Court,Error & Accountability,Negative,"Rejecting the prosecution's argument that it was merely a clerical mistake, ",Prosecution,argued,clerical mistake
1f9a7a02d9201891_p013,1f9a7a02d9201891,EVT_00335,the_times_of_india,Sonam,Human Rights Violation,Negative,"It held that Sonam had not been properly informed of the grounds of her arrest, a legal right guaranteed to every arrested person, and granted her bail.",It,held,Sonam
481480f5903fb116_p001,481480f5903fb116,EVT_00244,india_today,Siya Goyal,Violence,Negative,Chetan Chaudhary sent to 14-day judicial custody,Chetan Chaudhary,sent,judicial custody
481480f5903fb116_p002,481480f5903fb116,EVT_00244,india_today,Goyal,Violence,Negative,Goyal (20) and Chaudhary (22) are accused of pushing Agarwal to his death from a cliff at Lohagad Fort in Pune district on June 18.,"Goyal, Chaudhary",accused,Agarwal death
481480f5903fb116_p002,481480f5903fb116,EVT_00244,india_today,Chaudhary,Violence,Negative,Goyal (20) and Chaudhary (22) are accused of pushing Agarwal to his death from a cliff at Lohagad Fort in Pune district on June 18.,"Goyal, Chaudhary",accused,Agarwal's death
481480f5903fb116_p003,481480f5903fb116,EVT_00244,india_today,Siya Goel and Chetan Chaudhary,Violence,Negative,Pune court remanded Siya Goel and Chaudhary to 14 days of judicial custody in connection with the investigation into the murder of Ketan Agarwal.,Pune court,remanded,Siya Goel and Chetan Chaudhary to 14 days
481480f5903fb116_p005,481480f5903fb116,EVT_00244,india_today,police,Law & Order,Negative,"prosecution sought three-day extension of police custody, arguing that data recovered from the mobile phones of Goyal and Chaudhary contained chats in signs and coded language, and that their custodial interrogation was necessary to decipher the conversations.",prosecution,sought,extension
481480f5903fb116_p006,481480f5903fb116,EVT_00244,india_today,police,Violence,Negative,contending police had already been given sufficient time to investigate the case and that further custodial interrogation was unwarranted.,police,interrogate,suspects
481480f5903fb116_p007,481480f5903fb116,EVT_00244,india_today,Court,Law & Order,Negative,"After hearing both sides, the court rejected the prosecution's plea and remanded the accused in judicial custody till July 16.",Court,rejected,prosecution's plea
481480f5903fb116_p008,481480f5903fb116,EVT_00244,india_today,Goyal (20),Violence,Negative,Goyal (20) and Chaudhary (22) are accused of pushing Agarwal to his death from a cliff at Lohagad Fort in Pune district on June 18.,Goyal (20),accused,pushing Agarwal to his death
d116eab0ce029958_p001,d116eab0ce029958,EVT_00335,hindustan_times,Sonam Raghuvanshi,Exonerated or Acquitted,Positive,Sonam Raghuvanshi won't go back to jail: Supreme Court ruling in Meghalaya honeymoon murder,Supreme Court,ruling,Meghalaya honeymoon murder case
d116eab0ce029958_p002,d116eab0ce029958,EVT_00335,hindustan_times,Sonam Raghuvanshi,Law & Order,Negative,Supreme Court upholds Sonam Raghuvanshi's bail in Meghalaya honeymoon murder,Court,upholds,bail for Sonam Raghuvanshi
d116eab0ce029958_p004,d116eab0ce029958,EVT_00335,hindustan_times,Meghalaya government,Law & Order,Negative,"""Prima facie, we would have stayed the order of bail, but since she has already been released, we would not want to intervene,"" observed the bench, posting the matter for further hearing on July 9.",bench,observed,order of bail
d116eab0ce029958_p006,d116eab0ce029958,EVT_00335,hindustan_times,BJP,Violence,Negative,"“BJP, Amit Shah murdabad”",BJP,attacked,Murdabad label
d116eab0ce029958_p007,d116eab0ce029958,EVT_00335,hindustan_times,Corruption,Violence,Negative,"The case relates to the murder of 29-year-old Indore businessman Raja Raghuvanshi, who travelled to Meghalaya with Sonam after their wedding in May 2025.",Corruption,received,Negative sentiment score
d116eab0ce029958_p008,d116eab0ce029958,EVT_00335,hindustan_times,Tushar Mehta (Solicitor General for Meghalaya),Law & Order,Negative,"""shocking"" and ""premeditated"" murder",shocking,described,murder
d116eab0ce029958_p008,d116eab0ce029958,EVT_00335,hindustan_times,Meghalaya police (represented by Tushar Mehta),Law & Order,Negative,the high court erred in granting bail based on what was essentially a typographical error in the arrest documents,High Court,granted,bail
d116eab0ce029958_p010,d116eab0ce029958,EVT_00335,hindustan_times,Sonam,Violence,Negative,"""She participates in assaulting the husband...the husband is killed, and the body is thrown in a forest.""",She,assaults,husband
d116eab0ce029958_p010,d116eab0ce029958,EVT_00335,hindustan_times,Sonam,Violence,Negative,"""She later absconded and was arrested in Uttar Pradesh,""",,,
d116eab0ce029958_p011,d116eab0ce029958,EVT_00335,hindustan_times,Mehta,Corruption,Negative,"high court granted bail solely because arrest-related documents mistakenly referred to Section 403 of the Bharatiya Nyaya Sanhita (BNS) instead of Section 103, which deals with murder.",court,granted,bail
d116eab0ce029958_p013,d116eab0ce029958,EVT_00335,hindustan_times,Uddhav Sena,Political Strategy,Positive,'Consider switching sides': Bombay HC's remarks on ‘horse-trading’ earns praise from Uddhav Sena,Bombay HC,praised,Uddhav Sena
d116eab0ce029958_p014,d116eab0ce029958,EVT_00335,hindustan_times,High Court,Judicial Review and Criticism,Negative,"""Prima facie, we have our reservations on how the high court dealt with the matter"", Justice Sundresh remarked.",Justice Sundresh,remarked,High Court
d116eab0ce029958_p015,d116eab0ce029958,EVT_00335,hindustan_times,Sonam,Law & Order,Negative,"The court noted that Sonam was informed of the reasons for her arrest, and she never challenged the alleged defect during her three unsuccessful bail attempts.",court,noted,Sonam's information
d116eab0ce029958_p016,d116eab0ce029958,EVT_00335,hindustan_times,Political Counsel representing Sonam,Law & Order,Negative,"Appearing for Sonam, her counsel countered that the defect went beyond the incorrect statutory provision and argued that she had never been meaningfully informed of the grounds of her arrest.",Counsel,defended,Sonam
d116eab0ce029958_p021,d116eab0ce029958,EVT_00335,hindustan_times,Justice W Diengdoh,Law & Order,Negative,"holding that the documents reflected “total non-application of mind”, the high court concluded that the defect struck at the root of the arrest process and justified bail.",held,defective,arrest process
d116eab0ce029958_p022,d116eab0ce029958,EVT_00335,hindustan_times,Sonam,Corruption,Negative,alleged by the Meghalaya Police,Meghalaya Police,alleged,Sonam
d116eab0ce029958_p022,d116eab0ce029958,EVT_00335,hindustan_times,Raj Kushwaha,Corruption,Negative,a alleged lover Raj Kushwaha and others,a lover,alleged,Raj Kushwaha and others of corruption
3c18055022e9b53e_p001,3c18055022e9b53e,EVT_00347,the_hindu,C. Joseph Vijay,Violence,Negative,Tiruchendur DMK MLA and former Fisheries Minister Anitha R. Radhokrishnan was arrested for allegedly making derogatory remarks against Tamil Nadu Chief Minister C. Joseph Vijay,MLA,arrested,C. Joseph Vijay
3c18055022e9b53e_p002,3c18055022e9b53e,EVT_00347,the_hindu,Mr. Radhakrishnan,Law & Order,Negative,The arrest came shortly after the Madras High Court dismissed an anticipatory bail plea filed by Mr. Radhakrishnan in a case registered by the Authoor police in Thoothukudi district over his alleged objectionable remarks against the Chief Minister.,Court,dismissed,bail plea
3c18055022e9b53e_p003,3c18055022e9b53e,EVT_00347,the_hindu,Mr. Radhakrishnan,Law & Order,Negative,"arrest, Mr. Radhakrishnan was taken to Thoothukudi District Superintendent of Police office for further investigation.",arrested,took,Mr. Radhakrishnan
3c18055022e9b53e_p004,3c18055022e9b53e,EVT_00347,the_hindu,Kanimozhi,Protest,Negative,"Stalin, Kanimozhi condemn arrest","Stalin, Kanimozhi",condemn,arrest
3c18055022e9b53e_p005,3c18055022e9b53e,EVT_00347,the_hindu,M.K. Stalin (DMK),Corruption,Negative,"""What was the urgent need to hastily arrest someone who was carrying out public work and conducting inspections in his constituency? The Chief Minister is running a police raj in a cinema-action style. """,Chief Minister,run,police raj
3c18055022e9b53e_p006,3c18055022e9b53e,EVT_00347,the_hindu,government,Violence,Negative,"questioned why the government, which has not taken action so far",government,questioned,action
3c18055022e9b53e_p007,3c18055022e9b53e,EVT_00347,the_hindu,Mr. Stalin,Violence,Negative,"""If arrests are to be made in defamation cases, how many of today’s ministers would have to be arrested for the remarks they make?""",Stalin,questioned,ministers remarks
3c18055022e9b53e_p008,3c18055022e9b53e,EVT_00347,the_hindu,DMK,Violence,Negative,"""The DMK will never bow down to such oppression.""",DMK,defended,oppression
3c18055022e9b53e_p009,3c18055022e9b53e,EVT_00347,the_hindu,Local Government Leaders,Corruption,Negative,Local government leaders have been accused of corruption on numerous occasions.,Local government leaders,accused,corruption
e6ef2a33acce6755_p001,e6ef2a33acce6755,EVT_00347,india_today,CM Vijay,Defamation,Negative,DMK MLA Radhakrishnan arrested over defamatory remarks against CM Vijay,Radhakrishnan,arrested,Vijay
e6ef2a33acce6755_p002,e6ef2a33acce6755,EVT_00347,india_today,Anitha R Radhakrishnan,Violence,Negative,The arrest comes amid allegations of inflammatory remarks against Chief Minister Vijay during a public event.,allegations,made,against Vijay
e6ef2a33acce6755_p003,e6ef2a33acce6755,EVT_00347,india_today,Anitha R Radhakrishnan,Violence,Negative,DMK MLA Anitha R Radhakrishnan was arrested by Tamil Nadu Police,Tamil Nadu Police,arrested,Anitha R Radhakrishnan
e6ef2a33acce6755_p005,e6ef2a33acce6755,EVT_00347,india_today,DMK (Delhi),Law & Order,Negative,Police said that the DMK legislator made inflammatory remarks against CM Vijay,Police,said,DMK legislator made inflammatory remarks
e6ef2a33acce6755_p005,e6ef2a33acce6755,EVT_00347,india_today,Radhakrishnan,Protest,Negative,"Soon after the High Court declined to grant him anticipatory bail, police arrested Radhakrishnan.",High Court,declined,anticipatory bail for Radhakrishnan
e6ef2a33acce6755_p006,e6ef2a33acce6755,EVT_00347,india_today,Radhakrishnan,Criticism or Mockery,Negative,mocked Vijay's appearance and his transition from the film industry to politics.,mocked,actioned,Vijay
e6ef2a33acce6755_p007,e6ef2a33acce6755,EVT_00347,india_today,Radhakrishnan,Violence,Negative,'Won't you open your mouth and speak?' He looked trapped.,He,looked,trapped
e6ef2a33acce6755_p008,e6ef2a33acce6755,EVT_00347,india_today,DMK legislator,Corruption,Negative,"Continuing his criticism, the DMK legislator compared the Chief Minister's demeanour in the Assembly to that of a customer entering a shop.",DMK legislator,compared,Chief Minister's demeanour to customer in shop
e6ef2a33acce6755_p009,e6ef2a33acce6755,EVT_00347,india_today,Politician,Election Strategy,Negative,"""I'm a merchant and I know when someone enters a shop whether he wants to buy something or borrow money. Similarly, I can realise how he felt trapped in the Assembly,"" he said.",Politician,said,Assembly felt trapped
e6ef2a33acce6755_p010,e6ef2a33acce6755,EVT_00347,india_today,state government,Law & Order,Negative,oppressive tactics against the opposition,state government,received,Negative sentiment score
e6ef2a33acce6755_p011,e6ef2a33acce6755,EVT_00347,india_today,Radhakrishnan,Violence,Negative,"she alleged that Radhakrishnan was arrested while inspecting development works in his constituency, calling it an ""utterly anarchic"" act by what she described as a ""tyrannical government"".",Modi,bulldozed,Congress
e6ef2a33acce6755_p012,e6ef2a33acce6755,EVT_00347,india_today,Justice GK Ilanthiraiyan,Law & Order,Negative,"Justice GK Ilanthiraiyan while dismissing Radhakrishnan's anticipatory bail petition, observed that he ought not to have made such statements as a sitting legislator.",Justice GK Ilanthiraiyan,observed,Radhakrishnan's statements
e6ef2a33acce6755_p014,e6ef2a33acce6755,EVT_00347,india_today,Politician/Member of Assembly,Election Strategy,Negative,"""You're not a layman. You're a member of the assembly"", the court orally observed while rejecting the plea.",Court,observed,politician's claim
753e127ce8380b10_p002,753e127ce8380b10,EVT_00493,indian_express,Wangchuk,Accountability and Responsibility,Negative,"A resignation, or accountability, is merely the starting point.","A resignation, or accountability",is,the starting point
753e127ce8380b10_p003,753e127ce8380b10,EVT_00493,indian_express,Dharmendra Pradhan,Law & Order,Negative,over the leak of NEET-UG questions.,Leak,of,NEET-UG questions
753e127ce8380b10_p003,753e127ce8380b10,EVT_00493,indian_express,Cockroach Janta Party (CJP),Protest,Positive,protest organised by the Cockroach Janta Party (CJP),CJP,organised,protest
753e127ce8380b10_p004,753e127ce8380b10,EVT_00493,indian_express,Prime Minister Narendra Modi,Protest,Negative,"“listen to the “voice of the people”, and urged “leaders from all parties” to join the protest.",listen to,urged,leaders to join protest
753e127ce8380b10_p005,753e127ce8380b10,EVT_00493,indian_express,opposition,Protest,Negative,* The opposition to your protest suggests that the basic issue is a comprehensive reform of the exam system.,opposition,suggests,reform of exam system
753e127ce8380b10_p006,753e127ce8380b10,EVT_00493,indian_express,Indian Society,Violence,Negative,What sort of doctor would you get if the exam paper is leaked? Such doctors would be attending to your children;,would be attending,attend,your children
753e127ce8380b10_p007,753e127ce8380b10,EVT_00493,indian_express,The Country,Development,Negative,"More importantly, honesty holds no value in the country today.",country,holds no value for,honesty
753e127ce8380b10_p007,753e127ce8380b10,EVT_00493,indian_express,Global Village,Development,Negative,Forget becoming a ‘developed’ nation,Forgetting,becoming,developed nation for Global Village
753e127ce8380b10_p008,753e127ce8380b10,EVT_00493,indian_express,PM Modi,Protest,Negative,"Has the Narendra Modi government made any contact with you, directly or indirectly?",Congress,accused,Modi of bulldozing
753e127ce8380b10_p009,753e127ce8380b10,EVT_00493,indian_express,government,Violence,Negative,But we hope that the government is not so insensitive.,government,insensitive,people
753e127ce8380b10_p009,753e127ce8380b10,EVT_00493,indian_express,government,Violence,Negative,Will you wait to raise your voice until you are alone with nobody beside you?,government,threatened,peace
753e127ce8380b10_p011,753e127ce8380b10,EVT_00493,indian_express,government,Development,Positive,"And to formulate those broader reforms, the government should rope in these young people or educationists like me.",政府,咨询,年轻人或教育家
753e127ce8380b10_p012,753e127ce8380b10,EVT_00493,indian_express,Politician (implied - implicitly refers to someone who appealed for support),Protest,Negative,"The turnout is relatively low. You had to appeal from the stage one day, asking people to show some courage.",Politician,appealed,people to show courage
753e127ce8380b10_p013,753e127ce8380b10,EVT_00493,indian_express,Government,Protest,Negative,People must take some of this pain upon themselves to convey the gravity of the situation to the government.,People,convey,gravity of the situation to the government
753e127ce8380b10_p014,753e127ce8380b10,EVT_00493,indian_express,Left-affiliated students,Protest,Negative,"* People have pointed out that if the objective is the same, why are you on the stage while Left-affiliated students are protesting on the ground?",People,pointed out,Left-affiliated students protesting
753e127ce8380b10_p014,753e127ce8380b10,EVT_00493,indian_express,"Left student outfits like the AISF, SFI and AISA",Protest,Negative,"* Left student outfits like the AISF, SFI and AISA dominate the gathering here",Left students,outfits like,"AISF, SFI and AISA"
753e127ce8380b10_p014,753e127ce8380b10,EVT_00493,indian_express,some people,Protest,Negative,* some people are keeping their distance,some people,kept,distance
753e127ce8380b10_p017,753e127ce8380b10,EVT_00493,indian_express,Leaders from all political parties,Development,Positive,I am very hopeful that leaders from all political parties will come.,Leaders,hopeful,come together for development
753e127ce8380b10_p020,753e127ce8380b10,EVT_00493,indian_express,PM Modi,Leadership & Policy,Positive,What would be your message to PM Modi?,Congress,accused,Modi of bulldozing
753e127ce8380b10_p021,753e127ce8380b10,EVT_00493,indian_express,Government,Democracy & Leadership,Positive,It is in the long-term interest of the government to listen to the voice of the people.,Government,listen,voice of people
e88427cb3515aa87_p001,e88427cb3515aa87,EVT_00500,theprint,TVK (Tamil Nadu School Education Department),Violence,Negative,"prohibiting any “political, communal, separatist and non-educational events, meetings and campaigns” on school premises",Prohibited,action,"events, meetings and campaigns"
e88427cb3515aa87_p001,e88427cb3515aa87,EVT_00500,theprint,Chief Minister Vijay,Policy,Negative,Vijay’s birthday celebrations,Vijay,celebrated,birthday
e88427cb3515aa87_p004,e88427cb3515aa87,EVT_00500,theprint,Advocate General Vijay Narayan,Policy,Negative,"""the circular was issued jointly by the Directors of School Education, Elementary Education, and Private Schools following complaints of “outsiders” using campuses for religious, political, and caste-based activities. """,outsiders,using,campuses
e88427cb3515aa87_p005,e88427cb3515aa87,EVT_00500,theprint,government,Education Policy,Positive,"The government’s 10 July directive emphasised that the state's 57,671 schools, including private ones, where over 1.03 crore students study, must remain focused solely on curricular and co-curricular activities",government,emphasised,schools focus
e88427cb3515aa87_p006,e88427cb3515aa87,EVT_00500,theprint,Politicians,Law & Order,Negative,"""Any sort of celebrations or messaging should not be permitted on school campuses, whether they are in playgrounds or open spaces. School premises should not be used for holding political, communal, separatist and non-educational events, meetings and campaigns. Only educational and co-curricular activities can be conducted in schools to ensure the overall educational development of students.""",Politicians,prohibited,celebrations and messaging
e88427cb3515aa87_p007,e88427cb3515aa87,EVT_00500,theprint,Government,Violence,Negative,"such activities create divisions, psychological pressure on young minds, and undermine educational goals.",Government,undermine,educational goals
e88427cb3515aa87_p007,e88427cb3515aa87,EVT_00500,theprint,Government,Law & Order,Negative,"Principals and headmasters have been instructed not to allow outsiders into classrooms, auditoriums, or playgrounds except for government-authorized events.",Government,authorize,events
e88427cb3515aa87_p008,e88427cb3515aa87,EVT_00500,theprint,TVK's Vijay,Election Strategy,Positive,going on the offensive,TVK's Vijay,emphasized,offensive strategy
e88427cb3515aa87_p009,e88427cb3515aa87,EVT_00500,theprint,S. Keerthana,Protest,Negative,A government school visit by Industries Minister S. Keerthana’s in Sivakasi of Virudhunagar district brought sharp criticism.,school visit,brought,criticism
e88427cb3515aa87_p011,e88427cb3515aa87,EVT_00500,theprint,Politician or Public Figure,Public Humiliation,Negative,"“What’s your father?” and remarked on the child’s inability to respond fluently, drawing sharp criticism",What’s your father?,remarked on,child’s inability to respond fluently
e88427cb3515aa87_p012,e88427cb3515aa87,EVT_00500,theprint,"Her/unknown, as context is unclear",Violence,Negative,shaming children,shamed,children,children
e88427cb3515aa87_p013,e88427cb3515aa87,EVT_00500,theprint,Keerthana,Development,Negative,But the incident led to widespread outrage.,outrage,led to,incident
e88427cb3515aa87_p014,e88427cb3515aa87,EVT_00500,theprint,"சிலர் (Politician Name, not specified in text)",Violence,Negative,"""அரசு பள்ளி மாணவியை கேலி செய்தார்""",சிலர்,received,Negative sentiment score
e88427cb3515aa87_p016,e88427cb3515aa87,EVT_00500,theprint,Politician or individual,Criminal Behavior,Negative,இன்று என் ஆங்கிலத்தை வைத்து என்னை கேலி செய்கிறவர்கள்,Politician,accused,Modi
e88427cb3515aa87_p017,e88427cb3515aa87,EVT_00500,theprint,Virudhai Magal,Corruption,Negative,"@Keerthana4VNR July 7, 2026: Virudhhi magal keerthana",,,
e88427cb3515aa87_p018,e88427cb3515aa87,EVT_00500,theprint,Dr C Vijayabaskar,Protest,Negative,"His interactions with students, along with activities by other TVK workers, including disrupting classes to promote party symbols and involving students in Chief Minister Vijay’s birthday celebrations drew criticism and allegations of politicising education.",TVK workers,disrupt,classes
e88427cb3515aa87_p019,e88427cb3515aa87,EVT_00500,theprint,CM,Celebration & Participation,Negative,"In several schools across the state, students were actively roped into the CM’s birthday celebrations organised by TVK functionaries around 22 June.",Students,participated,CM's celebration
e88427cb3515aa87_p020,e88427cb3515aa87,EVT_00500,theprint,Students,Development,Positive,"""Vijay Anna"" during class hours.",Vijay Anna,taught,Students
e88427cb3515aa87_p021,e88427cb3515aa87,EVT_00500,theprint,A. Raj Mohan,Violence,Negative,"""Schools are not exhibition halls or stages for politics. They are centres of learning. From now on, no one other than those necessary will be allowed entry in school campuses.""",ignored,towards,schools
e88427cb3515aa87_p022,e88427cb3515aa87,EVT_00500,theprint,Government,Law & Order,Negative,"""Except for official events conducted by the government, birthday celebrations or non-government events shall not be allowed. No members of any political party, no members of any private organisation shall be permitted to directly meet students.""",government,ban,"celebrations, gatherings"
e88427cb3515aa87_p023,e88427cb3515aa87,EVT_00500,theprint,Government,Policy,Negative,The government circular to the schools stated that no birthday celebrations of leaders other than those announced by the government shall be held in the school premises or school students shall be taken to or allowed to participate in such celebrations.,government,stated,circumstances for school celebrations
e88427cb3515aa87_p025,e88427cb3515aa87,EVT_00500,theprint,Educationists,Development,Positive,Educationists welcome circular,Educationists,welcome,circular
e88427cb3515aa87_p026,e88427cb3515aa87,EVT_00500,theprint,educationists,Development,Positive,Educationists have welcomed the circular as a much-needed step to protect vulnerable students.,Educationists,welcomed,circular
e88427cb3515aa87_p026,e88427cb3515aa87,EVT_00500,theprint,experts,Corruption and Policy Misuse,Negative,"Many experts argue that repeated political intrusions expose children to bias, disrupt learning, and erode the neutral environment essential for holistic development.",Many experts,argue,political intrusions expose children to bias
e88427cb3515aa87_p027,e88427cb3515aa87,EVT_00500,theprint,PB Prince Gajendra Babu,Policy,Positive,Educationalist PB Prince Gajendra Babu welcomed the move stating that the students should be allowed to be a part of co-curricular and extracurricular activities but those programmes should not be linked to any individual with a political identity.,PB Prince Gajendra Babu,welcomed,move regarding student activities
e88427cb3515aa87_p028,e88427cb3515aa87,EVT_00500,theprint,Political Parties,Policy,Negative,"""any person who has roots in any political party""",any person,referred to as,political party
e88427cb3515aa87_p029,e88427cb3515aa87,EVT_00500,theprint,Academic Programs,Education Policy,Negative,"""Students cannot be used for the glorification of any political leader or a party. Any of the academic programmes should ensure that they do not compromise the values of the Constitution that a student should be given in a school such as equality, freedom and liberty,"" he told ThePrint.",Speaker,quoted,ThePrint article
e88427cb3515aa87_p030,e88427cb3515aa87,EVT_00500,theprint,Parents and teachers' groups,Education,Positive,seeing the ban as restoring focus on academic excellence.,Parents and teachers' groups,praised,ban on academic excellence focus
e88427cb3515aa87_p031,e88427cb3515aa87,EVT_00500,theprint,S Vignesh (member of the State Parents Teacher Association),Education Policy,Negative,"""Political activities should be avoided to protect the democratic rights of the students as well, and no politician should directly interact with our students in any capacity,""",Politicians,should avoid,political activities
e88427cb3515aa87_p032,e88427cb3515aa87,EVT_00500,theprint,Vijay,Development,Positive,Also Read: Vijay will rewrite Tamil Nadu politics.,Vijay,rewriting,Tamil Nadu politics
c31dd65678cc53c8_p001,c31dd65678cc53c8,EVT_00496,deccan_herald,Election Commission,Development,Positive,"The Election Commission's Special Intensive Revision (SIR) of electoral rolls is underway in five States — Karnataka, Meghalaya, Maharashtra, Jharkhand and Delhi — starting with door-to-door enumeration from June 30 to July 29.",Election Commission,of,conducting SIR
c31dd65678cc53c8_p001,c31dd65678cc53c8,EVT_00496,deccan_herald,Election Commission,Development,Positive,The draft electoral rolls will be published on August 5 and the final rolls on October 10.,Draft electoral rolls,published,August 5 and October 10
c31dd65678cc53c8_p001,c31dd65678cc53c8,EVT_00496,deccan_herald,Election Commission,Development,Positive,"Here is a ready reckoner to understand the exercise, and navigate the process of filling the enumeration form online with ease.",Election Commission,received,Positive sentiment score
ad1a6bc72ce3e16f_p001,ad1a6bc72ce3e16f,EVT_00561,hindustan_times,Government of India,Policy,Positive,India to account for each seafarer irrespective of vessel flag: Govt's big announcement after sailor killed in Hormuz,India,account,seafarer
ad1a6bc72ce3e16f_p002,ad1a6bc72ce3e16f,EVT_00561,hindustan_times,Political Leaders,Security Crisis,Negative,The move comes amid an escalating maritime security crisis in West Asia following attacks on two merchant vessels in the Strait of Hormuz.,Moves,come amid,Security Crisis
ad1a6bc72ce3e16f_p003,ad1a6bc72ce3e16f,EVT_00561,hindustan_times,Government/Centre,Development,Positive,"""Emphasising the welfare of seafarers amidst escalating maritime security crisis in West Asia, the Centre on Tuesday launched a comprehensive ""Seafarer-First"" response...""",Centre,launched,response
ad1a6bc72ce3e16f_p004,ad1a6bc72ce3e16f,EVT_00561,hindustan_times,Indian Government,Violence,Negative,"The announcement comes after an Indian seafarer, identified as Rohan Kumar, was killed",announced,killed,Rohan Kumar
ad1a6bc72ce3e16f_p005,ad1a6bc72ce3e16f,EVT_00561,hindustan_times,Sarbananda Sonowal,Development,Positive,"Union Minister for Ports, Shipping and Waterways Sarbananda Sonowal said the initiative adopts a whole-of-government approach to ensure the safety and welfare of Indian crew members in the sea.",Sarbananda Sonowal,said,initiative
ad1a6bc72ce3e16f_p006,ad1a6bc72ce3e16f,EVT_00561,hindustan_times,Government,Law & Order,Negative,He directed the Directorate General of Shipping (DGS) to establish a comprehensive vessel-by-vessel operational dashboard,Government,directed,DGS to establish dashboard
ad1a6bc72ce3e16f_p009,ad1a6bc72ce3e16f,EVT_00561,hindustan_times,Indian Seafarers,Violence,Negative,"One Indian seafarer was killed and another injured aboard MT Al Bahiyah, while nine Indian nationals on MT Mombasa were injured, including two who remain in serious condition.",Indian seafarer,killed,deadly violence
ad1a6bc72ce3e16f_p011,ad1a6bc72ce3e16f,EVT_00561,hindustan_times,Indian Government,Policy Implementation,Positive,"As part of the response, he ordered real-time vessel monitoring, appointed liaison officers for every affected Indian seafarer, and directed round-the-clock coordination among the ministries concerned, the Indian Navy, the Directorate General of Shipping (DGS), and Indian missions in Iran and Oman.",Ordered,action,Indian Government
ad1a6bc72ce3e16f_p013,ad1a6bc72ce3e16f,EVT_00561,hindustan_times,Sonowal,Violence,Negative,"Expressing grief over the attacks, Sonowal condemned the targeting of civilian merchant vessels",Sonowal,condemned,targeting of civilian merchant vessels
ad1a6bc72ce3e16f_p014,ad1a6bc72ce3e16f,EVT_00561,hindustan_times,India,Violence,Negative,India has expressed its strong resentment and objection to the manner of attacks on defenceless civilian merchant vessels.,India,resented,attacks
ad1a6bc72ce3e16f_p015,ad1a6bc72ce3e16f,EVT_00561,hindustan_times,Government,Law & Order,Positive,"I want to assure every Indian seafarer and their family that the entire Government is committed to assist you in every possible way, and at all costs,” he added.",,,
ad1a6bc72ce3e16f_p017,ad1a6bc72ce3e16f,EVT_00561,hindustan_times,Indian Government,Development,Positive,dedicated liaison officer will be appointed for every Indian seafarer impacted by the crisis to ensure uninterrupted assistance,appointed,actioned,Indian seafarer assistance
ad1a6bc72ce3e16f_p018,ad1a6bc72ce3e16f,EVT_00561,hindustan_times,India,Protest,Negative,'Deeply concerned',Deeply concerned,regarding,India
ad1a6bc72ce3e16f_p022,ad1a6bc72ce3e16f,EVT_00561,hindustan_times,Sonowal (Indian Politician),Law & Order,Positive,"""The Government of India has communicated with all the multilateral forums of the IMO and also with the representatives of the concerned flag administration involved in the multiple incidents that contravened international conventions and fundamental requirements of seafarer’s security and safety and protection of right of innocent passage for merchant vessels. We will continue to make every effort to ensure resolution of the issues and remain committed to all stakeholders in this trying and challenging time,"" said Sonowal.",Government,communicated,multilateral forums and flag administration
ad1a6bc72ce3e16f_p026,ad1a6bc72ce3e16f,EVT_00561,hindustan_times,Government,Development,Positive,The government has also activated a 24x7 grievance support system for Indian seafarers and their families.,政府,激活,24x7海员和家属的申诉支持系统
ad1a6bc72ce3e16f_p027,ad1a6bc72ce3e16f,EVT_00561,hindustan_times,Sonowal,Law & Order,Positive,"reaffirmed that the government's response would remain 'seafarer-first', with coordinated efforts across ministries and maritime agencies to protect Indian seafarers",reaffirmed,action,response
7d02c28be78c657c_p001,7d02c28be78c657c,EVT_00543,the_times_of_india,Mamata Banerjee,Protest,Negative,dealing another setback to the former chief minister's camp.,dealt,setback,former chief minister's camp
7d02c28be78c657c_p002,7d02c28be78c657c,EVT_00543,the_times_of_india,Mamata Banerjee,Political Split,Negative,His exit comes amid a series of defections from the Mamata Banerjee-led faction,defections,come amid,Mamata Banerjee-led faction
7d02c28be78c657c_p003,7d02c28be78c657c,EVT_00543,the_times_of_india,Abhishek Banerjee (TMC national general secretary),Corruption,Negative,refusing to step aside despite the party's crisis,TMC,refusing,step aside
7d02c28be78c657c_p004,7d02c28be78c657c,EVT_00543,the_times_of_india,Abhishek Banerjee,Protest,Negative,"He said, 'I won't leave the party.' The party is sinking; the boat has gone under.",He,said,I won't leave the party.
7d02c28be78c657c_p005,7d02c28be78c657c,EVT_00543,the_times_of_india,party,Corruption,Negative,centred around one individual,centred,around,one individual
7d02c28be78c657c_p006,7d02c28be78c657c,EVT_00543,the_times_of_india,Mamata ji,Leadership and Mobilization,Positive,I earnestly request Mamata ji to come.,I,request,Mamata ji
7d02c28be78c657c_p007,7d02c28be78c657c,EVT_00543,the_times_of_india,Trinamool Congress,Policy,Negative,He said he had resigned from all organisational positions in the Trinamool Congress,He,resigned,organizational positions in Trinamool Congress
7d02c28be78c657c_p008,7d02c28be78c657c,EVT_00543,the_times_of_india,Shivraj Chavan (assuming it's about a politician who resigned from Trinamool),Resignation and Party Affiliation,Negative,I have resigned from all the positions. Though I remain an MLA. I have left everything associated with Trinamool. That means I am no longer a Trinamool MLA in the functional sense.,Shivraj Chavan,resigned,Trinamool
7d02c28be78c657c_p010,7d02c28be78c657c,EVT_00543,the_times_of_india,Mitra,Development,Negative,money laundering investigation into the alleged municipal recruitment scam in West Bengal,money laundering investigation,into,alleged municipal recruitment scam in West Bengal
7d02c28be78c657c_p010,7d02c28be78c657c,EVT_00543,the_times_of_india,ED (Enforcement Directorate),Corruption,Negative,summoned Mitra's wife and his two sons for questioning,Mitra,summoned,wife and sons
7d02c28be78c657c_p011,7d02c28be78c657c,EVT_00543,the_times_of_india,ED (Ethics and Dispute),Corruption,Negative,The agency has asked them to appear next week to record their statements.,Agency,asked,Them to appear
7d02c28be78c657c_p012,7d02c28be78c657c,EVT_00543,the_times_of_india,ED (Economic Development Commission),Corruption,Negative,The ED is investigating the matter under the Prevention of Money Laundering Act (PMLA) based on predicate offences registered by the Central Bureau of Investigation (CBI).,ED,investigating,matter
13d8e8b419bd2c19_p001,13d8e8b419bd2c19,EVT_00506,the_times_of_india,Prime Minister Narendra Modi,Economic Strategy,Positive,"welcoming the coming into force of the India-United Kingdom Comprehensive Economic and Trade Agreement (CETA) and the Agreement on Social Security, calling it a ""significant moment"" in bilateral ties that will deepen economic cooperation",welcoming,action,CETA and Social Security agreement
13d8e8b419bd2c19_p002,13d8e8b419bd2c19,EVT_00506,the_times_of_india,PM Modi,Development,Positive,"In a post on X, PM Modi said the two agreements would strengthen economic linkages between the two countries and deliver tangible benefits across several sectors.",PM Modi,said,strengthen economic linkages and deliver benefits
13d8e8b419bd2c19_p003,13d8e8b419bd2c19,EVT_00506,the_times_of_india,UK,Development,Positive,"With the coming into force of the Comprehensive Economic and Trade Agreement and the Agreement on Social Security, our economic linkages are going to get even deeper.",UK,benefited,CEFTA and SSA
13d8e8b419bd2c19_p003,13d8e8b419bd2c19,EVT_00506,the_times_of_india,UK,Economic Strategy,Positive,"Together, these agreements translate our shared ambition into tangible opportunities for our people.",Agreements,translate,Ambition into opportunities
13d8e8b419bd2c19_p004,13d8e8b419bd2c19,EVT_00506,the_times_of_india,Prime Minister,Election Strategy,Positive,"said it would ""provide invaluable support to Indian professionals working temporarily in the UK and strengthen the competitiveness of Indian enterprises.""",UK,provide,support to Indian professionals and enterprises
13d8e8b419bd2c19_p005,13d8e8b419bd2c19,EVT_00506,the_times_of_india,UK Government,Development,Positive,"This moment reflects the trust between our democracies and our resolve to build a forward-looking partnership driven by trade, technology, investment and innovation.",UK Government,received,Positive sentiment score
13d8e8b419bd2c19_p005,13d8e8b419bd2c19,EVT_00506,the_times_of_india,UK Government,Election Strategy,Positive,"India and the UK will continue working together for shared prosperity,",UK,working,India for shared prosperity
13d8e8b419bd2c19_p007,13d8e8b419bd2c19,EVT_00506,the_times_of_india,Piyush Goyal,Development,Positive,"Union Commerce and Industry Minister Piyush Goyal said the trade pact provides zero-duty market access for nearly 99 per cent of India's exports, covering almost 100 per cent of the total trade value.",Piyush Goyal,said,trade pact benefits India
13d8e8b419bd2c19_p007,13d8e8b419bd2c19,EVT_00506,the_times_of_india,Piyush Goyal,Development,Positive,"He said it would create new opportunities for labour-intensive industries, MSMEs, farmers, manufacturers and the services sector.",He,said,it would create new opportunities
13d8e8b419bd2c19_p008,13d8e8b419bd2c19,EVT_00506,the_times_of_india,Trade Agreements,Economic Growth,Positive,"agricultural products except chicken, pork, eggs, rice and sugar, while 97.1 per cent of tariff lines for processed food products will receive duty-free access.",Trade Agreements,include,"agricultural products except chicken, pork, eggs, rice and sugar"
10fb221473bc873b_p002,10fb221473bc873b,EVT_00504,the_times_of_india,Mamata Banerjee (political figure),Protest,Negative,TMC MLA Madan Mitra resigned from the Mamata Banerjee-led faction and joined the rebel camp,MLA Madan Mitra,resigned from,Mamata Banerjee-led faction
10fb221473bc873b_p003,10fb221473bc873b,EVT_00504,the_times_of_india,The Union Cabinet,Development,Positive,"""The Union Cabinet approved seven major decisions covering semiconductors, mobile phone manufacturing, fertiliser, railways and infrastructure.""",Union Cabinet,approved,decisions
10fb221473bc873b_p004,10fb221473bc873b,EVT_00504,the_times_of_india,US Military,Violence,Negative,The US carried out another round of military strikes targeting Iran's Greater Tunb Island and coastal military infrastructure.,US,carried out,strikes
10fb221473bc873b_p006,10fb221473bc873b,EVT_00504,the_times_of_india,Local Government,Corruption,Negative,Here are the top five news stories of the day: corruption allegations against local government officials have dominated headlines this week.,corruption allegations,against,local government officials
10fb221473bc873b_p009,10fb221473bc873b,EVT_00504,the_times_of_india,Wangchuk,Protest,Negative,protests demanding Union education minister Dharmendra Pradhan's resignation over alleged irregularities in NEET and other competitive examinations.,protests,demanding,resignation
10fb221473bc873b_p009,10fb221473bc873b,EVT_00504,the_times_of_india,Wangchuk,Healthcare Access & Quality,Negative,Urged the authorities to shift Wangchuk to a government hospital,Urged,shift,Wangchuk to a government hospital
10fb221473bc873b_p010,10fb221473bc873b,EVT_00504,the_times_of_india,Mamata Banerjee (TMC),Protest,Negative,"Mitra quits Mamata camp, joins Ritabrata Banerjee-led rebel TMC faction",Mitra,quits,Mamata camp
10fb221473bc873b_p011,10fb221473bc873b,EVT_00504,the_times_of_india,Trinamool Congress,Defection/Partisanship Shift,Negative,Trinamool Congress MLA Madan Mitra resigned from the Mamata Banerjee-led faction,Trinamool Congress,resigned,Madan Mitra
10fb221473bc873b_p011,10fb221473bc873b,EVT_00504,the_times_of_india,Mamata Banerjee-led faction,Defection/Partisanship Shift,Negative,Trinamool Congress MLA Madan Mitra resigned from the Mamata Banerjee-led faction,Mitra,resigned,Mamata Banerjee-led faction
10fb221473bc873b_p011,10fb221473bc873b,EVT_00504,the_times_of_india,Mamata Banerjee,Defection/Partisanship Shift,Negative,Trinamool Congress MLA Madan Mitra resigned from the Mamata Banerjee-led faction,MLA,resigned,Mamata Banerjee-led faction
10fb221473bc873b_p012,10fb221473bc873b,EVT_00504,the_times_of_india,Mitra,Law & Order,Negative,"Speaking after switching sides, Mitra criticised Abhishek Banerjee, alleging that the party had become centred around one individual despite facing a political crisis.",Mitra,criticised,Abhishek Banerjee
10fb221473bc873b_p012,10fb221473bc873b,EVT_00504,the_times_of_india,Enforcement Directorate,Law & Order,Negative,The development came a day after the Enforcement Directorate summoned Mitra's wife and two sons in connection with its money laundering probe into the alleged West Bengal municipal recruitment scam.,Enforcement Directorate,summoned,Mitra's family
10fb221473bc873b_p013,10fb221473bc873b,EVT_00504,the_times_of_india,Government/Cabinet,Development,Positive,Cabinet approves seven major projects worth Rs 2.19 lakh crore,Cabinet,approves,projects
10fb221473bc873b_p014,10fb221473bc873b,EVT_00504,the_times_of_india,Union Cabinet,Development,Positive,"The Union Cabinet approved seven major decisions covering infrastructure, semiconductor manufacturing, mobile phone production, fertiliser and railway projects, with a combined outlay of Rs 2,19,353 crore.",Union Cabinet,approved,decisions
10fb221473bc873b_p015,10fb221473bc873b,EVT_00504,the_times_of_india,Prime Minister Narendra Modi,Development,Positive,"The Cabinet also cleared major infrastructure projects in Varanasi, including new road corridors and approved railway expansion works in Odisha and Jharkhand.",Cabinet,cleared,infrastructure projects
10fb221473bc873b_p016,10fb221473bc873b,EVT_00504,the_times_of_india,US,Military Action,Positive,launches fresh strikes on Iran,US,launches,strikes on Iran
10fb221473bc873b_p017,10fb221473bc873b,EVT_00504,the_times_of_india,United States,Violence,Negative,launched another wave of strikes against Iran,launched,strikes against,Iran
10fb221473bc873b_p018,10fb221473bc873b,EVT_00504,the_times_of_india,Iran,Violence,Negative,"The escalation continues despite a ceasefire agreement signed in June, with tensions remaining high after recent attacks on commercial vessels.",escalation,continues despite, ceasefire agreement
10fb221473bc873b_p020,10fb221473bc873b,EVT_00504,the_times_of_india,International Cricket Council (ICC),Development,Positive,"major changes to the formats of the men's ODI and T20 World Cups, introducing new competition structures aimed at making matches more competitive from the opening stages.",Changes,introduced,Competition Structures
48be9fff8b25a8ba_p001,48be9fff8b25a8ba,EVT_00506,the_times_of_india,India (referring to government response),Security Threat,Negative,"A ransomware group has published thousands of files allegedly linked to India's largest nuclear power plant, Kudankulam",India,published,files linked to Kudankulam
48be9fff8b25a8ba_p006,48be9fff8b25a8ba,EVT_00506,the_times_of_india,Security Authorities or Agencies,Violence,Negative,warn of security risks,Security Authorities,warned,of security risks
48be9fff8b25a8ba_p007,48be9fff8b25a8ba,EVT_00506,the_times_of_india,Nuclear Threat Initiative,Security Risk,Negative,"""They could show an adversary not just who has access to the project but which systems that access reaches,"" he told Reuters.",They,showed,an adversary
48be9fff8b25a8ba_p010,48be9fff8b25a8ba,EVT_00506,the_times_of_india,WorldLeaks,Corruption,Neutral,did not respond,did not respond,respond,WorldLeaks
48be9fff8b25a8ba_p012,48be9fff8b25a8ba,EVT_00506,the_times_of_india,Indian organizations,Security and Privacy,Negative,"""unaware if they have ever been attacked""",,,
48be9fff8b25a8ba_p014,48be9fff8b25a8ba,EVT_00506,the_times_of_india,Users Sharing Opinion,Development,Positive,3k+,,,
59fd77b9e4dfb427_p001,59fd77b9e4dfb427,EVT_00506,hindustan_times,PM Modi,Development,Positive,PM Modi hails 'significant moment',PM Modi,hails,'significant moment'
59fd77b9e4dfb427_p002,59fd77b9e4dfb427,EVT_00506,hindustan_times,PM Modi,Development,Positive,"""significant moment,"" PM Modi emphasized that dual agreements would translate high-level diplomatic ambition into ""tangible opportunities,""
",emphasized,stressed,dual agreements
59fd77b9e4dfb427_p003,59fd77b9e4dfb427,EVT_00506,hindustan_times,PM Modi,"Election Strategy, Development",Positive,Prime Minister Narendra Modi on Wednesday hailed the formal commencement of the India-United Kingdom Comprehensive Economic and Trade Agreement (CETA) and a landmark Social Security Agreement.,Prime Minister,hailed,CETA and Social Security Agreement
59fd77b9e4dfb427_p004,59fd77b9e4dfb427,EVT_00506,hindustan_times,Prime Minister,Development,Positive,"""significant moment,"" the Prime Minister emphasized that dual agreements would translate high-level diplomatic ambition into ""tangible opportunities,""",Prime Minister,emphasized,dual agreements
59fd77b9e4dfb427_p005,59fd77b9e4dfb427,EVT_00506,hindustan_times,PM Modi,Development,Positive,"In a post on X, PM Modi said the two agreements will make economic linkages 'even deeper' and 'translate our shared ambition into tangible opportunities for our people.'",PM Modi,said,economic linkages
59fd77b9e4dfb427_p006,59fd77b9e4dfb427,EVT_00506,hindustan_times,PM Modi,Development,Positive,"This is a significant moment in the India-United Kingdom partnership! With the coming into force of the Comprehensive Economic and Trade Agreement and the Agreement on Social Security, our economic linkages are going to get even deeper.",PM Modi,receive,Positive sentiment score
59fd77b9e4dfb427_p007,59fd77b9e4dfb427,EVT_00506,hindustan_times,PM Modi,Development,Positive,provide invaluable support to Indian professionals working temporarily in the UK and strengthen the competitiveness of Indian enterprises.,India,support,PM Modi
59fd77b9e4dfb427_p008,59fd77b9e4dfb427,EVT_00506,hindustan_times,PM Modi,Election Strategy,Positive,"This moment reflects the trust between our democracies and our resolve to build a forward-looking partnership driven by trade, technology, investment and innovation.",Trusted,reflects,democracies trust
59fd77b9e4dfb427_p010,59fd77b9e4dfb427,EVT_00506,hindustan_times,Piyush Goyal,Development,Positive,announced the development,announced,development,Piyush Goyal
59fd77b9e4dfb427_p011,59fd77b9e4dfb427,EVT_00506,hindustan_times,PM Modi,Development,Positive,"""Under the dynamic leadership of Hon'ble PM @NarendraModi ji, """,Narendra Modi,led,dynamic
59fd77b9e4dfb427_p012,59fd77b9e4dfb427,EVT_00506,hindustan_times,Minister,Development,Positive,"According to the details shared by the Minister, the pact eliminates tariffs on labour-intensive sectors such as textiles, clothing, leather, gems and jewellery, engineering goods, chemicals, electronics, marine products, furniture, and sports goods.",Minister,provided,details about pact
59fd77b9e4dfb427_p013,59fd77b9e4dfb427,EVT_00506,hindustan_times,UK Government,Development,Positive,"provides zero-duty access to all products, with specific exclusions for chicken, pork, eggs, rice, and sugar. It also grants duty-free entry to 97.1 per cent of tariff lines for processed food products",UK Government,grants,duty-free access to products
59fd77b9e4dfb427_p014,59fd77b9e4dfb427,EVT_00506,hindustan_times,Goyal,Economic Growth,Positive,"The India UK FTA creates unprecedented opportunities for our textiles, leather, gems & jewellery, engineering goods, marine products, chemicals, processed foods, MSMEs, farmers and manufacturers.",FTA,creates,opportunities
59fd77b9e4dfb427_p014,59fd77b9e4dfb427,EVT_00506,hindustan_times,Goyal,Economic Growth,Positive,"It also opens new frontiers for our IT, professional, financial, education and business services sectors",Congress,opposed,Goyal's plan
59fd77b9e4dfb427_p017,59fd77b9e4dfb427,EVT_00506,hindustan_times,Goyal,Development,Positive,"""The Agreement on Social Security further strengthens this partnership by exempting Indian professionals on temporary assignments from double social security contributions for up to 5 years, enhancing the global competitiveness of our workforce. """,Agreement,strengthens,partnership
59fd77b9e4dfb427_p018,59fd77b9e4dfb427,EVT_00506,hindustan_times,Minister,Development,Positive,"The Minister expressed appreciation for his counterpart, UK Secretary of State for Business and Trade Peter Kyle",Minister,expressed appreciation,UK Secretary of State for Business and Trade Peter Kyle
59fd77b9e4dfb427_p019,59fd77b9e4dfb427,EVT_00506,hindustan_times,@PeterKyle,Development,Positive,"(I thank my friend and counterpart @PeterKyle, and both negotiating teams, for their commitment in bringing this transformational agreement to fruition.)",@PeterKyle,thank,agreement
59fd77b9e4dfb427_p019,59fd77b9e4dfb427,EVT_00506,hindustan_times,Both negotiating teams,Development,Positive,"(I thank my friend and counterpart @PeterKyle, and both negotiating teams, for their commitment in bringing this transformational agreement to fruition.)",both teams,thank,PeterKyle and friend
59fd77b9e4dfb427_p019,59fd77b9e4dfb427,EVT_00506,hindustan_times,"Building a resilient, innovation-driven partnership",Development,Positive,"(Together, we remain committed to building a resilient, innovation-driven partnership that will drive growth, investment and shared prosperity for generations to come.)",we,commit,building partnership
59fd77b9e4dfb427_p019,59fd77b9e4dfb427,EVT_00506,hindustan_times,Growing the economy through partnerships,Economic Growth,Positive,"(Together, we remain committed to building a resilient, innovation-driven partnership that will drive growth, investment and shared prosperity for generations to come.)",we,remain committed,"building a resilient, innovation-driven partnership"
db0bf8f6a65738b4_p002,db0bf8f6a65738b4,EVT_00534,the_times_of_india,Sonam Wangchuk,Protest,Negative,indefinite fast against examination irregularities and NEET paper leak.,indefinite fast,against,examination irregularities and NEET paper leak
db0bf8f6a65738b4_p003,db0bf8f6a65738b4,EVT_00534,the_times_of_india,Party,Protest,Positive,join us for 1-day mass hunger strike in solidarity with Sonam Wangchuk and the students of this country,Hunger strikers,organize,mass strike
db0bf8f6a65738b4_p004,db0bf8f6a65738b4,EVT_00534,the_times_of_india,Wangchuk,Health Crisis,Negative,This comes as Wangchuk's health continued to deteriorate,deteriorated,continue,health
db0bf8f6a65738b4_p005,db0bf8f6a65738b4,EVT_00534,the_times_of_india,Abhijeet Dipke,Health Issues & Activism,Negative,"CJP founder Abhijeet Dipke has said Wangchuk has been losing muscle mass and is in ""immense pain"", adding the activist has lost 8.5 kg since the beginning of his fast.",Abhijeet Dipke,announced,Wangchuk's health condition
db0bf8f6a65738b4_p006,db0bf8f6a65738b4,EVT_00534,the_times_of_india,The Cockroach Janta Party (CJP),Protest,Positive,claimed that support for its agitation was growing across political parties.,claimed,action,support for its agitation
db0bf8f6a65738b4_p008,db0bf8f6a65738b4,EVT_00534,the_times_of_india,Sonam Wangchuk,Protest,Negative,Delhi high court seeking to force-feed activist Sonam Wangchuk and shift the activist to a government hospital,Delhi high court,seeking to force-feed and shift,Sonam Wangchuk to a government hospital
db0bf8f6a65738b4_p009,db0bf8f6a65738b4,EVT_00534,the_times_of_india,Wangchuk,Health Crisis/Emergency,Negative,"According to the petition, Wangchuk's condition has worsened significantly, and he could lose his life within two days if the hunger strike continues.",petition,claim,Wangchuk's condition worsening
d033b6cb5cf7134c_p001,d033b6cb5cf7134c,EVT_00534,theprint,Cockroach Janta Party (CJP),Protest,Positive,throwing their weight behind the Cockroach Janta Party’s (CJP’s) agitation,Congress,throwing,support
d033b6cb5cf7134c_p002,d033b6cb5cf7134c,EVT_00534,theprint,AAP,Protest,Positive,Among the parties that have backed the agitation are the Aam Aadmi Party (AAP),AAP,backed,agitation
d033b6cb5cf7134c_p002,d033b6cb5cf7134c,EVT_00534,theprint,Samajwadi Party,Protest,Positive,Among the parties that have backed the agitation are the Samajwadi Party (SP),Samajwadi Party,backed,agitation
d033b6cb5cf7134c_p002,d033b6cb5cf7134c,EVT_00534,theprint,Shiv Sena (UBT),Protest,Positive,Among the parties that have backed the agitation are the Shiv Sena (UBT),Shiv Sena (UBT),backed,agitation
d033b6cb5cf7134c_p002,d033b6cb5cf7134c,EVT_00534,theprint,Trinamool Congress (TMC),Protest,Positive,Among the parties that have backed the agitation are the Trinamool Congress (TMC),TMC,backed,agitation
d033b6cb5cf7134c_p002,d033b6cb5cf7134c,EVT_00534,theprint,CPI,Protest,Positive,Among the parties that have backed the agitation are the Communist Party of India (CPI),backed,are,CPI on agitation
d033b6cb5cf7134c_p002,d033b6cb5cf7134c,EVT_00534,theprint,CPI(ML)-Liberation,Protest,Positive,Among the parties that have backed the agitation are the Communist Party of India (Marxist) - Liberation,Communist Party of India (Marxist) - Liberation,backed,agitation
d033b6cb5cf7134c_p002,d033b6cb5cf7134c,EVT_00534,theprint,Rashtriya Janata Dal (RJD),Protest,Positive,Among the parties that have backed the agitation are the Rashtriya Janata Dal (RJD),Rashtriya Janata Dal (RJD),backed,agitation
d033b6cb5cf7134c_p004,d033b6cb5cf7134c,EVT_00534,theprint,Congress Party,Election Strategy,Negative,"""Until a few months ago, (CJP founder Abhijeet) Dipke was criticising Rahul Gandhi. Why should we suddenly support his movement? Congress has already started ‘Chhatron Ki Goonj’, which is raising the same issues on a much bigger scale. So why should we share the stage?""",Congress,start,Chhatron Ki Goonj
d033b6cb5cf7134c_p005,d033b6cb5cf7134c,EVT_00534,theprint,AAP (Aam Aadmi Party),Corruption,Negative,"""Dipke comes from AAP. How do we know this will not become AAP 2.0?""",Dipke,comes from,AAP
d033b6cb5cf7134c_p006,d033b6cb5cf7134c,EVT_00534,theprint,Congress,Protest,Negative,"""If we support the protest, it could create confusion about our own political stand,""",Congress,support,protest
d033b6cb5cf7134c_p007,d033b6cb5cf7134c,EVT_00534,theprint,Congress Party,Election Strategy,Negative,"""The party believes it should lead the youth movement, especially through Rahul Gandhi’s Chhatron Ki Goonj campaign. It does not want to share that space with another group because it wants to consolidate young voters.""",Congress,want,share youth space
d033b6cb5cf7134c_p008,d033b6cb5cf7134c,EVT_00534,theprint,Anna Hazare,Protest,Negative,the party’s experience during the Anna Hazare movement,Anna Hazare movement,received,negative sentiment score
d033b6cb5cf7134c_p009,d033b6cb5cf7134c,EVT_00534,theprint,Congress,Political Strategy/Election Strategy,Negative,"“Congress is worried that it could later become a political force,” he added.",Congress,worried,itself becoming a political force
d033b6cb5cf7134c_p010,d033b6cb5cf7134c,EVT_00534,theprint,Shashi Tharoor,Protest,Positive,"He urged Wangchuk to end his hunger strike, saying the fast had already succeeded in drawing national attention to the issue",Shashi Tharoor,urged,Wangchuk to end his hunger strike
d033b6cb5cf7134c_p011,d033b6cb5cf7134c,EVT_00534,theprint,Congress leader,Protest,Negative,"Protesters said a local Congress leader had visited the site at Jantar Mantar in his personal capacity, but stressed that he was not representing the party.",Protesters,stressed,non-party representation
d033b6cb5cf7134c_p012,d033b6cb5cf7134c,EVT_00534,theprint,CJP leaders (Abhijeet Dipke and Saurav Das),Protest and Accountability,Positive,"The letters were sent to several leaders, including Rahul Gandhi and BJP president J.P. Nadda.",CJP leaders,sent,letters to leaders
d033b6cb5cf7134c_p014,d033b6cb5cf7134c,EVT_00534,theprint,Adhir Ranjan Chowdhury (West Bengal Congress president),Policy,Negative,"""a wake-up call for this government""",,received,Negative sentiment score
d033b6cb5cf7134c_p014,d033b6cb5cf7134c,EVT_00534,theprint,Centre (Indian Government),Law & Order,Negative,accusing the Centre of ignoring students affected by paper leaks,Centre,ignoring,students affected by paper leaks
d033b6cb5cf7134c_p015,d033b6cb5cf7134c,EVT_00534,theprint,Congress,Protest,Negative,The Congress’s stance has also drawn comments from its INDIA bloc allies.,Congress,drawn comments from,INDIA bloc allies
d033b6cb5cf7134c_p015,d033b6cb5cf7134c,EVT_00534,theprint,Shiv Sena (UBT),Support Protest Movement,Positive,"Uddhav Thackeray recently urged Rahul Gandhi to visit Jantar Mantar, saying everyone who believed in the country’s youth should stand with the movement.",Uddhav Thackeray,urged,Rahul Gandhi to visit Jantar Mantar
d033b6cb5cf7134c_p016,d033b6cb5cf7134c,EVT_00534,theprint,Wangchuk,Protest,Negative,Wangchuk has maintained that leaders across political parties would eventually join the agitation.,Wangchuk,maintained,agitation
d033b6cb5cf7134c_p017,d033b6cb5cf7134c,EVT_00534,theprint,Arvind Kejriwal,Protest,Negative,AAP national convener Arvind Kejriwal will visit Jantar Mantar on 16 July to express solidarity and has again demanded Dharmendra Pradhan’s resignation,AAP,protested,Kejriwal's visit to Jantar Mantar
d033b6cb5cf7134c_p017,d033b6cb5cf7134c,EVT_00534,theprint,Dharmendra Pradhan,Protest,Negative,AAP national convener Arvind Kejriwal has again demanded Dharmendra Pradhan’s resignation,AAP,demanded,Pradhan's resignation
d033b6cb5cf7134c_p017,d033b6cb5cf7134c,EVT_00534,theprint,Wangchuk,Protest,Negative,"Wangchuk to express support, while Shiv Sena (UBT) leader Aaditya Thackeray described the issue as one “beyond politics”. Wangchuk has also been on a fast for several days",Wangchuk,fasted,several days
d033b6cb5cf7134c_p017,d033b6cb5cf7134c,EVT_00534,theprint,Aaditya Thackeray,Protest Opposition,Negative,Shiv Sena (UBT) leader Aaditya Thackeray described the issue as one “beyond politics”,Shiv Sena (UBT),described,issue as beyond politics
d033b6cb5cf7134c_p018,d033b6cb5cf7134c,EVT_00534,theprint,CJP (Centre of Justice and Peace),Protest,Positive,its biggest mobilisation yet,received,Positive sentiment,CJP (Centre of Justice and Peace)
8d99ec5d9dca8fd3_p001,8d99ec5d9dca8fd3,EVT_00500,hindustan_times,TVK,Corruption,Negative,sacks Tamil Nadu panchayat leader over viral ₹1.3 lakh bribe video,Tamil Nadu leader,sacked,by Congress
8d99ec5d9dca8fd3_p002,8d99ec5d9dca8fd3,EVT_00500,hindustan_times,Veerasamy,Corruption,Negative,The video shared on social media allegedly shows Veerasamy accepting a bribe of ₹1.30 lakh from a contractor.,video,showed,Veerasamy accepting bribe
8d99ec5d9dca8fd3_p003,8d99ec5d9dca8fd3,EVT_00500,hindustan_times,C Joseph Vijay's Tamizhaga Vettri Kazhagam (TVK) party,Corruption,Negative,a video allegedly showing him accepting a bribe surfaced online.,TVK party,received,Negative sentiment score
8d99ec5d9dca8fd3_p004,8d99ec5d9dca8fd3,EVT_00500,hindustan_times,Vijay,Corruption,Negative,issued a strong message against corruption,issued,message,against corruption
8d99ec5d9dca8fd3_p005,8d99ec5d9dca8fd3,EVT_00500,hindustan_times,TVK,Corruption,Negative,TVK sacks panchayat leader over viral bribe video,TVK,sacks,panchayat leader
8d99ec5d9dca8fd3_p006,8d99ec5d9dca8fd3,EVT_00500,hindustan_times,Veerasamy,Corruption,Negative,"The video shared on social media allegedly shows Veerasamy, who was also serving as the Mambakkam panchayat union chairman, accepting a bribe of ₹1.30 lakh from a contractor.",Veerasamy,accepted,bribe
8d99ec5d9dca8fd3_p007,8d99ec5d9dca8fd3,EVT_00500,hindustan_times,Nainar Nagenthran (BSP),Protest,Negative,BJP Tamil Nadu president Nainar Nagenthran also shared the video on social media while targeting Vijay's government.,BJP,targeted,Vijay's government
8d99ec5d9dca8fd3_p008,8d99ec5d9dca8fd3,EVT_00500,hindustan_times,TVK,Corruption,Negative,"""preaching integrity on the surface"" while ""engaging in corruption behind the scenes""",Congress,preaching,integrity on the surface
8d99ec5d9dca8fd3_p009,8d99ec5d9dca8fd3,EVT_00500,hindustan_times,Veerasamy,Violence,Negative,"""acting in a manner that brings disrepute"" to the party.",acted,in manner that brings disrepute,party
8d99ec5d9dca8fd3_p010,8d99ec5d9dca8fd3,EVT_00500,hindustan_times,TVK workers,Corruption,Negative,expelled TVK worker has now been arrested in Chengalpattu for allegedly extorting ₹1.30 lakh,TVK worker,arrested,Chengalpattu
8d99ec5d9dca8fd3_p011,8d99ec5d9dca8fd3,EVT_00500,hindustan_times,Anti-corruption initiative,Corruption,Negative,A bilingual anti-corruption notice,notice,issued,language support
8d99ec5d9dca8fd3_p012,8d99ec5d9dca8fd3,EVT_00500,hindustan_times,Tamil Nadu government,Corruption,Positive,"directed all public offices, boards and state-run corporations to prominently display bilingual anti-corruption notice boards.",Tamil Nadu government,directed,"public offices, boards and state-run corporations"
8d99ec5d9dca8fd3_p013,8d99ec5d9dca8fd3,EVT_00500,hindustan_times,DVAC,Corruption,Positive,boards will feature an anti-bribery message,boards,feature,anti-bribery message
8d99ec5d9dca8fd3_p014,8d99ec5d9dca8fd3,EVT_00500,hindustan_times,government,Corruption,Negative,audits that allegedly found several government departments had failed to comply with similar anti-corruption directions,audits,found,government departments non-compliance
8d99ec5d9dca8fd3_p016,8d99ec5d9dca8fd3,EVT_00500,hindustan_times,DVAC (likely referring to a Department or Bureau dealing with corruption issues),Law & Order,Positive,"""Bribe giving and receiving is an offence""",Bribe giving and receiving,is an offence,"Bribe giving, receiving"
8d99ec5d9dca8fd3_p018,8d99ec5d9dca8fd3,EVT_00500,hindustan_times,Government,Development,Positive,"The directive also covers digital platforms. All government offices, local bodies and public sector undertakings have been instructed to include the anti-corruption message across their online platforms.",Government,instructed,digital platforms to include anti-corruption message
8d99ec5d9dca8fd3_p019,8d99ec5d9dca8fd3,EVT_00500,hindustan_times,Government,Law & Order,Positive,"To ensure the instructions are implemented, the government has also deployed ground-level monitoring teams,",政府,部署,地面监控团队
8d99ec5d9dca8fd3_p023,8d99ec5d9dca8fd3,EVT_00500,hindustan_times,HT News Desk,Reliability,Positive,"The HT News Desk aims to provide readers with reliable, fact-based journalism.",HT News Desk,aims,"reliable, fact-based journalism"
90fa294c648a6500_p001,90fa294c648a6500,EVT_00685,the_times_of_india,Congress,Election Strategy,Negative,strongly oppose the proposed Delimitation Bill if the Centre reintroduces it during the upcoming,Congress,oppose,Delimitation Bill
90fa294c648a6500_p003,90fa294c648a6500,EVT_00685,the_times_of_india,PM Modi,Corruption,Negative,"held the Narendra Modi government accountable on a range of issues, including alleged corruption",held,accountable,corruption
90fa294c648a6500_p007,90fa294c648a6500,EVT_00685,the_times_of_india,Congress party,"Corruption, Development, Violence, Policy",Negative,"""Chanda Chori - Astha se Dhoka, Paper leaks and the systemic corrosion of education system, institutional capture, breaking of political parties, multiple scams and charges of corruption...""",Congress,received,negative sentiment score
90fa294c648a6500_p007,90fa294c648a6500,EVT_00685,the_times_of_india,Congress party,"Violence, Policy",Negative,"""breaking of political parties, multiple scams and charges of corruption, backbreaking price rise...""",Violations,committed,Congress party
90fa294c648a6500_p007,90fa294c648a6500,EVT_00685,the_times_of_india,Congress party,"Development, Law & Order, Policy",Negative,"""unbridled deforestation, the continued assault on the rights of SCs, STs, OBCs and minorities...""",Congress,accused,"deforestation, SCs, STs, OBCs and minorities"
90fa294c648a6500_p007,90fa294c648a6500,EVT_00685,the_times_of_india,Congress party,"Corruption, Policy",Negative,"""multiple scams and charges of corruption...""",multiple scams and charges,attributed to,Congress party
90fa294c648a6500_p009,90fa294c648a6500,EVT_00685,the_times_of_india,Home Minister,Policy,Negative,"We have heard that the Home Minister is trying to reintroduce the Delimitation Bill, which failed to get a two-thirds majority for the government on April 17, marking a significant defeat.",Home Minister,reintroduced,Delimitation Bill
90fa294c648a6500_p011,90fa294c648a6500,EVT_00685,the_times_of_india,Jairam (Politician/Spokesperson),Policy,Positive,"""Congress Party's stand has always been clear: we will strongly oppose the Delimitation Bill and continue to do so. We will make every effort to maintain unity among all opposition parties.""",Congress Party,oppose,Delimitation Bill
90fa294c648a6500_p012,90fa294c648a6500,EVT_00685,the_times_of_india,government,Corruption,Negative,attempting to secure the required numbers by engineering splits in opposition parties,government,attempting,opposition parties
90fa294c648a6500_p013,90fa294c648a6500,EVT_00685,the_times_of_india,home minister,"Law & Order, Corruption",Negative,This is an insult to the Constitution. They are cunningly trying to secure a two-thirds majority.,They,trying,secure majority
90fa294c648a6500_p013,90fa294c648a6500,EVT_00685,the_times_of_india,home minister,"Law & Order, Corruption",Negative,obtaining a two-thirds majority through such cunning tactics and by breaking up other parties is an affront to the Constitution; it would be a tainted majority.,obtaining,is an affront to,the Constitution
90fa294c648a6500_p014,90fa294c648a6500,EVT_00685,the_times_of_india,Congress party,Policy,Negative,reiterated its support for women's reservation while opposing any attempt to link it with delimitation.,Congress,opposed,women's reservation
90fa294c648a6500_p015,90fa294c648a6500,EVT_00685,the_times_of_india,Jairam,Corruption,Negative,"""However, the delimitation bill that was tabled while labelled as a women's reservation act was actually a dangerous delimitation bill introduced under the guise of women's reservation,"" Jairam said.",Jairam,said,delimitation bill
90fa294c648a6500_p016,90fa294c648a6500,EVT_00685,the_times_of_india,The Party,Policy,Negative,"proposed Viksit Bharat Shiksha Adhishthan Bill, 2025",Party,received,Negative sentiment score
90fa294c648a6500_p016,90fa294c648a6500,EVT_00685,the_times_of_india,The Party,Policy,Negative,amendments to the Foreign Contribution (Regulation) Act (FCRA),Foreign Contribution (Regulation) Act,amendments to,FCRA
90fa294c648a6500_p016,90fa294c648a6500,EVT_00685,the_times_of_india,The Party,Policy,Negative,"changes to the National Food Security Act (NFSA), 2013",The Party,targeted,"National Food Security Act, NFSA"
90fa294c648a6500_p017,90fa294c648a6500,EVT_00685,the_times_of_india,Unknown,Policy,Negative,"'We are not in favour of amendments to the National Food Security Act and will strongly oppose them,' he added.",Congress,oppose,amendments to NFA
90fa294c648a6500_p018,90fa294c648a6500,EVT_00685,the_times_of_india,Ramesh,Corruption,Negative,alleged misuse of donations,Congress,alleged,misuse of donations
90fa294c648a6500_p019,90fa294c648a6500,EVT_00685,the_times_of_india,BJP,Corruption,Negative,"the BJP and RSS in Ayodhya. There is also the issue of NEET... The third issue, as you know, is the E20 scam",BJP,involved,Ayodhya issue
90fa294c648a6500_p019,90fa294c648a6500,EVT_00685,the_times_of_india,BJP leaders and their sons,Corruption,Negative,"The E20 scam, which implicates several senior BJP leaders and their sons",scam,implicates,BJP leaders and their sons
90fa294c648a6500_p021,90fa294c648a6500,EVT_00685,the_times_of_india,Ramesh,Election Strategy,Negative,"calling such meetings a ""formality"" and claiming opposition suggestions were routinely ignored",calling,described,formality
8d8f24ee7585c83c_p001,8d8f24ee7585c83c,EVT_00632,india_today,Mamta Banerjee,Election Strategy,Negative,another jolt to Mamata Banerjee,another jolt,given,Mamta Banerjee
8d8f24ee7585c83c_p002,8d8f24ee7585c83c,EVT_00632,india_today,Koel Mullick,Resignation and Leadership,Negative,Her resignation in such a short period of time is bound to raise eyebrows.,raise,bind to,interests
8d8f24ee7585c83c_p003,8d8f24ee7585c83c,EVT_00632,india_today,Koel Mallick,Defection,Negative,dealing another blow to the parliamentary strength of Mamata Banerjee's Trinamool Congress (TMC).,TMC,hit,Koel Mallick
8d8f24ee7585c83c_p003,8d8f24ee7585c83c,EVT_00632,india_today,Mamata Banerjee's Trinamool Congress (TMC),Defection,Negative,dealing another blow to the parliamentary strength of Mamata Banerjee's Trinamool Congress (TMC).,TMC,dealt,blow
8d8f24ee7585c83c_p004,8d8f24ee7585c83c,EVT_00632,india_today,Mamata's Trinamool Congress (TMC),Development,Negative,"The development comes a day after veteran Trinamool MLA Madan Mitra, Mamata's trusted lieutenant, joined the rebel Trinamool camp led by Ritabrata Banerjee.",Mitra,joined,rebel TMC
8d8f24ee7585c83c_p004,8d8f24ee7585c83c,EVT_00632,india_today,Trinamool Congress,Protest,Negative,"Koel's move comes on the heels of the resignations of Sukhendu Sekhar Roy, Susmita Dev and Prakash Chik Baraik as TMC Rajya Sabha MPs.",TMC,resigned,members
8d8f24ee7585c83c_p006,8d8f24ee7585c83c,EVT_00632,india_today,Trinamool,Protest,Negative,The move to send Koel was widely viewed as an attempt by the Trinamool to leverage her popularity in Bengal.,Trinamool,leverage,Koel's popularity in Bengal
8799c5cbaf3895ce_p002,8799c5cbaf3895ce,EVT_00685,the_times_of_india,Tamil Nadu government,Policy,Negative,While hearing the Tamil Nadu government's appeal against a Madras high court order directing the state to facilitate the establishment of Jawahar Navodaya Vidyalayas (JNVs) in every district,Congress,accused,Modi of bulldozing
8799c5cbaf3895ce_p002,8799c5cbaf3895ce,EVT_00685,the_times_of_india,Centre,Policy,Negative,a bench of Justices BV Nagarathna and R Mahadevan orally asked the Centre to reconsider the policy across all school boards,Centre,asked,reconsider policy
8799c5cbaf3895ce_p004,8799c5cbaf3895ce,EVT_00685,the_times_of_india,CBSE (Central Board of Secondary Education),Policy,Negative,"Another apex court bench, headed by Chief Justice Surya Kant, is already examining challenges to the new CBSE policy and recently refused to stay the notification.",bench,examining,challenges to CBSE policy
8799c5cbaf3895ce_p005,8799c5cbaf3895ce,EVT_00685,the_times_of_india,top court,Education Policy,Negative,What the top court said- The top court observed that introducing a third language in Class 9 would increase the stress levels of students.,top court,observed,increased stress levels
8799c5cbaf3895ce_p007,8799c5cbaf3895ce,EVT_00685,the_times_of_india,Union of India,Education Policy,Negative,"""It would unnecessarily increase the stress level of students,"" the bench said.",bench,said,students' stress level increase unnecessarily
8799c5cbaf3895ce_p009,8799c5cbaf3895ce,EVT_00685,the_times_of_india,Justice Nagarath,Education Policy,Negative,I'm recalling my experience from 1976,,,
8799c5cbaf3895ce_p012,8799c5cbaf3895ce,EVT_00685,the_times_of_india,Tamil Nadu government,Law & Order,Negative,oppose the Centre's education policy merely because it originated from the Union government.,oppose,actioned,Centre's education policy
8799c5cbaf3895ce_p013,8799c5cbaf3895ce,EVT_00685,the_times_of_india,Central government,Law & Order,Negative,"""You may have your education system, but don't prevent the Central government schools. Don't have this attitude that it is the Union government, so why should we accept it,"" the bench observed.",bench,observed,attitude towards Central government schools
eaa114193f2aaa67_p001,eaa114193f2aaa67,EVT_00685,deccan_herald,Supreme Court,Development,Negative,"""Union of India please don't have a third language from Class 9 level. It would unnecessarily increase the stress level of students.""
",India,prohibited,additional language
eaa114193f2aaa67_p002,eaa114193f2aaa67,EVT_00685,deccan_herald,Justice Nagarathna,Protest,Negative,"""Class nine is full of stress, it starts from Class 8 onwards,"" Justice Nagarathna told the counsel",Nagarathna,told,counsel
eaa114193f2aaa67_p003,eaa114193f2aaa67,EVT_00685,deccan_herald,Tamil Nadu Government,Development,Negative,during the hearing of a plea filed by the Tamil Nadu government against a Madras High Court order directing the State to facilitate the establishment of Jawahar Navodaya Vidyalayas (JNVs) in every district.,Tamil Nadu government,filed,plea against order
eaa114193f2aaa67_p004,eaa114193f2aaa67,EVT_00685,deccan_herald,State,Policy,Negative,"The State has long opposed setting up JNVs, citing concerns over the three-language policy followed by the schools.",State,oppose,setting up JNVs
eaa114193f2aaa67_p004,eaa114193f2aaa67,EVT_00685,deccan_herald,CBSE,Policy,Negative,"While these observations came during a separate hearing, another SC bench is also hearing a batch of petitions challenging the CBSE's new three-language policy.",SC bench,hearing,CBSE's new three-language policy
eaa114193f2aaa67_p005,eaa114193f2aaa67,EVT_00685,deccan_herald,The petitions,Policy Implementation,Negative,"The petitions question the rollout of the policy for students from Classes 6 to 9, citing concerns over the availability of textbooks, trained teachers and the timing of its implementation.",The petitions,question,policy rollout
eaa114193f2aaa67_p005,eaa114193f2aaa67,EVT_00685,deccan_herald,Chief Justice of India Surya Kant,"Policy Implementation, Law & Order",Negative,"Earlier this week, a bench headed by Chief Justice of India Surya Kant declined to grant an interim stay on the policy",bench,declined,stay on the policy
eaa114193f2aaa67_p009,eaa114193f2aaa67,EVT_00685,deccan_herald,Current Education Policy or Government,Policy,Negative,"It exempted the current Class 10 batch from the new policy and gave one-time relaxations to students already studying in Classes 7, 8 and 9.",Current Education Policy,exempted,Class 10 batch
eaa114193f2aaa67_p010,eaa114193f2aaa67,EVT_00685,deccan_herald,Supreme Court,Development,Negative,"""Union of India please don't have a third language from Class 9 level. It would unnecessarily increase the stress level of students. """,India,prohibited,trilingual education
eaa114193f2aaa67_p013,eaa114193f2aaa67,EVT_00685,deccan_herald,State Government,Policy,Negative,"The State has long opposed setting up JNVs, citing concerns over the three-language policy followed by the schools.</p>",State,opposed,setting up JNVs
eaa114193f2aaa67_p014,eaa114193f2aaa67,EVT_00685,deccan_herald,The petitions,Policy Implementation and Approval,Negative,"The petitions question the rollout of the policy for students from Classes 6 to 9, citing concerns over the availability of textbooks, trained teachers and the timing of its implementation.",petitions,question,policy rollout
eaa114193f2aaa67_p017,eaa114193f2aaa67,EVT_00685,deccan_herald,CBSE (Central Board of Secondary Education),Policy,Negative,"Following criticism over the sudden rollout and lack of clarity, the CBSE issued fresh guidelines in June.",CBSE,issued,fresh guidelines
eaa114193f2aaa67_p018,eaa114193f2aaa67,EVT_00685,deccan_herald,Government/Policy,Development,Negative,"It exempted the current Class 10 batch from the new policy and gave one-time relaxations to students already studying in Classes 7, 8 and 9.",Government,exempted,Class 10 batch
83329ca2f9daec04_p001,83329ca2f9daec04,EVT_00632,deccan_herald,Trinamool Congress (TMC) and Mamata Banerjee,Election Strategy,Negative,"According to reports, she met Vice President and Rajya Sabha Chairman CP Radhakrishnan and has submitted her resignation.",TMC,met,Radhakrishnan and submitted resignation
83329ca2f9daec04_p001,83329ca2f9daec04,EVT_00632,deccan_herald,Mamata Banerjee's faction,Protest,Negative,"The development comes a day after senior TMC MLA and Mamata loyalist Madan Mitra joined the rebel camp led by Ritabrata Banerjee, dealing a significant blow to Banerjee's faction.",Mitra,joined,rebel camp
83329ca2f9daec04_p002,83329ca2f9daec04,EVT_00632,deccan_herald,BJP (Indian Nationalist Party),Intimidation and Coercion,Negative,"""She claimed that party legislators and workers were being threatened with arrest and pressured to either join the rebel camp or face imprisonment.""
",She,claimed,party legislators and workers
83329ca2f9daec04_p003,83329ca2f9daec04,EVT_00632,deccan_herald,Mamata Banerjee,"Law & Order, Policy",Negative,"""Every agency and every central force has been deployed against us,"" she alleged.",she,alleged,deployment against them
83329ca2f9daec04_p003,83329ca2f9daec04,EVT_00632,deccan_herald,Mamata Banerjee,"Protest, Corruption, Law & Order",Negative,"""Every agency and every central force has been deployed against us,"" she alleged.",she,alleged,Modi and agencies
83329ca2f9daec04_p003,83329ca2f9daec04,EVT_00632,deccan_herald,Abhishek Banerjee,"Protest, Corruption, Law & Order",Negative,Backing her nephew Abhishek Banerjee amid allegations by rebel leaders that his alleged high-handedness prompted their exit,rebel leaders,alleged,Banerjee's high-handedness
83329ca2f9daec04_p003,83329ca2f9daec04,EVT_00632,deccan_herald,Mamata Banerjee,"Law & Order, Policy",Negative,"""on behalf of the traitors"" and asserted that neither she nor her family had ever compromised for political survival.",Banerjee's supporters,asserted,compromised for political survival
83329ca2f9daec04_p004,83329ca2f9daec04,EVT_00632,deccan_herald,"<a href=""https://deccanherald.com/tags/tmc"">Trinamool Congress</a> (TMC)",Protest,Negative,"The development comes a day after senior TMC MLA and Mamata loyalist Madan Mitra joined the rebel camp led by <a href=""https://deccanherald.com/tags/ritabrata-banerjee"">Ritabrata Banerjee</a>, dealing a significant blow to Banerjee's faction.",TMC,join,rebel camp
83329ca2f9daec04_p004,83329ca2f9daec04,EVT_00632,deccan_herald,"<a href=""https://deccanherald.com/tags/tmc"">Trinamool Congress</a> (TMC) supremo Mamata Banerjee",Protest,Negative,"The development comes a day after senior TMC MLA and Mamata loyalist Madan Mitra joined the rebel camp led by <a href=""https://deccanherald.com/tags/ritabrata-banerjee"">Ritabrata Banerjee</a>, dealing a significant blow to Banerjee's faction.",TMC,join,rebel camp
83329ca2f9daec04_p005,83329ca2f9daec04,EVT_00632,deccan_herald,BJP,Corruption and Pressure Tactics,Negative,"Responding to the growing dissent, Mamata Banerjee alleged that the BJP was using the police and central investigative agencies to intimidate TMC MPs and MLAs",BJP,used,police and central investigative agencies
83329ca2f9daec04_p006,83329ca2f9daec04,EVT_00632,deccan_herald,Mamata Banerjee,"Law & Order, Protest, Election Strategy",Negative,"""Every agency and every central force has been deployed against us,"" she alleged.",she,alleged,Modi of deploying agencies
83329ca2f9daec04_p006,83329ca2f9daec04,EVT_00632,deccan_herald,Mamata Banerjee,"Protest, Policy",Negative,"""Backing her nephew Abhishek Banerjee amid allegations by rebel leaders that his alleged high-handedness prompted their exit, Mamata apologised to the people on behalf of the traitors and asserted that neither she nor her family had ever compromised for political survival.""",Mamata Banerjee,apologized,people on behalf of traitors
b16151d5f6d9f6c1_p002,b16151d5f6d9f6c1,EVT_00716,the_times_of_india,The Film Release,Development,Negative,development comes a day after the Shree Jagannath Temple Managing Committee (SJTMC) urged the makers to postpone the film's release,SJTMC,urged,release
b16151d5f6d9f6c1_p002,b16151d5f6d9f6c1,EVT_00716,the_times_of_india,Film Release Makers,Development,Negative,The development comes a day after the Shree Jagannath Temple Managing Committee (SJTMC) urged the makers to postpone the film's release,SJTMC,urged,Film Release Makers to postpone the film's release
b16151d5f6d9f6c1_p002,b16151d5f6d9f6c1,EVT_00716,the_times_of_india,Film Release,Corruption,Negative,alleging that it presents a fictional version of the deity's life that is inconsistent with Hindu scriptures,,,
b16151d5f6d9f6c1_p004,b16151d5f6d9f6c1,EVT_00716,the_times_of_india,Rath Yatra festival organizers,Protest,Negative,"The animated film was originally scheduled to release on July 10, just days before the annual Rath Yatra festival.",,,
b16151d5f6d9f6c1_p005,b16151d5f6d9f6c1,EVT_00716,the_times_of_india,Deb,Corruption,Negative,"""a completely fictitious story of Shree Jagannath Mahaprabhu"" and claimed that the narrative does not conform to the sacred texts associated with Lord Jagannath.",Deb,received,Negative sentiment score
b16151d5f6d9f6c1_p006,b16151d5f6d9f6c1,EVT_00716,the_times_of_india,Movie Industry,Misinformation,Negative,"The official trailer of this movie, which has been released and is in circulation on social media",released,released,movie trailer
b16151d5f6d9f6c1_p007,b16151d5f6d9f6c1,EVT_00716,the_times_of_india,Politician,Religion Violation or Conflict with Sacred Texts,Negative,"""The story is contrary to the sacred narrations in our scriptures, "" he said.",he,said,the story is contrary to the sacred narrations in our scriptures
b16151d5f6d9f6c1_p009,b16151d5f6d9f6c1,EVT_00716,the_times_of_india,Religion/Deity,Offense/Offensive Behavior,Negative,"a ""distorted and fictitious"" portrayal of the deity could deeply offend",portrayal,offend,deity
b16151d5f6d9f6c1_p010,b16151d5f6d9f6c1,EVT_00716,the_times_of_india,Ele Animations Pvt Ltd,Election Strategy,Negative,to postpone the release of this movie in theatres or social media platforms until the contents of the movie are authenticated by experts appointed by Shree Jagannatha Temple Administration (SJTA),Ele Animations Pvt Ltd,received,Negative sentiment score
fa5ff8ee3778644f_p001,fa5ff8ee3778644f,EVT_00716,the_hindu,Orissa High Court,Censorship & Restrictions,Negative,an Orissa High Court ban on the release of an animated film ‘Mahaprabhu Jagannath’,Orissa High Court,ban,Mahaprabhu Jagannath animated film
fa5ff8ee3778644f_p001,fa5ff8ee3778644f,EVT_00716,the_hindu,Orissa High Court,Violence & Intolerance,Negative,for not strictly adhering to the religious text of Skanda Purana.,Orissa High Court,received,Negative sentiment score
fa5ff8ee3778644f_p003,fa5ff8ee3778644f,EVT_00716,the_hindu,Film Makers,Protest,Negative,"The ban order was uploaded only at 9 p.m. on Wednesday (July 15, 2026), compelling the film makers to rush to the apex court for relief.",Congress,accused,Modi
fa5ff8ee3778644f_p004,fa5ff8ee3778644f,EVT_00716,the_hindu,High Court,Violence,Negative,"""The High Court has banned it across the country on the basis of a writ petition.""",High Court,banned,it across the country
fa5ff8ee3778644f_p007,fa5ff8ee3778644f,EVT_00716,the_hindu,Politicians/Proponents of Film Cancellation,Violence,Negative,The petition had sought the cancellation of the film’s certification and a ban on its public screening in the State.,Politicians,sought,film's cancellation
fa5ff8ee3778644f_p008,fa5ff8ee3778644f,EVT_00716,the_hindu,Local Politician John Smith,Corruption,Negative,"The report claims that Mr. Smith accepted bribes totaling $10,000 for speeding up a construction project.",report,claims,Smith accepted bribes
c7990234ac3a5b5b_p001,c7990234ac3a5b5b,EVT_00543,hindustan_times,Mamata Banerjee,Protest,Negative,people entering 'BJP's washing machine',people,entering,'BJP's washing machine'
c7990234ac3a5b5b_p002,c7990234ac3a5b5b,EVT_00543,hindustan_times,Mamata Banerjee,Violence,Negative,traitors and alleged that they were using Abhishek as an excuse.,Congress,alleged,Mamata Banerjee of Violence
c7990234ac3a5b5b_p003,c7990234ac3a5b5b,EVT_00543,hindustan_times,Madan Mitra,Corruption,Negative,Enforcement Directorate (ED) sent summons to his wife and two sons.,ED,sent,summons to Mitra family
c7990234ac3a5b5b_p005,c7990234ac3a5b5b,EVT_00543,hindustan_times,Mamata Banerjee (TMC),Protest,Negative,"Also Read | Mamata loyalist MLA Madan Mitra joins TMC rebel camp, says no link to ED summons",Mitra,joined,TMC rebel camp
c7990234ac3a5b5b_p007,c7990234ac3a5b5b,EVT_00543,hindustan_times,Mitra,Corruption,Negative,arrested again by CBI in May 2021 in the Narada sting case,CBI,arrested,Mitra
c7990234ac3a5b5b_p007,c7990234ac3a5b5b,EVT_00543,hindustan_times,Mitra's Family,Corruption,Negative,ED sent summons to his wife and two sons for questioning regarding alleged corruption in recruitment by the Kamarhati municipality,ED,sent summons to,Mitra's Family
c7990234ac3a5b5b_p009,c7990234ac3a5b5b,EVT_00543,hindustan_times,Family-controlled politics,Corruption,Negative,‘Fight family-controlled politics’,suggests,against,family-controlled politics
c7990234ac3a5b5b_p010,c7990234ac3a5b5b,EVT_00543,hindustan_times,Mitria Mitra,Rebellion Against Family Politics,Positive,Ritabrata Banerjee said the collective effort of the rebel group to fight family-controlled politics in a party got strengthened with Mitra’s joining.,rebel group,strengthened,Mitra’s joining
c7990234ac3a5b5b_p011,c7990234ac3a5b5b,EVT_00543,hindustan_times,Mitras (implied as referring to the political family),Corruption,Negative,"""Ours is a collective fight against family-controlled politics.""
",Ours,is a fight against,family-controlled politics
c7990234ac3a5b5b_p012,c7990234ac3a5b5b,EVT_00543,hindustan_times,Abhishek Banerjee,Election Strategy,Negative,"Mitra blamed TMC national general secretary Abhishek Banerjee for the current state of the party, which suffered a drubbing in the assembly elections.",Mitra,blamed,Abhishek Banerjee for the party's state
c7990234ac3a5b5b_p013,c7990234ac3a5b5b,EVT_00543,hindustan_times,Mitra,Corruption,Negative,"""It is indeed sad that when history will be written it will say that a party got ruined because of just one person,"" Mitra said.",Mitra,said,sad statement about party ruin due to one person
c7990234ac3a5b5b_p014,c7990234ac3a5b5b,EVT_00543,hindustan_times,Abhishek,Leadership and Control,Negative,"""He does not listen to anyone. Millions of our workers are helpless today. We have to take care of them. If the party is not taken care of right now then we can never defeat the Bharatiya Janata Party. Abhishek can never defeat the BJP,"" Mitra said.",Mitra,said,Abhishek about BJP
c7990234ac3a5b5b_p015,c7990234ac3a5b5b,EVT_00543,hindustan_times,Anubrata Mondal,Corruption,Negative,"Birbhum district leader Anubrata Mondal, who joined the rebel group last week after being summoned by state police in an old extortion case",state police,summoned,Anubrata Mondal
c7990234ac3a5b5b_p016,c7990234ac3a5b5b,EVT_00543,hindustan_times,Abhishek,Protest,Negative,"""I went to jail because of Abhishek... Mamata is ruined because of him. Nobody will stay.""",Mamata,ruined,Abhishek
c7990234ac3a5b5b_p017,c7990234ac3a5b5b,EVT_00543,hindustan_times,Mamata Banerjee,Violence,Negative,described the rebels as traitors and alleged that they were using Abhishek as an excuse to get protection from various investigations.,described,call,rebels as traitors
c7990234ac3a5b5b_p018,c7990234ac3a5b5b,EVT_00543,hindustan_times,BJP,Protection,Negative,All these people are entering the BJP’s washing machine to get protection,All these people,enter,BJP’s washing machine
c7990234ac3a5b5b_p019,c7990234ac3a5b5b,EVT_00543,hindustan_times,Bengal BJP's chief spokesperson Debjit Sarkar,Election Strategy,Negative,"""How can the BJP know where Madan Mitra will go?""",Congress,accused,Modi of bulldozing
c7990234ac3a5b5b_p020,c7990234ac3a5b5b,EVT_00543,hindustan_times,Tanmay Chatterjee,Expertise Development,Positive,"TANMAY CHATTERJEE has spent more than three decades covering regional and national politics, internal security, intelligence, defence and corruption.",TANMAY CHATTERJEE,cover,"regional and national politics, internal security, intelligence, defence and corruption"
20f3f474da530224_p001,20f3f474da530224,EVT_00493,the_hindu,Sonam Wangchuk and Cockroach Janata Party (CJP),Protest,Positive,"""organic"", his wife Gitanjali J. Angmo said.",Gitanjali J. Angmo,said,"""organic"""
20f3f474da530224_p003,20f3f474da530224,EVT_00493,the_hindu,Dharmendra Pradhan,Protest,Negative,protest at Jantar Mantar against irregularities in the NEET examination and to seek the resignation of Union Education Minister Dharmendra Pradhan,protests,against,Dharmendra Pradhan's role
20f3f474da530224_p004,20f3f474da530224,EVT_00493,the_hindu,The Politician,Development,Positive,He wants to hand-hold them and wants every well-meaning person to join the movement,Politician,wants,join movement
20f3f474da530224_p005,20f3f474da530224,EVT_00493,the_hindu,Sonam Wangchuk,Healthcare & Policy,Negative,Delhi HC directs daily medical monitoring of Sonam Wangchuk,Delhi HC,directs,daily medical monitoring of Sonam Wangchuk
20f3f474da530224_p006,20f3f474da530224,EVT_00493,the_hindu,Mr. Wangchuk,Protest,Negative,"he attended a meeting at the Union Home Ministry to give shape to the demands, for which he spent 170 days in jail.",Mr. Wangchuk,attended,meeting at Union Home Ministry
20f3f474da530224_p007,20f3f474da530224,EVT_00493,the_hindu,Mr. Wangchuk,"Violence, Law & Order",Negative,"He was detained under the Act, through which an individual can be held for a year without trial, following the violence in Leh city on September 24, 2025, which left four people dead.",Act,hold,individual for a year without trial
20f3f474da530224_p007,20f3f474da530224,EVT_00493,the_hindu,Police,"Violence, Law & Order",Negative,"He was detained under the Act, through which an individual can be held for a year without trial, following the violence in Leh city on September 24, 2025, which left four people dead.",Police,detained,individual
20f3f474da530224_p008,20f3f474da530224,EVT_00493,the_hindu,Mr. Wangchuk,Violence,Negative,"""Whenever someone raises their voice, raids by government agencies follow. He wants to be the third voice. This is a genuine issue, resignation (of the Minister) is the first step to accountability. Students committed suicides following the paper leak,"" she said.",Students,committed,suicides
20f3f474da530224_p009,20f3f474da530224,EVT_00493,the_hindu,Ladakh administration,Corruption,Negative,"canceled the land allotted to the Himalayan Institute of Alternative Learning, founded by Ms. Angmo and Mr. Wangchuk in 2018",Ladakh administration,canceled,land
20f3f474da530224_p009,20f3f474da530224,EVT_00493,the_hindu,Ministry,Corruption,Negative,"cancelled the FCRA registration of Students Educational and Cultural Movement of Ladakh, a school which he had founded in 1988 for students who failed the board examinations",Ministry,cancelled,FCRA registration
20f3f474da530224_p010,20f3f474da530224,EVT_00493,the_hindu,Mr. Wangchuk,Protest,Negative,"""He is surviving on salt and water, even though he has completed 17 days of hunger strike here, it feels like 34 days of hunger strike in Ladakh. He never lost muscle mass there, the weather is punishing in Delhi,"" she said.",she,said,Mr. Wangchuk's condition
20f3f474da530224_p011,20f3f474da530224,EVT_00493,the_hindu,Mr. Wangchuk,Health Crisis,Negative,his total weight loss since the beginning of the fast to 8.9 kg.,Weight loss,resulted from,fast
20f3f474da530224_p012,20f3f474da530224,EVT_00493,the_hindu,Mr. Wangchuk,Development,Positive,"Winner of the Ramon Magsaysay Award in 2018, Mr. Wangchuk was instrumental in the launch of Operation New Hope",Mr. Wangchuk,instrumental in,Operation New Hope
20f3f474da530224_p012,20f3f474da530224,EVT_00493,the_hindu,Mr. Wangchuk,Development,Positive,"Mr. Wangchuk was instrumental in the launch of Operation New Hope, a triangular collaboration of the government, village communities and civil society to bring reforms in the government school system",Mr. Wangchuk,instrumental in,Operation New Hope
20f3f474da530224_p013,20f3f474da530224,EVT_00493,the_hindu,Uncle (Religious Educator),Education Strategy,Positive,"“My uncle read the Quran and made me read Buddhist scriptures,” he had said in an interview.",uncle,read,Quran and Buddhist scriptures
20f3f474da530224_p014,20f3f474da530224,EVT_00493,the_hindu,Presidential Candidate X,Development,Positive,"""Our candidate is committed to investing in infrastructure and improving the quality of life for all citizens.""",candidate,investing,infrastructure and quality of life
2c66fabec125519c_p005,2c66fabec125519c,EVT_00624,india_today,Government,Policy,Positive,"""All states and Union territories shall, within a period of three months from the date of this judgment, formulate and notify a comprehensive policy for early or premature release of prisoners who are of advanced age and/or are terminally ill.""",Government,issued,policy for prisoners
2c66fabec125519c_p011,2c66fabec125519c,EVT_00624,india_today,Prison Authorities,Law & Order,Negative,prison authorities often struggle to provide,often struggle,provide,prison authorities
2c66fabec125519c_p012,2c66fabec125519c,EVT_00624,india_today,India,Law & Order,Negative,"Citing official data, NALSA submitted that India's prison occupancy rate stood at 131 per cent as of December 31, 2022, placing immense pressure on prison infrastructure and adversely affecting healthcare services and dignified living conditions for inmates.",NALSA,submitted,India's prison occupancy rate data
2c66fabec125519c_p013,2c66fabec125519c,EVT_00624,india_today,Supreme Court,Policy,Positive,"With the ruling, the Supreme Court has now made it mandatory for all states and Union territories to establish a uniform policy for considering the early or compassionate release of elderly and terminally ill prisoners.",Court,make,policy mandatory
be90155bbfe05fb2_p003,be90155bbfe05fb2,EVT_00624,hindustan_times,The Supreme Court,Law & Order,Positive,"The Supreme Court directed all states and Union territories to formulate and notify, within three months, a uniform policy for the early release of prisoners who are terminally ill or of advanced age, saying such inmates deserve a humane and time-bound mechanism",Supreme Court,directed,states and Union territories
be90155bbfe05fb2_p006,be90155bbfe05fb2,EVT_00624,hindustan_times,Government,Policy Development,Positive,formulate and notify policy for early release of advanced age and terminally ill prisoners.,Government,formulate,policy
be90155bbfe05fb2_p007,be90155bbfe05fb2,EVT_00624,hindustan_times,India's first night safari project,Development,Positive,Also Read: SC clears India’s first night safari project at Lucknow’s Kukrail forest,SC,clears,India's first night safari project
be90155bbfe05fb2_p008,be90155bbfe05fb2,EVT_00624,hindustan_times,Medical Boards,Policy,Positive,The policy will mandate medical boards for certification of terminal illness and lay down timelines and procedure,policy,mandate,medical boards for certification of terminal illness and lay down timelines and procedure
be90155bbfe05fb2_p013,be90155bbfe05fb2,EVT_00624,hindustan_times,India's prisons,Law & Order,Negative,"It pointed out that India’s prisons had an occupancy rate of 131% as of December 31, 2022,",India's prisons,had,high occupancy rate
be90155bbfe05fb2_p014,be90155bbfe05fb2,EVT_00624,hindustan_times,NALSA (National Legal Services Authority),Development,Positive,"It had also highlighted individual cases where legal services authorities approached constitutional courts to secure relief for aged and terminally ill prisoners, including a 93-year-old woman convict in Karnataka and a terminally ill undertrial before the Calcutta High Court.",legal services authorities,approached,constitutional courts
be90155bbfe05fb2_p016,be90155bbfe05fb2,EVT_00624,hindustan_times,The Apex Court,Law & Order,Positive,"With Thursday’s judgment, the apex court has now required every state and Union territory to institutionalise such a framework within a fixed timeframe, while also putting in place a digital monitoring mechanism",apex court,required,states and Union territories to institutionalise a framework
2e2aed794a5e0b26_p001,2e2aed794a5e0b26,EVT_00561,india_today,Government,Policy,Negative,Avoid deploying Indian seafarers in Hormuz: Government's big advisory to shipowners,Government,advised,shipowners
f25963af15ffb12e_p001,f25963af15ffb12e,EVT_00504,the_hindu,Sonam Wangchuk,Healthcare & Medical Care,Positive,"The Delhi High Court on Wednesday (July 16, 2026) directed the Centre and the Delhi government to ensure that climate activist Sonam Wangchuk’s medical condition is ‘clinically and otherwise’ monitored",Delhi High Court,directed,Centre and Delhi government
f25963af15ffb12e_p006,f25963af15ffb12e,EVT_00504,the_hindu,Court,Healthcare & Policy,Negative,The court observed that it wanted the activist to be ‘regularly medically checked up by government doctors’ and directed that the authorities intervene whenever doctors considered medical treatment necessary.,court,directed,authorities to intervene
f25963af15ffb12e_p009,f25963af15ffb12e,EVT_00504,the_hindu,Mr. Wangchuk,Health Crisis & Protection,Negative,health had deteriorated after several days of fasting,deteriorated,had,health after fasting
f25963af15ffb12e_p010,f25963af15ffb12e,EVT_00504,the_hindu,Mr. Saini,Protest,Negative,"relied on a The Hindu report published on July 14, titled “Fasting Student Hospitalized, Wangchuk loses 8.25 kg as strike continues,” to argue that Mr. Wangchuk required urgent medical assistance.",The Hindu report,relied on,Mr. Wangchuk's situation
f25963af15ffb12e_p011,f25963af15ffb12e,EVT_00504,the_hindu,Mr. Wangchuk,Protest,Negative,"Mr. Wangchuk has been on an indefinite hunger strike at Jantar Mantar since June 28, demanding action",Mr. Wangchuk,hunger strike,Jantar Mantar
f25963af15ffb12e_p011,f25963af15ffb12e,EVT_00504,the_hindu,Dharmendra Pradhan,Election Strategy,Negative,demanding resignation of Union Education Minister Dharmendra Pradhan.,Congress,demanding,resignation
f25963af15ffb12e_p012,f25963af15ffb12e,EVT_00504,the_hindu,government,Violence,Negative,"contending that failure to intervene could amount to “abetment of suicide” under Section 108 of the Bharatiya Nyaya Sanhita, 2023.",government,charged,failure to intervene
f25963af15ffb12e_p013,f25963af15ffb12e,EVT_00504,the_hindu,authorities,Health & Safety,Negative,"""even if forcibly to ensure his good health and to save his life.""",forced,ensure,health and life
f25963af15ffb12e_p015,f25963af15ffb12e,EVT_00504,the_hindu,John Doe,Corruption,Negative,The report revealed that John Doe had been embezzling funds from the city's infrastructure projects for years.,revealed,showed,corruption in John Doe's embezzlement
07d1d21263781821_p002,07d1d21263781821,EVT_00599,hindustan_times,Odisha Government,Protest,Positive,"Despite over 200 mm of rain, millions of devotees gathered in Puri as Odisha deployed 12,000 security personnel for Lord Jagannath’s annual Rath Yatra.",Odisha Govt,deployed,security personnel
07d1d21263781821_p005,07d1d21263781821,EVT_00599,hindustan_times,Security Forces,Law & Order,Positive,"Around 12,000 security personnel were deployed.",Deployed,deploy,Security Personnel
07d1d21263781821_p005,07d1d21263781821,EVT_00599,hindustan_times,Technological Surveillance Systems,Development,Positive,473 AI-enabled CCTV cameras linked to drone-jamming systems monitored the festival,CCTV cameras,monitored,festival
07d1d21263781821_p006,07d1d21263781821,EVT_00599,hindustan_times,East Coast Railway,Development,Positive,"The East Coast Railway operated special trains connecting Puri with key destinations across Odisha, West Bengal, Andhra Pradesh, Chhattisgarh and Maharashtra to handle the surge in pilgrim traffic.",East Coast Railway,operated,special trains
07d1d21263781821_p006,07d1d21263781821,EVT_00599,hindustan_times,East Coast Railway,Development,Positive,"At Puri railway station, authorities created waiting facilities for about 30,000 passengers.",Created,action,waiting facilities
07d1d21263781821_p006,07d1d21263781821,EVT_00599,hindustan_times,East Coast Railway,Development,Positive,68 bathing units were installed at the Puri railway station.,East Coast Railway,installed,bathing units at Puri railway station
07d1d21263781821_p006,07d1d21263781821,EVT_00599,hindustan_times,East Coast Railway,Development,Positive,10 chilled water booths were provided in the waiting area of the Puri railway station.,East Coast Railway,provided,chilled water booths
07d1d21263781821_p008,07d1d21263781821,EVT_00599,hindustan_times,State Administration,Development,Positive,"created 36 parking zones across Puri, deployed more than 500 lifeguards and fire service personnel along the beach, and kept 268 additional hospital beds ready.",State Administration,deployed,parking zones and lifeguards
07d1d21263781821_p008,07d1d21263781821,EVT_00599,hindustan_times,State Administration,Development,Positive,kept 268 additional hospital beds ready.,Congress,kept,hospital beds ready
07d1d21263781821_p009,07d1d21263781821,EVT_00599,hindustan_times,President Droupadi Murmu,Spiritual & Cultural Heritage,Positive,Rath Yatra was a rare celebration symbolising the union of the deity with devotees and prayed for the nation’s peace and prosperity.,Rath Yatra,symbolised,union of deity with devotees
07d1d21263781821_p009,07d1d21263781821,EVT_00599,hindustan_times,Prime Minister Narendra Modi,Spiritual & Cultural Heritage,Positive,"the festival reflected India’s enduring spiritual and cultural heritage, embodying humility, collective participation and selfless service.",festival,reflect,spiritual and cultural heritage
07d1d21263781821_p010,07d1d21263781821,EVT_00599,hindustan_times,Lord Jagannath and Balaram Das,Culture,Positive,"the installation, created with students of the Sudarsan Sand Art Institute",Sudarsan Sand Art Institute,created,installation
07d1d21263781821_p013,07d1d21263781821,EVT_00599,hindustan_times,Bharatiya Janata Party (BJP),Development,Positive,"His reporting combines on-ground detail with deep institutional knowledge detailing the state's changing politics, governance issues, administrative reforms and the functioning of its public institutions.",reporting,detail,"changing politics, governance issues, administrative reforms and the functioning of its public institutions"
07d1d21263781821_p013,07d1d21263781821,EVT_00599,hindustan_times,Biju Janata Dal (BJD),Development,Positive,"His reporting combines on-ground detail with deep institutional knowledge detailing the state's changing politics, governance issues, administrative reforms and the functioning of its public institutions.",reporting,includes,"politics, governance issues, reforms and institutions"
07d1d21263781821_p014,07d1d21263781821,EVT_00599,hindustan_times,Mohanty,Development,Positive,"His coverage extends to public health, governance reforms and stories on accountability of government institutions.",He,covers,"public health, governance reforms and accountability stories"
07d1d21263781821_p015,07d1d21263781821,EVT_00599,hindustan_times,Mohanty,Development,Positive,"In 2007, he was selected for the prestigious Chevening Young Indian Print Journalist Programme at the University of Lincoln, United Kingdom, where he received advanced training in print journalism.",Selected,for,Chevening Young Indian Print Journalist Programme
07d1d21263781821_p015,07d1d21263781821,EVT_00599,hindustan_times,Mohanty,Development,Positive,In 2009 he won the Press Institute of India-International Committee of Red Cross award on conflict reporting for his on-ground reportage of 2008 Kandhamal riots.,he,won,award on conflict reporting
549deae06a43349d_p001,549deae06a43349d,EVT_00599,india_today,Jagannath Rath Yatra,Protest,Positive,Rain fails to dampen fervour,Rain,fails,fervour
549deae06a43349d_p010,549deae06a43349d,EVT_00599,india_today,Odhisa Government and Security Forces,Law & Order,Positive,"A multi-layered security cover has been thrown around the coastal town, with nearly 13,000 personnel",,provided,security cover for Odisha Government and Security Forces
549deae06a43349d_p011,549deae06a43349d,EVT_00599,india_today,Authorities,Law & Order,Positive,"Authorities said surveillance, traffic regulation, emergency response and crowd control have been significantly strengthened",Authorities,strengthened,"surveillance, traffic regulation, emergency response and crowd control"
549deae06a43349d_p012,549deae06a43349d,EVT_00599,india_today,Officials,Law & Order,Positive,a comprehensive crowd-management strategy has been put in place this year to prevent a repeat of the tragedy,Officials,implemented,strategy
549deae06a43349d_p013,549deae06a43349d,EVT_00599,india_today,Administration,Law & Order,Positive,"To ensure the procession remains uninterrupted, the administration deployed pumps and drainage systems to prevent waterlogging",administration,deployed,pumps and drainage systems
0b6c07f816613b3f_p001,0b6c07f816613b3f,EVT_00601,hindustan_times,Kanwariya,Violence,Negative,Kanwariyas vandalise pickup truck after vehicle allegedly brushed against Kanwar in UP's Muzaffarnagar,Kanwariya,vandalise,pickup truck
0b6c07f816613b3f_p003,0b6c07f816613b3f,EVT_00601,hindustan_times,Kanwariyas (police may refer to these as protesters or religious groups),Violence,Negative,A group of kanwariyas allegedly vandalised a pickup vehicle,kanwariyas,vandalised,pickup vehicle
0b6c07f816613b3f_p005,0b6c07f816613b3f,EVT_00601,hindustan_times,Delhi's Shahdara,Protest,Negative,‘Spent last three days without any sleep’: Delhi’s Shahdara worst affected by Kanwar ‘music’,Spent,without,sleep
0b6c07f816613b3f_p006,0b6c07f816613b3f,EVT_00601,hindustan_times,Kanwar,Violence,Negative,Vehicle brushed against Kanwars,Vehicle,brushed against,Kanwar
0b6c07f816613b3f_p007,0b6c07f816613b3f,EVT_00601,hindustan_times,pilgrims,Protest,Negative,who allegedly vandalised the vehicle,Who,vandalised,vehicle
0b6c07f816613b3f_p009,0b6c07f816613b3f,EVT_00601,hindustan_times,kanwariyas,Violence,Negative,police seized the pickup vehicle and launched an investigation into the incident.,police,seized,pickup vehicle
0b6c07f816613b3f_p010,0b6c07f816613b3f,EVT_00601,hindustan_times,UP DGP,Development,Positive,"Also Read | UP DGP sets ‘Zero Incident, Zero Accident’ target for Kanwar Yatra",UP DGP,sets,target for Kanwar Yatra
0b6c07f816613b3f_p017,0b6c07f816613b3f,EVT_00601,hindustan_times,Uttarakhand Police,Law & Order,Positive,"Ensuring the safety of pilgrims, smooth movement, effective traffic management, and maintaining law and order are the top priorities",Ensuring,priority,"safety, movement, management, law and order"
0b6c07f816613b3f_p018,0b6c07f816613b3f,EVT_00601,hindustan_times,Government/Leadership,Development,Positive,He directed all officers to complete preparations well in advance and coordinate closely with the concerned departments and neighbouring states.,Government,directed,officers to prepare
f6ed81863d8ea75e_p002,f6ed81863d8ea75e,EVT_00601,the_hindu,police,Law & Order,Negative,launched an investigation into the incident,police,launched investigation into,incident
f6ed81863d8ea75e_p004,f6ed81863d8ea75e,EVT_00601,the_hindu,Manvendra Singh Bhati,Violence,Negative,"According to Station House Officer (SHO) Manvendra Singh Bhati, the pickup vehicle allegedly brushed against one of the 'kanwars', triggering anger among the pilgrims who allegedly vandalised the vehicle.",SHO Manvendra Singh Bhati,reported,incident involving pilgrims and vehicle
f6ed81863d8ea75e_p008,f6ed81863d8ea75e,EVT_00601,the_hindu,President John Doe,Violence,Negative,"The President called for calm, urging citizens to maintain peace and order during the protests.",President,called for,calm and peace
4f8aeedcb1a988bb_p002,4f8aeedcb1a988bb,EVT_00561,hindustan_times,Indian nationals (specific individuals - Rohan Kumar and Herambh Karmarkar),Violence,Negative,"Two Indian nationals, 31-year-old Rohan Kumar from Bihar's Gopalganj and 30-year-old Herambh Karmarkar from Pune, have been killed in separate attacks on ships.",,,
4f8aeedcb1a988bb_p006,4f8aeedcb1a988bb,EVT_00561,hindustan_times,DGMA (Designated Government Management Agency),Law & Order,Negative,"In its order dated Wednesday (July 15, 2026), the DGMA instructed shipowners, ship managers and recruitment companies not to deploy Indian seafarers on vessels travelling through the Strait of Hormuz until further orders.",DGMA,instructed,"shipowners, ship managers and recruitment companies"
4f8aeedcb1a988bb_p007,4f8aeedcb1a988bb,EVT_00561,hindustan_times,Indian Seafarers,Election Strategy,Negative,"Companies are directed to avoid deploying Indian seafarers on vessels undertaking voyages involving passage through the Strait of Hormuz until further orders,",Companies,directed,Indian seafarers
4f8aeedcb1a988bb_p008,4f8aeedcb1a988bb,EVT_00561,hindustan_times,shipping regulator,Security and Conflict,Negative,The shipping regulator said recent attacks on commercial vessels had 'significantly' increased the risks for seafarers operating in the conflict-hit region.,regulator,said,risks for seafarers
4f8aeedcb1a988bb_p012,4f8aeedcb1a988bb,EVT_00561,hindustan_times,Indian Government,Violence,Negative,Recent attacks,Recent attacks,occurred,Indian Government
4f8aeedcb1a988bb_p013,4f8aeedcb1a988bb,EVT_00561,hindustan_times,Rohan Kumar and Herambh Karmarkar,Violence,Negative,"Two Indian nationals, 31-year-old Rohan Kumar from Bihar's Gopalganj district and 30-year-old Herambh Karmarkar from Pune, have been killed in separate attacks on ships passing through the Strait of Hormuz",killed,attack,ships
4f8aeedcb1a988bb_p014,4f8aeedcb1a988bb,EVT_00561,hindustan_times,Saudi Arabia,Violence,Negative,"missile attacks on two Emirati oil tankers, MT Mombasa and MT Al Bahiyah",missile attacks,on,oil tankers
4f8aeedcb1a988bb_p014,4f8aeedcb1a988bb,EVT_00561,hindustan_times,Iran,Violence,Negative,"missile attacks on two Emirati oil tankers, MT Mombasa and MT Al Bahiyah",missile attacks,on,oil tankers
4f8aeedcb1a988bb_p018,4f8aeedcb1a988bb,EVT_00561,hindustan_times,Anand Prakash,Protest,Negative,lodged a strong protest,Anand Prakash,lodged,protest
c006900beedd2e7c_p004,c006900beedd2e7c,EVT_00628,the_times_of_india,Government,Protest,Negative,"""The only message the government will receive is that there is no need for accountability. People sit on a protest, and then they simply leave,"" he added.",Government,receive,negative sentiment
c006900beedd2e7c_p005,c006900beedd2e7c,EVT_00628,the_times_of_india,Wangchuk,Health Crisis,Negative,"Despite his deteriorating health, Wangchuk asserted that he can continue his hunger strike for 'several more days'",Health Crisis,asserted,Wangchuk's continued hunger strike
c006900beedd2e7c_p008,c006900beedd2e7c,EVT_00628,the_times_of_india,Wangchuk,Health & Wellbeing,Negative,"has been losing muscle mass and is in ""immense pain"", adding that the activist has lost 8.5 kg since the beginning of his fast.",losing,experience,pain and muscle mass loss
c006900beedd2e7c_p010,c006900beedd2e7c,EVT_00628,the_times_of_india,Wangchuk,"Healthcare Access & Quality, Violence",Negative,Delhi High Court seeking to force-feed Wangchuk and shift him to a government hospital.,Delhi High Court,seeking,Wangchuk
c006900beedd2e7c_p011,c006900beedd2e7c,EVT_00628,the_times_of_india,Wangchuk,Health Crisis & Advocacy,Negative,"According to the petition, Wangchuk's condition has worsened significantly, and he could lose his life within two days if the hunger strike continues.",petition,state,Wangchuk's condition worsening
c006900beedd2e7c_p012,c006900beedd2e7c,EVT_00628,the_times_of_india,Wangchuk,Protest,Negative,"Earlier, several Opposition leaders appealed to Wangchuk to end his indefinite hunger strike",Opposition leaders,appealed,Wangchuk
c006900beedd2e7c_p013,c006900beedd2e7c,EVT_00628,the_times_of_india,Dharmendra Pradhen,Protest,Negative,The organisation has announced a march to Parliament on July 20.,Organisation,announced,march to Parliament
5823ccff0b5991f8_p003,5823ccff0b5991f8,EVT_00652,hindustan_times,Sonam Wangchuk,Protest,Positive,indefinite hunger strike,indefinite hunger strike,performed by,Sonam Wangchuk
5823ccff0b5991f8_p005,5823ccff0b5991f8,EVT_00652,hindustan_times,Wangchuk,Health Concerns,Negative,a public interest litigation expressing concern over Wangchuk's deteriorating health,litigation,expressed,concern over health
5823ccff0b5991f8_p006,5823ccff0b5991f8,EVT_00652,hindustan_times,Healthcare System,Violence,Negative,"ensure he receives appropriate medical treatment and provide him with nutritional support through force-feeding, if necessary.",Force-feeding,provide,Nutritional support
5823ccff0b5991f8_p008,5823ccff0b5991f8,EVT_00652,hindustan_times,Cockroach Janata Party,Solidarity,Positive,The Cockroach Janata Party (CJP) has called for a one-day mass hunger strike on today in solidarity with Wangchuk and students across the country.,CJP,called for,hunger strike
5823ccff0b5991f8_p010,5823ccff0b5991f8,EVT_00652,hindustan_times,Wangchuk,Protest,Negative,"Wangchuk, who has been on an indefinite hunger strike, said on Wednesday that he would not end his fast as doing so would send a message that the protests were not serious.",Wangchuk,fasted,protests
5823ccff0b5991f8_p012,5823ccff0b5991f8,EVT_00652,hindustan_times,politician (appealing),Protest,Positive,He appealed to supporters and well-wishers,He,appealed,supporters and well-wishers
5823ccff0b5991f8_p013,5823ccff0b5991f8,EVT_00652,hindustan_times,Wangchuk,Health Crisis,Negative,CJP founder Abhijeet Dipke said Wangchuk's condition had worsened significantly during the fast.,Abhijeet Dipke,said,Wangchuk's condition worsened
5823ccff0b5991f8_p014,5823ccff0b5991f8,EVT_00652,hindustan_times,Wangchuk,Health Crisis & Hunger Strike,Negative,"leaders across political parties, including Trinamool Congress chief Mamata Banerjee, Samajwadi Party president Akhilesh Yadav, Shiv Sena (UBT) chief Uddhav Thackeray and AAP national convenor Arvind Kejriwal appealed to Wangchuk",leaders,appealed,Wangchuk
5823ccff0b5991f8_p015,5823ccff0b5991f8,EVT_00652,hindustan_times,CJP (likely referring to the CJP group or a similar organization),Protest,Positive,claiming support for its agitation was growing across political parties,CJP,support,agitation
5823ccff0b5991f8_p016,5823ccff0b5991f8,EVT_00652,hindustan_times,Indian Government,Law & Order,Negative,"""sit back and watch one of its greatest minds be sacrificed""",be sacrificed,sacrifice,Indian Government
b1bed819191590ce_p002,b1bed819191590ce,EVT_00652,india_today,Sonam Wangchuk,Election Strategy,Positive,"adding that the march will be a ""real lesson in political science and democracy"".",Congress,declared,march a political lesson
b1bed819191590ce_p003,b1bed819191590ce,EVT_00652,india_today,Sonam Wangchuk,Protest,Negative,"Activist Sonam Wangchuk, in a late-night video message on Wednesday, refused to end his indefinite hunger strike",Sonam Wangchuk,refused,end hunger strike
b1bed819191590ce_p004,b1bed819191590ce,EVT_00652,india_today,Wangchuk,Protest,Negative,the message to the government will be that there is no need for accountability,Government,message to,Congress for no accountability
b1bed819191590ce_p004,b1bed819191590ce,EVT_00652,india_today,Wangchuk,Protest,Negative,Protesters sit and leave...,Protesters,sit and leave,Wangchuk
b1bed819191590ce_p005,b1bed819191590ce,EVT_00652,india_today,Cockroach Janta Party,Education,Positive,"""a 'real lesson in political science and democracy' for students""",Students,learned,about political science and democracy
b1bed819191590ce_p006,b1bed819191590ce,EVT_00652,india_today,Wangchuk (presumably a politician or leader),Protest,Negative,"In the video, shared on the 18th day of his hunger strike, Wangchuk said he had received thousands of requests from supporters to end his fast",Wangchuk,said,supporters
b1bed819191590ce_p007,b1bed819191590ce,EVT_00652,india_today,senior politicians,Law & Order,Negative,"Many senior politicians have come to me and spoken to me with love and concern. Some have even approached the court seeking directions to make me eat,",senior politicians,approached,court seeking directions
b1bed819191590ce_p008,b1bed819191590ce,EVT_00652,india_today,Sonam Wangchuk,Protest,Negative,closely observing Sonam Wangchuk's hunger strike,observing,closely,Sonam Wangchuk's hunger strike
b1bed819191590ce_p012,b1bed819191590ce,EVT_00652,india_today,Wangchuk,Education Strategy,Positive,"Furthermore, Wangchuk also appealed to schools, colleges and universities to mark July 20 as a day of 'experiential education' under the National Education Policy by joining the march",Wangchuk,appealed,"schools, colleges and universities"
b1bed819191590ce_p013,b1bed819191590ce,EVT_00652,india_today,Wangchuk,Protest,Positive,"Come in thousands on July 20. Together, we will hand over this issue to Parliament.",Come,join,protesters on July 20
b1bed819191590ce_p014,b1bed819191590ce,EVT_00652,india_today,Cockroach Janta Party (CJP),Protest,Negative,"protesting at Jantar Mantar, demanding the resignation of Union Education Minister Dharmendra Pradhan over irregularities in the NEET examination.",protesting,at,Jantar Mantar
b1bed819191590ce_p014,b1bed819191590ce,EVT_00652,india_today,Cockroach Janta Party (CJP),Election Strategy,Negative,"announced the ""Chalo Sansad"" march on July 20, coinciding with the first day of the Monsoon Session of Parliament.",CJP,announced,march
307b8f472dea0154_p001,307b8f472dea0154,EVT_00628,india_today,Sonam Wangchuk,Protest,Negative,I'm not in good shape: Sonam Wangchuk enters Day 19 of indefinite hunger strike,entering,indicates,negative sentiment
307b8f472dea0154_p002,307b8f472dea0154,EVT_00628,india_today,Sonam Wangchuk,Health Crisis/Protestor Condition,Negative,"the 59-year-old activist's weight has dropped to 56.65 kg, down 500 grams in the last 24 hours and over 9 kg since the start of his hunger strike.",dropped,to,56.65 kg
307b8f472dea0154_p004,307b8f472dea0154,EVT_00628,india_today,Sonam Wangchuk,Protest,Negative,"That's what a frail-looking Sonam Wangchuk, who entered the 19th day of his indefinite hunger strike at Jantar Mantar on Thursday, demanding Union Education Minister Dharmendra Pradhan's resignation over irregularities in the NEET examination, said in a video message posted late last night.",Sonam Wangchuk,demanded,Dharmendra Pradhan's resignation
307b8f472dea0154_p005,307b8f472dea0154,EVT_00628,india_today,Sonam Wangchuk,Health and Hunger Strike,Negative,had lost more than 9 kg after 19 days of his indefinite hunger strike at Jantar Mantar.,Sonam Wangchuk,hunger-striked,Jantar Mantar
307b8f472dea0154_p006,307b8f472dea0154,EVT_00628,india_today,Wangchuk,Health Crisis,Negative,"His blood pressure was recorded at 105/61 mmHg, blood sugar at 80 mg/dL",High blood pressure,recorded,105/61 mmHg
307b8f472dea0154_p009,307b8f472dea0154,EVT_00628,india_today,"AISA leaders Neha, Manish and Aameen",Protest,Negative,"Neha has lost 5.85 kg during the fast, while Manish and Aameen have lost 8.2 kg and 8.3 kg, respectively, with all three recording low blood sugar levels.",fasters,lost weight and had,low blood sugar levels
307b8f472dea0154_p010,307b8f472dea0154,EVT_00628,india_today,JNU (Joint Students Union),Protest,Negative,"The student outfit also said JNUSU joint secretary Danish, JNU Barak Hostel president Hrishikesh and Delhi University student leader Deepak have been hospitalised",student outfit,said,JNUSU members hospitalized
307b8f472dea0154_p011,307b8f472dea0154,EVT_00628,india_today,Wangchuk,Protest,Negative,POLITICAL LEADERS URGE WANGCHUK TO END HUNGER STRIKE,POLITICAL LEADERS,urge,WANGCHUK to end HUNGER STRIKE
307b8f472dea0154_p012,307b8f472dea0154,EVT_00628,india_today,Congress Party,Protest,Positive,"protest has also drawn political support, with Congress MP Shashi Tharoor on Wednesday made an emotional appeal to Wangchuk",Congress MP Shashi Tharoor,appealed,Wangchuk
307b8f472dea0154_p013,307b8f472dea0154,EVT_00628,india_today,Shri Sonam Wangchuk-ji,Protest,Positive,You have awakened the conscience of the nation; that is what a fast is meant to do.,awakened,conscience,nation
307b8f472dea0154_p016,307b8f472dea0154,EVT_00628,india_today,Centre (India) & Delhi Government,Healthcare & Policy,Negative,"seeking urgent medical intervention for Wangchuk, urging the Centre and the Delhi government to shift him to a hospital","Centre, Delhi Govt.",urge,Wangchuk's urgent medical intervention
307b8f472dea0154_p017,307b8f472dea0154,EVT_00628,india_today,protesters,Protest,Negative,amid growing concerns over their deteriorating health,Growing concerns,over,protesters' health
307b8f472dea0154_p018,307b8f472dea0154,EVT_00628,india_today,Pradhan (presumably referring to Narendra Modi or a similar government official),Violence,Negative,"signatories, including actors Naseeruddin Shah and Ratna Pathak Shah, writer Arundhati Roy, economist Jean Drze, academic Jayati Ghosh, scholar Nivedita Menon and academic Anuradha Chenoy, said they fully supported the demand for Pradhan's resignation",,supported,Pradhan's resignation
307b8f472dea0154_p019,307b8f472dea0154,EVT_00628,india_today,Dharmendra Pradhan,Protest,Negative,"held him accountable for irregularities in the NEET examination, including the paper leak that triggered widespread controversy and re-test.",held,accountable,Dharmendra Pradhan for irregularities
307b8f472dea0154_p020,307b8f472dea0154,EVT_00628,india_today,CJP (Citizens' Joint Panel),Protest/Election Strategy,Positive,"demanding a transparent examination system, accountability for repeated paper leaks and the removal of the education minister.",CJP,demanding,"transparency, accountability, education minister removal"
307b8f472dea0154_p021,307b8f472dea0154,EVT_00628,india_today,The organization,Protest,Positive,"""Until the resignation happens, we'll stand firm. 20 July, march to Parliament,"" the organisation said in a post on X.",Organization,stated,plans for protest
307b8f472dea0154_p022,307b8f472dea0154,EVT_00628,india_today,CJP (Centre for Just Cause),Violence,Negative,"Furthermore, CJP founder Abhijeet Dipke on Wednesday accused the Centre of remaining silent",CJP founder,accused,Centre of silence
307b8f472dea0154_p023,307b8f472dea0154,EVT_00628,india_today,government,Violence,Negative,The government is not just unaccountable; it is also cruel,government,is,cruel
307b8f472dea0154_p024,307b8f472dea0154,EVT_00628,india_today,Prime Minister Narendra Modi,"Leadership Failure, Law & Order",Negative,"Questioning the Centre's response, Dipke said the real issues were why Prime Minister Narendra Modi was refusing to engage in dialogue",Dipke,questioned,Modi's response
307b8f472dea0154_p024,307b8f472dea0154,EVT_00628,india_today,Union Education Minister Dharmendra Pradhan,"Leadership Failure, Accountability Issues",Negative,"Questioning the Centre's response, Dipke said the real issues were why Union Education Minister Dharmendra Pradhan had not been held accountable",Dipke,questioned,Centre's response
307b8f472dea0154_p025,307b8f472dea0154,EVT_00628,india_today,Prime Minister,Law & Order,Negative,Why is the Prime Minister refusing to engage in a dialogue?,refusing,engage,dialogue
307b8f472dea0154_p025,307b8f472dea0154,EVT_00628,india_today,Education Minister,Law & Order,Negative,Why is the Education Minister still not being held accountable?,still not held accountable,accused,Education Minister
307b8f472dea0154_p026,307b8f472dea0154,EVT_00628,india_today,CJP (likely referring to Congress Party or similar group),Protest,Positive,The CJP also appealed to supporters to change their social media display pictures as a mark of solidarity with Wangchuk and claimed that more than 1.3 lakh people have registered support through its missed-call campaign for the Parliament march.,CJP,appealed,supporters to change social media pictures
e274b6dd63e578f5_p001,e274b6dd63e578f5,EVT_00645,india_today,Government of Uttarakhand,Violence,Negative,Worker killed after concrete lining falls,fallen worker,killed by,concrete lining fall
e274b6dd63e578f5_p003,e274b6dd63e578f5,EVT_00645,india_today,Construction Companies,Violence,Negative,"A young worker was killed after a section of concrete lining fell on him inside the under-construction Silkyara Tunnel in Uttarakhand's Uttarkashi district during the early hours of Friday, according to authorities.",Construction Companies,involved,accident
e274b6dd63e578f5_p006,e274b6dd63e578f5,EVT_00645,india_today,"Uttarkashi District Magistrate, Prashant Arya",Accident/Injury,Negative,(shotcrete) lining collapsed about 900 metres inside from the Barkot side. A 21-year-old labourer from Jharkhand died after being trapped under the fallen concrete),collapsed,happen to,labourer
e274b6dd63e578f5_p009,e274b6dd63e578f5,EVT_00645,india_today,central government,Development,Positive,The 4.5-km tunnel is being built as part of the central government's Char Dham all-weather road connectivity project.,government,part-of,Char Dham all-weather road connectivity project
e274b6dd63e578f5_p010,e274b6dd63e578f5,EVT_00645,india_today,government,Violence,Negative,"It became a subject of nationwide attention when a landslide caused 41 workers to be trapped inside it for 17 days, before they were eventually rescued in an operation involving various government agencies.",landslide,affected,workers
345fcf2f0f31df29_p001,345fcf2f0f31df29,EVT_00632,hindustan_times,Mamata Banerjee,Corruption,Negative,fresh blow to Mamata Banerjee,fresh blow,received,Mamata Banerjee
345fcf2f0f31df29_p002,345fcf2f0f31df29,EVT_00632,hindustan_times,Koel Mallick,Election Strategy,Negative,resignation from Rajya Sabha,resignation,issued,Koel Mallick
345fcf2f0f31df29_p003,345fcf2f0f31df29,EVT_00632,hindustan_times,Mamata Banerjee,Election Strategy,Negative,"In fresh blow to former West Bengal chief minister Mamata Banerjee, her party's MP Koel Mallick resigned from Rajya Sabha",Former WB CM,resigned from,Rajya Sabha
345fcf2f0f31df29_p004,345fcf2f0f31df29,EVT_00632,hindustan_times,Mallick,Resignation & Loss of Office,Negative,"""I do hereby resign from the membership of Rajya Sabha, which may please be accepted with immediate effect,"" she wrote in the letter.",she,resigned,membership of Rajya Sabha
345fcf2f0f31df29_p007,345fcf2f0f31df29,EVT_00632,hindustan_times,Mamata Banerjee,Political Crisis,Negative,Mallick's resignation is fresh in several such blows to TMC supremo Mamata Banerjee,Mallick,resigned,TMC supremo Mamata Banerjee
345fcf2f0f31df29_p007,345fcf2f0f31df29,EVT_00632,hindustan_times,Mamata Banerjee,Political Failure,Negative,TMC's crushing defeat against the Bharatiya Janata Party in recently held West Bengal assembly polls,TMC,defeated,Bharatiya Janata Party
345fcf2f0f31df29_p008,345fcf2f0f31df29,EVT_00632,hindustan_times,Trinamool Congress,Protest,Negative,MLA Madan Mitra joined the rebel camp in the West Bengal legislative assembly on Wednesday.,Trinamool Congress,received,negative sentiment score
345fcf2f0f31df29_p012,345fcf2f0f31df29,EVT_00632,hindustan_times,HT News Desk,Development,Positive,Read More,,,
3fc8190f5df7dde3_p001,3fc8190f5df7dde3,EVT_00634,hindustan_times,Doctor Wife,Violence,Negative,doctor wife,doctor,wife,Negative sentiment score
3fc8190f5df7dde3_p002,3fc8190f5df7dde3,EVT_00634,hindustan_times,Local Community (implied as victims of violence),Violence,Negative,"A 45-year-old anaesthetist has allegedly been stabbed to death at his apartment here, while his eight-year-old son sustained serious stab injuries",stabbed,killed,an anaesthetist
3fc8190f5df7dde3_p003,3fc8190f5df7dde3,EVT_00634,hindustan_times,Police,Violence,Negative,police said,police,said,
3fc8190f5df7dde3_p004,3fc8190f5df7dde3,EVT_00634,hindustan_times,Dr Priya,Arrest and Detention,Negative,"His wife Dr Priya, has been taken into custody for questioning",wife,taken,Dr Priya into custody
3fc8190f5df7dde3_p007,3fc8190f5df7dde3,EVT_00634,hindustan_times,Honnannavar,Violence,Negative,"According to police, Honnannavar was found lying in a pool of blood on a bedroom mattress with fatal stab injuries to his neck on Wednesday.",Police,reported,Honnannavar's condition
3fc8190f5df7dde3_p008,3fc8190f5df7dde3,EVT_00634,hindustan_times,Politician or Party,Violence,Negative,His son was also found with severe stab injuries in what police suspect was an attempt on the child's life.,police,suspect,child's life
3fc8190f5df7dde3_p009,3fc8190f5df7dde3,EVT_00634,hindustan_times,police,Law & Order,Positive,"Acting on information, police rescued the boy and shifted him to a hospital.",police,rescued,boy
3fc8190f5df7dde3_p011,3fc8190f5df7dde3,EVT_00634,hindustan_times,Priya (doctor),Misrepresentation/Deception,Negative,"He said that Priya, a doctor with an MBBS degree, had allegedly answered calls made to her husband's mobile phone by his relatives and friends since Tuesday evening and each time she told a different story about his whereabouts.",He,said,"Priya, a doctor with an MBBS degree"
7c21dfdef7a217d0_p001,7c21dfdef7a217d0,EVT_00634,india_today,Local Community,Violence,Negative,"Karnataka doctor killed, son stabbed",doctor,killed,son
7c21dfdef7a217d0_p001,7c21dfdef7a217d0,EVT_00634,india_today,Family Members,Violence,Negative,wife found scrolling on phone beside bodies,wife,scrolling,phone
7c21dfdef7a217d0_p002,7c21dfdef7a217d0,EVT_00634,india_today,Dr Kiran Honannavar,Violence,Negative,a video from the scene showed Dr Honannavar's wife lying down and scrolling through her phone while the bodies of her husband and son lay in a pool of blood.,video,showed,Dr Honannavar's wife
7c21dfdef7a217d0_p003,7c21dfdef7a217d0,EVT_00634,india_today,Kiran Honannavar (Politician),Violence,Negative,"A 45-year-old doctor, Dr Kiran Honannavar, was murdered",murdered,was,Kiran Honannavar
7c21dfdef7a217d0_p003,7c21dfdef7a217d0,EVT_00634,india_today,Priyanka (Politician),Violence,Negative,"who is also a doctor, inside their apartment in Karnataka's Dharwad on Wednesday.",Witnessed,attack,assault on politician
7c21dfdef7a217d0_p003,7c21dfdef7a217d0,EVT_00634,india_today,Eight-year-old son (Victim),Violence,Negative,The couple's eight-year-old son was also stabbed,stabbed,attacked,Eight-year-old son (Victim)
7c21dfdef7a217d0_p004,7c21dfdef7a217d0,EVT_00634,india_today,Dr Honannavar,Violence,Negative,A video from the scene showed Dr Honannavar's wife lying down and scrolling through her phone while the bodies of her husband and son lay in a pool of blood.,wife,scrolling,phone
7c21dfdef7a217d0_p005,7c21dfdef7a217d0,EVT_00634,india_today,N Shashikumar (Police Commissioner),Heroism and Responsibility,Positive,"Arrived at the crime scene, noticed the injured child was still breathing, and rushed him to the hospital.",Arrived,rushed,injured child to hospital
7c21dfdef7a217d0_p007,7c21dfdef7a217d0,EVT_00634,india_today,police and investigative agencies,Violence,Negative,"When family members eventually visited the couple's flat on Wednesday evening after receiving no response from him, they found the father and son lying in a pool of blood",found,discover,blood
7c21dfdef7a217d0_p009,7c21dfdef7a217d0,EVT_00634,india_today,police,Violence,Negative,"""We are yet to ascertain during the investigation when exactly the child was attacked. Since he was still alive, we shifted him to the hospital immediately,"" he said.",police,investigated,attack timing
7c21dfdef7a217d0_p012,7c21dfdef7a217d0,EVT_00634,india_today,Commissioner,Law & Order,Positive,"We will conduct a detailed investigation to determine what exactly happened, whom she spoke to, what she told them, and the sequence of events inside the apartment",We,conduct,investigation
7c21dfdef7a217d0_p012,7c21dfdef7a217d0,EVT_00634,india_today,Commissioner,Law & Order,Positive,"a murder case has been registered, and the investigation is underway.",,,
4d063a6c33d2656d_p001,4d063a6c33d2656d,EVT_00645,hindustan_times,Silkyara tunnel,Construction & Safety,Negative,Worker killed in concrete lining collapse inside Silkyara tunnel,collapse,caused,death of worker
4d063a6c33d2656d_p002,4d063a6c33d2656d,EVT_00645,hindustan_times,Construction Industry,Safety Violation,Negative,The fatal incident occurred when a heavy section of the tunnel’s concrete shotcrete lining fractured and collapsed on the worker.,fractured,occurred to,worker
4d063a6c33d2656d_p003,4d063a6c33d2656d,EVT_00645,hindustan_times,Construction Industry,Violence,Negative,A 21-year-old construction worker from Jharkhand was killed,worker,killed,construction worker
4d063a6c33d2656d_p006,4d063a6c33d2656d,EVT_00645,hindustan_times,Project Completion,Development,Positive,project completion,Project,complete,Completion
4d063a6c33d2656d_p007,4d063a6c33d2656d,EVT_00645,hindustan_times,Emergency Services or Construction Workers,Safety Violation,Negative,"The worker sustained fatal injuries after being struck by the falling debris and died at the site, he added.",worker,sustained,fatal injuries
4d063a6c33d2656d_p012,4d063a6c33d2656d,EVT_00645,hindustan_times,The Silkyara tunnel collapse,Safety Violation / Accidents,Negative,The workers were eventually rescued in a complex multi-agency operation after specialised rat-hole miners manually drilled through the final section of debris and twisted steel to reach them.,rescuers,performed,rescue operation
c31dd65678cc53c8_p002,c31dd65678cc53c8,EVT_00496,deccan_herald,Election Commission,Development,Positive,The draft electoral rolls will be published on August 5 and the final rolls on October 10.,Not Applicable,,Draft electoral rolls publication schedule
6e11891cf8873504_p002,6e11891cf8873504,EVT_00504,the_times_of_india,Sonam Wangchuk,Protest,Negative,indefinite hunger strike at Jantar Mantar,Jantar Mantar,hosted,hunger strike
6e11891cf8873504_p005,6e11891cf8873504,EVT_00504,the_times_of_india,"Wangchuk, Union Education Minister Dharmendra Pradhan",Protest,Negative,CJP has been demanding the resignation of Union Education Minister Dharmendra Pradhan over alleged irregularities in NEET and other competitive examinations.,CJP,demanded,Pradhan's resignation
6e11891cf8873504_p006,6e11891cf8873504,EVT_00504,the_times_of_india,Wangchuk,Health & Policy Violations,Negative,"Organisers have claimed that Wangchuk has lost around 8.5 kg since beginning the fast, raising concerns over his health.",Organisers,claim,Wangchuk's health
6e11891cf8873504_p006,6e11891cf8873504,EVT_00504,the_times_of_india,Wangchuk,Health & Policy Violations,Negative,Several Opposition leaders have backed the issues raised by Wangchuk while urging him to end the hunger strike.,Leaders,backed,Wangchuk's issues
6e11891cf8873504_p006,6e11891cf8873504,EVT_00504,the_times_of_india,Wangchuk,Health & Policy Violations,Negative,"Author Arundhati Roy, actors Naseeruddin Shah and Ratna Pathak Shah, and economist Jayati Ghosh have also appealed to him to call off the fast while expressing support for his demands.",Roy et al.,appealed,Wangchuk to call off fast
6e11891cf8873504_p009,6e11891cf8873504,EVT_00504,the_times_of_india,Various Users,Development,Positive,3k+ users shared opinion today,Users,shared,Opinion
7a4450f486d5703f_p001,7a4450f486d5703f,EVT_00695,theprint,Nationalist Congress Party (Sharadchandra Pawar),Policy Negotiation,Negative,"""Give the 50 percent condition on paper, then we will discuss,"" the Baramati representative in the Lok Sabha said at a press conference Tuesday",Baramati representative,said,"50 percent condition on paper, then they will discuss to Nationalist Congress Party (Sharadchandra Pawar)"
7a4450f486d5703f_p002,7a4450f486d5703f,EVT_00695,theprint,NCP(SP),Law & Order,Negative,"The NCP(SP)'s outright opposition to the legislation during the special session in April, when the Opposition voted against the Bill after Union Home Minister Amit Shah made it clear that the government intended to increase the number of Lok Sabha seats through a fresh delimitation exercise.",NCP(SP),opposed,legislation
7a4450f486d5703f_p008,7a4450f486d5703f,EVT_00695,theprint,Pawar,Political Strategy/Change in Coalition Dynamics,Negative,"Despite the speculation, Pawar has repeatedly maintained that the NCP (SP) remains committed to the INDIA bloc.",NCP (SP),remains committed to,INDIA bloc
7a4450f486d5703f_p009,7a4450f486d5703f,EVT_00695,theprint,Bharatiya Janata Party (BJP),Election Strategy,Negative,alleging that the Bharatiya Janata Party (BJP) is attempting to secure the support of regional parties,BJP,attempting,secure support
7a4450f486d5703f_p009,7a4450f486d5703f,EVT_00695,theprint,"Regional Parties, including the NCP (SP) and Dravida Munnetra Kazhagam",Election Strategy,Negative,The allegations regarding the Bharatiya Janata Party (BJP),BJP,alleged,corruption
7a4450f486d5703f_p010,7a4450f486d5703f,EVT_00695,theprint,Chidambaram,Policy,Negative,He warned that any support for the Bill would amount to a betrayal of the stand taken by these parties during the Budget Session,He,warned,support for the Bill would amount to a betrayal
7a4450f486d5703f_p010,7a4450f486d5703f,EVT_00695,theprint,BJP and regional parties,Policy,Negative,the BJP was now attempting to secure the support of other regional parties for the legislation,BJP,attempted,secure support
7a4450f486d5703f_p011,7a4450f486d5703f,EVT_00695,theprint,NCP(SP),Policy Shift,Positive,"""Earlier, the NCP (SP) had outright opposed the proposal. Now it is saying it will first study the Bill before taking a final call. That itself marks a softening of its position,""",NCP (SP),softened,position
7a4450f486d5703f_p015,7a4450f486d5703f,EVT_00695,theprint,Congress general secretary (communications) Jairam Ramesh,Protest and Election Strategy,Negative,"""What you’re seeing now is revenge, "" Ramesh said",Congress,protested,Jairam Ramesh
7a4450f486d5703f_p016,7a4450f486d5703f,EVT_00695,theprint,BJP,Election Strategy,Negative,"even after expanding the NDA’s strength in Parliament, the BJP is short of the two-thirds majority required for a constitutional amendment",NDA,expanded,BJP strength
7e73ce5296d623bf_p001,7e73ce5296d623bf,EVT_00506,hindustan_times,PM Modi,Development,Positive,PM Modi to launch India's first hydrogen train tomorrow,PM Modi,launch,hydrogen train
7e73ce5296d623bf_p002,7e73ce5296d623bf,EVT_00506,hindustan_times,Indian Railways,Development,Positive,10-coach train represents one of the largest hydrogen-powered passenger trainsets developed so far.,Indian Railways,developed,hydrogen-powered trainset
7e73ce5296d623bf_p003,7e73ce5296d623bf,EVT_00506,hindustan_times,Prime Minister Narendra Modi,Development,Positive,"India is set to enter the small group of countries operating hydrogen-powered passenger trains, with Prime Minister Narendra Modi",India,enter,hydrogen-powered passenger trains
7e73ce5296d623bf_p004,7e73ce5296d623bf,EVT_00506,hindustan_times,Hydrogen-powered train development,Development,Positive,"The 10-coach train, capable of carrying around 2,600 passengers, is among the largest hydrogen-powered passenger trainsets developed globally.",Developers,developed,hydrogen-powered trainsets
7e73ce5296d623bf_p005,7e73ce5296d623bf,EVT_00506,hindustan_times,Indian Railways,Development,Positive,The project marks another milestone in Indian Railways' clean energy push,Indian Railways,pushed,clean energy milestone
7e73ce5296d623bf_p008,7e73ce5296d623bf,EVT_00506,hindustan_times,Hydrogen-powered trains,Technology Development,Positive,"The route has been selected for demonstrating the operational viability, safety and reliability of hydrogen-powered passenger train services under regular operating conditions.",route,demonstrating,hydrogen-powered train services
7e73ce5296d623bf_p009,7e73ce5296d623bf,EVT_00506,hindustan_times,Hydrogen Fuel Cell Industry,Economic Growth,Positive,Train to run on hydrogen fuel cells,H2 cells,used,trains
7e73ce5296d623bf_p012,7e73ce5296d623bf,EVT_00506,hindustan_times,Indian Railways,Development,Positive,"To support operations, Indian Railways has built the country's largest railway hydrogen refuelling facility at Jind in Haryana.",Indian Railways,built,facility
7e73ce5296d623bf_p013,7e73ce5296d623bf,EVT_00506,hindustan_times,Hydrogen production and storage technology,Technology Development,Positive,"The facility can store nearly 3,000 kg of hydrogen, enough to sustain regular train services.",facility,store,hydrogen
7e73ce5296d623bf_p014,7e73ce5296d623bf,EVT_00506,hindustan_times,Indian Officials,Development,Positive,"Officials said the project has created India's first integrated railway hydrogen ecosystem, covering hydrogen production, storage, compression, dispensing and train operations.",Officials,said,project benefits
7e73ce5296d623bf_p017,7e73ce5296d623bf,EVT_00506,hindustan_times,Indian Railways,Innovation and Technology,Positive,its 10-coach train represents one of the world's largest hydrogen-powered passenger trainsets,Indian Railways,produced,hydrogen-powered trainset
7e73ce5296d623bf_p018,7e73ce5296d623bf,EVT_00506,hindustan_times,Indian Railways,Development,Positive,The hydrogen train has been developed using indigenous technology under the leadership of Indian Railways.,Indian Railways,developed,hydrogen train using indigenous technology
7e73ce5296d623bf_p020,7e73ce5296d623bf,EVT_00506,hindustan_times,Indian Railways,Development,Positive,"Indian Railways is also exploring the deployment of hydrogen-powered trains on heritage routes, including the Kalka-Shimla railway, as part of the National Green Hydrogen Mission and India's long-term net-zero goals.",Indian Railways,exploring,hydrogen-powered trains
bab3c2f252b313bf_p001,bab3c2f252b313bf,EVT_00823,hindustan_times,IMCI (Indian Medical Council),Development,Positive,ICMR’s drone initiative cuts TB diagnosis turnaround time by 10 days in remote areas,ICMR,initiated,drone initiative
bab3c2f252b313bf_p002,bab3c2f252b313bf,EVT_00823,hindustan_times,ICMR (Indian Council of Medical Research),Development,Positive,An ICMR study found its i-DRONE initiative cut TB diagnosis time from 15 to five days and sharply reduced patients’ travel costs in remote areas.,study,found,ICMR initiative
bab3c2f252b313bf_p003,bab3c2f252b313bf,EVT_00823,hindustan_times,Indian Council of Medical Research (ICMR),Development,Positive,"The Indian Council of Medical Research’s (ICMR) drone-assisted transport initiative for tuberculosis (TB) sputum samples significantly improved access to diagnostic services, reducing the median turnaround time for TB diagnosis from 15 days to five days for people living in remote and underserved areas.",ICMR initiative,improved,access to diagnostic services
bab3c2f252b313bf_p004,bab3c2f252b313bf,EVT_00823,hindustan_times,government,Development,Positive,assessment of its flagship i-DRONE initiative also showed a significant reduction in patients’ out-of-pocket expenditure on transportation.,Assessment,showed,reduction
bab3c2f252b313bf_p007,bab3c2f252b313bf,EVT_00823,hindustan_times,Union ministry of health and family welfare,Development,Positive,"Diagnostic delays were also significantly reduced, enabling earlier confirmation of disease and facilitating faster clinical decision-making",reduced,enabled,earlier confirmation of disease and faster clinical decision-making
bab3c2f252b313bf_p008,bab3c2f252b313bf,EVT_00823,hindustan_times,TB treatment system,Cost Reduction and Efficiency,Positive,"The mean out-of-pocket expenditure (OOPE) associated with seeking TB diagnosis reduced from approximately ₹9,451 under the conventional transport system to around ₹91 during the drone-enabled phase.",reduction,associated,expenditure
bab3c2f252b313bf_p009,bab3c2f252b313bf,EVT_00823,hindustan_times,Government Initiative on Healthcare,Development,Positive,"""Notably, the median OOPE during the drone phase was zero, indicating that many participants incurred no travel-related expenses for diagnosis,"" said the statement.",Statement,said,zero OOPE during drone phase
bab3c2f252b313bf_p010,bab3c2f252b313bf,EVT_00823,hindustan_times,Health Ministry or Public Health Initiative,Development,Positive,"The intervention was implemented through a hub-and-spoke network connecting 11 Primary Health Centres, 60 sub-centres and four TB Units",Health Ministry,implemented,intervention through hub-and-spoke network
bab3c2f252b313bf_p012,bab3c2f252b313bf,EVT_00823,hindustan_times,Healthcare workers,Development,Positive,"drone-enabled transport reduced delays, improved operational efficiency and was well accepted by communities after initial familiarisation.",Drone-enabled transport,improved,operational efficiency
bab3c2f252b313bf_p012,bab3c2f252b313bf,EVT_00823,hindustan_times,Healthcare workers,Development,Positive,underscoring the importance of careful planning for wider implementation.,Planning,underscores,importance
bab3c2f252b313bf_p015,bab3c2f252b313bf,EVT_00823,hindustan_times,Government,Development,Positive,"“Drone technology can dramatically reduce the time taken for sample transportation, but its greatest impact will come when it strengthens an already well-coordinated diagnostic and referral system.”",Drone technology,reduce,time taken for sample transportation
cfa366a65ef856e2_p001,cfa366a65ef856e2,EVT_00822,hindustan_times,"Aryan Gupta, Panshul Bansal",Development,Positive,"Aryan Gupta, Panshul Bansal top exam; score 715 out of 720","Aryan Gupta, Panshul Bansal",top exam,715 out of 720 score
cfa366a65ef856e2_p004,cfa366a65ef856e2,EVT_00822,hindustan_times,Gupta and Bansal,Achievement,Positive,Both Gupta and Bansal secured 715 out of 720 marks in the exam.,Gupta and Bansal,secured,715 out of 720 marks
cfa366a65ef856e2_p007,cfa366a65ef856e2,EVT_00822,hindustan_times,NATIONAL Eligibility Eligibility Test (NEET-UG) authorities,Election Strategy,Negative,"""Separate topper lists for each category are provided in the accompanying toppers document,"" the NTA said in its press release which did not have a topper list.",NTA,said,no topper list
cfa366a65ef856e2_p009,cfa366a65ef856e2,EVT_00822,hindustan_times,Aryan Gupta,Development,Negative,Aryan Gupta - 99.9999 percentile,Aryan Gupta,ranked,99.9999 percentile
cfa366a65ef856e2_p010,cfa366a65ef856e2,EVT_00822,hindustan_times,Panshul Bansal,Development,Negative,99.9999 percentile,,,
cfa366a65ef856e2_p011,cfa366a65ef856e2,EVT_00822,hindustan_times,Uplakshya Goyal,Corruption,Negative,99.99985 percentile,,,
cfa366a65ef856e2_p012,cfa366a65ef856e2,EVT_00822,hindustan_times,Ayush Bhalotia,Election Strategy,Negative,- Ayush Bhalotia - 99.99965 percentile,Bhalotia,scored,negative sentiment
cfa366a65ef856e2_p014,cfa366a65ef856e2,EVT_00822,hindustan_times,Riya Ranjan,Development,Negative,- Riya Ranjan - 99.99965 percentile,high percentile score,assigned,Riya Ranjan's sentiment assessment
cfa366a65ef856e2_p015,cfa366a65ef856e2,EVT_00822,hindustan_times,Aryan Dubey,Election Strategy,Negative,- Aryan Dubey - 99.99965 percentile,Dubey,ranked,highly competitive
cfa366a65ef856e2_p016,cfa366a65ef856e2,EVT_00822,hindustan_times,Geetansh Sarin,Development,Negative,99.99915 percentile,High percentile,indicates,negative sentiment
cfa366a65ef856e2_p017,cfa366a65ef856e2,EVT_00822,hindustan_times,Gaurav Singh,Performance & Competence,Negative,- Gaurav Singh - 99.99915 percentile,99.99915 percentile,indicates,negative performance & competence score
cfa366a65ef856e2_p019,cfa366a65ef856e2,EVT_00822,hindustan_times,Narendra Modi (assuming reference to BJP or other ruling party),Development,Positive,"According to the NTA press release, qualified candidates hailed from across every one of the 36 states and union territories, ranging from over 1.7 lakh in Uttar Pradesh to 43",NTA,released,press information
cfa366a65ef856e2_p020,cfa366a65ef856e2,EVT_00822,hindustan_times,Education System,Development,Positive,"State toppers include Jigmet Yangchan Lamo (Ladakh, 530 marks), Dhruv Tripathi (Andaman and Nicobar Islands, 606 marks) and Fahmida Anees (Lakshadweep, 573 marks)",Education System,praised,State toppers
cfa366a65ef856e2_p020,cfa366a65ef856e2,EVT_00822,hindustan_times,Education System,Development,Positive,"The top 17 rankers, who scored more than 705 marks span eight states",Education System,ranked,top 17
cfa366a65ef856e2_p024,cfa366a65ef856e2,EVT_00822,hindustan_times,Journalists,Development,Positive,"Reports published by the newsdesk are based on information gathered from reporters on the ground, official statements, government agencies, court records, regulatory filings, recognised institutions and other authoritative sources.",newsdesk,publishes,reports
cfa366a65ef856e2_p024,cfa366a65ef856e2,EVT_00822,hindustan_times,News Desk,Development,Positive,"Stories undergo editorial scrutiny and verification processes to ensure accuracy, fairness and relevance, and are updated as events evolve and additional information becomes available.",Stories,scrutiny,"verify, ensure accuracy, fairness and relevance"
b300bafdd1ebb5bb_p001,b300bafdd1ebb5bb,EVT_00822,the_times_of_india,Education Policy and Governance,Development,Positive,"NEW DELHI: NEET-UG 2026 saw a sharp rise in top scores after the paper-leak controversy and nationwide re-test, with Punjabâs Aryan Gupta topping the exam with 715 score.",NEET-UG 2026,saw,top scores rise
b300bafdd1ebb5bb_p002,b300bafdd1ebb5bb,EVT_00822,the_times_of_india,NEET (National Eligibility Entrance Test) Qualifiers,Development,Positive,"More than 93% of the 138 candidates scoring above 690 were appearing for NEET for the first time, while 99% were aged 17 to 19.",candidates,appearing,NEET
b300bafdd1ebb5bb_p002,b300bafdd1ebb5bb,EVT_00822,the_times_of_india,NEET (National Eligibility Entrance Test) Qualifiers,Development,Positive,"Women accounted for over 58% of the 11.21 lakh candidates who qualified and recorded a higher success rate â 56.8% of women who appeared cleared the test, compared with 55.1% of men.",Women,accounted for,qualifiers
b300bafdd1ebb5bb_p003,b300bafdd1ebb5bb,EVT_00822,the_times_of_india,CBI (Central Bureau of Investigation),Corruption,Negative,The CBI is investigating the leak.,CBI,investigating,leak
b300bafdd1ebb5bb_p004,b300bafdd1ebb5bb,EVT_00822,the_times_of_india,Election Strategy,Development,Positive,"The rise in top scores was striking. Nineteen candidates scored above 700, compared with none in 2025.",Candidates,scored,Above 700
b300bafdd1ebb5bb_p006,b300bafdd1ebb5bb,EVT_00822,the_times_of_india,Politicians/Candidates,Election Strategy,Negative,"In 2024, 17 candidates had initially secured perfect scores of 720 amid a major controversy over grace marks.",Politicians/Candidates,secured,perfect scores
b300bafdd1ebb5bb_p006,b300bafdd1ebb5bb,EVT_00822,the_times_of_india,Politicians/Candidates,Revision and Controversy,Negative,"After the Supreme Court-ordered revision of one disputed question, the number of candidates retaining the top score was reduced.",Politicians/Candidates,reduced,top score
b300bafdd1ebb5bb_p008,b300bafdd1ebb5bb,EVT_00822,the_times_of_india,Uttar Pradesh,Development,Positive,UP had also led with over 1.70 lakh qualifiers,UP,led,qualifiers
b300bafdd1ebb5bb_p009,b300bafdd1ebb5bb,EVT_00822,the_times_of_india,election results,Development,Positive,"The top 17 candidates, all scoring above 705, came from eight states â Punjab, Haryana, Rajasthan, Uttar Pradesh, Maharashtra, Bihar, Tamil Nadu and Telangana.",candidates,scored,highly
b300bafdd1ebb5bb_p010,b300bafdd1ebb5bb,EVT_00822,the_times_of_india,Northeastern states,Education,Positive,Every northeastern state was also represented in the state-topper list.,Northeastern states,represented,state-topper list
b300bafdd1ebb5bb_p013,b300bafdd1ebb5bb,EVT_00822,the_times_of_india,Indian Education System/NEET Exam,Development,Positive,"Among social categories, 5.12 lakh OBC-NCL candidates qualified, followed by 2.91 lakh general-category candidates, 1.59 lakh SC candidates, 95,026 from Gen-EWS and 63,716 from ST communities.",OBC-NCL candidates,qualified,Indian Education System
b300bafdd1ebb5bb_p016,b300bafdd1ebb5bb,EVT_00822,the_times_of_india,The Government,Policy,Positive,shift NEET-UG from the pen-and-paper format to a computer-based test from 2027 as part of its examination reforms.,Government,reformed,examination process
6f16fdf30c36f1eb_p001,6f16fdf30c36f1eb,EVT_00667,india_today,Congress party,Protest,Negative,raise Ram Mandir donation row,Congress,accused,Modi
6f16fdf30c36f1eb_p001,6f16fdf30c36f1eb,EVT_00667,india_today,Congress party,Policy Opposition,Negative,oppose delimitation bill in Parliament,Congress,oppose,delimitation bill
6f16fdf30c36f1eb_p003,6f16fdf30c36f1eb,EVT_00667,india_today,Senior Congress leaders,Election Strategy,Positive,"announcing that they would oppose several Bills expected to be introduced by the Centre and raise issues ranging from the alleged misuse of Ram Mandir donations to India's ties with China, the United States and West Asia conflict.",Senior Congress leaders,oppose,Bills
6f16fdf30c36f1eb_p004,6f16fdf30c36f1eb,EVT_00667,india_today,"Jairam Ramesh, Syed Naseer Hussain",Election Strategy,Positive,outlined the party's legislative strategy,"Jairam Ramesh, Syed Naseer Hussain",outlined,party's legislative strategy
6f16fdf30c36f1eb_p008,6f16fdf30c36f1eb,EVT_00667,india_today,Ramesh,Law & Order,Negative,"Criticising the format of the all-party meeting, Ramesh claimed that despite around 35 participants attending, only four representatives from the government are allowed to speak.",Ramesh,critiqued,meeting format
6f16fdf30c36f1eb_p009,6f16fdf30c36f1eb,EVT_00667,india_today,Congress,Law & Order,Negative,"It also announced its opposition to the proposed bill relating to the removal of the Prime Minister and Chief Ministers upon imprisonment, as well as amendments to the National Food Security Act.",Congress,opposed,bill
6f16fdf30c36f1eb_p010,6f16fdf30c36f1eb,EVT_00667,india_today,ruling dispensation,Corruption,Negative,was attempting to secure a two-thirds majority by weakening opposition parties,was attempting,weakening,opposition parties
6f16fdf30c36f1eb_p011,6f16fdf30c36f1eb,EVT_00667,india_today,Congress,Election Strategy,Positive,He asserted that the Congress remains in constant touch with its allies under the leadership of Rahul Gandhi and Congress president Mallikarjun Kharge,Congress,remains in touch with,allies
6f16fdf30c36f1eb_p011,6f16fdf30c36f1eb,EVT_00667,india_today,BJP-led NDA,Election Strategy,Negative,and claimed that the BJP-led NDA would not be able to secure the numbers required for constitutional amendments,Congress,claimed,BJP-led NDA
6f16fdf30c36f1eb_p012,6f16fdf30c36f1eb,EVT_00667,india_today,"Ramesh (likely a politician or party leader, but context is needed to confirm)",Law & Order,Negative,"""disrespectful to the people's mandate and the Constitution"", Ramesh said",Ramesh,said,disrespectful to the people's mandate and the Constitution
6f16fdf30c36f1eb_p013,6f16fdf30c36f1eb,EVT_00667,india_today,The party,Corruption,Negative,"""the 'E20 scam', alleging the involvement of some ministers and their sons, though it did not provide further details or evidence at the briefing.""
",E20 scam,alleged,ministers and their sons
6f16fdf30c36f1eb_p015,6f16fdf30c36f1eb,EVT_00667,india_today,Supriya Sule,Misrepresentation or Falsehood,Negative,rejecting such speculation.,Congress,rejected,speculation
c95843ea23c46561_p001,c95843ea23c46561,EVT_00809,the_hindu,Indian Navy,Development,Positive,strengthening its anti-submarine warfare and maritime surveillance capabilities.,Indian Navy,strengthened,capabilities
c95843ea23c46561_p004,c95843ea23c46561,EVT_00809,the_hindu,U.S. Embassy in India,Development,Positive,the induction reflects the growing India-U.S. defence partnership,India-U.S.,partnered,defense
c95843ea23c46561_p004,c95843ea23c46561,EVT_00809,the_hindu,Sergio Gor (U.S. Ambassador to India),Policy/Development,Positive,the advanced helicopter would enhance maritime security and reinforce the shared commitment of both countries to a free and open Indo-Pacific,Congress,accused,Modi of bulldozing
c95843ea23c46561_p005,c95843ea23c46561,EVT_00809,the_hindu,Lockheed Martin,Development,Positive,"The MH-60R, manufactured by Lockheed Martin",Praised,for,MH-60R
c95843ea23c46561_p006,c95843ea23c46561,EVT_00809,the_hindu,Indian Navy,Development,Positive,"helicopter is capable of search and rescue, medical evacuation, surveillance and logistics support",Indian Navy,provided,capabilities
c95843ea23c46561_p007,c95843ea23c46561,EVT_00809,the_hindu,Indian Navy,Development,Positive,"The Indian Navy commissioned its first MH-60R squadron, INAS 334 ‘Seahawks’, at INS Garuda, Kochi, in March 2024. The second squadron, INAS 335 ‘Ospreys’, was raised at INS Hansa, Goa, in December 2025.",Indian Navy,commissioned,MH-60R squadron
c95843ea23c46561_p011,c95843ea23c46561,EVT_00809,the_hindu,Local Government Officials,Corruption,Negative,They have been accused of accepting bribes and using public funds for their personal gains.,They,accuse,Local Government Officials of corruption
c95843ea23c46561_p011,c95843ea23c46561,EVT_00809,the_hindu,Protesters,Protest,Positive,Thousands of protesters marched through the city in support of fair wages and healthcare reforms.,protesters,marched,city
a55a21c266d13e45_p003,a55a21c266d13e45,EVT_00809,hindustan_times,India-US defence partnership,Development,Positive,"In a big boost to the India-US defence partnership, another MH-60R Seahawk naval helicopter has been delivered to the Indian Navy.",Delivered,to,Indian Navy
a55a21c266d13e45_p003,a55a21c266d13e45,EVT_00809,hindustan_times,India-US partnership,Development,Positive,"US Ambassador to India Sergio Gor called it an 'excellent news' for the India-US partnership, saying the advanced platform would strengthen maritime security in the Indo-Pacific.",Sergio Gor,called,excellent news
a55a21c266d13e45_p004,a55a21c266d13e45,EVT_00809,hindustan_times,US Embassy in India,Development,Positive,"The MH-60R Seahawk was delivered to the Indian Navy in Kochi last week, with two more helicopters expected to arrive this week",Indian Navy,delivered,MH-60R Seahawk to
a55a21c266d13e45_p005,a55a21c266d13e45,EVT_00809,hindustan_times,U.S. - India defense partnership,Development,Positive,"""Excellent news for our growing U.S.-India defense partnership! Great to see this advanced capability strengthening maritime security and our shared commitment to a free and open Indo-Pacific.""",news,provided,U.S.-India defense partnership development
a55a21c266d13e45_p007,a55a21c266d13e45,EVT_00809,hindustan_times,U.S. and Indian governments,Development,Positive,"""Another MH-60R Seahawk naval helicopter touched down on Indian shores! Developed by @LockheedMartin, this highly equipped helicopter was delivered to the @IndianNavy at Kochi last week, with two more arriving this week.""
",Lockheed Martin,developed,MH-60R Seahawk naval helicopter
a55a21c266d13e45_p010,a55a21c266d13e45,EVT_00809,hindustan_times,India,Development,Positive,India signed a deal with the United States to procure 24 MH-60R Seahawk helicopters under the Foreign Military Sales (FMS) programme in 2020 as part of efforts to modernise the Indian Navy's helicopter fleet,India,received,positive sentiment score
a55a21c266d13e45_p013,a55a21c266d13e45,EVT_00809,hindustan_times,Ministry of Defence,Development,Positive,"The Ministry of Defence approved the sustainment contract, valued at approximately ₹7,995 crore (around USD 946 million), to support the fleet manufactured by Lockheed Martin.",Ministry of Defence,approved,sustainment contract
a55a21c266d13e45_p014,a55a21c266d13e45,EVT_00809,hindustan_times,Agreement,Development,Positive,"agreement is expected to improve operational readiness, enhance interoperability with US forces and strengthen maritime security",agreement,improve,"operational readiness, interoperability with US forces, maritime security"
a55a21c266d13e45_p015,a55a21c266d13e45,EVT_00809,hindustan_times,Admiral Dinesh K Tripathi (Indian Navy chief),Operation & Success,Positive,"""did what they were supposed to do""",did,do,what they were supposed to do
a55a21c266d13e45_p016,a55a21c266d13e45,EVT_00809,hindustan_times,Navy Chief,Development,Positive,"""MH-60R is a very potent platform, well-proven. We are very happy that we signed the contract for the induction of 24 MH-60R.""",Signed contract,induced,MH-60R
a55a21c266d13e45_p017,a55a21c266d13e45,EVT_00809,hindustan_times,government,Development,Positive,"""The MH-60R helicopter has already proven its prowess across multiple missions during Operation Sindoor,"" the government said in a release last year.",government,said,MH-60R helicopter
a55a21c266d13e45_p022,a55a21c266d13e45,EVT_00809,hindustan_times,Indian Navy,Development,Positive,Its induction has significantly enhanced,Indy.,enhanced,Navy
e0f4cff6a6c713df_p002,e0f4cff6a6c713df,EVT_00902,hindustan_times,Father Amir,Development,Positive,"""Recalled his (Father Amir) deep affection for India, his warmth towards the Indian community in Qatar and his steadfast commitment to India-Qatar relations. """,Father Amir,showed,affection and commitment to India
81055c550b5fc559_p001,81055c550b5fc559,EVT_00695,the_hindu,Prime Minister Narendra Modi,Development,Positive,flagged off the country’s first hydrogen-powered train,,,
81055c550b5fc559_p001,81055c550b5fc559,EVT_00695,the_hindu,Congress governments at the Centre before 2014,"Corruption, Development",Negative,accusing them of ignoring the country’s railway sector,Congress,accusing,railway sector
81055c550b5fc559_p002,81055c550b5fc559,EVT_00695,the_hindu,Mr. Modi,"Corruption, Development",Negative,"Mr. Modi also made a sharp attack on the Aam Aadmi Party (AAP) government in Punjab, accusing it of betraying the people of the border State as the party failed on every front and was now using advertisements to conceal their betrayal and failures.",AAP,betrayed,people of Punjab
81055c550b5fc559_p003,81055c550b5fc559,EVT_00695,the_hindu,Prime Minister,Development,Positive,"had the “Hormuz” situation occurred before 2014, the Indian Railways would have come to a standstill.",Indian Railways,would have come to a standstill due to,Hormuz situation before 2014
81055c550b5fc559_p003,81055c550b5fc559,EVT_00695,the_hindu,Prime Minister,Development,Positive,"owing to transformations in Indian Railways in the past 12 years of the BJP’s regime, railway operations in the country have been going on smoothly.",BJP,transformed,Indian Railways
81055c550b5fc559_p005,81055c550b5fc559,EVT_00695,the_hindu,Indian Railways,Development,Positive,"“From 1925 to 2014, in about 90 years, only 30% of the railway network was electrified and 70% ran on diesel.”",Indian Railways,developed,railway network
81055c550b5fc559_p005,81055c550b5fc559,EVT_00695,the_hindu,Indian Railways,Development,Positive,"""But in the past 12 years, nearly 99% of India’s railway network has been electrified,"" he added.",India,electrified,railway network
81055c550b5fc559_p006,81055c550b5fc559,EVT_00695,the_hindu,Congress Party,Corruption,Negative,"""The Congress government used to sit back comfortably after making false announcements about new trains.""
",Congress,use,false announcements
81055c550b5fc559_p007,81055c550b5fc559,EVT_00695,the_hindu,Mr. Modi,Law & Order,Negative,"""The law and order situation in Punjab has deteriorated. Doing business and trade has become difficult. Ransom is being demanded from people. Even police stations are not safe.""",law,deteriorated,Punjab's situation
81055c550b5fc559_p008,81055c550b5fc559,EVT_00695,the_hindu,Politician/Policymaker,Violence,Negative,"""The people who are sitting in power in Punjab used to very arrogantly claim that they would change the politics of the country. But today, the country is witnessing their reality. Just two or three days ago, a court in Delhi declared one of their leaders guilty. The charge against him is for inciting riots,"" he said.",Punjab leaders,declare,guilty
81055c550b5fc559_p009,81055c550b5fc559,EVT_00695,the_hindu,The political party or leadership,Corruption,Negative,"Extortion, illegal collection, unauthorised possession, all of these have become the trademark of their politics.",Extortion,practiced,Political party
81055c550b5fc559_p009,81055c550b5fc559,EVT_00695,the_hindu,The political party or leadership,Corruption,Negative,"In Punjab, the person who was made the Health Minister had to be dismissed due to bribery.",Punjab,dismissed,Health Minister
81055c550b5fc559_p009,81055c550b5fc559,EVT_00695,the_hindu,The political party or leadership and their MLAs,Corruption,Negative,Their MLAs are being caught red-handed accepting bribes.,MLAs,accepting,bribes
81055c550b5fc559_p010,81055c550b5fc559,EVT_00695,the_hindu,The corrupt party,Corruption,Negative,"under the government of this corrupt party, an open game of looting is going on here.",Corrupt Party,causing,looting
81055c550b5fc559_p010,81055c550b5fc559,EVT_00695,the_hindu,Mr. Modi,Protest,Negative,"The situation is such that every developmental work in Punjab has come to a standstill,” alleged Mr. Modi.",Mr. Modi,alleged,Punjab's developmental work standstill
81055c550b5fc559_p011,81055c550b5fc559,EVT_00695,the_hindu,Mr. Modi,Development,Positive,"In Haryana, Mr. Modi laid the foundation stone and dedicated to the nation various development projects worth around ₹14,700 crore.",Mr. Modi,lay/found/dedicated,foundation stone and development projects
81055c550b5fc559_p011,81055c550b5fc559,EVT_00695,the_hindu,Mr. Modi,Development,Positive,"In Chandigarh, he did likewise for projects worth over ₹4,700 crore,",did,do likewise,Mr. Modi for projects
81055c550b5fc559_p011,81055c550b5fc559,EVT_00695,the_hindu,Mr. Modi,Development,Positive,"In Punjab, the projects were valued at ₹5,470 crore.",projects,valued,"₹5,470 crore"
81055c550b5fc559_p012,81055c550b5fc559,EVT_00695,the_hindu,Local Government Leaders,Corruption,Negative,"The report highlights the alarming level of corruption in local government, noting that nearly half of all officials have been caught taking bribes.",report,highlight,corruption in local government
851fbc9539137e6f_p001,851fbc9539137e6f,EVT_00695,the_times_of_india,Union education minister,Law & Order,Negative,"Priyanka Chaturvedi said, 'It was the ""right thing"" for the government to do and that students deserved credit for demanding accountability.'",Priyanka Chaturvedi,said,government to do right thing for students deserving credit
851fbc9539137e6f_p002,851fbc9539137e6f,EVT_00695,the_times_of_india,Chaturvedi,Law & Order,Negative,"Chaturvedi questioned the Centre's reluctance to act, saying the government had previously replaced ministers and should not hesitate if accountability was required.",Chaturvedi,questioned,Centre's reluctance to act
851fbc9539137e6f_p003,851fbc9539137e6f,EVT_00695,the_times_of_india,GoI (Government of India),Election Strategy,Negative,"The right thing for GoI to do is to ease out the Education Minister, and this won't be a first for them",GoI,eased out,Education Minister
851fbc9539137e6f_p004,851fbc9539137e6f,EVT_00695,the_times_of_india,The former Rajya Sabha MP,Protest,Positive,Students deserved the credit,Students,deserved,credit
851fbc9539137e6f_p005,851fbc9539137e6f,EVT_00695,the_times_of_india,Chaturvedi,Development,Positive,If it is about who gets credit for it then I'd say only the students of this country deserve it as they are the ones who fought for not just themselves but the nation's future,students,deserve,credit for fighting nation's future
851fbc9539137e6f_p006,851fbc9539137e6f,EVT_00695,the_times_of_india,Chaturvedi,Law & Order,Positive,She further argued that concerns over political credit should not come in the way of fixing accountability. Chaturvedi also that said delaying action would only increase public dissatisfaction.,She,argued,political credit
851fbc9539137e6f_p007,851fbc9539137e6f,EVT_00695,the_times_of_india,government,Corruption,Negative,blocking accountability over who gets credit and allowing discontent to fester won't help the government anyway,blocking,hinder,accountability
851fbc9539137e6f_p008,851fbc9539137e6f,EVT_00695,the_times_of_india,Dharmendra Pradhan,Protest,Negative,over the NEET-UG paper leak case,NEET-UG,leaked,Dharmendra Pradhan
9915bda412e828b7_p002,9915bda412e828b7,EVT_00902,the_times_of_india,Father Amir,Development,Positive,"Recalling the Father Amir's significant contributions as the chief architect of modern Qatar, PM paid tribute to his visionary leadership and recalled his pivotal role in strengthening India-Qatar relations over the years",PM,paid tribute to,Father Amir's leadership
9915bda412e828b7_p003,9915bda412e828b7,EVT_00902,the_times_of_india,Modi (Indian Prime Minister),Development,Positive,"""Recalled his deep affection for India, his warmth towards the Indian community in Qatar and his steadfast commitment to India-Qatar relations. His enduring legacy will continue to guide our two countries as we further strengthen our strategic partnership,"" Modi posted on X.",Recalled,affection,India
9915bda412e828b7_p005,9915bda412e828b7,EVT_00902,the_times_of_india,Indian government,Policy,Positive,"""The two leaders reaffirmed their resolve to carry forward the Father Amir's legacy and further strengthen the India-Qatar strategic partnership and people-to-people ties,"" said Indian govt, adding that the leaders agreed to remain in close touch. ",Indian govt,reaffirmed,legacy and partnership
c55184381e73ff6b_p002,c55184381e73ff6b,EVT_00941,india_today,Hasina,Protest,Negative,Hasina has been living in India since she fled Dhaka after the collapse of her government in August 2024 in the face of a massive anti-government agitation.,Hasina,fled,Dhaka
c55184381e73ff6b_p007,c55184381e73ff6b,EVT_00941,india_today,Hasina,Protest,Negative,Hasina has been living in India since she fled Dhaka after the collapse of her government in August 2024 in the face of a massive anti-government agitation.,Hasina,fled,Dhaka
c55184381e73ff6b_p008,c55184381e73ff6b,EVT_00941,india_today,Hasina,Violence,Negative,Was sentenced to death in absentia,Was sentenced,sentenced,Hasina to death
c55184381e73ff6b_p009,c55184381e73ff6b,EVT_00941,india_today,Kazi Nasim Rupak (Awami League),Law & Order,Negative,"""We are all prepared to welcome our leader back, "" Kazi Nasim Rupak, a member of the publicity sub-committee of the Awami League, told PTI Videos on Friday.",Kazi Nasim Rupak,told,PTI Videos on Friday
c55184381e73ff6b_p010,c55184381e73ff6b,EVT_00941,india_today,Muhammad Yunus,Policy,Negative,came to power following the collapse of Hasina's government.,Hasina,collapsed,government
c55184381e73ff6b_p012,c55184381e73ff6b,EVT_00941,india_today,Awami League,Prohibition/Evasion of Rights,Negative,which the Awami League was barred from contesting.,Awami League,barred,contesting
c55184381e73ff6b_p013,c55184381e73ff6b,EVT_00941,india_today,Bangladesh Nationalist Party,Development,Positive,It was the first high-level visit to India by a senior member of the new Bangladesh Nationalist Party government.,visit,made,Bangladesh Nationalist Party government
edf1eebcf1ea421c_p002,edf1eebcf1ea421c,EVT_00941,hindustan_times,Sheikh Hasina,Protest,Negative,Sheikh Hasina’s presence in India has remained an irritant in bilateral ties,Hasina,remained,irritant
edf1eebcf1ea421c_p004,edf1eebcf1ea421c,EVT_00941,hindustan_times,Hasina,Protest,Negative,Hasina has lived in self-exile since she fled Bangladesh after the sudden collapse of her government in the face of student-led protests in August 2024.,Hasina,fled,Bangladesh
edf1eebcf1ea421c_p004,edf1eebcf1ea421c,EVT_00941,hindustan_times,Muhammad Yunus and Tarique Rahman,Protest,Negative,"Her extradition was first sought by the interim administration led by Muhammad Yunus, and the demand has been repeated by the Bangladesh Nationalist Party (BNP) government led by Prime Minister Tarique Rahman.","Yunus, Rahman",sought extradition for,Her
edf1eebcf1ea421c_p007,edf1eebcf1ea421c,EVT_00941,hindustan_times,Hasina (Bangladesh Prime Minister),Policy,Negative,Hasina’s presence in India has remained an irritant in bilateral ties,Hasina,remained,irritant
edf1eebcf1ea421c_p008,edf1eebcf1ea421c,EVT_00941,hindustan_times,"Hasina (presumably referring to Sheikh Hasina Wazed, leader of the Awami League)",Violence,Negative,"However, Dhaka has been angered by Hasina’s interviews while in self-exile, including a recent one where she announced her plan to return to Bangladesh, where she faces a death sentence, in December.",Dhaka,angered,Hasina's interviews
0505b1c49455675a_p001,0505b1c49455675a,EVT_00835,hindustan_times,India,Protest,Negative,rejects Pak protest,rejects,protested,India
0505b1c49455675a_p002,0505b1c49455675a,EVT_00835,hindustan_times,PM Modi,Policy,Positive,"""condemned all forms of terrorism, 'including cross-border terrorism from Pakistan'",PM Modi,condemned,cross-border terrorism from Pakistan
0505b1c49455675a_p004,0505b1c49455675a,EVT_00835,hindustan_times,Pakistan,Violence,Negative,“strong démarche” to express its concerns to Japan through diplomatic channels.,Pakistan,expressed,concerns to Japan
0505b1c49455675a_p006,0505b1c49455675a,EVT_00835,hindustan_times,PM Modi,Violence,Negative,They also condemned the terror incident in Delhi in November 2025,They,condemned,terror incident in Delhi
0505b1c49455675a_p006,0505b1c49455675a,EVT_00835,hindustan_times,"UN Security Council Monitoring Team Report, Modi and Takaichi",Violence,Negative,which the UN Security Council Monitoring Team Report had linked to The Resistance Front (TRF),TRF,linked to,UN Security Council Monitoring Team Report
0505b1c49455675a_p006,0505b1c49455675a,EVT_00835,hindustan_times,"UN Security Council Monitoring Team Report, Modi and Takaichi",Violence,Negative,which the UN Security Council Monitoring Team Report had linked to The Resistance Front (TRF),TRF,linked to,UN Security Council Monitoring Team Report
0505b1c49455675a_p006,0505b1c49455675a,EVT_00835,hindustan_times,"UN Security Council Monitoring Team Report, Modi and Takaichi",Violence,Negative,and their proxies,Proxies,attacked,"UN Security Council Monitoring Team Report, Modi and Takaichi"
0505b1c49455675a_p008,0505b1c49455675a,EVT_00835,hindustan_times,Jaiswal,Violence,Negative,sponsoring cross-border terrorism for decades and used it as an instrument of state policy,Jaiswal,sponsoring,cross-border terrorism
0505b1c49455675a_p009,0505b1c49455675a,EVT_00835,hindustan_times,Pakistan’s foreign office,Corruption,Negative,"""baseless and politically motivated"" effort to link Islamabad to the incident.",effort,link,Islamabad to the incident
0505b1c49455675a_p010,0505b1c49455675a,EVT_00835,hindustan_times,Pakistan,Violence,Negative,"""you are well aware of Pakistan’s decades-long sponsorship and support for it, as also its continued use as an instrument of state policy""",Pakistan,sponsorship,"support for it, as also its continued use"
0505b1c49455675a_p011,0505b1c49455675a,EVT_00835,hindustan_times,Pakistan,Law & Order,Negative,"In connection with Islamabad’s rejection of charges filed by the NIA against several Kashmiri separatist leaders in connection with an incident in 1996, Jaiswal said Pakistan “has no locus standi to comment on matters which are internal to India”.",Pakistan,rejected,charges
6e4f7b02c937789c_p001,6e4f7b02c937789c,EVT_00835,india_today,India,Policy,Negative,rejects,rejects,reject,India
6e4f7b02c937789c_p001,6e4f7b02c937789c,EVT_00835,india_today,Pakistan,Protest,Negative,protest over,protest over,over,Pakistan
6e4f7b02c937789c_p002,6e4f7b02c937789c,EVT_00835,india_today,Pakistan,Violence,Negative,rejection of Islamabad's protest,Islamabad,rejected,protest
6e4f7b02c937789c_p003,6e4f7b02c937789c,EVT_00835,india_today,India,Law & Order,Positive,dismissed Pakistan's objections to a reference to cross-border terrorism in the recent India-Japan joint statement,dismissed,actioned,Pakistan's objections
6e4f7b02c937789c_p004,6e4f7b02c937789c,EVT_00835,india_today,Pakistan,Violence,Negative,"""cross-border terrorism from Pakistan""",cross-border terrorism,originated from,Pakistan
6e4f7b02c937789c_p008,6e4f7b02c937789c,EVT_00835,india_today,PM Modi,Violence,Negative,"""The two prime ministers unequivocally and strongly condemned terrorism and violent extremism in all its forms and manifestations, including cross-border terrorism from Pakistan. """,two prime ministers,condemned,terrorism and violent extremism
6e4f7b02c937789c_p008,6e4f7b02c937789c,EVT_00835,india_today,PM Modi,Violence,Negative,"""The two prime ministers condemned the Pahalgam terror attack and took note of the UN Security Council Monitoring Team linking it to The Resistance Front, described as a front for the Pakistan-based Lashkar-e-Taiba. """,Pahalgam,attack,condemned by PM Modi
6e4f7b02c937789c_p009,6e4f7b02c937789c,EVT_00835,india_today,The unnamed group or entity (implied to be a response to an incident),Violence,Negative,"They called for the perpetrators, organisers, and financiers of this reprehensible act to be brought to justice without any delay",They,called,"perpetrators, organisers, financiers"
6e4f7b02c937789c_p011,6e4f7b02c937789c,EVT_00835,india_today,India,Election Strategy,Negative,"""whenever there is an engagement with India, India forces the inclusion of such references in its joint statements, not just with Japan but also with other countries""",India,engages,Japan
6e4f7b02c937789c_p012,6e4f7b02c937789c,EVT_00835,india_today,Pakistan,Violence,Negative,"called a warrant issued by an Indian court for LeT founder Hafiz Saeed in connection with the Pahalgam attack ""politically motivated""",Indian court,issued,warrant
6e4f7b02c937789c_p012,6e4f7b02c937789c,EVT_00835,india_today,Pakistan,Violence,Negative,had sponsored cross-border terrorism for decades and used it as an instrument of state policy,Pakistan,sponsored,cross-border terrorism
6e4f7b02c937789c_p013,6e4f7b02c937789c,EVT_00835,india_today,author (likely referring to an official or government spokesperson),Violence,Negative,"""The Pahalgam terror attack took several innocent lives. You all saw its barbarity.""",Pahalgam attack,took lives,innocent people
6e4f7b02c937789c_p014,6e4f7b02c937789c,EVT_00835,india_today,Pakistan,Violence,Negative,"""you are well aware of Pakistan's decades-long sponsorship and support for it, as also its continued use as an instrument of state policy""",Pakistan,sponsorship,"decedent-long support for it, as also its continued use"
6e4f7b02c937789c_p015,6e4f7b02c937789c,EVT_00835,india_today,Pakistan,Violence,Negative,On Islamabad rejecting charges filed by the NIA against several Kashmiri separatist leaders in connection with a 1996 incident,Islamabad,rejected,charges
6e4f7b02c937789c_p015,6e4f7b02c937789c,EVT_00835,india_today,India and Japan,Policy,Positive,"Overall, India maintained that the India-Japan statement clearly set out the two countries' position on terrorism",India,maintained,position on terrorism
2001128b3cc49abb_p001,2001128b3cc49abb,EVT_00835,the_hindu,Japan,Development,Positive,provide its next-generation E10 series Shinkansen trains to India,Japan,provided,Shinkansen trains to India
2001128b3cc49abb_p002,2001128b3cc49abb,EVT_00835,the_hindu,Japan,Development,Positive,"“India-Japan discussions on the Mumbai-Ahmedabad high speed train are progressing well. Japan will provide E10 series train in the early 2030s. The train is still under development. Meanwhile, construction work is rapidly progressing.”",Japan,provide,train to India
2001128b3cc49abb_p003,2001128b3cc49abb,EVT_00835,the_hindu,Hideki Makihara (Japanese Minister),"Corruption, Development",Negative,He had also flagged concerns over the Japanese side allegedly being “excluded from the signalling system” of the high-speed network.,Japanese side,flagged concerns over,exclusion from the signalling system
2001128b3cc49abb_p004,2001128b3cc49abb,EVT_00835,the_hindu,MEA,Policy,Negative,The MEA clarified that the statement represented an ‘individual opinion’ that stands at ‘considerable variance with facts'.,clarified,stated,variance with facts
2001128b3cc49abb_p005,2001128b3cc49abb,EVT_00835,the_hindu,Japan,Development,Positive,playing a key role in the implementation of the mega project,Japan,played,key role
2001128b3cc49abb_p007,2001128b3cc49abb,EVT_00835,the_hindu,BEML Limited,Development,Positive,"""We will start off by using the indigenous train because India wants to make the Surat-Bilimora section in Gujarat operational by August 2027, and the Japanese E10 trains will only arrive in 2030,"" officials said.",India,wants,Surat-Bilimora section in Gujarat operational by August 2027
2001128b3cc49abb_p008,2001128b3cc49abb,EVT_00835,the_hindu,Railway Ministry and Siemens,Development,Positive,“The signalling equipment has been ordered accordingly and is in line with international specifications.,Railway Ministry,ordered,signalling equipment
2001128b3cc49abb_p010,2001128b3cc49abb,EVT_00835,the_hindu,Indian Railway Ministry,Development,Positive,"""The radio-based ETCS system represents a significant upgrade over legacy Second World War-era coaxial copper cable systems, which suffer from signal leakage and are highly vulnerable to localised copper cable theft,"" the Railway Ministry source said.",ETCS system,upgrades,legacy systems
2001128b3cc49abb_p011,2001128b3cc49abb,EVT_00835,the_hindu,Japanese Government,Development,Positive,such interoperability – Japanese-built Shinkansen trains running on European-style signalling network,Japanese-built Shinkansen trains,run on,European-style signalling network
2001128b3cc49abb_p012,2001128b3cc49abb,EVT_00835,the_hindu,Local Government Officials,Corruption,Negative,"The scandal exposed rampant corruption among local government officials, sparking outrage and calls for reforms.",Exposed,corruption among,local government officials
2d25bcaedb2f6f71_p001,2d25bcaedb2f6f71,EVT_00695,the_times_of_india,Rahul Gandhi,Education Reform,Negative,"Congress leader Rahul Gandhi on Friday said India's education system has reached a stage where paper leaks have become ""the norm"", alleging that the issue affects millions of students and requires a political consensus to resolve.",Rahul Gandhi,said,India's education system has reached a stage where paper leaks have become 'the norm'
2d25bcaedb2f6f71_p004,2d25bcaedb2f6f71,EVT_00695,the_times_of_india,Raebareli MP,Corruption,Negative,"more than 7.5 crore students had been affected by paper leaks over the past 10 years, with 152 cases reported but no convictions recorded.",MPs,affected,students
2d25bcaedb2f6f71_p005,2d25bcaedb2f6f71,EVT_00695,the_times_of_india,Education System,Fraud,Negative,"""From top to bottom, the entire education system is involved in paper leaks,"" he claimed, adding that ""advanced technology"" was being used to carry out such frauds.",he,claimed,paper leaks
2d25bcaedb2f6f71_p006,2d25bcaedb2f6f71,EVT_00695,the_times_of_india,Congress leader,Corruption,Negative,"crores, you can select from a menu card of paper leaks",Crores,allocated,Paper leaks
2d25bcaedb2f6f71_p007,2d25bcaedb2f6f71,EVT_00695,the_times_of_india,Rahul Gandhi,Development,Positive,stressing that all parties must implement measures to protect students.,stressing,actioned,parties to protect students
2d25bcaedb2f6f71_p010,2d25bcaedb2f6f71,EVT_00695,the_times_of_india,Educational policymakers or reform advocates,Development,Positive,"""The current exam testing system is of the 19th century; we must evolve a 21st-century system,"" the asserted.",Asserted,stated,need for evolution in exam system
2d25bcaedb2f6f71_p011,2d25bcaedb2f6f71,EVT_00695,the_times_of_india,government,Policy,Negative,proposed shifting from a government-centric to a student-centric examination framework,proposed,shift,government-centric to student-centric examination framework
2d25bcaedb2f6f71_p013,2d25bcaedb2f6f71,EVT_00695,the_times_of_india,Rahul Gandhi,Violence,Negative,violence and compensation for students affected by paper leaks,violence,experienced,Rahul Gandhi
2d25bcaedb2f6f71_p015,2d25bcaedb2f6f71,EVT_00695,the_times_of_india,Rahul Gandhi,Corruption,Negative,"No political party or organisation should have a hold on any educational institution; VCs shouldn't be from one organisation,",No one,prohibited,political party control over educational institutions
2d25bcaedb2f6f71_p016,2d25bcaedb2f6f71,EVT_00695,the_times_of_india,current education or political system,Harm,Negative,benefits a small section while harming honest students,small section,harming,honest students
2d25bcaedb2f6f71_p017,2d25bcaedb2f6f71,EVT_00695,the_times_of_india,Politician or Party,Corruption,Negative,"One per cent uses the system, follows the path of paper leaks and hurts the 99 per cent others who are honest and poor",Politician,hurts,99 per cent others
c04980d7e4a34caf_p001,c04980d7e4a34caf,EVT_00667,hindustan_times,Congress,Protest,Negative,"Cong to oppose delimitation bill, raise NEET, Ram temple issues",Congress,oppose,delimitation bill
c04980d7e4a34caf_p002,c04980d7e4a34caf,EVT_00667,hindustan_times,Congress,Corruption,Negative,"strongly oppose Constitution amendment bills related to delimitation and removal of ministers and chief ministers, if taken up during the upcoming Parliament session",Congress,oppose,Constitution amendment bills
c04980d7e4a34caf_p002,c04980d7e4a34caf,EVT_00667,hindustan_times,Congress,Protest,Negative,cornering the government over the Ram Mandir donation theft,Congress,accused,Modi of bulldozing
c04980d7e4a34caf_p003,c04980d7e4a34caf,EVT_00667,hindustan_times,The Congress,Corruption,Negative,"“strongly oppose Constitution amendment bills related to delimitation and removal of ministers and chief ministers, if taken up during the upcoming Parliament session,” while cornering the government over the Ram Mandir donation theft, NEET papers leak and the ethanol blending among other issues.",Congress,oppose,Constitution amendment bills
c04980d7e4a34caf_p004,c04980d7e4a34caf,EVT_00667,hindustan_times,INDIA bloc parties,Election Strategy,Negative,the government plans to bring a number of bills vehemently opposed by the INDIA bloc parties.,government,plans,oppose bills
c04980d7e4a34caf_p005,c04980d7e4a34caf,EVT_00667,hindustan_times,Congress,Corruption,Negative,"""the E20 scandal that is destroying cars and bikes all over India, """,Congress,accused,Modi of bulldozing
c04980d7e4a34caf_p005,c04980d7e4a34caf,EVT_00667,hindustan_times,Congress,Protest,Negative,"""including the massive theft at the Ram Temple, """,Congress,accused,Modi of bulldozing
c04980d7e4a34caf_p006,c04980d7e4a34caf,EVT_00667,hindustan_times,Venugopal,Protest,Positive,"There is widespread anger among the people. We will continue to be the voice of that anger on the floor of Parliament come 20 July,” Venugopal added.",Venugopal,announced,protest on July 20th
c04980d7e4a34caf_p007,c04980d7e4a34caf,EVT_00667,hindustan_times,Congress party,Unity and Solidarity in Politics,Positive,"""We will also make every effort to maintain the unity and solidarity of all Opposition parties.""",We,make,unity and solidarity of all Opposition parties
c04980d7e4a34caf_p009,c04980d7e4a34caf,EVT_00667,hindustan_times,Union home minister,Election Strategy,Negative,"""It now wants to reintroduce the Bill,"" he added.",Congress,reintroduced,Bill
c04980d7e4a34caf_p010,c04980d7e4a34caf,EVT_00667,hindustan_times,Ramesh (likely referring to a politician or spokesperson for a party),Election Strategy,Negative,The Congress Party has consistently maintained that it will strongly oppose the Delimitation Bill and will continue to do so.,Congress,oppose,Delimitation Bill
c04980d7e4a34caf_p011,c04980d7e4a34caf,EVT_00667,hindustan_times,The Congress,Law & Order,Negative,"“ firmly oppose” a set of key bills including the proposed Constitution Amendment Bill related to the removal of judges, the legislation to set up a new higher education regulator, amendments to the food security and FCRA laws.",Congress,oppose,key bills
c04980d7e4a34caf_p012,c04980d7e4a34caf,EVT_00667,hindustan_times,Congress,Policy,Negative,"""As far as the legislative agenda is concerned, I do not see any Bill before us that we can support,"" the Congress leader said, hardening the party’s position.",Congress,hardened,position
c04980d7e4a34caf_p013,c04980d7e4a34caf,EVT_00667,hindustan_times,The Opposition,Corruption,Negative,alleged “E20 scam”,Congress,accused,Modi
c04980d7e4a34caf_p015,c04980d7e4a34caf,EVT_00667,hindustan_times,NDA,Election Strategy,Positive,"The Opposition, which successfully stalled the Constitution amendment bill related to Delimitation in May, has to heavily depend on Samajwadi Party (SP) and its estranged ally Dravida Munnetra Kazhagam (DMK) to thwart any similar moves from the government.",Opposition,depend on,SP and DMK
c04980d7e4a34caf_p016,c04980d7e4a34caf,EVT_00667,hindustan_times,Nasser Hussain (Congress leader),Election Strategy,Positive,His statement indicates that the Congress is keeping the doors wide open for DMK and AAP to be a part of the larger Opposition plan for the upcoming session.,Congress,kept,open for DMK and AAP
c04980d7e4a34caf_p017,c04980d7e4a34caf,EVT_00667,hindustan_times,BJP,Election Strategy,Negative,Ramesh also hit out at the BJP,Ramesh,hit out at,BJP
c04980d7e4a34caf_p017,c04980d7e4a34caf,EVT_00667,hindustan_times,Amit Shah,Election Strategy,Negative,Ramesh also hit out at Amit Shah for engineering defection in the Opposition,Ramesh,hit out at,Amit Shah
c04980d7e4a34caf_p018,c04980d7e4a34caf,EVT_00667,hindustan_times,Nationalist Citizens Party of India,Election Strategy,Negative,"it is an unrecognised party, and suddenly it has become the second-largest constituent of the NDA.",NDA,became,Nationalist Citizens Party of India
c04980d7e4a34caf_p018,c04980d7e4a34caf,EVT_00667,hindustan_times,TDP,Election Strategy,Negative,The TDP has fallen from second place to third,TDP,fell,second place
c04980d7e4a34caf_p018,c04980d7e4a34caf,EVT_00667,hindustan_times,JDU,Election Strategy,Negative,The JDU has moved from third to fourth.,JDU,moved,fourth position
b7847f212776d700_p001,b7847f212776d700,EVT_00628,the_hindu,Sonam Wangchuk,Health Crisis & Medical Decisions,Negative,"""stay alive till July 20 at any cost""",anyone,recommending,stay alive till July 20 at any cost
b7847f212776d700_p003,b7847f212776d700,EVT_00628,the_hindu,Wangchuk,Supporter Rallying,Positive,"Also read | Voices from Opposition, film industry rally in Wangchuk’s support",Voices,rally,Wangchuk
b7847f212776d700_p004,b7847f212776d700,EVT_00628,the_hindu,Cockroach Janta Party,Protest,Negative,protested,Cockroach Janta Party,protested,Modi
b7847f212776d700_p004,b7847f212776d700,EVT_00628,the_hindu,Delhi Police,Violence,Negative,permanent surveillance tower and systematic photography and videography of protesters by the Delhi Police,Delhi Police, surveilled,protesters
b7847f212776d700_p005,b7847f212776d700,EVT_00628,the_hindu,Sonam Wangchuk,Innovation & Advocacy,Positive,Watch | From ice stupas to hunger strikes: The journey of Sonam Wangchuk,Watched,presented,Sonam Wangchuk's journey
b7847f212776d700_p006,b7847f212776d700,EVT_00628,the_hindu,Sonam Wangchuk,Health Crisis,Negative,Activist Sonam Wangchuk’s health condition has entered a critical stage due to his prolonged fast and the next phase could be alarming and his organs could get affected,Sonam Wangchuk,affected,health condition
82ddfa84b4b2c5cf_p001,82ddfa84b4b2c5cf,EVT_00628,hindustan_times,Sonam Wangchuk,Protest,Negative,"loses 9.5 kg weight after twenty days of hunger strike, vows to 'live till July 20 at any cost'",striker,protested,delayed July 20 event
82ddfa84b4b2c5cf_p003,82ddfa84b4b2c5cf,EVT_00628,hindustan_times,Sonam Wangchuk,Protest,Negative,Educator and climate activist Sonam Wangchuk's indefinite hunger strike entered its 20th day on Friday.,Sonam Wangchuk,entered,20th day
82ddfa84b4b2c5cf_p003,82ddfa84b4b2c5cf,EVT_00628,hindustan_times,Dharmendra Pradhan,Corruption,Negative,"He had joined the Cockroach Janata Party (CJP)'s protest at Delhi's Jantar Mantar on June 28 and has been fasting ever since, demanding the resignation of Union education minister Dharmendra Pradhan over alleged examination irregularities.",Dharmendra Pradhan,demanding,resignation
82ddfa84b4b2c5cf_p004,82ddfa84b4b2c5cf,EVT_00628,hindustan_times,Sonam Wangchuk,Protest,Negative,"""stay alive till July 20 at any cost""",Congress,accused,Modi
82ddfa84b4b2c5cf_p011,82ddfa84b4b2c5cf,EVT_00628,hindustan_times,Wangchuk,Health Crisis,Negative,"On Thursday, the doctors had reportedly warned that Wangchuk's condition had entered a critical stage due to the prolonged fast and that the next phase could be alarming.",Doctors,warned,Wangchuk's condition
82ddfa84b4b2c5cf_p012,82ddfa84b4b2c5cf,EVT_00628,hindustan_times,Sonam Wangchuk,Protest,Positive,"'Will stay alive, come back as ghost if...': Sonam Wangchuk urges support for Parliament march on July 20",Urges,supports,Parliament march
82ddfa84b4b2c5cf_p013,82ddfa84b4b2c5cf,EVT_00628,hindustan_times,Wangchuk,Life and Death,Negative,Will stay alive till July 20 at any cost…,any cost,at,stay alive
82ddfa84b4b2c5cf_p015,82ddfa84b4b2c5cf,EVT_00628,hindustan_times,Politician,Protest,Positive,"We need this energy for July 20, when we will take out a peaceful march to Parliament. We will go together and present our plea in the temple of democracy,",We,take out,a peaceful march to Parliament
82ddfa84b4b2c5cf_p016,82ddfa84b4b2c5cf,EVT_00628,hindustan_times,Politician,Violence,Negative,"""I will stay alive till July 20 at any cost. If you don't come and July 20 is not successful, I will come back as a ghost,"" he added.",Politician,quoted,threats of violence
82ddfa84b4b2c5cf_p019,82ddfa84b4b2c5cf,EVT_00628,hindustan_times,protest,Support for Protest,Positive,The protest has also drawn support from,protesters,drawn,support
82ddfa84b4b2c5cf_p020,82ddfa84b4b2c5cf,EVT_00628,hindustan_times,AAP (Arvind Kejriwal),Protest,Positive,expressed solidarity with his protest.,expressed,solidarity,protest
82ddfa84b4b2c5cf_p021,82ddfa84b4b2c5cf,EVT_00628,hindustan_times,Union education minister Pradhan,Corruption,Negative,The CJP has been demanding the resignation of Union education minister Pradhan over alleged examination irregularities.,CJP,demanding,Pradhan's resignation
82ddfa84b4b2c5cf_p022,82ddfa84b4b2c5cf,EVT_00628,hindustan_times,government/education authorities,Violence,Negative,it has also sought compensation of ₹1 crore for the families of students who allegedly died by suicide,政府,索赔,学生家属的死亡赔偿金
c1b01628b57f5585_p001,c1b01628b57f5585,EVT_00561,the_times_of_india,India's maritime regulator,Policy,Negative,ships on vessels transiting the Strait of Hormuz,ships,transiting,Strait of Hormuz
c1b01628b57f5585_p002,c1b01628b57f5585,EVT_00561,the_times_of_india,Regulator,Violence,Negative,regulator issued the advisory Wednesday night after recent incidents involving attacks on five foreign-flagged merchant vessels.,regulator,issued,advisory
c1b01628b57f5585_p002,c1b01628b57f5585,EVT_00561,the_times_of_india,Regulator,Attacks,Negative,attacks on foreign-flagged commercial ships in the West Asia region that had 30 Indian seafarers.,Regulator,attacks,foreign-flagged commercial ships
e86d2269888120ea_p001,e86d2269888120ea,EVT_00506,the_times_of_india,PM Modi,Development,Positive,flagged off India's first hydrogen-powered train.,flagged off,sent,hydrogen-powered train
e86d2269888120ea_p002,e86d2269888120ea,EVT_00506,the_times_of_india,Andy Burnham,Election Strategy,Positive,"- Andy Burnham is set to be new UK Prime Minister, takes over from Keir Starmer on Monday.",Andy Burnham,becomes,UK Prime Minister
e86d2269888120ea_p003,e86d2269888120ea,EVT_00506,the_times_of_india,BJP MLA,Protest,Negative,A BJP MLA in MP sparked controversy after refused to hear grievances of villagers from a neighbouring Assembly constituency.,MLA,refused,villagers
e86d2269888120ea_p004,e86d2269888120ea,EVT_00506,the_times_of_india,Iran-backed militia umbrella,Violence,Negative,announced a $10 million reward for anyone who 'kills' US President Donald Trump.,announced,rewarded,Iran-backed militia umbrella for killing Trump
e86d2269888120ea_p005,e86d2269888120ea,EVT_00506,the_times_of_india,India,Corruption,Negative,alleged attempt to bribe player,alleged attempt,bribe,India
e86d2269888120ea_p006,e86d2269888120ea,EVT_00506,the_times_of_india,PM Modi,Development,Positive,PM Modi flags off India's first Hydrogen-powered train,PM Modi,flags off,Hydrogen-powered train
e86d2269888120ea_p007,e86d2269888120ea,EVT_00506,the_times_of_india,Prime Minister Narendra Modi,Development,Positive,Prime Minister Narendra Modi flagged off India's first hydrogen-powered train.,Modi,flagged off,hydrogen-powered train
e86d2269888120ea_p008,e86d2269888120ea,EVT_00506,the_times_of_india,Keir Starmer,Election Strategy,Negative,"Read full storyAndy Burnham set to be new UK Prime Minister, takes over from Keir Starman on Monday",Andy Burnham,takes over,Keir Starmer
e86d2269888120ea_p009,e86d2269888120ea,EVT_00506,the_times_of_india,Andy Burnham,Election Strategy,Positive,He is set to become the next prime minister of the United Kingdom on Monday,He,become,next prime minister of the United Kingdom
e86d2269888120ea_p009,e86d2269888120ea,EVT_00506,the_times_of_india,Kier Starmer,Law & Order,Negative,"He is set to become the next prime minister of the United Kingdom on Monday, formally replacing Kier Starmer",replaced,replace,Kier Starmer
e86d2269888120ea_p010,e86d2269888120ea,EVT_00506,the_times_of_india,BJP legislator,Protest,Negative,'Go to your MLA': BJP legislator's response to water crisis sparks protest,BJP,responded,water crisis
e86d2269888120ea_p011,e86d2269888120ea,EVT_00506,the_times_of_india,BJP MLA,Protest,Negative,"telling them they were ""not his voters""",telling,accused,BSP voters
e86d2269888120ea_p011,e86d2269888120ea,EVT_00506,the_times_of_india,BJP MLA,Violence,Negative,"Later, an agitated villager placed his young child on the bonnet of the legislator's parked car in protest.",villager,placed,child on legislator's car
e86d2269888120ea_p013,e86d2269888120ea,EVT_00506,the_times_of_india,Iran-backed Iraqi militia,Violence,Negative,Whoever kills Trump ...,,,
e86d2269888120ea_p014,e86d2269888120ea,EVT_00506,the_times_of_india,Iran-backed militia,Violence,Negative,"""whoever kills the criminal Trump, or whoever eliminates him personally...""",Trump,eliminated,criminals
e86d2269888120ea_p015,e86d2269888120ea,EVT_00506,the_times_of_india,Indian Star,Corruption,Negative,arrested over alleged attempt to bribe player,Indian Star,arrested,alleged attempt to bribe player
e86d2269888120ea_p016,e86d2269888120ea,EVT_00506,the_times_of_india,Manjot Kalra,Corruption,Negative,allegations of attempting to bribe a player during the Lanka Premier League (LPL),attempted,bribe,player
29a92d364dec75f7_p001,29a92d364dec75f7,EVT_00504,hindustan_times,Sonam Wangchuk,Health & Safety Concerns,Negative,Delhi high court orders daily medical check-up for Sonam Wangchuk,Delhi high court,orders,daily medical check-up for Sonam Wangchuk
29a92d364dec75f7_p002,29a92d364dec75f7,EVT_00504,hindustan_times,Dharmendra Pradhan,Protest,Negative,"Wangchuk, 59, has been on a hunger strike since June 28 as part of a protest organised by CJP, demanding the resignation education minister Dharmendra Pradhan",Wangchuk,protested,Dharmendra Pradhan
29a92d364dec75f7_p004,29a92d364dec75f7,EVT_00504,hindustan_times,Wangchuk,Protest,Negative,"Wangchuk, 59, has been on a hunger strike since June 28 as part of a protest",Wangchuk,protested,hunger strike
29a92d364dec75f7_p004,29a92d364dec75f7,EVT_00504,hindustan_times,Cockroach Janata Party (CJP),Protest,Positive,protesting the resignation of Union education minister Dharmendra Pradhan,CJP,protesting,resignation
29a92d364dec75f7_p004,29a92d364dec75f7,EVT_00504,hindustan_times,Dharmendra Pradhan,Corruption and Policy,Negative,over alleged irregularities in competitive examinations,Dharmendra Pradhan,received,Negative sentiment score
29a92d364dec75f7_p007,29a92d364dec75f7,EVT_00504,hindustan_times,Wangchuk,Health & Care,Negative,"directions came in a petition filed by advocate Rakesh Kumar Saini seeking directions to the Centre and Delhi government to shift Wangchuk to a hospital and provide him medical treatment, including force-feeding if necessary.",Centre,directed,Wangchuk to hospital
29a92d364dec75f7_p008,29a92d364dec75f7,EVT_00504,hindustan_times,Wangchuk,Health and Safety Concerns,Negative,"It said that if the fast continues, his life could be at risk within the next two days.",It,said,fast could be at risk
29a92d364dec75f7_p009,29a92d364dec75f7,EVT_00504,hindustan_times,Centre,Health Policy,Negative,"This was after solicitor general Tushar Mehta, appearing for the Centre, assured the court that Wangchuk’s health would be monitored daily by government doctors and medical experts.",Centre,assured,court
29a92d364dec75f7_p011,29a92d364dec75f7,EVT_00504,hindustan_times,Wangchuk,Protest,Negative,"wrote a letter on Tuesday, urging Wangchuk to end his hunger strike.",wrote,urged,Wangchuk to end his hunger strike
29a92d364dec75f7_p012,29a92d364dec75f7,EVT_00504,hindustan_times,Akhilesh Yadav (Samajwadi Party),Development,Positive,"""His life is invaluable to the entire world because it embodies a commitment to humanity and the environment that is as profound as his commitment to democracy,"" Samajwadi Party chief Akhilesh Yadav said in a post on X.",Yadav,said,life is invaluable
29a92d364dec75f7_p014,29a92d364dec75f7,EVT_00504,hindustan_times,CJP (likely referring to Central Joint Secretariat or similar governing body),Corruption,Negative,recurring competitive exam paper leaks,Leaks,caused,CJP (likely referring to Central Joint Secretariat or similar governing body)
29a92d364dec75f7_p014,29a92d364dec75f7,EVT_00504,hindustan_times,The unnamed party or group demanding the reforms (likely referring to Pradhan's resignation and the CJP),Policy,Negative,"demanding a completely transparent national examination system, strict accountability for recurring competitive exam paper leaks",Congress,demanding,transparent examination system
0bd37592a12dadb3_p001,0bd37592a12dadb3,EVT_00823,the_times_of_india,Indian Council of Medical Research,Development,Positive,"Using drones to transport sputum samples from remote villages to tuberculosis (TB) testing centres can cut the time taken to diagnose the disease by nearly two-thirds while almost eliminating patients' travel costs, according to a first-of-its-kind Indian Council of Medical Research (ICMR) study conducted under its i-DRONE initiative.",drones,transported,sputum samples
0bd37592a12dadb3_p002,0bd37592a12dadb3,EVT_00823,the_times_of_india,Healthcare,Development,Positive,The study found that the median turnaround time for TB diagnosis fell from 15 days to just five days after drones replaced conventional road transport for sputum samples.,Drones,replaced,Road Transport
0bd37592a12dadb3_p002,0bd37592a12dadb3,EVT_00823,the_times_of_india,Healthcare,Development,Positive,"Average diagnostic time dropped from 16.6 days to 6.9 days, while patients' average out-of-pocket expenditure fell from Rs 9,451 to just Rs 91.",Healthcare,improved,diagnostic time and out-of-pocket expenditure
0bd37592a12dadb3_p004,0bd37592a12dadb3,EVT_00823,the_times_of_india,Government/Public Health,Development,Positive,"The intervention covered 11 primary health centres, 60 sub-centres and four TB units linked through a hub-and-spoke network coordinated from AIIMS Bibinagar.",Government,coordinated,hub-and-spoke network
0bd37592a12dadb3_p004,0bd37592a12dadb3,EVT_00823,the_times_of_india,Public Health,Development,Positive,"Instead of travelling 10-30 km to diagnostic centres, patients submitted sputum samples at their nearest health facility, from where drones transported them to laboratories equipped with CBNAAT and Truenat machines.",drones,transported,samples to laboratories
0bd37592a12dadb3_p005,0bd37592a12dadb3,EVT_00823,the_times_of_india,Public Health Researchers,Development,Positive,"Besides reducing diagnostic delays, the study found that next-day reporting of TB test results increased dramatically from 1.5% to 76.3%, while the proportion of patients waiting more than two days for results fell from 92.2% to 16.3%",Study findings,improve,TB test result reporting efficiency
0bd37592a12dadb3_p007,0bd37592a12dadb3,EVT_00823,the_times_of_india,Tuberculosis Elimination Programme (India),Development,Positive,"The study concluded that integrating drones into the National TB Elimination Programme could improve access to rapid diagnosis in rural, hilly and difficult-to-reach regions",study,concluded,integration of drones
62b117e828d29684_p002,62b117e828d29684,EVT_00716,the_times_of_india,Justice Verma Commission,Development,Positive,"The Criminal Laws Amendment Act, 2013, enacted on the Justice Verma Commissionâs recommendations after the Nirbhaya case, had widened the exception to cover all kinds of sexual acts by husbands.","Criminal Laws Amendment Act, 2013",enacted,Justice Verma Commission's recommendations
62b117e828d29684_p004,62b117e828d29684,EVT_00716,the_times_of_india,The Centre (Government),Law & Order,Negative,"It said Parliament consciously created the exception and treating marital sex as rape would be disproportionate, while acknowledging a husband has no right to violate his wifeâs consent.",Parliament,created,exception
2f94edff6ea7fb80_p005,2f94edff6ea7fb80,EVT_00695,the_times_of_india,Congress party,Rescue Operation,Positive,rescued the Congress leader and the others trapped,Congress,rescued,leader and others
2f94edff6ea7fb80_p007,2f94edff6ea7fb80,EVT_00695,the_times_of_india,Fire and Rescue Services personnel,Service Delivery,Positive,He later felicitated the Fire and Rescue Services personnel for their swift response.,He,felicitated,Fire and Rescue Services personnel
5439488a13655e8a_p002,5439488a13655e8a,EVT_00695,the_hindu,Kerala Fire and Rescue Services,Rescue Operations,Positive,The firefighters managed to open the lift and safely rescue the MP and other passengers who were trapped for nearly 30 minutes.,Firefighters,rescue,passengers
5439488a13655e8a_p003,5439488a13655e8a,EVT_00695,the_hindu,Fire and Rescue Services personnel,Emergency Response and Support,Positive,"""The fire force arrived within five minutes of being called, and I sincerely thank them,"" he said.",fire force,arrived,five minutes
5439488a13655e8a_p004,5439488a13655e8a,EVT_00695,the_hindu,Local Government Officials,Corruption,Negative,Local officials have been accused of accepting bribes in exchange for favorable treatment.,Local officials,accepted bribes,for favorable treatment
eb4b51b99d97c5ab_p003,eb4b51b99d97c5ab,EVT_00933,hindustan_times,Trump Administration,Policy,Negative,"bar foreign students, exchange visitors and journalists from remaining in the country indefinitely.",Trump Administration,ban,"foreign students, exchange visitors and journalists"
eb4b51b99d97c5ab_p004,eb4b51b99d97c5ab,EVT_00933,hindustan_times,US Department of Homeland Security,Policy,Negative,The US Department of Homeland Security announced on Thursday that it will begin implementing stricter rules from September to prevent foreign students from staying in the country for more than four years unless they get permission from the federal government.,Announced,implementing,stricter rules
eb4b51b99d97c5ab_p007,eb4b51b99d97c5ab,EVT_00933,hindustan_times,US Government,Policy,Negative,"The tightening of visa rules for foreign students and exchange visitors will end a decades-old policy that allowed them to stay in the US indefinitely, and the move is expected to affect a large number of Indian nationals.",tightening,affect,US visa policy for students
eb4b51b99d97c5ab_p007,eb4b51b99d97c5ab,EVT_00933,hindustan_times,US Government,Law & Order,Negative,The tightening of visa rules for foreign students and exchange visitors will end a decades-old policy that allowed them to stay in the US indefinitely.,tightening,implemented,visa rules for foreign students and exchange visitors
eb4b51b99d97c5ab_p008,eb4b51b99d97c5ab,EVT_00933,hindustan_times,US Department of Homeland Security,Law & Order,Negative,"""allowed ‘thousands to abuse our immigration system by perpetually enrolling in courses to avoid having to leave the US’""",allowed,perpetually abuse,immigration system
eb4b51b99d97c5ab_p012,eb4b51b99d97c5ab,EVT_00933,hindustan_times,US Senate,"Election Strategy, Policy",Negative,new version of the bill unveiled by US senators this week envisages a 100% tariff on the top five third-party buyers of Russian oil and natural gas.,US Senate,impose,tariffs on buyers
8ef279b22aa0286c_p001,8ef279b22aa0286c,EVT_00496,deccan_herald,Election Commission,Development,Positive,The Election Commission's Special Intensive Revision (SIR) of electoral rolls is underway in five States,Election Commission,undertaking,SIR of electoral rolls in States
3f1697d8b5cc5c15_p001,3f1697d8b5cc5c15,EVT_00516,the_times_of_india,Cockroach Janata Party (CJP),Protest,Positive,protest seeking Union education minister Dharmendra Pradhan's resignation over alleged irregularities in the NEET examination,CJP,protested,regulations
3f1697d8b5cc5c15_p001,3f1697d8b5cc5c15,EVT_00516,the_times_of_india,Kunal Kamra and Chandrashekhar Azad,Protest,Positive,joined demonstrators at Delhi's Jantar Mantar,joined,protest,demonstrators
3f1697d8b5cc5c15_p002,3f1697d8b5cc5c15,EVT_00516,the_times_of_india,CJP (People's Democratic Party or a similar organization),Protest,Negative,The CJP-led agitation itself has continued for 25 days.,CJP-led agitation,continued,25 days
3f1697d8b5cc5c15_p003,3f1697d8b5cc5c15,EVT_00516,the_times_of_india,Bhim Army Chief,Protest,Positive,Your presence has lifted the spirits of the students who have been protesting for the past 25 days.,presence,lifted,spirits
3f1697d8b5cc5c15_p004,3f1697d8b5cc5c15,EVT_00516,the_times_of_india,CJP (Citizens' Joint Programme),Protest,Positive,"""Tomorrow, July 16th, join us for 1-day mass hunger strike in solidarity with Sonam Wangchuk and the students of this country,"" it said.",,,
3f1697d8b5cc5c15_p005,3f1697d8b5cc5c15,EVT_00516,the_times_of_india,Shashi Tharoor,Protest,Positive,"described himself as ""deeply troubled"" by the challenges facing young Indians.",Shashi Tharoor,described himself as,"""deeply troubled"" by the challenges facing young Indians"
3f1697d8b5cc5c15_p006,3f1697d8b5cc5c15,EVT_00516,the_times_of_india,Tharoor,Education Reform,Positive,"Recalling his own middle-class upbringing, Tharoor said his education had depended on a fair and merit-based examination system.",Tharoor,recalled,middle-class upbringing
3f1697d8b5cc5c15_p007,3f1697d8b5cc5c15,EVT_00516,the_times_of_india,Politician (unnamed in text),Development,Positive,"""For a family like ours, merit was not a slogan. Scholarships, fair examinations, honest results — these were the only way one salary could carry three children's dreams,"" he wrote.",Family,expressed,merit through education and examinations
3f1697d8b5cc5c15_p009,3f1697d8b5cc5c15,EVT_00516,the_times_of_india,Wangchuk,Health Crisis/Political Protest,Negative,his health was vital for the movement,his health,vital,the movement
3f1697d8b5cc5c15_p010,3f1697d8b5cc5c15,EVT_00516,the_times_of_india,Wangchuk,Protest,Positive,"Veteran actor Shabana Azmi shared a message on Instagram, urging Wangchuk to prioritise his health while continuing his campaign for justice.",Azmi,shared,message on Instagram
3f1697d8b5cc5c15_p011,3f1697d8b5cc5c15,EVT_00516,the_times_of_india,unknown politician or party,Inspiration and Support during a Protest/Struggle,Positive,We are proud of you. We stand with you.,We,stand with,you
3f1697d8b5cc5c15_p012,3f1697d8b5cc5c15,EVT_00516,the_times_of_india,Sonam Wangchuk,Health & Wellbeing,Negative,Please do not leave us in this way. Please live to fight another day. Please stay.,Others,urged,Sonam Wangchuk to survive and fight again
3f1697d8b5cc5c15_p013,3f1697d8b5cc5c15,EVT_00516,the_times_of_india,government,Protest,Negative,"describing Wangchuk as a ""braveheart""",Government,praised,Wangchuk
3f1697d8b5cc5c15_p014,3f1697d8b5cc5c15,EVT_00516,the_times_of_india,Political Leaders,Protest,Negative,Only a man as empathetic and a believer of truth and justice has the courage to do that.,man,has courage,do that
3f1697d8b5cc5c15_p015,3f1697d8b5cc5c15,EVT_00516,the_times_of_india,Powers To Be,Violence,Negative,the silence from the powers to be is deafening,powers to be,silence,silence
3f1697d8b5cc5c15_p016,3f1697d8b5cc5c15,EVT_00516,the_times_of_india,India government,Protest,Negative,appeals come a day after veteran actor Zeenat Aman urged the government to begin a dialogue with Wangchuk,Aman,urged,government to dialogue
3f1697d8b5cc5c15_p016,3f1697d8b5cc5c15,EVT_00516,the_times_of_india,India,Protest,Negative,veteran actor Zeenat Aman urged the government to begin a dialogue with Wangchuk saying India should not 'sit back and watch',Zeant Aman,urged,government to dialogue with Wangchuk
3f1697d8b5cc5c15_p017,3f1697d8b5cc5c15,EVT_00516,the_times_of_india,Sonam,Healthcare,Negative,Sonam's health matter of concern,health,concerned,Sonam
3f1697d8b5cc5c15_p018,3f1697d8b5cc5c15,EVT_00516,the_times_of_india,Wangchuk,Health & Medicine,Negative,"According to the latest medical updates on Wangchuk's health, issued by the CJP, he ""very weak"" and is under round-the-clock medical observation.",CJP,issued,medical updates on Wangchuk's health
b2699b714d86b5f6_p002,b2699b714d86b5f6,EVT_00821,hindustan_times,Skyroot Aerospace,Development,Positive,Vikram-1 will become India’s first private orbital rocket,India,launches,Vikram-1 rocket
b2699b714d86b5f6_p003,b2699b714d86b5f6,EVT_00821,hindustan_times,Indian Space Program,Development,Positive,"India’s first privately developed orbital rocket, Vikram-1",India,developed,Vikram-1 rocket
b2699b714d86b5f6_p004,b2699b714d86b5f6,EVT_00821,hindustan_times,Skyroot Aerospace,Development,Positive,"""The clearance of Vikram-1 for flight following rigorous testing is a defining milestone in India’s space journey. This first test flight marks the beginning of Skyroot's aspiration to open space for all,"" Skyroot Aerospace co-founder and CEO Pawan Kumar Chandana said.",Pawan Kumar Chandana,said,Vikram-1 test flight milestone for India's space journey
b2699b714d86b5f6_p006,b2699b714d86b5f6,EVT_00821,hindustan_times,India's Private Sector,Development,Positive,"""marks the arrival of India’s private sector in the global launch business""",India's private sector,arrive,global launch business
b2699b714d86b5f6_p007,b2699b714d86b5f6,EVT_00821,hindustan_times,Skyroot,Development,Positive,"The mission will gather data across propulsion, stage separation, guidance, navigation, control and overall vehicle performance",Gathered,data,"Propulsion, stage separation, guidance, navigation, control and overall vehicle performance"
b2699b714d86b5f6_p008,b2699b714d86b5f6,EVT_00821,hindustan_times,Vikram-1 Rocket,Technology Development,Positive,"Also Read | Meet Vikram-1, an indigenous rocket with height of a 7-storey building",an indigenous rocket,received,Positive sentiment score
b2699b714d86b5f6_p009,b2699b714d86b5f6,EVT_00821,hindustan_times,Space Technology Incubation,Development,Positive,"Grahaa Space, a Bengaluru-based space start-up incubated at the Indian Institute of Space Science and Technology",Grahaa Space,incubated,Indian Institute of Space Science and Technology
b2699b714d86b5f6_p009,b2699b714d86b5f6,EVT_00821,hindustan_times,In-orbit Debris Clearance,Development,Positive,an in-orbit debris-clearing robotic arm called Embrace developed by Hyderabad-based start-up Cosmoserve Space,Cosmoserve Space,developed,Embrace robotic arm
b2699b714d86b5f6_p009,b2699b714d86b5f6,EVT_00821,hindustan_times,Space Art,Development,Positive,"Cosmos Diamonds’ artwork, ‘Cosmic Bloom’, will also fly alongside the payloads.",Cosmos Diamonds,featured,‘Cosmic Bloom’ in space payload
b2699b714d86b5f6_p012,b2699b714d86b5f6,EVT_00821,hindustan_times,Naga Bharath Daka,Development,Positive,"""The launch represents the hopes and hard work of around 1,000 people, the contributions of over 400 suppliers, and nearly 3,000 days of resolve to build a global offering from India,"" said Naga Bharath Daka, co-founder and COO, Skyroot Aerospace.",Naga Bharath Daka,said,launch represents hopes and hard work
b2699b714d86b5f6_p013,b2699b714d86b5f6,EVT_00821,hindustan_times,Mission Aagaman,Development,Positive,Mission Aagaman will be the second mission by the Hyderabad-based private space launch company,Mission Aagaman,be,second mission
b2699b714d86b5f6_p014,b2699b714d86b5f6,EVT_00821,hindustan_times,Hindustan Times,Development,Positive,"In 2012, she was awarded 'The Press Club Award for Excellence in Journalism' (Political category) for reports on Goa mining scam.",Hindustan Times,awarded,Press Club Award for Excellence in Journalism
d1e9f148e7b77d74_p001,d1e9f148e7b77d74,EVT_00827,the_times_of_india,Union education minister Dharmendra Pradhan,Policy,Negative,removal over the NEET fiasco.,Congress,accused,Modi of bulldozing
d1e9f148e7b77d74_p001,d1e9f148e7b77d74,EVT_00827,the_times_of_india,Rakesh Tikait and his followers,Protest,Positive,reaching New Delhi's Jantar Mantar with around 500 farmers,Rakesh Tikait,reaching,Jantar Mantar
d1e9f148e7b77d74_p001,d1e9f148e7b77d74,EVT_00827,the_times_of_india,Dharmendra Pradhan and the Union government,Policy,Negative,against the Centre and adding to the demand for,Centre,adding to,demand for opposition criticism
d1e9f148e7b77d74_p002,d1e9f148e7b77d74,EVT_00827,the_times_of_india,Wangchuk,Health Crisis,Negative,his health has become increasingly fragile,Health,become,fragile
d1e9f148e7b77d74_p003,d1e9f148e7b77d74,EVT_00827,the_times_of_india,Tikait,Support,Positive,"Welcoming Tikait's support, the Cockroach Janta Party (CJP) posted on X, ""jhukti hai sarkaar, jhukane wala chahiye!""",CJP,posted on X,Tikait's support
d1e9f148e7b77d74_p004,d1e9f148e7b77d74,EVT_00827,the_times_of_india,Protest,Development,Positive,The protest also received backing from several opposition leaders and parties on Thursday.,protesters,received backing from,leaders and parties
d1e9f148e7b77d74_p005,d1e9f148e7b77d74,EVT_00827,the_times_of_india,Congress,Election Strategy,Positive,reaching out to Wangchuk and urging him to end his indefinite fast while assuring him that the party would continue to demand Dharmendra Pradhan's removal.,Congress,urged,Wangchuk to end fast
d1e9f148e7b77d74_p006,d1e9f148e7b77d74,EVT_00827,the_times_of_india,Wangchuk,Protest,Negative,appeal came on the 19th day of Wangchuk's hunger strike,Congress,accused,Modi
d1e9f148e7b77d74_p007,d1e9f148e7b77d74,EVT_00827,the_times_of_india,Congress,Corruption,Negative,"""we share the anguish and outrage the Wangchuk feels, especially due to the lack of accountability within the Modi Govt - for the collapse of the examination system in particular.""",Congress,accuse,Modi of corruption
d1e9f148e7b77d74_p008,d1e9f148e7b77d74,EVT_00827,the_times_of_india,Sachin Pilot,Protest,Positive,"""The ordeal faced by students and their families due to the paper leak and various irregularities has shaken everyone.""",The ordeal,shaken,everyone
d1e9f148e7b77d74_p008,d1e9f148e7b77d74,EVT_00827,the_times_of_india,Rahul Gandhi,Corruption,Negative,"""The ordeal faced by students and their families due to the paper leak and various irregularities has shaken everyone.""",students and families,affected by,paper leak and irregularities
d1e9f148e7b77d74_p009,d1e9f148e7b77d74,EVT_00827,the_times_of_india,Rahul Gandhi ji and our party,Law & Order,Positive,No injustice of any kind will be tolerated against them.,No injustice,tolerated against,Rahul Gandhi ji and our party
d1e9f148e7b77d74_p010,d1e9f148e7b77d74,EVT_00827,the_times_of_india,Delhi chief minister,Election Strategy,Positive,"Earlier in the day, former Delhi chief minister",Congress,accused,Modi of bulldozing
d1e9f148e7b77d74_p012,d1e9f148e7b77d74,EVT_00827,the_times_of_india,Kejriwal,Election Strategy,Positive,demanded the resignation of Dharmendra Pradhan and went a step further by backing Wangchuk as his replacement.,Kejriwal,backed,Wangchuk as Pradhan's replacement
d1e9f148e7b77d74_p013,d1e9f148e7b77d74,EVT_00827,the_times_of_india,NECB (National Eligibility cum Entrance Test Board) or similar government entity,Violence,Negative,"""When the NEET paper leaked, 20 students committed suicide...""",NEET paper,leaked,20 student suicides
d1e9f148e7b77d74_p013,d1e9f148e7b77d74,EVT_00827,the_times_of_india,NECB (National Eligibility cum Entrance Test Board) or similar government entity,Policy Failure,Negative,"""no action was taken against the company involved""",No one,did not take action against,the company involved
d1e9f148e7b77d74_p014,d1e9f148e7b77d74,EVT_00827,the_times_of_india,Sonam Wangchuk,Promotion and Social Engagement,Positive,"""I want to tell the government: either listen to the voice of the youth, or these very young people will throw you out of power in 2029...""",youth,tell,government to listen
d1e9f148e7b77d74_p014,d1e9f148e7b77d74,EVT_00827,the_times_of_india,Government,Arrogance and Resistance,Negative,"""It appears the government is consumed by arrogance.""",government,consumed,arrogance
d1e9f148e7b77d74_p015,d1e9f148e7b77d74,EVT_00827,the_times_of_india,Samajwadi Party,Protest,Positive,"Earlier in the day, Samajwadi Party MP Dimple Yadav also extended support to Wangchuk's protest and visited Jantar Mantar.",Samajwadi Party MP Dimple Yadav,supported,Wangchuk's protest
d1e9f148e7b77d74_p016,d1e9f148e7b77d74,EVT_00827,the_times_of_india,protest,"Solidarity, Support for Protesters",Positive,Stand-up comedian Kunal Kamra and actors Swara Bhaskar and Prakash Raj visited Jantar Mantar to express solidarity with Sonam Wangchuk.,Kunal Kamra,visited,Jantar Mantar
d1e9f148e7b77d74_p017,d1e9f148e7b77d74,EVT_00827,the_times_of_india,Doctors and Wangchuk's condition,Health Concerns,Negative,his condition continues to worsen,condition,worsen,patient
d1e9f148e7b77d74_p018,d1e9f148e7b77d74,EVT_00827,the_times_of_india,Cockroach Janta Party,Protest,Positive,protest organised by the Cockroach Janta Party (CJP),CJP,organised,protest
d1e9f148e7b77d74_p019,d1e9f148e7b77d74,EVT_00827,the_times_of_india,Wangchuk,Health Crisis,Negative,"During a medical briefing, Dr Lamba said Wangchuk has lost more than 9 kg and now weighs 56.9 kg. His condition is being monitored round the clock by a team of doctors.",Dr Lamba,said,Wangchuk's condition
d1e9f148e7b77d74_p021,d1e9f148e7b77d74,EVT_00827,the_times_of_india,Wangchuk,Health and Welfare Issues,Negative,"Doctors said Wangchuk remains hydrated and mentally alert, but medical tests show that his body has entered the second stage of prolonged starvation",Doctors,showed,starvation condition
a9c4a5e44917c0ae_p001,a9c4a5e44917c0ae,EVT_00923,the_times_of_india,Gujarat Anti-Terrorism Squad,Law & Order,Negative,NEW DELHI: The Gujarat Anti-Terrorism Squad (ATS) has arrested five more people allegedly linked to Pakistan-based,Critics,accused,Gujarat ATS
a9c4a5e44917c0ae_p002,a9c4a5e44917c0ae,EVT_00923,the_times_of_india,Jaish-e-Mohammed,Violence,Negative,Jaish-e-Mohammad (JeM),JeM,received,Negative sentiment score
a9c4a5e44917c0ae_p003,a9c4a5e44917c0ae,EVT_00923,the_times_of_india,Officials,Law & Order,Negative,officials said,officials,said,Law & Order issues
a9c4a5e44917c0ae_p004,a9c4a5e44917c0ae,EVT_00923,the_times_of_india,Judicial Magistrate R M Bhatia,Law & Order,Negative,"The five were produced before Judicial Magistrate R M Bhatia at Kadi in Mehsana district, who remanded them in ATS custody until July 24.",Magistrate,remanded,five individuals
a9c4a5e44917c0ae_p005,a9c4a5e44917c0ae,EVT_00923,the_times_of_india,Indian authorities,Violence,Negative,The arrests have brought the number of accused held in connection with the alleged module to 13 after eight alleged JeM operatives were arrested on July 3.,arrested,hold,13 accused
a9c4a5e44917c0ae_p006,a9c4a5e44917c0ae,EVT_00923,the_times_of_india,Public Prosecutor PR Dantani,Violence,Negative,"Bomb-making material and JeM literature in Urdu were yet to be recovered, he said.",,,
a9c4a5e44917c0ae_p007,a9c4a5e44917c0ae,EVT_00923,the_times_of_india,Politician/Party,Violence,Negative,It was revealed that one of the accused had tried to make a time bomb.,one,tried,make a time bomb
a9c4a5e44917c0ae_p007,a9c4a5e44917c0ae,EVT_00923,the_times_of_india,Politician/Party,Corruption,Negative,He also possessed that literature.,He,possessed,literature
a9c4a5e44917c0ae_p010,a9c4a5e44917c0ae,EVT_00923,the_times_of_india,Prosecutor,Violence,Negative,"The prosecutor further said one of the eight people arrested earlier, identified as Amin, had allegedly supplied JeM material to the newly arrested accused, while another accused was aware of the method of making bombs.",prosecutor,said,violence
a9c4a5e44917c0ae_p011,a9c4a5e44917c0ae,EVT_00923,the_times_of_india,Gujarat ATS (State Security Force),Violence,Negative,The ATS had alleged that the accused were working on behalf of JeM to establish an active network in Gujarat to further the outfit's terror activities.,ATS,alleged,"JeM, Gujarat's terror activities"
a9c4a5e44917c0ae_p012,a9c4a5e44917c0ae,EVT_00923,the_times_of_india,police or law enforcement,Law & Order,Negative,The eight arrested earlier,police,arrested,eight
a9c4a5e44917c0ae_p013,a9c4a5e44917c0ae,EVT_00923,the_times_of_india,Gujarat ATS,Violence,Negative,"A case was registered against them under Sections 13, 17, 18, 38 and 39 of the Unlawful Activities (Prevention) Act and Sections 148 and 61 of the Bharatiya Nyaya Sanhita",Gujarat ATS,registered against,under Unlawful Activities Act and Bharatiya Nyaya Sanhita
a93b106eeacbc103_p001,a93b106eeacbc103,EVT_00922,india_today,Supreme Court,Policy,Positive,"Second-class should describe coaches, not passengers: Supreme Court tells railways",Supreme Court,tells,railways
a93b106eeacbc103_p002,a93b106eeacbc103,EVT_00922,india_today,Railways,Law & Order,Negative,"'discontinue the term 'second-class passenger', saying such terminology reflects historical class divisions in society and is contrary to the Constitution's spirit of equality and dignity'",Congress,accused,Modi of bulldozing
a93b106eeacbc103_p008,a93b106eeacbc103,EVT_00922,india_today,Supreme Court,Law & Order,Positive,The Supreme Court overturned those decisions and awarded compensation of Rs 8 lakh to the widow.,Supreme Court,overturned,decisions
a93b106eeacbc103_p010,a93b106eeacbc103,EVT_00922,india_today,Indian Railways,Development,Positive,"the organisation, despite its colonial origins, has evolved into one of the country's most important public institutions and is among the largest employers in India.",organisation,evolved,public institution
a93b106eeacbc103_p010,a93b106eeacbc103,EVT_00922,india_today,Indian Railways,Employment,Positive,employs around 12.3 lakh people,Indian Railways,employs,12.3 lakh people
a93b106eeacbc103_p010,a93b106eeacbc103,EVT_00922,india_today,Indian Railways,Infrastructure,Positive,"operates nearly 13,940 passenger trains across more than 69,000 km of track",Indian Railways,operates,passenger trains
a93b106eeacbc103_p010,a93b106eeacbc103,EVT_00922,india_today,Indian Railways,Passenger Volume,Positive,carried over 7.2 billion passengers in 2024-25.,Indian Railways,carried,7.2 billion passengers
83ca51dfaa9c41e9_p001,83ca51dfaa9c41e9,EVT_00516,the_times_of_india,Activists,Protest,Negative,Three activists on an indefinite hunger strike at Jantar Mantar have seen their health deteriorate further,activists,hunger strike,health deterioration
83ca51dfaa9c41e9_p002,83ca51dfaa9c41e9,EVT_00516,the_times_of_india,Neha,Health Crisis,Negative,"In a statement, AISA said Neha's blood sugar level has fallen to a critically low level",AISA,said,Neha's blood sugar level
83ca51dfaa9c41e9_p002,83ca51dfaa9c41e9,EVT_00516,the_times_of_india,"Aameen, Manish and others (group)",Health Crisis,Negative,"In a statement, AISA said Neha's blood sugar level has fallen to a critically low level",AISA,stated,Neha's blood sugar level
83ca51dfaa9c41e9_p003,83ca51dfaa9c41e9,EVT_00516,the_times_of_india,Protest Movement,Protest,Positive,Political support grows for protest.,Political support,grows for,protest
83ca51dfaa9c41e9_p004,83ca51dfaa9c41e9,EVT_00516,the_times_of_india,AISA (All India Secular Alliance) activists,Solidarity and Support,Positive,stood by her when she was denied justice,stood by,support,her
83ca51dfaa9c41e9_p005,83ca51dfaa9c41e9,EVT_00516,the_times_of_india,Pawan Khera,Solidarity,Positive,"Congress leader Pawan Khera, NCP (SP) MP Supriya Sule, former Haryana deputy chief minister Dushyant Chautala, Digvijay Chautala and Congress leader Rajendra also visited the site and expressed solidarity.",Pawan Khera et al.,visited and expressed solidarity with,site
83ca51dfaa9c41e9_p006,83ca51dfaa9c41e9,EVT_00516,the_times_of_india,"AISA activists, Cockroach Janta Party",Protest,Negative,"The protesters are demanding action over alleged irregularities in competitive examinations, including the resignation of Union Education Minister Dharmendra Pradhan, a judicial probe and wider education reforms.",protesters,demanding,action
f7de39866473543d_p001,f7de39866473543d,EVT_00923,theprint,Aam Aadmi Party (AAP),Corruption,Negative,"The Enforcement Directorate (ED) has carried out searches at 17 premises, including that of an alleged Aam Aadmi Party (AAP) functionary in Pathankot district.",ED,searched,AAP premises
f7de39866473543d_p002,f7de39866473543d,EVT_00923,theprint,AAP (Aam Aadmi Party),Protest,Negative,"The searches were carried out Thursday and Friday at mining firms and stone crushers in and around the Pathankot border district, as well as residential premises in Pathankot, Amritsar, and Gurdaspur linked to alleged AAP functionary Vijay Kataruchak.",Congress,accused,Modi of bulldozing
f7de39866473543d_p003,f7de39866473543d,EVT_00923,theprint,Vijay Kataruchak,Corruption,Negative,"According to the Opposition and ED sources, Vijay Kataruchak is a close associate of AAP minister Lal Chand Kataruchak. He has been found to be involved in providing protection to the mining firms and their owners.",ED sources,state,corruption allegations against Kataruchak
f7de39866473543d_p004,f7de39866473543d,EVT_00923,theprint,Kuldeep Singh (retired assistant development commissioner),Corruption,Negative,"He was booked by the state's anti-corruption agency on charges of passing an order granting approximately 92 acres of panchayat land, located a few kilometres from the international border, to seven women days before his retirement.",state's anti-corruption agency,booked,Kuldeep Singh (retired assistant development commissioner)
f7de39866473543d_p005,f7de39866473543d,EVT_00923,theprint,Mining Activities,Violation of Orders / Enforcement Failure,Negative,Sources in the agency said that the mining activities continued unabated,Sources,said,Mining Activities continued unabated
f7de39866473543d_p006,f7de39866473543d,EVT_00923,theprint,AAP (Aam Aadmi Party) Government,Corruption,Negative,"The latest wave of the central agency’s raids in the state, including searches in the Kataruchak village of AAP MLA Lal Chand Kataruchak",agency,raided,AAP MLA Lal Chand Kataruchak
f7de39866473543d_p007,f7de39866473543d,EVT_00923,theprint,Kataruchak (minister),Corruption,Negative,"During the inquiry in 2023, it was found that Kataruchak, the minister, had recommended Kuldeep Singh for the post of ADC to his cabinet colleague, Kuldeep Singh Daliwal, through a demi-official letter.",Kataruchak,recommended,Singh for ADC post
f7de39866473543d_p008,f7de39866473543d,EVT_00923,theprint,Politician,Corruption,Negative,'Fraudulent transfer a day before retirement',Fraudulent transfer,committed,before retirement
f7de39866473543d_p009,f7de39866473543d,EVT_00923,theprint,"Finance Commissioner, Village Development and Panchayat",Corruption,Negative,"created a committee of two inquiry officers, which found that Singh had passed the order in favour of the seven women",Singh,passed,order for women
f7de39866473543d_p011,f7de39866473543d,EVT_00923,theprint,Singh,Development,Positive,their plea was approved only when Singh took charge as development commissioner in the district,Singh,took charge,development commissioner
f7de39866473543d_p012,f7de39866473543d,EVT_00923,theprint,Singh,Fraud,Negative,"Based on the inquiry report, the Special Secretary of Development and the Panchayat Officer of the government approached the Vigilance Bureau seeking a case against Singh","Special Secretary, Panchayat Officer",approached,Vigilance Bureau
f7de39866473543d_p013,f7de39866473543d,EVT_00923,theprint,illegal mining practices,Corruption,Negative,"The village of Gol (where the 92 acres were allotted) is located in the lower basin of the Ravi River, along the border with Pakistan, and has been a hotbed of illegal mining over the years",illegal mining practices,occurred,village of Gol
d87359561e9b1b57_p001,d87359561e9b1b57,EVT_00962,indian_express,BJP,NDA Entry,Positive,"Inside BJP’s plan for NCP: Merger, two Cabinet berths, NDA entry",BJP,entered,NDA
d87359561e9b1b57_p002,d87359561e9b1b57,EVT_00962,indian_express,Sunetra Pawar,Election Strategy,Positive,want the finance portfolio as well as the NCP national president post,Sunetra Pawar,want,finance portfolio and NCP post
d87359561e9b1b57_p002,d87359561e9b1b57,EVT_00962,indian_express,"Sunil Tatkare, Praful Patel, and Chhagan Bhujal",Election Strategy,Negative,want power-sharing to be more inclusive,want,did,power-sharing to be more inclusive
d87359561e9b1b57_p003,d87359561e9b1b57,EVT_00962,indian_express,BJP,Election Strategy,Positive,stepping up its efforts to muster up the numbers in Parliament for the passage of the Constitution Amendment Bills on rolling out the Women’s Reservation Act and the Delimitation Bill,BJP,mustered,numbers
d87359561e9b1b57_p005,d87359561e9b1b57,EVT_00962,indian_express,BJP's top leadership,Election Strategy,Positive,"""The leadership has objected to the idea of our allies merging with the BJP.""
",领导层,反对,合并提议
d87359561e9b1b57_p006,d87359561e9b1b57,EVT_00962,indian_express,BJP (Indian National Congress),Protest,Negative,sections in the party about what is seen as the “sidelining” of long-time workers,party,siding with,BJP
d87359561e9b1b57_p009,d87359561e9b1b57,EVT_00962,indian_express,NCP-SP,Election Strategy,Negative,the other side (NCP-SP) is unlikely to agree,other side,is unlikely to agree,NCP-SP
d87359561e9b1b57_p010,d87359561e9b1b57,EVT_00962,indian_express,Narendra Modi government,Law & Order,Positive,"The NCP’s entry into the NDA will bring the Narendra Modi government closer to a two-thirds majority in Parliament, which is a requirement for the passage of Constitutional amendment bills.",NCP,entered,NDA
d87359561e9b1b57_p011,d87359561e9b1b57,EVT_00962,indian_express,Opposition party,Political Maneuvering,Negative,"Since then, 37 Lok Sabha and Rajya Sabha MPs from four Opposition parties have defected to the ruling side",Opposition parties,defected to,ruling side
d87359561e9b1b57_p012,d87359561e9b1b57,EVT_00962,indian_express,"NDA, BJP, NCP",Development,Positive,The NCA (SP) is likely to back the Delimitation Bill if the government incorporates the proposed 50% pro-rata model.,NCA,back,Delimitation Bill
fdf94efe6618d2b9_p001,fdf94efe6618d2b9,EVT_00962,theprint,BJP's central leadership,Policy,Positive,The BJP’s central leadership is keen on bringing in the two NCP factions—NCP and NCP (Sharadchandra Pawar)—as a single entity within the NDA fold,BJP's central leadership,keen on,integration of NCP factions into NDA
fdf94efe6618d2b9_p002,fdf94efe6618d2b9,EVT_00962,theprint,BJP (Bharatiya Janata Party),Election Strategy,Positive,the party’s central leadership favours retaining the ‘united’ NCP as a separate entity within the NDA.,party’s central leadership,favours,retaining the 'united' NCP
fdf94efe6618d2b9_p005,fdf94efe6618d2b9,EVT_00962,theprint,BJP (Indian political party),Election Strategy,Positive,willing to offer one berth each in Prime Minister Narendra Modi’s Council of Ministers,BJP,offered,berths in Council of Ministers
fdf94efe6618d2b9_p008,fdf94efe6618d2b9,EVT_00962,theprint,Sharad Pawar,Election Strategy,Negative,seeming reluctant,Critics,described,Sharad Pawar as seeming reluctant
fdf94efe6618d2b9_p009,fdf94efe6618d2b9,EVT_00962,theprint,BJP,Electoral Strategy,Positive,"Another reason the BJP is looking at inducting the united NCP into its fold is that it would bring electoral dominance—41 MLAs from the Ajit Pawar faction, combined with the grassroots appeal of Sharad Pawar’s group (NCP-SP) will help prevent a split in votes and strengthen the NDA’s base.",BJP,looking at,inducting NCP
fdf94efe6618d2b9_p010,fdf94efe6618d2b9,EVT_00962,theprint,BJP (Bharatiya Janata Party),Vote Bank,Negative,"""At the same time, this will also help us to consolidate the non-Brahmin and Maratha votes in Maharashtra,"" added the senior BJP leader from Maharashtra.",BJP,consolidate,non-Brahmin and Maratha votes in Maharashtra
fdf94efe6618d2b9_p011,fdf94efe6618d2b9,EVT_00962,theprint,BJP,Election Strategy,Positive,"""If both the factions merge together it also helps us in countering the Opposition, as a united NCP provides a solid Maratha-centric vote bank to stabilise the ruling coalition,"" he added.",NCP,provides,vote bank for BJP
fdf94efe6618d2b9_p013,fdf94efe6618d2b9,EVT_00962,theprint,NCP (AP) leadership,"Leadership Strife, Political Conflict",Negative,"""A lot depends on the internal strife in the NCP which is ongoing between Sunetra Pawar and senior leaders.""",NCP,strife,internal
76e1fbc87d780a40_p001,76e1fbc87d780a40,EVT_00821,the_times_of_india,India's private space sector,Development,Positive,NEW DELHI: Indiaâs private space sector will soon take wings,India's private space sector,take wings,
76e1fbc87d780a40_p002,76e1fbc87d780a40,EVT_00821,the_times_of_india,The Company (referring to the Hyderabad-based rocket company),Development,Positive,"launching the countryâs first orbital launch vehicle, Vikram-1",Company,launching,Vikram-1
76e1fbc87d780a40_p004,76e1fbc87d780a40,EVT_00821,the_times_of_india,Mission Aagaman,Development,Positive,"""The launch, as part of âMission Aagamanâ, will see Vikram-1 carry...""",Mission Aagaman,see,"launch, Vikram-1 carry"
76e1fbc87d780a40_p007,76e1fbc87d780a40,EVT_00821,the_times_of_india,Pawan Kumar Chandana (Skyroot Aerospace),Development,Positive,"It is the first rocket to go to orbit that has been completely built with carbon composite. Carbon fibre is five times lighter than the strongest steel, making the rocket lighter and more efficient,",Rocket,be,carbon composite built
76e1fbc87d780a40_p008,76e1fbc87d780a40,EVT_00821,the_times_of_india,Naga Bharath Daka,Development,Positive,"""We started Skyroot around eight years ago with an aim to build affordable, reliable rockets from India to the world and provide affordable, reliable and on-demand launch access solutions for satellite operators around the world. All our effort and the team's effort is culminating today in this historic milestone.""",Skyroot team,aimed,"build affordable, reliable rockets from India to the world and provide affordable, reliable and on-demand launch access solutions for satellite operators around the world."
696d09a17700f4e0_p001,696d09a17700f4e0,EVT_01070,hindustan_times,TMC's Abhishek Banerjee,Resignation Threat,Negative,'I will resign within an hour',within an hour,resign,Abhishek Banerjee
696d09a17700f4e0_p002,696d09a17700f4e0,EVT_01070,hindustan_times,Mamata Banerjee,Leadership Criticism,Negative,blaming him should first return to the TMC if they truly believed in Mamata Banerjee's leadership,TMC members,blaming,Mamata Banerjee's leadership
696d09a17700f4e0_p003,696d09a17700f4e0,EVT_01070,hindustan_times,Trinamool Congress (TMC),Political Affiliation,Negative,former party leaders who switched sides or joined rebel camp,former party leaders,switched sides or joined,rebel camp
696d09a17700f4e0_p004,696d09a17700f4e0,EVT_01070,hindustan_times,Abhishek Banerjee,Leadership Style,Negative,had alleged that one of the primary reasons behind their exit was Abhishek Banerjee's leadership style.,Congress,alleged,Abhishek Banerjee's leadership style
696d09a17700f4e0_p004,696d09a17700f4e0,EVT_01070,hindustan_times,Abhishek Banerjee,Leadership Style,Negative,"More recently, senior TMC leaders Anubrata Mondal and MLA Madan Mitra, who made the exit, have publicly expressed frustration over TMC general secretary.",TMC leaders,expressed,frustration
696d09a17700f4e0_p005,696d09a17700f4e0,EVT_01070,hindustan_times,Mamata Banerjee,Protest,Negative,did not listen to their issues regarding Abhishek,did not listen,to,their issues
696d09a17700f4e0_p006,696d09a17700f4e0,EVT_01070,hindustan_times,Abhishek Banerjee,Property Damage/Disruption,Negative,'Illegal construction',illegal construction,caused,damage/disruption
696d09a17700f4e0_p007,696d09a17700f4e0,EVT_01070,hindustan_times,Abhishek,Election Strategy,Negative,"Responding to the criticism, Abhishek said those blaming him should first return to the TMC if they genuinely believed in Mamata's leadership.",criticism,responded to,Abhishek
696d09a17700f4e0_p008,696d09a17700f4e0,EVT_01070,hindustan_times,Abhishek Banerjee,Law & Order,Negative,"""leave the party, join the rebel camp or the BJP""",leftists,protested against,BJP policy
696d09a17700f4e0_p008,696d09a17700f4e0,EVT_01070,hindustan_times,Abhishek Banerjee,Violence,Negative,"""abuse Abhishek Banerjee,""",abuse,acted upon,Abhishek Banerjee
696d09a17700f4e0_p009,696d09a17700f4e0,EVT_01070,hindustan_times,Leaders who switch sides,Law & Order,Negative,"He further said everyone has the right to choose their political path, but alleged that leaders who switch sides immediately after receiving ED summons do so out of fear.",Leaders,switch sides,due to fear
696d09a17700f4e0_p010,696d09a17700f4e0,EVT_01070,hindustan_times,Politician or Party,Law & Order,Negative,'Don't know how many FIRs are against me',Don't know how many FIRs are against me,said,
696d09a17700f4e0_p011,696d09a17700f4e0,EVT_01070,hindustan_times,Mamata Banerjee,Corruption,Negative,"had also faced questioning by the CBI, STF and state police","CBI, STF, state police",questioned,Mamata Banerjee
696d09a17700f4e0_p012,696d09a17700f4e0,EVT_01070,hindustan_times,Politician (likely referring to the politician who made the statement),Corruption,Negative,"""I have been summoned by the ED. I did not run away. I have been called around 10 times. The CBI, STF and state police have also summoned me. There are 20-30 FIRs against me. I myself do not know the exact number. I have approached the High Court seeking a list from the DGP of all the FIRs registered against me,"" he said",ED,summoned,Politician
696d09a17700f4e0_p013,696d09a17700f4e0,EVT_01070,hindustan_times,TMC (Tamrapratap Chautala Party),Protest,Negative,Also Read | TMC's Madan Mitra joins rebel camp,Madan Mitra,joins,rebel camp
696d09a17700f4e0_p014,696d09a17700f4e0,EVT_01070,hindustan_times,Abhishek,Property Damage and Response,Negative,"His party office demolised, Abhishek vows to move court",Party Office,demolished,Abhishek
696d09a17700f4e0_p015,696d09a17700f4e0,EVT_01070,hindustan_times,Abhishek (TMC politician),Protest,Negative,demolition of the party's Amtala office was politically motivated and accused the local administration of acting in collusion with the BJP.,local administration,acted,in collusion with BJP
696d09a17700f4e0_p015,696d09a17700f4e0,EVT_01070,hindustan_times,TMC (Political Party),Protest,Negative,"He said the TMC would challenge the action in the Calcutta high court, asserting that the office was built legally on privately purchased land with all necessary approvals.",TMC,challenge,action in the Calcutta high court
696d09a17700f4e0_p016,696d09a17700f4e0,EVT_01070,hindustan_times,politician or party (not specified in text),Election Strategy,Negative,dismissed allegations that the office was being used for booth-capturing conspiracies,Politician,dismissed,allegations
44033920d3a517b6_p001,44033920d3a517b6,EVT_01070,india_today,Mamata Banerjee,Rebellion and Dissent,Negative,"Return to Mamata, I'll resign in an hour:",Mamata Banerjee,resigned,
44033920d3a517b6_p002,44033920d3a517b6,EVT_01070,india_today,Abhishek Banerjee,Election Strategy,Negative,"TMC leader Abhishek Banerjee challenged rebel MPs and MLAs to return to Mamata Banerjee, saying he would resign within an hour if they did",TMC leader Abhishek Banerjee,challenged,rebel MPs and MLAs to return to Mamata Banerjee
44033920d3a517b6_p003,44033920d3a517b6,EVT_01070,india_today,Mamata Banerjee,Leadership Challenge and Dissent,Negative,"Trinamool Congress (TMC) national general secretary Abhishek Banerjee on Saturday challenged the party's rebel MPs and MLAs, saying he would resign within an hour if they returned to TMC chief Mamata Banerjee.",Abhishek Banerjee,challenged,rebel MPs and MLAs
44033920d3a517b6_p004,44033920d3a517b6,EVT_01070,india_today,Abhishek Banerjee,Political Strategy,Negative,"He said that if he was the common target, they should come back to the party",they,come back to the party,Abhishek Banerjee
44033920d3a517b6_p007,44033920d3a517b6,EVT_01070,india_today,Kakoli Ghosh Dastidar and NCPI,Development,Positive,announced their merger with the regional NCPI.,Kakoli Ghosh Dastidar and NCPI,merged with,NCPI
44033920d3a517b6_p009,44033920d3a517b6,EVT_01070,india_today,National Democratic Alliance (NDA),Political Progress/Coalition Growth,Positive,"If the Speaker approves the two mergers, the NDA's strength will increase to 318 seats.",Speaker,approve,mergers
44033920d3a517b6_p013,44033920d3a517b6,EVT_01070,india_today,NDA (National Democratic Alliance),Election Strategy,Positive,moving closer to a stronger majority,NDA,moving closer,stronger majority
4f09aab09fd328a6_p001,4f09aab09fd328a6,EVT_01074,the_times_of_india,Union health ministry,Violence,Negative,placed three central government hospitals on alert,placed,on alert,hospitals
4f09aab09fd328a6_p002,4f09aab09fd328a6,EVT_01074,the_times_of_india,Wangchuk,Healthcare Access & Quality,Negative,An emergency registration card issued by the hospital on July 13 records that he voluntarily underwent a medical examination but refused to give consent for treatment and declined transfer to the hospital.,hospital,issued,emergency registration card
4f09aab09fd328a6_p004,4f09aab09fd328a6,EVT_01074,the_times_of_india,Wangchuk,Health & Wellness,Negative,"Doctors said he had entered the third stage of prolonged fasting, where organ involvement is possible.",Doctors,said,Wangchuk had entered third stage of prolonged fasting with organ involvement possible
4f09aab09fd328a6_p006,4f09aab09fd328a6,EVT_01074,the_times_of_india,Union health ministry,Healthcare Provision,Positive,"It also asked the hospitals to deploy round-the-clock nursing staff, keep emergency medical support ready and submit daily health reports",It,asked,hospitals
88f2b82c0fb3302e_p002,88f2b82c0fb3302e,EVT_01074,hindustan_times,Sonam Wangchuk,Health Crisis and Political Response,Negative,"Activist Sonam Wangchuk was shifted to Safdarjung Hospital after a 21-day hunger strike as his health deteriorated, triggering a commotion at Jantar Mantar.",Sonam Wangchuk,was shifted,Safdarjung Hospital
88f2b82c0fb3302e_p003,88f2b82c0fb3302e,EVT_01074,hindustan_times,Sonam Wangchuk,Protest,Negative,"Activist Sonam Wangchuk, who has been on an indefinite hunger strike at Jantar Mantar for 21 days over alleged examination irregularities,",Sonam Wangchuk,hunger strike,Jantar Mantar over alleged examination irregularities
88f2b82c0fb3302e_p003,88f2b82c0fb3302e,EVT_01074,hindustan_times,Delhi High Court,Protest,Negative,after medical experts and the Delhi High Court advised immediate hospitalisation owing to his deteriorating health,Delhi High Court,advised,immediate hospitalisation
88f2b82c0fb3302e_p005,88f2b82c0fb3302e,EVT_01074,hindustan_times,Protestors,Violence,Negative,"While complying with the orders of the Hon’ble High Court, the protestors tried to create an obstruction, in which a slight commotion ensued.",protestors,create,obstruction
88f2b82c0fb3302e_p005,88f2b82c0fb3302e,EVT_01074,hindustan_times,Protestors,Violence,Negative,"However, police exercised maximum restraint and conducted the exercise safely.",police,exercised restraint,Protestors
88f2b82c0fb3302e_p007,88f2b82c0fb3302e,EVT_01074,hindustan_times,Wangchuk (likely referring to Wangchuk66),"Healthcare, Consent Issues",Negative,"I am at Safdarjung Hospital in Delhi where @Wangchuk66 has been admitted. Nothing should be administered to him orally or intravenously without consent from me, his family and his doctors who have been monitoring his health for the past 20 days.",not specified,required,@Wangchuk66 consent
88f2b82c0fb3302e_p009,88f2b82c0fb3302e,EVT_01074,hindustan_times,Abhijeet Dipke,Protest,Negative,Allegedly detained by the Delhi Police,,,
88f2b82c0fb3302e_p010,88f2b82c0fb3302e,EVT_01074,hindustan_times,Dipke,Violence,Negative,"""beaten up and put under detention""",beaten up and put under detention,received,Dipke
88f2b82c0fb3302e_p011,88f2b82c0fb3302e,EVT_01074,hindustan_times,Sachin Sharma (police officer),Protest,Negative,DCP Sachin Sharma denied that police beat up Dipke or any protesters. He said they were only trying to remove Sonam Wangchuk.,DCP Sachin Sharma,denied,protesting protesters or any police beat up Dipke
88f2b82c0fb3302e_p012,88f2b82c0fb3302e,EVT_01074,hindustan_times,police,Violence,Negative,"""The police came and detained Sonam Wangchuk, and also wanted to detain several students who are sitting on hunger strike. However, several students formed a human chain and prevented police from detaining them,""",police,detained,"Sonam Wangchuk, students"
88f2b82c0fb3302e_p013,88f2b82c0fb3302e,EVT_01074,hindustan_times,Dipke (CJP leader),Protest,Negative,"Meanwhile, Dipke, who led the CJP protest for 29 days at Jantar Mantar demanding the resignation of Union Education Minister Dharmendra Pradhan over alleged examination irregularities",Dipke,led,CJP protest
88f2b82c0fb3302e_p013,88f2b82c0fb3302e,EVT_01074,hindustan_times,Dharmendra Pradhan (Union Education Minister),Policy & Corruption,Negative,Dharmendra Pradhan over alleged examination irregularities,Dharmendra Pradhan,over,alleged examination irregularities
88f2b82c0fb3302e_p014,88f2b82c0fb3302e,EVT_01074,hindustan_times,Delhi Police,Violence,Negative,"""The Delhi police has misinterpreted that court order and in the guise of that order detained him. The detention is a contempt of court’s order,"" CJP chief spokesperson Saurav Das said.",Delhi Police,detained,individual
88f2b82c0fb3302e_p016,88f2b82c0fb3302e,EVT_01074,hindustan_times,Protest,Agitation,Positive,agitation has drawn support,,drawn,support
88f2b82c0fb3302e_p018,88f2b82c0fb3302e,EVT_01074,hindustan_times,Wangchuk,Healthcare/Protest,Negative,Home/India News/Wangchuk Shifted To Safdarjung Hospital After 21-day Hunger Strike At Jantar Mantar,Wangchuk,shifted,Safdarjung Hospital
f1bc616270d8084a_p001,f1bc616270d8084a,EVT_01074,theprint,Activist Sonam Wangchuk,Protest,Negative,removed by force from the protest site early Saturday morning,Force,remove,Sonam Wangchuk from protest site
f1bc616270d8084a_p002,f1bc616270d8084a,EVT_01074,theprint,Police,Violence,Negative,"Police personnel reached the protest site at 7 am, dispersed the protesters and took Wangchuk away amid allegations of a forceful evacuation.",Police,dispersed,protesters
f1bc616270d8084a_p002,f1bc616270d8084a,EVT_01074,theprint,Protesters,Violence,Negative,"Some protesters also clashed with personnel from the Rapid Action Force (RAF), CRPF, and Delhi Police as repeated announcements were made asking them to vacate the site.",protesters,clashed with,police personnel
f1bc616270d8084a_p004,f1bc616270d8084a,EVT_01074,theprint,Protesters,"Violence, Protest, Law & Order",Negative,"“While complying with the orders of the Hon’ble High Court, the protesters tried to create obstruction, following which a slight commotion ensued.”",protested,create obstruction,commotion
f1bc616270d8084a_p004,f1bc616270d8084a,EVT_01074,theprint,Police,Law & Order,Positive,“The police exercised maximum restraint and carried out the exercise safely.”,police,exercised restraint,exercise safely
f1bc616270d8084a_p005,f1bc616270d8084a,EVT_01074,theprint,Delhi Police,Violence,Negative,cracking down at Jantar Mantar. Beating up people and taking away Sonam sir forcefully,Delhi Police,attacked,people
f1bc616270d8084a_p007,f1bc616270d8084a,EVT_01074,theprint,Cockroach Janata Party,"Development, Policy",Positive,demand for the resignation of Education Minister Dharmendra Pradhan over the alleged NEET paper leak and what the party describes as systemic lapses in the examination process.,Education Minister Dharmendra Pradhan,resignation demanded for,Cockroach Janata Party
f1bc616270d8084a_p008,f1bc616270d8084a,EVT_01074,theprint,Protesters,Violence,Negative,"Personnel from the Rapid Action Force also pulled down banners from the makeshift stage where the protest was being held, asking volunteers and supporters to vacate the premises.",Rapid Action Force,pulled down,banners
f1bc616270d8084a_p008,f1bc616270d8084a,EVT_01074,theprint,Protesters,Violence,Negative,"A human chain was formed around CJP’s Abhijit Dipke, who addressed the gathering and said the protest would continue.",Protesters,continued,protest
f1bc616270d8084a_p009,f1bc616270d8084a,EVT_01074,theprint,CJP’s Dipke,Protest,Positive,"""I did not come from America to run away. They cannot end this protest. This protest has been peaceful, and it will continue to remain peaceful.""",CJP’s Dipke,stated,protest will continue peacefully
f1bc616270d8084a_p009,f1bc616270d8084a,EVT_01074,theprint,CJP’s Dipke,Law & Order,Positive,"""No one can crush our spirit.""",,,
f1bc616270d8084a_p010,f1bc616270d8084a,EVT_01074,theprint,Dipke,Violence,Negative,"""Delhi Police is cracking down at Jantar Mantar. Beating up people and taking away Sonam sir.""",Delhi Police,beating up,people
f1bc616270d8084a_p011,f1bc616270d8084a,EVT_01074,theprint,PM Modi,Violence,Negative,"""but after this despicable act, we will now demand the resignation of Narendra Modi.""",we,demand,resignation of Modi
f1bc616270d8084a_p012,f1bc616270d8084a,EVT_01074,theprint,Delhi Police,Violence,Negative,"""I have been beaten up and put under detention by Delhi Police,"" he wrote on X.",Delhi Police,beaten up,he
f1bc616270d8084a_p013,f1bc616270d8084a,EVT_01074,theprint,Wangchuk,Protest,Negative,"he alleged on X that there were multiple incidents where people created disturbances, but the police did not respond for hours.",he,alleged,Protesters
f1bc616270d8084a_p013,f1bc616270d8084a,EVT_01074,theprint,Wangchuk,Protest,Negative,protesters claimed two people tried to throw something at Wangchuk in a bid to attack him and were later taken away by the police.,protesters,claimed,Wangchuk was attacked
f1bc616270d8084a_p014,f1bc616270d8084a,EVT_01074,theprint,Sonam,Violence,Negative,"""Goons tried to attack Sonam sir at Jantar Mantar. An object was thrown at him but fortunately he was not hurt""",Goons,attack,Sonam sir at Jantar Mantar
f1bc616270d8084a_p015,f1bc616270d8084a,EVT_01074,theprint,Dipke,Protest,Negative,"“If anything happens to Sonam sir, the government will be responsible as there’s clearly a plan to dismantle the peaceful protest at Jantar Mantar,” he wrote.",Sonam sir,threatened,Dipke
534b9f87b89fc062_p001,534b9f87b89fc062,EVT_00516,hindustan_times,Abhijeet Dipke,Protest,Negative,'He’s not a criminal',He,defended,Abhijeet Dipke
534b9f87b89fc062_p002,534b9f87b89fc062,EVT_00516,hindustan_times,Sonam Wangchuk,Violence,Negative,"Sonam Wangchuk did not want to go to the hospital, but was taken away, hidden under white sheets.",did not want to go,refused,hospital
534b9f87b89fc062_p003,534b9f87b89fc062,EVT_00516,hindustan_times,Abhijeet Dipke,Protest,Negative,Cockroach Janta Party (CJP) founder Abhijeet Dipke was seen in tears at Jantar Mantar,CJP founder Abhijeet Dipke,was seen,in tears at Jantar Mantar
534b9f87b89fc062_p003,534b9f87b89fc062,EVT_00516,hindustan_times,Delhi Police personnel,Violence,Negative,as the Delhi Police personnel took activist Sonam Wangchuk to a hospital.,Delhi Police personnel,took,Sonam Wangchuk to a hospital
534b9f87b89fc062_p004,534b9f87b89fc062,EVT_00516,hindustan_times,CJP (presumably Committee for Jallianwala Bagh),Protest,Negative,Track latest updates on CJP protest chaos,CJP,received,Negative sentiment score
534b9f87b89fc062_p005,534b9f87b89fc062,EVT_00516,hindustan_times,Wangchuk,Protest,Negative,Dipke himself began a hunger strike after cops took Wangchuk out of the protest site at Delhi's Jantar Mantar.,Dipke,begged,Wangchuk to continue protest
534b9f87b89fc062_p006,534b9f87b89fc062,EVT_00516,hindustan_times,Wangchuk,Healthcare/Intervention,Negative,didn't want to go to the hospital,did not want,go,hospital
534b9f87b89fc062_p007,534b9f87b89fc062,EVT_00516,hindustan_times,police,Violence,Negative,"The way they took him away hidden under sheets- if you were so concerned about his health, you should have taken him with respect,",They,took,him away
534b9f87b89fc062_p008,534b9f87b89fc062,EVT_00516,hindustan_times,Delhi Police,Protest and Violence,Negative,The police said he was being taken to a hospital on Delhi High Court orders pertaining to his health that has been hit massively due to his indefinite hunger strike.,police,said,he was being taken to a hospital
534b9f87b89fc062_p009,534b9f87b89fc062,EVT_00516,hindustan_times,BJP,Political Strategy,Positive,Also read: BJP keen on NCPs' merger,BJP,keen on,NCPs' merger
534b9f87b89fc062_p010,534b9f87b89fc062,EVT_00516,hindustan_times,Wangchuk,Protest,Negative,"While the police was taking away Wangchuk, Dipke said that he was detained by cops and even beaten up.",police,detained,Wangchuk
534b9f87b89fc062_p010,534b9f87b89fc062,EVT_00516,hindustan_times,Police,Violence,Negative,Dipke said that he was detained by cops and even beaten up.,cops,beat up,Dipke
534b9f87b89fc062_p011,534b9f87b89fc062,EVT_00516,hindustan_times,police,Violence,Negative,cops in plain clothes,cops,wear,plain clothes
534b9f87b89fc062_p012,534b9f87b89fc062,EVT_00516,hindustan_times,police,Violence,Negative,The police used white sheets to block cameras as they took away Wangchuk from Jantar Mantar,police,blocked,cameras
534b9f87b89fc062_p012,534b9f87b89fc062,EVT_00516,hindustan_times,police,Violence,Negative,cops arrived at the protest site in plain clothes and claimed to be medical team,cops,arrived,protest site
534b9f87b89fc062_p017,534b9f87b89fc062,EVT_00516,hindustan_times,Wangchuk,Law & Order,Negative,"""without confrontation"" in less than a minute.",without confrontation,took,less than a minute
534b9f87b89fc062_p018,534b9f87b89fc062,EVT_00516,hindustan_times,Wangchuk (politician),Healthcare Access & Quality,Negative,"She said that Wangchuk should not have been taken to the hospital and asked the authorities to not give him any medication without consulting either her, his family or his doctors.",She,said,Wangchuk should not have been taken to the hospital and asked the authorities
534b9f87b89fc062_p022,534b9f87b89fc062,EVT_00516,hindustan_times,Protestors,Violence,Negative,"While complying with the orders of Hon’ble High Court the protestors tried to create obstruction, in which slight commotion ensued",protestors,create obstruction,slight commotion
612c7b8200dd3f64_p001,612c7b8200dd3f64,EVT_01082,indian_express,Centre,Law & Order,Negative,What a shame,What a,shame,Centre
612c7b8200dd3f64_p002,612c7b8200dd3f64,EVT_01082,indian_express,Sonam Wangchuk,Democracy,Negative,Opposition parties said Sonam Wangchuk’s removal from Jantar Mantar was an assault on democracy.,Opposition parties,said,Sonam Wangchuk’s removal from Jantar Mantar was an assault on democracy
612c7b8200dd3f64_p003,612c7b8200dd3f64,EVT_01082,indian_express,Cockroach Janta Party (CJP),Protest,Negative,"Opposition leaders on Saturday accused the Centre of trying to crush the Cockroach Janta Party (CJP) by removing activist Sonam Wangchuk from the Jantar Mantar protest venue, terming the move an assault on India’s constitutional and democratic principles.",Opposition leaders,accused,Centre of crushing CJP
612c7b8200dd3f64_p003,612c7b8200dd3f64,EVT_01082,indian_express,BJP,Election Strategy,Negative,"The BJP hit back, slamming the “opportunists in the Opposition” for staying away from the protest venue.",BJP,slamming,opposition for staying away
612c7b8200dd3f64_p004,612c7b8200dd3f64,EVT_01082,indian_express,Wangchuk,Protest,Negative,"Wangchuk has been on a hunger strike since June 28, demanding broader reforms to the examination system and Union Education Minister Dharmendra Pradhan’s resignation.",Wangchuk,protested,exam system reforms
612c7b8200dd3f64_p004,612c7b8200dd3f64,EVT_01082,indian_express,Union Education Minister Dharmendra Pradhan,Corruption,Negative,"Wangchuk has been on a hunger strike since June 28, demanding broader reforms to the examination system and Union Education Minister Dharmendra Pradhan’s resignation.",Wangchuk,demanded,reforms and resignation
612c7b8200dd3f64_p005,612c7b8200dd3f64,EVT_01082,indian_express,PM Modi,Law & Order,Negative,"Such arrogance is not right. Instead of forcibly lifting him, the (Narendra) Modi government should have talked to Sonam Wangchuk.",Congress,accused,Modi of bulldozing
612c7b8200dd3f64_p005,612c7b8200dd3f64,EVT_01082,indian_express,The Modi Government,Protest and Education Reform,Negative,"Instead of crushing the cockroach movement and reforming the country’s education and examination system, the Modi government’s defeat is in forcibly dealing with Sonam Wangchuk.",Modi government,defeated,by forcing action on Sonam Wangchuk issue
612c7b8200dd3f64_p006,612c7b8200dd3f64,EVT_01082,indian_express,Aaditya Thackeray (Shiv Sena (UBT)),Protest and Democracy,Negative,"""What a shame! The world watches democracy in India being broken by force, shamelessly. Even peaceful protests for students against an incompetent minister are not tolerated anymore,"" he alleged.",world,watched,democracy in India being broken by force
612c7b8200dd3f64_p007,612c7b8200dd3f64,EVT_01082,indian_express,BJP,Law & Order,Negative,'peaceful protest a law-and-order problem to be crushed',Protestors,described,BJP as law-and-order issue
612c7b8200dd3f64_p008,612c7b8200dd3f64,EVT_01082,indian_express,NDA (National Democratic Alliance) government,Protest,Negative,"""tyranny"" of the NDA government",NDA,tyranny,government
612c7b8200dd3f64_p009,612c7b8200dd3f64,EVT_01082,indian_express,the government,"Violence, Law & Order",Negative,"""In their eyes, anyone who raises their voice is an ‘Anti-National,’ a ‘parasite’!""",anyone,is considered,"Anti-National, a 'parasite'"
612c7b8200dd3f64_p009,612c7b8200dd3f64,EVT_01082,indian_express,the Constitution,"Violence, Law & Order",Negative,"""What happened at Jantar Mantar today is yet another black stain on democracy and the Constitution,"" he said in a post on X.",he,said,Jantar Mantar incident on X
612c7b8200dd3f64_p010,612c7b8200dd3f64,EVT_01082,indian_express,Rahul Gandhi,Protest,Positive,"""The clarion call of “Students’ Echo” has begun from Kota and Dehradun…it will surely reach the thresholds of Delhi!!""",Students’ Echo,clarion call,reach Delhi
612c7b8200dd3f64_p011,612c7b8200dd3f64,EVT_01082,indian_express,Amit Shah-led Ministry of Home Affairs,Violence,Negative,"“If today’s crackdown is his first brief, it sends a chilling message: political obedience takes precedence over Constitutional duty,” he alleged.",he,alleged,political obedience
612c7b8200dd3f64_p012,612c7b8200dd3f64,EVT_01082,indian_express,NDA (National Democratic Alliance) government,Law & Order,Negative,"""mindset"" when it came to viewing protests as ‘a law-and-order problem to be crushed’",NDA government,viewed,protests as 'a law-and-order problem'
612c7b8200dd3f64_p012,612c7b8200dd3f64,EVT_01082,indian_express,BJP (Bharatiya Janata Party),Protest,Negative,"""the most anti-democratic political party of the world""",Bharatiya Janata Party,described,anti-democratic
612c7b8200dd3f64_p013,612c7b8200dd3f64,EVT_01082,indian_express,This government,"Violence, Law & Order",Negative,"“dragging away women wrestlers to manhandling ex-servicemen, this government has repeatedly demonstrated its contempt for the Constitution…”",This government,demonstrated,contempt for the Constitution
612c7b8200dd3f64_p013,612c7b8200dd3f64,EVT_01082,indian_express,This party,"Election Strategy, Corruption",Negative,"“the most undemocratic and anti-democratic political party of the world,” he added.",Party,described,undemocratic and anti-democratic
612c7b8200dd3f64_p014,612c7b8200dd3f64,EVT_01082,indian_express,Akhilesh Yadav,Corruption,Negative,: Akhilesh Yadav,critics,accuse,Akhilesh Yadav of
612c7b8200dd3f64_p015,612c7b8200dd3f64,EVT_01082,indian_express,Akhilesh Yadav (Samajwadi Party),Protest,Negative,demanded that Wangchuk’s further medical treatment—he has been admitted to Safdarjung Hospital—be conducted under judicial oversight,Wangchuk,demanded,medical treatment under judicial oversight
612c7b8200dd3f64_p015,612c7b8200dd3f64,EVT_01082,indian_express,BJP (Bharatiya Janata Party),Protest,Negative,accused the BJP of never having believed in Mahatma Gandhi or his methods of peaceful dissent,Congress,accused,BJP
612c7b8200dd3f64_p016,612c7b8200dd3f64,EVT_01082,indian_express,BJP (Bharatiya Janata Party),Violence,Negative,"“This incident…has already spread across the entire country and the whole world in a short span of time. The entire world and the nation are deeply concerned about Shri Sonam Wangchuk Ji, and there is also widespread outrage against the BJP government,” he said.",entire world/nation,outrage,BJP government
612c7b8200dd3f64_p017,612c7b8200dd3f64,EVT_01082,indian_express,Wangchuk,Healthcare & Human Rights Violation,Negative,"Wangchuk’s medical care be conducted under ‘judicial oversight’ because his life is “invaluable for humanity, environmental protection, democratic values, the inspiration of youthful energy, science, and innovation”.",judicial oversight,conducted under,Wangchuk’s medical care
612c7b8200dd3f64_p018,612c7b8200dd3f64,EVT_01082,indian_express,BJP,Violence,Negative,"""repressive politics""",BSP,received,Negative sentiment score
612c7b8200dd3f64_p018,612c7b8200dd3f64,EVT_01082,indian_express,BJP,Violence,Negative,"""severely tarnished and shattered our country’s humane and democratic image on the international level.""",Congress,tarnished,image
612c7b8200dd3f64_p019,612c7b8200dd3f64,EVT_01082,indian_express,BJP,Violence,Negative,"“The BJP’s mindset is divisive, which is why wherever there is unity, harmony, and solidarity, the BJP, out of fear, turns reactionary and disperses movements,” he added.",BJP,has mindset,divisive
612c7b8200dd3f64_p020,612c7b8200dd3f64,EVT_01082,indian_express,Abhijeet Dipke,Protest,Negative,"Following Wangchuk’s removal, CJP founder Abhijeet Dipke announced that he was going on a hunger strike.",Abhijeet Dipke,announced,hunger strike
612c7b8200dd3f64_p021,612c7b8200dd3f64,EVT_01082,indian_express,BJP,Policy,Negative,They were absent when it mattered most:,They,were absent,for Modi and Congress
612c7b8200dd3f64_p022,612c7b8200dd3f64,EVT_01082,indian_express,BJP (Bharatiya Janata Party),Protest,Negative,"The BJP’s national IT Department in-charge, Amit Malviya, retaliated by questioning the absence of Opposition leaders lending support to Wangchuk on social media from the Jantar Mantar protest.",BJP,retaliated,Amit Malviya
612c7b8200dd3f64_p023,612c7b8200dd3f64,EVT_01082,indian_express,Sonam Wangchuk,Health Concerns & Political Pressure,Negative,"""The opportunists in the Opposition have suddenly woken up this morning, after a comfortable night’s sleep and a hearty breakfast, to question why Sonam Wangchuk was shifted despite his deteriorating health and the Delhi High Court's directions,"" he said.",Opposition members,questioned,Sonam Wangchuk's condition and court orders
612c7b8200dd3f64_p024,612c7b8200dd3f64,EVT_01082,indian_express,Malviya,Law & Order,Negative,"""far less dramatic', adding that when the authorities intervened, many of those who had turned Wangchuk’s fast into 'a political spectacle' were nowhere to be seen. 
",authorities,intervened,Malviya
612c7b8200dd3f64_p025,612c7b8200dd3f64,EVT_01082,indian_express,Opposition,Protest,Negative,"“Their objective was not a resolution, but the perpetuation of a crisis for political mileage.”",They,intended,Perpetuate crisis
d0fccfe83f61f625_p001,d0fccfe83f61f625,EVT_00920,hindustan_times,Pawan Khera (Congress politician),Protest,Positive,Opposition steps up support amid hunger strike,Opposition,steps up support,hunger strike
d0fccfe83f61f625_p002,d0fccfe83f61f625,EVT_00920,hindustan_times,AAP (Arvind Kejriwal),Protest,Positive,AAP chief Arvind Kejriwal visited the protest site.,AAP,visited,protest site
d0fccfe83f61f625_p003,d0fccfe83f61f625,EVT_00920,hindustan_times,Dharmendra Pradhan,Election Strategy,Negative,agitation demanding the resignation of Union education minister Dharmendra Pradhan,agitation,demanding,resignation of Dharmendra Pradhan
d0fccfe83f61f625_p004,d0fccfe83f61f625,EVT_00920,hindustan_times,Supriya Sule,Protest,Negative,"NCP (SP) MP Supriya Sule met activist Sonam Wangchuk, whose hunger strike entered the 20th day, and urged him to call off his fast.",NCP (SP),met,Sonam Wangchuk
d0fccfe83f61f625_p005,d0fccfe83f61f625,EVT_00920,hindustan_times,Mamata Didi,Protest,Positive,“Dimple Yadav was here and Mamata Didi has also supported the protest.”,Mamata Didi,supported,protest
d0fccfe83f61f625_p006,d0fccfe83f61f625,EVT_00920,hindustan_times,Pawan Khera,Protest,Negative,"""In a democracy, peaceful protest is a constitutional right. When citizens undertake a fast to be heard, the duty of the government is to listen – not look away. That is Raj Dharma… This government, however, has chosen indifference,""",government,chosen,indifference
d0fccfe83f61f625_p007,d0fccfe83f61f625,EVT_00920,hindustan_times,Wangchuk,Development,Positive,Oppn leaders rally behind Wangchuk,Oppn leaders,rally behind,Wangchuk
d0fccfe83f61f625_p008,d0fccfe83f61f625,EVT_00920,hindustan_times,Aam Aadmi Party,Support for Protest,Positive,Congress general secretary KC Venugopal took to social media to show support and Aam Aadmi Party chief Arvind Kejriwal visited the protest site.,Aam Aadmi Party,visited,protest site
d0fccfe83f61f625_p008,d0fccfe83f61f625,EVT_00920,hindustan_times,"Samajwadi Party, Shiv Sena (UBT) and Trinamool Congress",Support for Protest,Positive,"Samajwadi Party, Shiv Sena (UBT) and Trinamool Congress leaders have also extended support.",Samajwadi Party,support,protest
d0fccfe83f61f625_p009,d0fccfe83f61f625,EVT_00920,hindustan_times,Wangchuk,Protest,Negative,"recurring paper leaks, flaws in the examination system and lack of accountability","recurring paper leaks, flaws in the examination system and lack of accountability",caused,Negative sentiment score for Wangchuk under Protest frame
d0fccfe83f61f625_p011,d0fccfe83f61f625,EVT_00920,hindustan_times,Politician or Party,Election Strategy,Positive,"""We need this energy for July 20, when we will take out a peaceful march to Parliament.""",Congress,planned,march to Parliament
d0fccfe83f61f625_p013,d0fccfe83f61f625,EVT_00920,hindustan_times,Bharatiya Janata Party (BJP),Protest,Negative,calls out Opposition over 'opportunism',calls out,accuse,BJP over opportunism
d0fccfe83f61f625_p014,d0fccfe83f61f625,EVT_00920,hindustan_times,Bharatiya Janata Party (BJP),Protest,Negative,"""Since the social media support started growing in the past few days, the opposition leaders are now joining in solidarity trying to milk the situation. Also, they try to disrupt Parliament sessions with some issue or the other, but didn’t have anything strong enough this time. So, they are going to ride on this issue now,"" said a BJP leader, requesting anonymity.",opposition leaders,join in solidarity,BJP supporters
d0fccfe83f61f625_p015,d0fccfe83f61f625,EVT_00920,hindustan_times,Protests,Development,Positive,The developments come as the protests gain traction on social media,protests,gain traction,on social media
d0fccfe83f61f625_p016,d0fccfe83f61f625,EVT_00920,hindustan_times,BJP,Policy,Positive,Also read: BJP keen on NCPs' merger,BJP,keen on,NCPs' merger
d0fccfe83f61f625_p018,d0fccfe83f61f625,EVT_00920,hindustan_times,Congress Party,Protest,Negative,second Congress leader acknowledged that the leadership had come under increasing pressure over questions on why Leader of the Opposition in the Lok Sabha Rahul Gandhi had not personally visited the protest site.,Congress leader,acknowledged,pressure
d0fccfe83f61f625_p021,d0fccfe83f61f625,EVT_00920,hindustan_times,AAP,Protest,Positive,"""Once Sonam Wangchuk began his indefinite fast and his health became a national concern, the movement acquired moral weight.""",Sonam Wangchuk,begged,indeterminate
5ad728fba9c99763_p001,5ad728fba9c99763,EVT_00534,the_hindu,Cockroach Janata Party (CJP) and Abhijeet Dipke,Protest & Counter-Protest,Negative,"""the Delhi Police ‘is planning to crackdown on our protest during night or early hours of morning - silencing the voice of youth'""",Police,planning,crackdown on protest
5ad728fba9c99763_p001,5ad728fba9c99763,EVT_00534,the_hindu,CJP and Abhijeet Dipke,Counter-Protest Strategy,Negative,"""proposed ‘Chalo Sansad’ march on Monday (July 20, 2026) will go ahead as planned'""",Congress,accused,Modi of bulldozing
5ad728fba9c99763_p002,5ad728fba9c99763,EVT_00534,the_hindu,Hunger Strike Participants,Protest,Negative,‘Wangchuk not alone’: At least 21 continue indefinite hunger strike,Wangchuk,not alone,21 hunger strikers
5ad728fba9c99763_p003,5ad728fba9c99763,EVT_00534,the_hindu,Sonam Wangchuk,Protest and Health Concerns,Negative,"Through the day, he refused intravenous fluids, oral rehydration solution and other medications despite signs of dehydration and metabolic abnormalities",Sonam Wangchuk,refused,"intravenous fluids, oral rehydration solution and other medications"
5ad728fba9c99763_p004,5ad728fba9c99763,EVT_00534,the_hindu,Cockroach Janta Party,Protest,Negative,WATCH | Cockroach Janta Party: How did a social media satire turn into one of India’s biggest protests?,Cockroach Janta Party,caused,protests
5ad728fba9c99763_p005,5ad728fba9c99763,EVT_00534,the_hindu,Mr. Wangchuk’s wife,Violence,Negative,"“nothing should be administered to Mr. Wangchuk orally or intravenously without taking consent from her, his family and his doctors 'who have been monitoring his health for the past 20 days’",family,monitoring,health
5ad728fba9c99763_p006,5ad728fba9c99763,EVT_00534,the_hindu,Hope,Development,Positive,"At Jantar Mantar, hope refuses to leave",Hope,refuses to leave,Jantar Mantar
be736cbca6996e5a_p001,be736cbca6996e5a,EVT_01124,the_hindu,Shiv Sena (Uddhav Balasaheb Thackeray or UBT),Reduction and Fragmentation of Political Power,Negative,The Shiv Sena (UBT) will now have only three MPs in the Lok Sabha.,Lok Sabha,grant,three MPs to Shiv Sena (UBT)
be736cbca6996e5a_p007,be736cbca6996e5a,EVT_01124,the_hindu,Mr. Rijiju,Election Strategy,Positive,"""It is my pleasure to invite you for a meeting of Floor Leaders of Political Parties in Lok Sabha/Rajya Sabha to discuss important issues and Legislative Business likely to come up before the Houses in the ensuing Monsoon Session of Parliament. I would seek your cooperation to ensure smooth functioning of both the Houses of Parliament,"" Mr. Rijiju said in his letter to Mr. Bandopadhyay.",Rijiju,invited,Floor Leaders
be736cbca6996e5a_p007,be736cbca6996e5a,EVT_01124,the_hindu,Mr. Rijiju,Election Strategy,Positive,"""I shall be looking forward to your participation and request you, along with Kakoli Ghosh Dastidar, nominated Chief Whip of your party, to kindly make it convenient to attend the meeting,"" the letter added.",Mr. Rijiju,requested,participation and convenience to attend the meeting
be736cbca6996e5a_p009,be736cbca6996e5a,EVT_01124,the_hindu,Local Government Officials,Corruption,Negative,Local officials are accused of misusing public funds for personal gain.,Local officials,accused,misusing public funds for personal gain
d571c37753a9af7c_p001,d571c37753a9af7c,EVT_01124,indian_express,Uddhav Sena MPs,Policy,Positive,Speaker Om Birla Speaker clears Uddhav Sena MPs’ merger with Shinde Sena,Birla,cleared,Uddhav Sena MPs merger with Shinde Sena
d571c37753a9af7c_p002,d571c37753a9af7c,EVT_01124,indian_express,The latter's strength in the Lok Sabha,Development,Positive,This takes the latter’s strength in the Lok Sabha to 13.,strength,took,13
d571c37753a9af7c_p003,d571c37753a9af7c,EVT_01124,indian_express,Shiv Sena and Shiv Sena (Eknath Shinde-led),Development,Positive,raising the latter’s strength in the Lower House to 13.,Shiv Sena,raised,strength in the Lower House to 13
d571c37753a9af7c_p005,d571c37753a9af7c,EVT_01124,indian_express,BJP (Bharatiya Janata Party),Policy Implementation,Positive,stepped up its efforts to muster a two-thirds majority,stepped up,efforts,two-thirds majority
d571c37753a9af7c_p006,d571c37753a9af7c,EVT_01124,indian_express,Shinde Sena,Development,Positive,With 13 Lok Sabha MPs — one more than Nitish Kumar’s Janata Dal (United) and three short of the N Chandrababu Naidu-led TDP’s 16 — Shinde's party is now the seventh-largest in the Lok Sabha.,Shinde Sena,received,Positive sentiment score
d571c37753a9af7c_p009,d571c37753a9af7c,EVT_01124,indian_express,Birla,Election Strategy,Negative,If Birla allows the merger of 20 rebel TMC MPs with the NCPI,Birla,allows,merger of rebel MPs with NCPI
d571c37753a9af7c_p010,d571c37753a9af7c,EVT_01124,indian_express,Rijiju,Protest,Negative,"Rijiju’s invitation to Sudip Bandhopadhyay, the leader of the rebel TMC group",Rijiju,invited,Sudip Bandhopadhyay
d571c37753a9af7c_p011,d571c37753a9af7c,EVT_01124,indian_express,Speaker of the House and Narendra Modi,"Corruption, Development",Negative,“Cheating. Mocking our democracy. Speaker has referred to 20 traitors as still being TMC MPs”,Speaker,referred to,20 traitors as TMC MPs
d571c37753a9af7c_p011,d571c37753a9af7c,EVT_01124,indian_express,Narendra Modi and Amit Shah ministers,"Corruption, Development",Negative,“Modi-Shah minister invites traitors for all-party meet & refers to them as NCPI”,"Modi, Shah",invited,traitors to meet
d571c37753a9af7c_p012,d571c37753a9af7c,EVT_01124,indian_express,BJP,Election Strategy,Positive,"In April, prior to splits and mergers in several parties including the TMC and the Sena (UBT), the BJP had in the Lok Sabha 240 MPs",TMC and Sena,affected,BJP MPs
d571c37753a9af7c_p013,d571c37753a9af7c,EVT_01124,indian_express,NDA (National Democratic Alliance),Election Strategy,Positive,"If the NCP (SP) supports the NDA, its numbers would rise to 327",NCP,supports,NDA
d571c37753a9af7c_p015,d571c37753a9af7c,EVT_01124,indian_express,Opposition alliance,Uncertainty and Political Instability,Negative,The Opposition alliance is now likely to be down 26,Downsized,is,Opposition alliance by 26 seats
d571c37753a9af7c_p016,d571c37753a9af7c,EVT_01124,indian_express,Narendra Modi government,Policy Failure,Negative,The NDA thus fell short of the two-thirds mark of 352.,NDA,fell short,two-thirds mark
d571c37753a9af7c_p018,d571c37753a9af7c,EVT_01124,indian_express,Shinde,Protest,Negative,"Rejection of allegations that the six Sena (UBT) MPs were ""lured"" with money, Shinde said",Shinde,said,allegations
d571c37753a9af7c_p019,d571c37753a9af7c,EVT_01124,indian_express,Shinde,Development,Positive,These six MPs have joined us to ensure justice and development for the people who elected them.,MPs,join,Shinde for development
d571c37753a9af7c_p020,d571c37753a9af7c,EVT_01124,indian_express,Amit Shah (Union Home Minister),Development,Positive,"We have already facilitated meetings with Union Home Minister Amit Shah, and our ministers will ensure projects in their constituencies are expedited",We,facilitated,meetings with Amit Shah
d571c37753a9af7c_p021,d571c37753a9af7c,EVT_01124,indian_express,Shinde,Policy,Negative,"""Hindutva is not a T-shirt that you wear today and discard tomorrow.""",Shinde,received,Negative sentiment score
d571c37753a9af7c_p021,d571c37753a9af7c,EVT_01124,indian_express,Uddhav (of the party),Policy,Negative,"""Now, when their own party is in trouble, they have suddenly remembered Lord Ram,""",they,remembered,Lord Ram
3ae70cb7ea5598ab_p001,3ae70cb7ea5598ab,EVT_01066,india_today,Wangchuk,Protest,Negative,Don't test Wangchuk's limits,Don't,test,Wangchuk's limits
3ae70cb7ea5598ab_p001,3ae70cb7ea5598ab,EVT_01066,india_today,Anna Hazare,Policy or Advocacy,Positive,: Anna Hazare's message to govt,Anna Hazare,message,govt
3ae70cb7ea5598ab_p002,3ae70cb7ea5598ab,EVT_01066,india_today,Sonam Wangchuk,Protest,Negative,indefinite hunger strike,Protest,hunger strike,indefinite
3ae70cb7ea5598ab_p002,3ae70cb7ea5598ab,EVT_01066,india_today,Anna Hazare,Law & Order/Election Strategy,Positive,"held talks with Sonam Wangchuk, who has been on indefinite hunger strike.",Anna Hazare,held talks with,Sonam Wangchuk
3ae70cb7ea5598ab_p003,3ae70cb7ea5598ab,EVT_01066,india_today,Anna Hazare,Dialogue and Engagement,Positive,Social activist Anna Hazare on Saturday urged the Centre to engage in dialogue with educationist Sonam Wangchuk,Anna Hazare,urged,Centre to engage with Sonam Wangchuk
3ae70cb7ea5598ab_p005,3ae70cb7ea5598ab,EVT_01066,india_today,Hazare,Protest,Negative,Hazare's remarks came hours after Delhi Police shifted Wangchuk to Safdarjung Hospital,Delhi Police,shifted,Wangchuk to Safdarjung Hospital
3ae70cb7ea5598ab_p005,3ae70cb7ea5598ab,EVT_01066,india_today,Wangchuk,Protest,Negative,Wangchuk has been demanding the resignation of Union Education Minister Dharmendra Pradhan over the NEET paper leak scandal.,Wangchuk,demanding,Pradhan's resignation
3ae70cb7ea5598ab_p007,3ae70cb7ea5598ab,EVT_01066,india_today,Hazare,Development,Positive,Hazare's intervention is significant as his own anti-corruption hunger strike at Delhi's Ramlila Maidan in 2011 had triggered a nationwide movement that eventually led to the enactment of the Lokpal Act.,Hazare's action,triggered,Lokpal Act
3ae70cb7ea5598ab_p008,3ae70cb7ea5598ab,EVT_01066,india_today,Protests,Protest,Negative,Jantar Mantar protests to continue,protests,continue,Jantar Mantar
3ae70cb7ea5598ab_p009,3ae70cb7ea5598ab,EVT_01066,india_today,Sonam Wangchuk,Protest,Negative,Despite Sonam Wangchuk’s removal from the protest site,Congress,accused,Modi of bulldozing
3ae70cb7ea5598ab_p010,3ae70cb7ea5598ab,EVT_01066,india_today,government,Protest,Negative,accused the government of suppressing peaceful protests,accused,the government of,suppressing peaceful protests
3ae70cb7ea5598ab_p011,3ae70cb7ea5598ab,EVT_01066,india_today,Wangchuk,Removal,Negative,PARTIES SLAM WANGCHUK’S REMOVAL,PARTIES,slam,WANGCHUK’S REMOVAL
3ae70cb7ea5598ab_p012,3ae70cb7ea5598ab,EVT_01066,india_today,"Left parties, the Congress, the Aam Aadai Party",Protest,Negative,"The police action drew sharp criticism from Left parties, the Congress, the Aam Aadai Party","Left parties, the Congress, the Aam Aadai Party",criticized,police action
3ae70cb7ea5598ab_p012,3ae70cb7ea5598ab,EVT_01066,india_today,Centre,Law & Order,Negative,who accused the Centre of suppressing peaceful protests,who,accused,Centre of suppressing
3ae70cb7ea5598ab_p013,3ae70cb7ea5598ab,EVT_01066,india_today,Rahul Gandhi,Violence,Negative,"He said paper leaks, the rising cost of education and student suicides were ""critical issues for India's future"" and asserted that ""no amount of force can deter India's students, and those of us who love and believe in them, from raising these issues"".",He,asserted,India's students and their supporters
3ae70cb7ea5598ab_p014,3ae70cb7ea5598ab,EVT_01066,india_today,AAP,Protest,Positive,"AAP national convenor Arvind Kejriwal, who met Wangchuk on Thursday, appealed to people to join the protest at Jantar Mantar.",AAP,appealed,people to join protest
3ae70cb7ea5598ab_p014,3ae70cb7ea5598ab,EVT_01066,india_today,NCP (SP),Protest,Negative,"NCP (SP) chief Sharad Pawar, Samajwadi Party president Akhilesh Yadav, DMK MP Kanimozhi, Trinamool Congress chief Mamata Banerjee and Shiv Sena (UBT) leader Aaditya Thackeray also criticised the police action and urged the government to engage in dialogue with the protesters.",NCP (SP),criticized,police action
3ae70cb7ea5598ab_p015,3ae70cb7ea5598ab,EVT_01066,india_today,The Communist Party of India (Marxist-Leninist) Liberation,Corruption,Negative,"""intimidation, force and the suppression of democratic dissent"" because it had ""no answers to the growing anger against corruption, paper leaks and the systematic destruction of the public education system""",Communist Party,criticized,Corruption
3ae70cb7ea5598ab_p016,3ae70cb7ea5598ab,EVT_01066,india_today,CPI(ML),"Election Strategy, Protest, Law & Order",Negative,The party also reiterated its call for the July 20 Parliament march,Party,reiterated,call for march
3ae70cb7ea5598ab_p016,3ae70cb7ea5598ab,EVT_01066,india_today,Police,Law & Order,Negative,CPI(ML) Liberation general secretary Dipankar Bhattacharya claimed the police removed Wangchuk,Police,removed,Wangchuk
3ae70cb7ea5598ab_p016,3ae70cb7ea5598ab,EVT_01066,india_today,Pradhan's Government/NTA/NEP 2020,"Policy, Protest, Law & Order",Negative,"the disbanding of the National Testing Agency (NTA), the scrapping of the National Education Policy (NEP) 2020",Congress,accused,Modi
3ae70cb7ea5598ab_p017,3ae70cb7ea5598ab,EVT_01066,india_today,Communist Party of India (Marxist),Protest,Negative,"alleging that instead of acting against those responsible for the examination controversy, the government had targeted peaceful protesters.",government,targeted,peaceful protesters
3ae70cb7ea5598ab_p018,3ae70cb7ea5598ab,EVT_01066,india_today,Communist Party of India general secretary D Raja,Protest and Law & Order,Negative,He said the concerns over the country's examination system needed accountability instead of repression.,He,said,concerns over examination system
f13520da6d95e2f2_p001,f13520da6d95e2f2,EVT_00920,the_times_of_india,NC (National Conference),Protest,Positive,Politics is heating up in J&K ahead of NCâs proposed protest at Jantar Mantar,Heated up,is,in J&K ahead of NC's proposed protest at Jantar Mantar
f13520da6d95e2f2_p002,f13520da6d95e2f2,EVT_00920,the_times_of_india,Bihar Janta Party (BJP),Protest,Negative,has planned a gherao of the secretariat in Srinagar,BJP,planned,gherao
f13520da6d95e2f2_p002,f13520da6d95e2f2,EVT_00920,the_times_of_india,NC Government,"Corruption, Arbitrary Governance, Policy",Negative,"""corruption, arbitrary governance, and policies that undermine democratic institutions""",corruption,exist,NC Government
f13520da6d95e2f2_p003,f13520da6d95e2f2,EVT_00920,the_times_of_india,Congress's GA Mir,Protest,Positive,"""We have to go there and make our voices heard,â said Congressâs GA Mir, adding that the protest would be held even if permission was denied.""",Congress's GA Mir,said,protest would be held
f13520da6d95e2f2_p003,f13520da6d95e2f2,EVT_00920,the_times_of_india,Congress's GA Mir,Protest,Positive,"""Delhi does not belong to anyone. We will enter from anywhere,â he added.""",Congress,protested,Mir's stance
f13520da6d95e2f2_p004,f13520da6d95e2f2,EVT_00920,the_times_of_india,Sajad Lone (Peoples Conference),Protest,Negative,"""Major political decisions in a democracy require consensus, not unilateral calls to the street,â he said, insisting that the NC govt should instead call a special assembly session, pass a resolution on statehood, and then send an all-party delegation to the PM, before taking the protest route. """,NC,called,assembly session
f13520da6d95e2f2_p005,f13520da6d95e2f2,EVT_00920,the_times_of_india,protest organizers,Protest,Negative,Lone alleged the protest might not really be about statehood at all but about quietly burying the demand for Articles 370 and 35A.,Lone,alleged,protesters
bb956ea14436195a_p001,bb956ea14436195a,EVT_00922,hindustan_times,Railways,Law & Order,Negative,Supreme Court asks Railways to reconsider term ‘second class passenger’: 'Offensive to Constitution spirit',Supreme Court,asks,Railways to reconsider
bb956ea14436195a_p005,bb956ea14436195a,EVT_00922,hindustan_times,Railways,Law & Order,Positive,the Railways consider an ‘exponential increase’ in manpower,consider,increasing,manpower
bb956ea14436195a_p007,bb956ea14436195a,EVT_00922,hindustan_times,Law & Order,Violence,Negative,"The judgment was delivered in an appeal filed by Lata, whose husband Chandrakant Thakkar died after falling from the Ahmedabad-Howrah Mail",,,
bb956ea14436195a_p008,bb956ea14436195a,EVT_00922,hindustan_times,Supreme Court,Law & Order,Positive,"The Supreme Court reversed both decisions, holding that the absence of the ticket was not fatal to the claim and awarded ₹8 lakh compensation to the widow.",Supreme Court,reversed,decisions
bb956ea14436195a_p009,bb956ea14436195a,EVT_00922,hindustan_times,PM Narendra Modi and the Bharatiya Janata Party (BJP),Election Strategy,Positive,‘Even though BJP not in power here...’,Modi,received,positive sentiment
bb956ea14436195a_p015,bb956ea14436195a,EVT_00922,hindustan_times,Court,Violence,Negative,"""upper and lower class passengers"" and ""second class passengers"", language which, according to the bench, required reconsideration in a constitutional democracy committed to equality and dignity.",bench,required reconsideration,language
7bf13d880a33bb5b_p001,7bf13d880a33bb5b,EVT_00821,hindustan_times,PM Modi,Development,Positive,‘A historic new frontier for India’,India,entered,new frontier
7bf13d880a33bb5b_p002,7bf13d880a33bb5b,EVT_00821,hindustan_times,PM Modi,Development,Positive,"PM Modi said the launch, scheduled for 11:30 am, was a significant milestone for India's private space sector.",PM Modi,said,launch milestone
7bf13d880a33bb5b_p003,7bf13d880a33bb5b,EVT_00821,hindustan_times,Prime Minister Narendra Modi,Development,Positive,"called the mission a ""historic new frontier"" for the country's space journey.",called,historic new frontier,space journey
7bf13d880a33bb5b_p004,7bf13d880a33bb5b,EVT_00821,hindustan_times,PM Modi,Development,Positive,"In a post on X, Modi said the launch, scheduled for 11:30 am, was a significant milestone for India's private space sector.",Modi,said,launch milestone
7bf13d880a33bb5b_p007,7bf13d880a33bb5b,EVT_00821,hindustan_times,PM Modi,Development,Positive,said the mission showed the capabilities of India's young innovators.,mission,showed,capabilities of India's young innovators
7bf13d880a33bb5b_p008,7bf13d880a33bb5b,EVT_00821,hindustan_times,PM Modi,Development,Positive,"This mission highlights the talent, determination and entrepreneurial spirit of our youth. It also shows how our space-sector reforms are unlocking new opportunities for innovation and enterprise,",mission,highlight,"talent, determination and entrepreneurial spirit of our youth and unlocking new opportunities for innovation and enterprise"
7bf13d880a33bb5b_p009,7bf13d880a33bb5b,EVT_00821,hindustan_times,Modi (Prime Minister),Development,Positive,"Extending his best wishes to the Skyroot Aerospace team, Modi said, 'May Vikram-1 soar high, create history and inspire a generation of innovators.'",Modi,said,Skyroot Aerospace team
7bf13d880a33bb5b_p010,7bf13d880a33bb5b,EVT_00821,hindustan_times,Vikram 1 Mission,Development,Positive,"He also asked people across the country, particularly young Indians, to follow the launch and support the mission by using the hashtag #IndiaWithVikram1.",asked,asked,people to follow and support
7bf13d880a33bb5b_p013,7bf13d880a33bb5b,EVT_00821,hindustan_times,Bengaluru-based Cosmos Diamonds,Development,Positive,"Among the payloads is Diamond Lotus, a lab-grown diamond developed by Bengaluru-based Cosmos Diamonds.",Cosmos Diamonds,developed,Diamond Lotus
7bf13d880a33bb5b_p015,7bf13d880a33bb5b,EVT_00821,hindustan_times,India,Development,Positive,India's private space sector sees rapid growth,India,see,growth
7bf13d880a33bb5b_p016,7bf13d880a33bb5b,EVT_00821,hindustan_times,India's private space ecosystem,Development,Positive,"""We are seeing the growth of the private sector,"" Jothi told ANI.",private sector,growing,India's ecosystem
7bf13d880a33bb5b_p017,7bf13d880a33bb5b,EVT_00821,hindustan_times,Prime Minister,Development,Positive,"The vision of our Prime Minister is now being implemented, and we are seeing the outcome of the space policy",Vision,being implemented,Space Policy
7bf13d880a33bb5b_p018,7bf13d880a33bb5b,EVT_00821,hindustan_times,India,Development,Positive,a successful mission would strengthen India's capabilities in the small satellite launch market.,India,strengthened,capabilities
7bf13d880a33bb5b_p019,7bf13d880a33bb5b,EVT_00821,hindustan_times,Skyroot,Development,Positive,it is going to give a boost to both the small satellite market and the small launch vehicle market,Boosts,provide,Markets
7bf13d880a33bb5b_p020,7bf13d880a33bb5b,EVT_00821,hindustan_times,Skyroot Aerospace,Development,Positive,'Historic milestone' for Skyroot Aerospace,Aerospace,achieved,milestone
7bf13d880a33bb5b_p022,7bf13d880a33bb5b,EVT_00821,hindustan_times,Skyroot (company),Development,Positive,"""We started Skyroot around eight years ago with an aim to build affordable, reliable rockets from India to the world and provide affordable, reliable and on-demand launch access solutions for satellite operators around the world. All our effort and the team's effort are culminating today in this historic milestone,"" he told ANI.",Skyroot,aimed,"build affordable, reliable rockets from India to the world and provide affordable, reliable and on-demand launch access solutions for satellite operators around the world."
d70ac8d1e129a055_p001,d70ac8d1e129a055,EVT_00821,the_times_of_india,Skyroot Aerospace,Development,Positive,created history after it successfully placed Indiaâs first privately developed orbital-class rocket into space.,created,place,history
d70ac8d1e129a055_p003,d70ac8d1e129a055,EVT_00821,the_times_of_india,Hyderabad-based startup,Development,Positive,key systems developed by the Hyderabad-based startup,Hyderabad-based startup,developed,key systems
d70ac8d1e129a055_p004,d70ac8d1e129a055,EVT_00821,the_times_of_india,Prime Minister Narendra Modi,Development,Positive,congratulated the duo on the successful completion of Mission Aagaman.,Cong.,congratulated,Modi and duo
d70ac8d1e129a055_p005,d70ac8d1e129a055,EVT_00821,the_times_of_india,PM,Development,Positive,"The PM, who sent a postcard into space abroad Vikram-1 with Vande Mataram written on it, ",PM,sent,postcard
d70ac8d1e129a055_p006,d70ac8d1e129a055,EVT_00821,the_times_of_india,ISRO (Indian Space Research Organisation),Development,Positive,The feat marks a major milestone for the countryâs commercial launch sector and opens a new chapter at Sriharikota,feat,marks,milestone
d70ac8d1e129a055_p007,d70ac8d1e129a055,EVT_00821,the_times_of_india,Private Indian Industry,Development,Positive,"Like SLV-3, Vikram-1 stands 22 metres tall, but its success represents a different leap: the arrival of private Indian industry in orbital launch operations.",Industry,represents,Private Indian Industry
d70ac8d1e129a055_p010,d70ac8d1e129a055,EVT_00821,the_times_of_india,Prime Minister Narendra Modi,Election Strategy,Positive,It also carried a handwritten postcard from Prime Minister Narendra Modi bearing the words 'Vande Mataram',Election Strategy,utilized,postcard from Modi
d70ac8d1e129a055_p012,d70ac8d1e129a055,EVT_00821,the_times_of_india,Skyroot,Development,Positive,"With Aagaman, the company has now moved from demonstration to orbital capability.",Aagaman,moved to,orbital capability
90fad335da67e1fa_p001,90fad335da67e1fa,EVT_01066,hindustan_times,Anna Hazare,Protest,Positive,"'Shouldn't test Sonam Wangchuk's limits, say yes or no to his demands'",Shouldn't test,apply to,Sonam Wangchuk's limits
90fad335da67e1fa_p002,90fad335da67e1fa,EVT_01066,hindustan_times,Union Government,Development,Positive,engage in talks with Sonam Wangchuk,Union Government,engage,Sonam Wangchuk
90fad335da67e1fa_p003,90fad335da67e1fa,EVT_01066,hindustan_times,Anna Hazare,Development,Positive,Social activist Anna Hazare on Saturday urged the Union government to hold talks with educationist Sonam Wangchuk,Hazare,urged,government to hold talks with Wangchuk
90fad335da67e1fa_p003,90fad335da67e1fa,EVT_01066,hindustan_times,Sonam Wangchuk,Development,Positive,Social activist Anna Hazare on Saturday urged the Union government to hold talks with educationist Sonam Wangchuk,Anna Hazare,urged,Sonam Wangchuk for talks
90fad335da67e1fa_p005,90fad335da67e1fa,EVT_01066,hindustan_times,Union Education Minister Dharmendra Pradhan,Corruption,Negative,Wangchuk has been demanding the resignation of Union Education Minister Dharmendra Pradhan over the NEET paper leak scandal.,Wangchuk,demands,resignation of Pradhan
90fad335da67e1fa_p006,90fad335da67e1fa,EVT_01066,hindustan_times,Udit Nayar,Protest,Negative,Saturday (July 18) marks the 21st day of his indefinite hunger strike,Nayuki,protested,indefinite hunger strike
90fad335da67e1fa_p009,90fad335da67e1fa,EVT_01066,hindustan_times,Wangchuk,Protest,Negative,"While the police said the hospitalisation was undertaken as per a Delhi High Court order on monitoring Wangchuk's health, CJP's Abhijeet Dipke claimed the climate activist was ‘taken away forcefully’.",police,said,hospitalisation order
90fad335da67e1fa_p010,90fad335da67e1fa,EVT_01066,hindustan_times,Wangchuk,Protest,Negative,High drama on Day 21 of Wangchuk's strike:,Congress,accused,Modi of bulldozing
90fad335da67e1fa_p011,90fad335da67e1fa,EVT_01066,hindustan_times,Protest,Violence,Negative,Some students also claimed they were lathicharged at the protest site.,Students,were lathi-charged,Protest site
90fad335da67e1fa_p012,90fad335da67e1fa,EVT_01066,hindustan_times,Protesters,Violence,Negative,allege protesters,allege,protested,Protesters
90fad335da67e1fa_p013,90fad335da67e1fa,EVT_01066,hindustan_times,police personnel,Violence,Negative,They ordered the volunteers to move aside,police personnel,ordered,volunteers to move aside
90fad335da67e1fa_p014,90fad335da67e1fa,EVT_01066,hindustan_times,Cockroach Janata Party (CJP),Law & Order,Negative,alleged that the Delhi Police had misinterpreted the Delhi High Court's directions,alleged,misinterpreted,Delhi High Court's directions
90fad335da67e1fa_p014,90fad335da67e1fa,EVT_01066,hindustan_times,Sonam Wangchuk,Protest,Negative,detention a contempt of court,Court,contempted,detention
90fad335da67e1fa_p016,90fad335da67e1fa,EVT_01066,hindustan_times,Sonam Wangchuk,Violence,Negative,"""The detention is a contempt of court’s order,\n""",Court,ordered,detention
90fad335da67e1fa_p018,90fad335da67e1fa,EVT_01066,hindustan_times,HT News Desk,Coverage of Major Breaking News Events,Positive,"""the team also leads coverage of major breaking news events, policy announcements, court proceedings...""",the team,leads,coverage
1bfa324b10964488_p001,1bfa324b10964488,EVT_00821,hindustan_times,Prime Minister Narendra Modi,Development,Positive,said it proved the country's self-reliance push.,said,proved,self-reliance push
1bfa324b10964488_p002,1bfa324b10964488,EVT_00821,hindustan_times,Pawan Kumar Chandana,Development,Positive,congratulated them and their company for the successful feat achieved on Saturday.,Congratulated,praised,Pawan Kumar Chandana and their company
1bfa324b10964488_p003,1bfa324b10964488,EVT_00821,hindustan_times,PM Modi,Development,Positive,"""your card has successfully reached orbit. Vande Mataram is in orbit.""",Vande Mataram,is in orbit,PM Modi
1bfa324b10964488_p005,1bfa324b10964488,EVT_00821,hindustan_times,PM Modi,Development,Positive,"PM Modi said, ""I am delighted to see that India's maiden private rocket launch was a success.""",PM Modi,said,India's maiden private rocket launch was a success
b1e9deb5bee5c3bf_p001,b1e9deb5bee5c3bf,EVT_00821,the_times_of_india,Prime Minister Narendra Modi,Development,Positive,âa historic new frontierâ for the country's space programme,described,new frontier,space program
b1e9deb5bee5c3bf_p003,b1e9deb5bee5c3bf,EVT_00821,the_times_of_india,PM,Development,Positive,"In a post on X ahead of the launch, the PM said the mission reflected the growing capabilities of India's private space sector.",PM,said,mission capabilities
b1e9deb5bee5c3bf_p004,b1e9deb5bee5c3bf,EVT_00821,the_times_of_india,India,Development,Positive,A historic new frontier for India's space journey!,India,received,positive sentiment score
b1e9deb5bee5c3bf_p005,b1e9deb5bee5c3bf,EVT_00821,the_times_of_india,PM Modi,Development,Positive,My best wishes to the entire Skyroot Aerospace team for a successful launch.,Skyroot Aerospace team,wished,PM Modi for success
b1e9deb5bee5c3bf_p005,b1e9deb5bee5c3bf,EVT_00821,the_times_of_india,India's space sector reforms,Development,Positive,"Highlighting the significance of the mission, Modi said it showcased the impact of India's space sector reforms.",India's space sector,showcased,mission impact
b1e9deb5bee5c3bf_p005,b1e9deb5bee5c3bf,EVT_00821,the_times_of_india,Skyroot Aerospace team,Development,Positive,My best wishes to the entire Skyroot Aerospace team for a successful launch.,Wishes,sent,Skyroot Aerospace team for successful launch
b1e9deb5bee5c3bf_p006,b1e9deb5bee5c3bf,EVT_00821,the_times_of_india,S Somanath,Development,Positive,"Former Indian Space Research Organisation (ISRO) Chairman S Somanath also congratulated Skyroot Aerospace, describing the mission as a milestone for India's private space industry.",Former ISRO Chairman S Somanath,congratulated,Skyroot Aerospace
b1e9deb5bee5c3bf_p007,b1e9deb5bee5c3bf,EVT_00821,the_times_of_india,Team Skyroot Aerospace,Development,Positive,"""This is far more than the maiden orbital flight of a rocket, it marks the arrival of Indiaâs private rocket building capability and reflects the remarkable...""",India,marks,private rocket building capability
b1e9deb5bee5c3bf_p009,b1e9deb5bee5c3bf,EVT_00821,the_times_of_india,Bengaluru-based Cosmos Diamonds,Development,Positive,"""Among the payloads is Bengaluru-based Cosmos Diamonds' lab-grown ""Diamond Lotus"".""",Cosmos Diamonds,provided,Diamond Lotus
b1e9deb5bee5c3bf_p010,b1e9deb5bee5c3bf,EVT_00821,the_times_of_india,India,Development,Positive,mission reflected the rapid expansion of India's private space ecosystem after the Centre opened the sector in 2020.,India,received,positive sentiment score
b1e9deb5bee5c3bf_p011,b1e9deb5bee5c3bf,EVT_00821,the_times_of_india,Private Sector,Development,Positive,"""We started with hardly five or six startup companies, and today we have more than 400 startups.""",Private Sector,growing,number of startups
b1e9deb5bee5c3bf_p012,b1e9deb5bee5c3bf,EVT_00821,the_times_of_india,PM Modi,Election Strategy,Positive,carry PM Modi's handwritten 'Vande Mataram' postcard into space,carry,into,PM Modi's postcard
b1e9deb5bee5c3bf_p013,b1e9deb5bee5c3bf,EVT_00821,the_times_of_india,Prime Minister Modi,Development,Positive,"""Vikram-1 will carry a handwritten postcard by Prime Minister Modi bearing the message 'Vande Mataram', alongside handwritten postcards from engineers, scientists and Indian astronauts. The rocket will also transport a micro-art payload...""",Vikram-1,carry,postcard from Modi
b1e9deb5bee5c3bf_p015,b1e9deb5bee5c3bf,EVT_00821,the_times_of_india,Mission Aagaman,Development,Positive,establish Skyroot Aerospace as the first Indian private company to place payloads into orbit using its own launch vehicle.,Skyroot Aerospace,established,Indian private company
1c14a1918813d881_p001,1c14a1918813d881,EVT_00827,the_hindu,Left parties,Protest,Negative,condemned the police action against activist Sonam Wangchuk and protesters at Jantar Mantar,Left parties,condemned,police action against activists and protesters
1c14a1918813d881_p001,1c14a1918813d881,EVT_00827,the_hindu,Centre,Law & Order,Negative,accused the Centre of suppressing democratic dissent instead of addressing the alleged irregularities in the NEET examination,Centre,suppressing,democratic dissent
1c14a1918813d881_p003,1c14a1918813d881,EVT_00827,the_hindu,Delhi Police,Violence,Negative,forcibly removed from Jantar Mantar earlier in the day by the Delhi Police,Delhi Police,removed,Janta Mantar participants
1c14a1918813d881_p003,1c14a1918813d881,EVT_00827,the_hindu,Mr. Wangchuk,Protest,Negative,was forcibly removed from Jantar Mantar earlier in the day by the Delhi Police,Delhi Police,remove,Mr. Wangchuk from Jantar Mantar
1c14a1918813d881_p004,1c14a1918813d881,EVT_00827,the_hindu,The Communist Party of India (Marxist-Leninist) Liberation,Protest,Positive,protest would continue despite Mr. Wangchuk's removal from the protest site,protest,continue,Communist Party of India (Marxist-Leninist) Liberation
1c14a1918813d881_p004,1c14a1918813d881,EVT_00827,the_hindu,"The Communist Party of India (Marxist-Leninist) Liberation and AISA (Neha, Manish and Aameen)",Protest,Negative,"with three members of its student wing AISA — Neha, Manish and Aameen — continuing their indefinite hunger strike",AISA members,participate-in,hunger strike
1c14a1918813d881_p004,1c14a1918813d881,EVT_00827,the_hindu,The Communist Party of India (Marxist-Leninist) Liberation,Election Strategy,Positive,the party also appealed to people to join the July 20 Parliament march,party,appealed,people to join march
1c14a1918813d881_p005,1c14a1918813d881,EVT_00827,the_hindu,Dharmendra Pradhan,Election Strategy,Negative,calling for Union Education Minister Dharmendra Pradhan's resignation,Dharmendra Pradhan,called for resignation,resignation
1c14a1918813d881_p006,1c14a1918813d881,EVT_00827,the_hindu,Modi government,Corruption,Negative,"""intimidation, force and the suppression of democratic dissent""",ignored,towards,Modi government
1c14a1918813d881_p006,1c14a1918813d881,EVT_00827,the_hindu,Modi government,Paper Leaks,Negative,"""paper leaks""",unknown,leaked,Modi government
1c14a1918813d881_p006,1c14a1918813d881,EVT_00827,the_hindu,Modi government,Systematic Destruction of the Public Education System,Negative,"""systematic destruction of the public education system""",Congress,accused,Modi of
1c14a1918813d881_p008,1c14a1918813d881,EVT_00827,the_hindu,Delhi Police,Protest,Negative,But students foiled the disruption design of the police,Students,foiled,Police disruption design
1c14a1918813d881_p008,1c14a1918813d881,EVT_00827,the_hindu,Student Protesters,Protest,Positive,Salute the exemplary strength and resolve of the student protesters,Saluted,praised,student protesters
1c14a1918813d881_p009,1c14a1918813d881,EVT_00827,the_hindu,Dharmendra Pradhan,Policy Implementation,Negative,"The CPI(ML) Liberation also reiterated its call for the July 20 Parliament march, demanding the resignation of Dharmendra Pradhan",CPI(ML),reiterated,call for march
1c14a1918813d881_p009,1c14a1918813d881,EVT_00827,the_hindu,National Testing Agency (NTA),Policy Implementation,Negative,"The CPI(ML) Liberation also reiterated its call for the July 20 Parliament march, demanding the disbanding of the National Testing Agency (NTA)",Liberation,reiterated,call for march
1c14a1918813d881_p009,1c14a1918813d881,EVT_00827,the_hindu,National Education Policy (NEP) 2020,Policy Implementation,Negative,"The CPI(ML) Liberation also reiterated its call for the July 20 Parliament march, demanding the scrapping of the National Education Policy (NEP) 2020",reiterated,call,scraping NEP 2020
1c14a1918813d881_p010,1c14a1918813d881,EVT_00827,the_hindu,Delhi Police,Protest,Negative,"""Strongly condemn the detention of Sonam Wangchuk and Abhijeet Dipke by Delhi Police.""
",Delhi Police,detained,Sonam Wangchuk and Abhijeet Dipke
1c14a1918813d881_p010,1c14a1918813d881,EVT_00827,the_hindu,Education Minister,Protest,Negative,"""under whose nose the scandalous leak of papers happened, and dismantling the system that continues to ruin the future of lakhs of students,""
",under whose nose,happened,scandalous leak of papers
1c14a1918813d881_p010,1c14a1918813d881,EVT_00827,the_hindu,Government (in general),Protest,Negative,"""the government is coming down with a heavy hand on peaceful protesters.""
",government,coming down with,heavy hand
1c14a1918813d881_p011,1c14a1918813d881,EVT_00827,the_hindu,Modi Government,Corruption,Negative,"This displays the authoritarian attitude of the Modi government. Silencing dissent cannot be a substitute for accountability,",Modi,attacked,authoritarian attitude
1c14a1918813d881_p012,1c14a1918813d881,EVT_00827,the_hindu,Mr. Raja,Protest,Negative,The Delhi Police's assault on a peaceful democratic protest and forcible removal of Sonam Wangchuk from Jantar Mantar is utterly condemnable.,Delhi Police,assaulted,protesters
1c14a1918813d881_p012,1c14a1918813d881,EVT_00827,the_hindu,Mr. Raja,Violence,Negative,The assault on CJP founder Abhijeet Dipke and fellow protesters reflects a mentality that prefers to use force over dialogue and accountability.,assault,reflects,mentality
1c14a1918813d881_p013,1c14a1918813d881,EVT_00827,the_hindu,government,Violence,Negative,resort to repression,government,repression,resort to
1c14a1918813d881_p013,1c14a1918813d881,EVT_00827,the_hindu,Indian government,Policy,Negative,acknowledge its failures,,acknowledge,failures
1c14a1918813d881_p014,1c14a1918813d881,EVT_00827,the_hindu,Mr. Raja,Protest,Positive,"Force will not crush the resolve of lakhs of students fighting for justice. Repression cannot bury the truth,",,,
1c14a1918813d881_p015,1c14a1918813d881,EVT_00827,the_hindu,Delhi Police,Violence,Negative,The Delhi Police forcibly moved Wangchuk to Safdarjung Hospital,Delhi Police,moved,Wangchuk to Safdarjung Hospital
1c14a1918813d881_p016,1c14a1918813d881,EVT_00827,the_hindu,Abhijit Dipke,Protest,Negative,"Following the police action, Cockroach Janta Party (CJP) founder Abhijit Dipke began an indefinite hunger strike,",CJP founder,began,hunger strike
1c14a1918813d881_p016,1c14a1918813d881,EVT_00827,the_hindu,"Neha, Manish and Aameen",Protest,Negative,"AISA activists Neha, Manish and Aameen continued their fast at Jantar Mantar for the 21st day.",AISA activists,fasted,Jantar Mantar for the 21st day
1c14a1918813d881_p018,1c14a1918813d881,EVT_00827,the_hindu,Local Politician X,Corruption,Negative,"The investigation revealed that the mayor had accepted bribes totaling over $100,000 from local contractors.",Mayor,accepted,bribes
a87efaaeee6dac36_p002,a87efaaeee6dac36,EVT_01183,the_times_of_india,Local Authorities,Natural Disasters and Response,Negative,"Officials said floodwaters entered several parts of Rajouri town, including the new bus stand, after rivers burst their banks.",Officials,said,floodwaters entering Rajouri town
a87efaaeee6dac36_p003,a87efaaeee6dac36,EVT_01183,the_times_of_india,Congress MLA Iftkhar Ahmad,Natural Disasters & Response,Negative,Flash floods had caused extensive damage to both public infrastructure and private property.,Flash floods,caused,damage
a87efaaeee6dac36_p004,a87efaaeee6dac36,EVT_01183,the_times_of_india,General Political Situation,Loss and Catastrophe,Negative,"""Everything is lost. Everything is gone""",Everything,is,gone
a87efaaeee6dac36_p006,a87efaaeee6dac36,EVT_01183,the_times_of_india,Local Resident,Loss and Suffering,Negative,"""Everything is lost. Everything is gone. Everything we had has been washed away.""",Washed away,be,Everything we had
a87efaaeee6dac36_p008,a87efaaeee6dac36,EVT_01183,the_times_of_india,Politician (unnamed in text),Relief and Rehabilitation,Positive,"""I have abandoned my party programme to stand with my people, as the flash floods have caused extensive damage to public and private property,"" he said, urging the administration to begin relief and rehabilitation work immediately.",I,said,about flash floods
a87efaaeee6dac36_p009,a87efaaeee6dac36,EVT_01183,the_times_of_india,Government,Natural Disaster,Negative,"Officials said the Darhali, Khandli, Suktoh and Jamola rivers overflowed...",,,
a87efaaeee6dac36_p010,a87efaaeee6dac36,EVT_01183,the_times_of_india,Government/Authorities,Violence,Negative,More than 50 families living near Abdullah Bridge were forced to leave their homes after floodwaters flooded the settlement.,Government,forced,families to leave homes
a87efaaeee6dac36_p010,a87efaaeee6dac36,EVT_01183,the_times_of_india,Government/Authorities,Violence,Negative,"Another locality near Tariq Bridge was also affected, prompting police to respond to distress calls and help residents move to safer places away from the riverbanks.",police,responded to,distress calls
a87efaaeee6dac36_p012,a87efaaeee6dac36,EVT_01183,the_times_of_india,Police Administration,Law & Order,Positive,"Police teams patrolled flood-prone areas, made public announcements and urged people living near rivers and in low-lying localities to evacuate immediately.",Police teams,patrolled,flood-prone areas
a87efaaeee6dac36_p012,a87efaaeee6dac36,EVT_01183,the_times_of_india,District Administration,Law & Order,Positive,"The district administration also issued an advisory asking residents to remain alert, while police control rooms were activated to coordinate rescue and relief operations.",issued,advisory,alert to residents
9c1f157e0bb79596_p005,9c1f157e0bb79596,EVT_01183,the_hindu,Local Authorities,Natural Disaster,Negative,"All the rivers of Rajouri, including Darhali, Khandli, Suktoh and Jamola, got flooded with most of the rivers flowing close to or even above danger mark",rivers,floated,Local Authorities
9c1f157e0bb79596_p006,9c1f157e0bb79596,EVT_01183,the_hindu,Authorities,Development,Negative,"They said the Darhali River breached the flood protection lock near Bela Colony in Rajouri town, allowing floodwaters to gush into the new bus stand, where dozens of vehicles were washed away or submerged.",They,said,Darhali River breach
9c1f157e0bb79596_p007,9c1f157e0bb79596,EVT_01183,the_hindu,Government,Disaster Response,Negative,flooding also severely affected the slum settlement near Abdullah Bridge,flooding,affected,slum settlement near Abdullah Bridge
9c1f157e0bb79596_p008,9c1f157e0bb79596,EVT_01183,the_hindu,police,Law & Order,Positive,responding to numerous distress calls and assist residents in evacuating,police,responding,distress calls and residents
9c1f157e0bb79596_p010,9c1f157e0bb79596,EVT_01183,the_hindu,Local Authorities,Law & Order,Positive,"Police teams were seen patrolled vulnerable areas, making public announcements and urging residents",Police teams,patrolled,vulnerable areas
9c1f157e0bb79596_p011,9c1f157e0bb79596,EVT_01183,the_hindu,police,Law & Order,Positive,The police have set up control rooms to monitor the evolving situation and provide assistance,police,set up,control rooms to monitor and assist
9c1f157e0bb79596_p013,9c1f157e0bb79596,EVT_01183,the_hindu,Ahmad,Humanitarian Effort,Positive,"""I have abandoned my party programme to stand with my people, as the flash floods have caused extensive damage to public and private property,"" Ahmad said.",Ahmad,said,flash floods
9c1f157e0bb79596_p014,9c1f157e0bb79596,EVT_01183,the_hindu,district administration,Development,Positive,He urged the district administration to launch immediate relief and rehabilitation measures,He,urged,district administration
9c1f157e0bb79596_p015,9c1f157e0bb79596,EVT_01183,the_hindu,Local Government Officials,Corruption,Negative,"The report highlighted the rampant corruption among local government officials, accusing them of embezzling public funds and favoring certain individuals.",Report,highlighted,corruption among local government officials
e088d706d49a4f33_p001,e088d706d49a4f33,EVT_01124,hindustan_times,Lok Sabha Speaker,Approval,Positive,gets Lok Sabha Speaker’s approval,Lok Sabha Speaker,approved,Congress
e088d706d49a4f33_p002,e088d706d49a4f33,EVT_01124,hindustan_times,Shiv Sena,Election Strategy,Positive,The circular showed Shiv Sena with 13 lawmakers,Shiv Sena,showcased,13 lawmakers
e088d706d49a4f33_p003,e088d706d49a4f33,EVT_01124,hindustan_times,Shiv Sena,Political Alliances,Positive,Lok Sabha Speaker Om Birla on Saturday approved the merger of six Shiv Sena (Uddhav Balasaheb Thackeray) lawmakers with the Shiv Sena,Birla,approved,Shiv Sena merger
e088d706d49a4f33_p003,e088d706d49a4f33,EVT_01124,hindustan_times,Shiv Sena,Political Alliances,Positive,allotted a separate seating arrangement for 20 rebel Trinamool Congress (TMC) MPs.,Shiv Sena,allocated,seating arrangement for TMC MPs
e088d706d49a4f33_p007,e088d706d49a4f33,EVT_01124,hindustan_times,Shiv Sena,Election Strategy,Positive,The circular showed Shiv Sena with 13 lawmakers,Circular,showed,Shiv Sena with 13 lawmakers
e088d706d49a4f33_p008,e088d706d49a4f33,EVT_01124,hindustan_times,Kiren Rijiju,Election Strategy,Positive,"""Recently, you and 19 other MPs have joined NCPI, and have already requested the Hon'ble Speaker Lok Sabha for recognition which is under his consideration.""
",Kiren Rijiju,received,Positive sentiment score
e088d706d49a4f33_p008,e088d706d49a4f33,EVT_01124,hindustan_times,Prime Minister Narendra Modi,Election Strategy,Positive,"""Sudip Bandopadhyay also met Prime Minister Narendra Modi on Saturday evening.""
",Sudip Bandopadhyay,met,Prime Minister Narendra Modi
e088d706d49a4f33_p009,e088d706d49a4f33,EVT_01124,hindustan_times,Sena (UBT) and Shiv Sena,Election Strategy,Positive,"""The required process has been completed. All six MPs have joined the Shiv Sena. Operation Tiger is a success,"" Shinde had announced at the time.",Shinde,announced,success
e088d706d49a4f33_p011,e088d706d49a4f33,EVT_01124,hindustan_times,Shiv Sena,Integration of Dissident Members,Positive,"""They took the right decision by joining us. We will welcome them in the Sena,""
Shrikant Shinde said.",Shrikant Shinde,said,welcoming Shiv Sena members
e088d706d49a4f33_p013,e088d706d49a4f33,EVT_01124,hindustan_times,Derek O'Brien (TMC’s Rajya Sabha floor leader),Protest,Negative,"""Mocking our democracy. Speaker has referred to 20 traitors as still being TMC MPs. Minutes later, Modi-Shah minister invites traitors for an all-party meet & refers to them as NCPI,"" he posted on X.",Derek O'Brien,protested,Minister's invitation to traitors meet
e088d706d49a4f33_p018,e088d706d49a4f33,EVT_01124,hindustan_times,Nationalist Congress Party (Sharadchandra Pawar),Election Strategy,Negative,"The NCP chief Sunetra Pawar opposes the move, according to people aware of developments.",NCP chief,opposes,move
e088d706d49a4f33_p020,e088d706d49a4f33,EVT_01124,hindustan_times,"The Constitution (One Hundred and Thirty First Amendment) Bill, 2026",Law & Order,Negative,"But the constitution amendment bill failed to reach the two-thirds majority mark in the Lower House, getting defeated 298 to 230.",Failed Bill,received,Negative sentiment score
e088d706d49a4f33_p022,e088d706d49a4f33,EVT_01124,hindustan_times,Amit Shah (Union home minister),Election Strategy,Negative,But the draft law was still defeated.,draft law,defeated,Amit Shah (Union home minister)
c05e4621e6988b85_p001,c05e4621e6988b85,EVT_00695,the_times_of_india,The Government of India,Development,Positive,commissioning a demonstration network,,,
c05e4621e6988b85_p002,c05e4621e6988b85,EVT_00695,the_times_of_india,government,Development,Positive,"""The network, launched at the Regional Reference Standard Laboratory (RRSL) in Bengaluru, is part of the government's broader 'One Nation, One Time' initiative and has been developed jointly by the department of consumer affairs, CSIR-national physical laboratory (CSIR-NPL) and Isro. """,government,developed,network initiative
c05e4621e6988b85_p003,c05e4621e6988b85,EVT_00695,the_times_of_india,Government/Project,Development,Positive,"The project is aimed to provide a single, indigenous and highly accurate time source for sectors where even microsecond-level differences matter, including banking, stock markets, telecom networks, power grids and transportation.",project,aims to provide,"single, indigenous and highly accurate time source for sectors"
c05e4621e6988b85_p004,c05e4621e6988b85,EVT_00695,the_times_of_india,government,Security,Positive,the government says an indigenous time dissemination network will make these services more secure and resilient,government,says,network will make services more secure and resilient
c05e4621e6988b85_p006,c05e4621e6988b85,EVT_00695,the_times_of_india,government,Development,Positive,"improving the reliability of financial transactions, telecom services and power systems while strengthening cybersecurity",governments,improve,"reliability, security"
c05e4621e6988b85_p008,c05e4621e6988b85,EVT_00695,the_times_of_india,Prajitdu Joshi,Development,Positive,"Union Minister Pralhad Joshi has said a trusted, indigenous national time source is becoming a critical piece of digital infrastructure that will support consumer protection, fair trade, cyber resilience and India's broader digital economy.",Prajitdu Joshi,said,indigenous time source importance
c05e4621e6988b85_p009,c05e4621e6988b85,EVT_00695,the_times_of_india,government,Development,Positive,"initiative is part of the government's push for technological self-reliance under the ""Viksit Bharat"" vision",政府,推动,技术自给自足
477653665d0ffd0b_p001,477653665d0ffd0b,EVT_00652,the_hindu,Union government,Law & Order,Negative,"The Delhi Police was instructed by the Union government to shift activist Sonam Wangchuk from the protest site at Jantar Mantar due to the upcoming Monsoon session of the Parliament, which commences on Monday (July 20, 2026), government sources said.",Delhi Police,instructed,Sonam Wangchuk
477653665d0ffd0b_p003,477653665d0ffd0b,EVT_00652,the_hindu,Union Education Minister Dharmendra Pradhan,Policy,Negative,as the Cockroach Janta Party (CJP) has announced a rally to demand the resignation of Union Education Minister Dharmendra Pradhan,CJP,announced,rally
477653665d0ffd0b_p003,477653665d0ffd0b,EVT_00652,the_hindu,Union Education Minister Dharmendra Pradhan,Protest,Negative,as the Cockroach Janta Party (CJP) has announced a rally to demand the resignation of Union Education Minister Dharmendra Pradhan,CJP,announce,rally
477653665d0ffd0b_p005,477653665d0ffd0b,EVT_00652,the_hindu,police,Law & Order,Negative,"His wife, Gitanjali J. Angmo has contested the police statement",wife,contested,police statement
477653665d0ffd0b_p006,477653665d0ffd0b,EVT_00652,the_hindu,Mr. Wangchuk,Violence,Negative,police personnel in civilian clothes posing as members of a government medical team,police personnel,posing as,government medical team
477653665d0ffd0b_p007,477653665d0ffd0b,EVT_00652,the_hindu,Mr. Wangchuk,Protest,Negative,They covered the platform with white bedsheets and escorted Mr. Wangchuk away.,Congress,covered,platform with bedsheets
477653665d0ffd0b_p008,477653665d0ffd0b,EVT_00652,the_hindu,government,Violence,Negative,did not want images or videos of any confrontation or force being used against the activist going viral on social media.,did not want,receive,images or videos
477653665d0ffd0b_p010,477653665d0ffd0b,EVT_00652,the_hindu,Delhi Police,Law & Order,Positive,"Earlier in June, Delhi Police had allowed the protest called by CJP, an online youth group, to pacify the youth’s anxiety against the NEET paper leak.",Delhi Police,allowed,protest
477653665d0ffd0b_p011,477653665d0ffd0b,EVT_00652,the_hindu,The Government,Protest,Negative,"they were allowed to extend the protest at Jantar Mantar, beyond the day-long agitation that started June 20.",allow,allowed,Jantar Mantar protest extension
477653665d0ffd0b_p012,477653665d0ffd0b,EVT_00652,the_hindu,Mr. Pradhan,Resignation Demand,Negative,removal of Mr. Wangchuk was among the first tasks,Wangchuk,removed,Mr. Pradhan
477653665d0ffd0b_p013,477653665d0ffd0b,EVT_00652,the_hindu,President John Doe,Corruption,Negative,The President has been accused of accepting bribes and kickbacks.,President,accused,accepting bribes and kickbacks
1eab5ff2ddadfe98_p001,1eab5ff2ddadfe98,EVT_01124,the_times_of_india,BJP-led NDA,Policy,Positive,Speaker Om Birla on Saturday recognised the six rebel Shiv Sena (UBT) MPs' decision to join Eknath Shinde-led Shiv Sena,Om Birla,recognised,rebel Shiv Sena MPs
1eab5ff2ddadfe98_p001,1eab5ff2ddadfe98,EVT_01124,the_times_of_india,Shiv Sena,Policy,Positive,Speaker Om Birla on Saturday recognised the six rebel Shiv Sena (UBT) MPs' decision to join Eknath Shinde-led Shiv Sena,Om Birla,recognised,Shiv Sena MPs
1eab5ff2ddadfe98_p004,1eab5ff2ddadfe98,EVT_01124,the_times_of_india,BJP,Policy,Negative,over the session's tentative agenda,over,on,agenda
1eab5ff2ddadfe98_p005,1eab5ff2ddadfe98,EVT_01124,the_times_of_india,TMC rebels,Protest,Negative,rebel issue,rebellions,issue,TMC
1eab5ff2ddadfe98_p006,1eab5ff2ddadfe98,EVT_01124,the_times_of_india,Sudip Bandyopadhyay,Election Strategy,Positive,Sources in rebel TMC claimed that Modi welcomed him to NDA.,TMC,welcomed,Sudip Bandyopadhyay to NDA
8b06c9e02068d756_p001,8b06c9e02068d756,EVT_01082,hindustan_times,Sonam Wangchuk,Protest,Negative,'It's a shame': Opposition slams Sonam Wangchuk's removal from Jantar Mantar,Opposition,slams,Sonam Wangchuk's removal from Jantar Mantar
8b06c9e02068d756_p001,8b06c9e02068d756,EVT_01082,hindustan_times,BJP (Bharatiya Janata Party),Election Strategy or Law & Order,Positive,BJP defends move,BJP,defended,move
8b06c9e02068d756_p002,8b06c9e02068d756,EVT_01082,hindustan_times,Rahul Gandhi and other opposition leaders,Protest,Negative,"criticised Sonam Wangchuk's removal from Jantar Mantar, calling it an attack on peaceful protest.",Critics,attacked,Rahul Gandhi and opposition leaders for protest
8b06c9e02068d756_p003,8b06c9e02068d756,EVT_01082,hindustan_times,Rahul Gandhi,Protest,Negative,Leader of Opposition Rahul Gandhi on Saturday joined a growing chorus of opposition leaders criticising the removal of climate activist Sonam Wangchuk from Delhi’s Jantar Mantar,Gandhi,criticized,Wangchuk's removal
8b06c9e02068d756_p003,8b06c9e02068d756,EVT_01082,hindustan_times,Opposition Leaders,Protest,Negative,joined a growing chorus of opposition leaders criticising the removal of climate activist Sonam Wangchuk from Delhi’s Jantar Mantar,joined,criticising,Sonam Wangchuk removal
8b06c9e02068d756_p003,8b06c9e02068d756,EVT_01082,hindustan_times,Climate Activist Sonam Wangchuk,Protest,Negative,where he had been on an indefinite hunger strike for 21 days in support of students protesting alleged irregularities in competitive examinations,Sonam Wangchuk,protested,students
8b06c9e02068d756_p004,8b06c9e02068d756,EVT_01082,hindustan_times,Delhi Police,Violence,Negative,"While the police said the move was aimed at monitoring his health in line with court directions, opposition parties accused the Centre of using force against a peaceful protest and questioned the timing of the action",opposition parties,accused,Delhi Police of using force
8b06c9e02068d756_p005,8b06c9e02068d756,EVT_01082,hindustan_times,Centre,Law & Order,Negative,criticised Centre over Wangchuk's removal,Centre,criticised,Wangchuk's removal
8b06c9e02068d756_p006,8b06c9e02068d756,EVT_01082,hindustan_times,Modi government,Violence,Negative,"""The removal of Sonam Wangchuk ji from Jantar Mantar while he was on a non-violent hunger strike is wrong.""",Congress,accused,Modi
8b06c9e02068d756_p006,8b06c9e02068d756,EVT_01082,hindustan_times,Modi government,Protest,Negative,"""No amount of force can deter India’s students, and those of us who love and believe in them, from raising these issues,""",,,
8b06c9e02068d756_p007,8b06c9e02068d756,EVT_01082,hindustan_times,Mallikarjug Kharge,"Violence, Law & Order",Negative,"""this tyrannical government has spared no one. In their eyes, anyone who raises their voice is an 'Anti-National,' a 'parasite'!""",government,spared,no one
8b06c9e02068d756_p008,8b06c9e02068d756,EVT_01082,hindustan_times,Pawan Khera (Congress leader),Law & Order,Negative,attack on democratic rights,attack,performed,democratic rights
8b06c9e02068d756_p009,8b06c9e02068d756,EVT_01082,hindustan_times,The political party,Corruption,Negative,"It is a shame that the world’s largest democracy is being ‘ruled’ by the most undemocratic and anti-democratic political party of the world... If today’s crackdown is his first brief, it sends a chilling message,” Khera said.",Khera,said,about Modi's crackdown
8b06c9e02068d756_p010,8b06c9e02068d756,EVT_01082,hindustan_times,Congress,Support and Collaboration,Positive,Opposition steps up support,Congress,support,Opposition
8b06c9e02068d756_p011,8b06c9e02068d756,EVT_01082,hindustan_times,Aam Aadmi Party (AAP),Violence,Negative,"""Instead of forcibly lifting them up, the Modi government should have talked to Sonam Wangchuk. Instead of crushing the movement, reform the country’s education and examination system,"" Kejriwal wrote on X",AAP,criticized,government's handling of protest
8b06c9e02068d756_p011,8b06c9e02068d756,EVT_01082,hindustan_times,Government,Violence,Negative,"""Instead of forcibly lifting them up, the Modi government should have talked to Sonam Wangchuk. Instead of crushing the movement, reform the country’s education and examination system,"" Kejriwal wrote on X",Congress,accused,Modi of bulldozing
8b06c9e02068d756_p012,8b06c9e02068d756,EVT_01082,hindustan_times,Trinamool Congress (TMC),Protest,Negative,"terming the incident a “kidnapping”, alleging that the government was attempting to derail a planned mobilisation on July 20",TMC,protested,government plans
8b06c9e02068d756_p013,8b06c9e02068d756,EVT_01082,hindustan_times,Kejriwal,Appointment and Support,Positive,"Also read: Kejriwal backs Wangchuk, seeks his appointment as Union education minister",Kejriwal,backs,Wangchuk
8b06c9e02068d756_p014,8b06c9e02068d756,EVT_01082,hindustan_times,Akhilesh Yadav (Samajwadi Party chief),Law & Order,Negative,"""The identities of those who sneaked in suddenly under deceptive plainclothes to carry out this action must be made public. This is our firm demand that Wangchuk ji’s medical care be conducted under ‘judicial oversight’.""",Wangchuk ji,understood,need for judicial oversight
8b06c9e02068d756_p015,8b06c9e02068d756,EVT_01082,hindustan_times,BJP,Health and Medical Care,Positive,"""Regarding Sonam Wangchuk’s hunger strike, HC had directed that his health be taken care of... to monitor his health he’s been admitted to the hospital,"" Hussain said.",HC,directed,Sonam Wangchuk's health care
8b06c9e02068d756_p016,8b06c9e02068d756,EVT_01082,hindustan_times,Harsh Malhotra (BJP),Protest,Negative,Delhi BJP president and Union minister of state Harsh Malhotra said Wangchuk was shifted to hospital after his health deteriorated and alleged that subsequent developments had exposed the political nature of the protest.,Malhotra,said,Wangchuk was shifted to hospital
8b06c9e02068d756_p017,8b06c9e02068d756,EVT_01082,hindustan_times,Anna Hazare,Dialogue,Positive,calls for dialogue,Calls,for,dialogue
8b06c9e02068d756_p019,8b06c9e02068d756,EVT_01082,hindustan_times,UPA government (Indian National Congress-led United Progressive Alliance),Protest,Negative,"Notably, Hazare’s hunger strike in Delhi for the Lokpal Act had rocked the UPA government in 2011.",UPA government,rocked,Hazare's hunger strike
e6ef2a33acce6755_p013,e6ef2a33acce6755,EVT_00347,india_today,Tamil Nadu politicians,Development,Negative,The judge also noted that Tamil Nadu had elected several leaders from the film industry since 1967,Tamil Nadu,elected,leaders from the film industry
b540deb8c78a72e9_p001,b540deb8c78a72e9,EVT_00151,the_times_of_india,Rahul Gandhi,Protest,Negative,its opposition netas for not allowing a discussion on the issue,Netas,not allowed,discussion
b540deb8c78a72e9_p001,b540deb8c78a72e9,EVT_00151,the_times_of_india,Congress and its allies,Protest,Negative,sought to turn the heat on Congress and its allies over the issue of paper leaks,Congress,sought,protest
b540deb8c78a72e9_p001,b540deb8c78a72e9,EVT_00151,the_times_of_india,BJP MPs,Election Strategy,Positive,"its MPs raised slogans and carried placards in the Parliament complex, targeting Rahul Gandhi and opposition netas for not allowing a discussion on the issue",MPs,carry,placards
b540deb8c78a72e9_p002,b540deb8c78a72e9,EVT_00151,the_times_of_india,Rahul,Deception,Negative,"Congress feared that its double-standards would be exposed in Parliament if discussion happened, given that the Opposition had only misled and deceived the youth during its long stint in office.",Congress,feared,exposure of double-standards
b540deb8c78a72e9_p003,b540deb8c78a72e9,EVT_00151,the_times_of_india,Rahul Gandhi,Development,Negative,"I dare them to a debate, but Rahul and his allies will not agree.",Modi,bulldozed,Congress
b540deb8c78a72e9_p003,b540deb8c78a72e9,EVT_00151,the_times_of_india,NDA govt,Development,Positive,The NDA govt has shaped the future of the youth in the right direction,NDA govt,shaped,future of the youth
b540deb8c78a72e9_p004,b540deb8c78a72e9,EVT_00151,the_times_of_india,Janta Party,Protest,Negative,CJP Jantar Mantar Protest Updates,CJP,protested,Janta Party
b540deb8c78a72e9_p005,b540deb8c78a72e9,EVT_00151,the_times_of_india,Congress,Protest,Negative,Congress looks at the youth as nothing but stone-pelters,Congress,looks at,youth as stone-pelters
f926fd30b9c3a9aa_p002,f926fd30b9c3a9aa,EVT_01226,the_times_of_india,Union Ministers JP Nadda and Jitendra Singh,Protest,Positive,activist Sonam Wangchuk ended his 26-day hunger strike at Medanta Hospital in the presence of Union ministers JP Nadda and Jitendra Singh,,,
f926fd30b9c3a9aa_p003,f926fd30b9c3a9aa,EVT_01226,the_times_of_india,government,Development,Positive,the organisation welcomed the government's decision,organisation,welcomed,government's decision
f926fd30b9c3a9aa_p004,f926fd30b9c3a9aa,EVT_01226,the_times_of_india,Constitution Club of India,Development,Positive,Constitution Club of India,Constitution Club of India,received,Positive sentiment score
f926fd30b9c3a9aa_p008,f926fd30b9c3a9aa,EVT_01226,the_times_of_india,Dharmendra Pradhan,Protest,Negative,resignation of Union education minister Dharmendra Pradhan,Congress,accused,Modi of bulldozing
f926fd30b9c3a9aa_p009,f926fd30b9c3a9aa,EVT_01226,the_times_of_india,Wangchuk,Protest,Positive,"Following Wangchuk's decision to end his fast, CJP founder Abhijeet Dipke thanked him for what he called an extraordinary act of courage.",Abhijeet Dipke,thanked,Wangchuk
f926fd30b9c3a9aa_p010,f926fd30b9c3a9aa,EVT_01226,the_times_of_india,Sonam sir,Courage and Sacrifice,Positive,"""By putting your own life on the line, you awakened the conscience of an entire nation. """,awakened,conscience,nation
f926fd30b9c3a9aa_p011,f926fd30b9c3a9aa,EVT_01226,the_times_of_india,CJP (Communist Party of India),Protest,Positive,its peaceful protest at Delhi's Jantar Mantar will continue,CJP,protested,Delhi's Jantar Mantar
705e22a67532eca6_p001,705e22a67532eca6,EVT_01223,india_today,CJP (likely referring to Congress Party or a related organization),Protest,Negative,CJP Nationwide Protest Highlights: 18 Delhi Metro stations continue to remain shut amid CJP protests,CJP,protested,Delhi Metro stations closure
705e22a67532eca6_p004,705e22a67532eca6,EVT_01223,india_today,Janta Party,Protest,Negative,Cockroach Janta Party stir,stirred,caused,negative sentiment
705e22a67532eca6_p005,705e22a67532eca6,EVT_01223,india_today,Cockroach Janta Party,Protest,Negative,the Cockroach Janta Party's ongoing agitation,Cockroach Janta Party,agitated,ongoing agitation
705e22a67532eca6_p007,705e22a67532eca6,EVT_01223,india_today,Delhi Metro,Protest,Negative,"CJP Protest: 18 Delhi Metro stations to remain shut today as well, check list",CJP,protest,Delhi Metro stations shutdown
705e22a67532eca6_p008,705e22a67532eca6,EVT_01223,india_today,Cockroach Janta Party (CJP),Protest,Negative,protest at Delhi's Jantar Mantar by the Cockroach Janta Party (CJP),protesters,attended,Jantar Mantar
705e22a67532eca6_p011,705e22a67532eca6,EVT_01223,india_today,police,Violence,Negative,Retired civil servants seek judicial probe into police action against protesters,retired civil servants,seek,judicial probe
705e22a67532eca6_p012,705e22a67532eca6,EVT_01223,india_today,police,Violence,Negative,"the use of pellet guns, tasers, tear gas and excessive force",police,used,force weapons
705e22a67532eca6_p013,705e22a67532eca6,EVT_01223,india_today,Delhi Police Commissioner,Violence,Negative,"officers responsible for what it termed ""illegal and disproportionate"" use of force",officers,used,force
705e22a67532eca6_p014,705e22a67532eca6,EVT_01223,india_today,police,Violence,Negative,alleged that several protesters suffered serious injuries during the police action.,protesters,suffered,injuries
705e22a67532eca6_p015,705e22a67532eca6,EVT_01223,india_today,Protesters,Violence,Negative,The group claimed that one young protester underwent surgery to remove pellets from her eye and neck,group,claimed,protester injury
705e22a67532eca6_p015,705e22a67532eca6,EVT_01223,india_today,Children involved in protests,Violence,Negative,a 15-year-old child was among those injured and hospitalised.,child,injured,hospitalised
705e22a67532eca6_p016,705e22a67532eca6,EVT_01223,india_today,Delhi Police and Rapid Action Force,Violence,Negative,"used pellet guns, electrical batons and tear gas against unarmed protesters.",Delhi Police and Rapid Action Force,used,force against protesters
705e22a67532eca6_p016,705e22a67532eca6,EVT_01223,india_today,Delhi Police and Rapid Action Force personnel,Violence,Negative,"assaulted demonstrators with lathis, including those allegedly fitted with nails.",Delhi Police and Rapid Action Force personnel,assaulted,demonstrators
705e22a67532eca6_p017,705e22a67532eca6,EVT_01223,india_today,Policeman,Sexual Misconduct,Negative,alleged sexual misconduct by at least one policeman,policeman(s),alleged sexual misconduct by,individual(s)
705e22a67532eca6_p018,705e22a67532eca6,EVT_01223,india_today,police,Violence,Negative,(Inputs from PTI),,,
705e22a67532eca6_p019,705e22a67532eca6,EVT_01223,india_today,Student Protests,Protest,Negative,Delhi liquor shops to close by 8 PM over the weekend amid student protests,Delhi,ordered,liquor shops to close
705e22a67532eca6_p021,705e22a67532eca6,EVT_01223,india_today,Liquor Shops,Business Operations,Negative,An unannounced early closure on Thursday left many customers disappointed,closed,left,customers disappointed
705e22a67532eca6_p022,705e22a67532eca6,EVT_01223,india_today,Delhi Government,Protest,Negative,A senior Delhi government officer said the decision was taken based on police inputs regarding the situation arising from the ongoing protests at Jantar Mantar.,Delhi government officer,said,decision based on police inputs
705e22a67532eca6_p023,705e22a67532eca6,EVT_01223,india_today,Dharmendra Pradhan,Protest,Negative,"(Protests over the NEET issue have intensified in central Delhi over the past few days, with students gathered under the banner of the Cockroach Janata Party (CJP) demanding the resignation of Union Education Minister Dharmendra Pradhan)",Protests,against,Dharmendra Pradhan
705e22a67532eca6_p024,705e22a67532eca6,EVT_01223,india_today,Congress,Support,Positive,extend support,Congress,extend support,Modi
705e22a67532eca6_p024,705e22a67532eca6,EVT_01223,india_today,SP (Samajwadi Party),Support,Positive,extend support,extend,support,SP (Samajwadi Party)
705e22a67532eca6_p025,705e22a67532eca6,EVT_01223,india_today,Dharmendra Pradhan,Protest,Negative,"(Demonstrators demanded the resignation of Union Education Minister Dharmendra Pradhan, action against paper leaks and accountability from the government.)",Demonstrators,demanded,resignation of Dharmendra Pradhan
705e22a67532eca6_p025,705e22a67532eca6,EVT_01223,india_today,Union Education Minister Dharmendra Pradhan,Protest,Negative,"(Dharmendra Pradhan, action against paper leaks and accountability from the government.)",Dharmendra Pradhan,action against,paper leaks and accountability
705e22a67532eca6_p025,705e22a67532eca6,EVT_01223,india_today,Congress,Election Strategy,Positive,(The Congress held a candlelight march),Congress,held,candlelight march
705e22a67532eca6_p025,705e22a67532eca6,EVT_01223,india_today,Samajwadi Party,Election Strategy,Positive,(the Samajwadi Party extended support through campaigns highlighting its leaders' participation in the Delhi protests),Samajwadi Party,extended support,Delhi protests
705e22a67532eca6_p025,705e22a67532eca6,EVT_01223,india_today,teacher recruitment aspirants,Protest,Negative,(Teacher recruitment aspirants also staged a separate protest over reservation-related demands.),aspirants,staged,protest
705e22a67532eca6_p028,705e22a67532eca6,EVT_01223,india_today,Delhi Police,Law & Order,Positive,Facial Recognition System identified 400 criminals around Jantar Mantar,System,identified,criminals
705e22a67532eca6_p030,705e22a67532eca6,EVT_01223,india_today,Aparna Sen,Protest,Negative,backs youth-led CJP protest,backs,protesting,youth-led CJP
705e22a67532eca6_p030,705e22a67532eca6,EVT_01223,india_today,Aparna Sen,Violence,Negative,slams violence against unarmed students,slams,actioned,violence against unarmed students
705e22a67532eca6_p031,705e22a67532eca6,EVT_01223,india_today,Cockroach Janta Party (CJP),Protest,Positive,youth-led protest at Jantar Mantar in Delhi,youth,lead,protest
705e22a67532eca6_p032,705e22a67532eca6,EVT_01223,india_today,Delhi Government,Violence,Negative,Delhi metro to close 18 Metro stations tomorrow from 7:30 am,Delhi Metro,close,stations
705e22a67532eca6_p037,705e22a67532eca6,EVT_01223,india_today,Sonam Wangchuk,"Inspiration, Protest",Positive,Abhijeet Dipke praises Sonam Wangchuk for inspiring nationwide movement,Abhijeet Dipke,praises,Sonam Wangchuk
705e22a67532eca6_p038,705e22a67532eca6,EVT_01223,india_today,Sonam Wangchuk,Heroism and Sacrifice,Positive,"CJP leader Abhijeet Dipke praised Sonam Wangchuk after he ended his fast, saying he had 'awakened an entire nation' by risking his own life.",CJP leader Abhijeet Dipke,praised,Sonam Wangchuk
705e22a67532eca6_p038,705e22a67532eca6,EVT_01223,india_today,Abhijeet Dipke,Support for Heroic Action,Positive,"CJP leader Abhijeet Dipke praised Sonam Wangchuk after he ended his fast, saying he had 'awakened an entire nation' by risking his own life.",CJP leader,praised,Sonam Wangchuk
705e22a67532eca6_p040,705e22a67532eca6,EVT_01223,india_today,Delhi Police,Law & Order,Positive,"In a clarification, the police said no such restriction has been imposed and urged citizens not to share unverified information, advising them to rely only on official sources for authentic updates.",Police,clarified,restrictions
705e22a67532eca6_p041,705e22a67532eca6,EVT_01223,india_today,Bhupinder Singh Hooda,Election Strategy,Negative,demands Dharmendra Pradhan's resignation,Congress,demands,Dharmendra Pradhan's resignation
705e22a67532eca6_p042,705e22a67532eca6,EVT_01223,india_today,Dharmendra Pradhan (Education Minister),Violence,Negative,"He said the demand was not limited to the Congress or Rahul Gandhi, but reflected the concerns of people across the country, alleging that the future of the youth had been pushed into uncertainty.",He,said,"demand was not limited to the Congress or Rahul Gandhi, but reflected people's concerns"
705e22a67532eca6_p043,705e22a67532eca6,EVT_01223,india_today,Jamia Millia Islamia,Development,Positive,Jamia Millia Islamia urges students to stay focused on academics,urges,stays focused on,students
705e22a67532eca6_p044,705e22a67532eca6,EVT_01223,india_today,Jamia Millia Islamia,Law & Order,Positive,"In a welcome message marking the start of the new academic session, the university said the interests of students would be safeguarded and urged them to act responsibly.",university,said,interests of students would be safeguarded
705e22a67532eca6_p045,705e22a67532eca6,EVT_01223,india_today,PM,Policy,Negative,CJP targets PM over Cabinet meet,CJP,targeted,PM
705e22a67532eca6_p046,705e22a67532eca6,EVT_01223,india_today,Cockroach Janta Party,Election Strategy,Negative,we won't have to come on the streets then.,won't have to,receive,Negative sentiment score
705e22a67532eca6_p047,705e22a67532eca6,EVT_01223,india_today,Protests,Development,Positive,NEET outrage goes national: Protests erupt across states backing Jantar Mantar stir,Protests,erupted,across states
705e22a67532eca6_p048,705e22a67532eca6,EVT_01223,india_today,Dharmendra Pradhar,Protest,Negative,resignation,Congress,accused,Modi of bulldozing
705e22a67532eca6_p048,705e22a67532eca6,EVT_01223,india_today,Education Minister Dharmendra Pradhar,Violence,Negative,police crackdown on protesters,police,crackdown on,protesters
705e22a67532eca6_p049,705e22a67532eca6,EVT_01223,india_today,Tamil Nadu Congress,Protest,Positive,Five TVK government ministers to join Tamil Nadu Congress protest, ministers ,join,protest
705e22a67532eca6_p050,705e22a67532eca6,EVT_01223,india_today,Tamil Nadu Congress Committee,Protest,Positive,Five ministers from the TVK government are set to participate in the protest,TVK,government,protested against
705e22a67532eca6_p050,705e22a67532eca6,EVT_01223,india_today,BJP-led Union government,Violence,Negative,over the alleged NEET paper leak issue against the BJP-led Union government,NEET,leaked,paper against BJP-led Union government
705e22a67532eca6_p051,705e22a67532eca6,EVT_01223,india_today,Gitanjali Angmo,"Compassion, Heroism",Positive,Cockroach Janta Party News: Gitanjali Angmo urges compassion for Sonam Wangchuk after 26-day fast,Gitanjali Angmo,urges,compassion for Sonam Wangchuk
573f9eb1314872fe_p001,573f9eb1314872fe,EVT_01289,hindustan_times,Mamata Banerjee,Protest,Positive,likely to join CJP protest,likely to join,do,CJP protest
573f9eb1314872fe_p002,573f9eb1314872fe,EVT_01289,hindustan_times,Former West Bengal Chief Minister,Protest,Negative,The former West Bengal chief minister had earlier indicated towards joining the protest movement in solidarity with the students.,former West Bengal chief minister,join,protest movement
573f9eb1314872fe_p003,573f9eb1314872fe,EVT_01289,hindustan_times,Mamata Banerjee,Protest,Positive,"Trinamool Congress (TMC) chief and former West Bengal chief minister Mamata Banerjee is likely to join the Cockroach Janta Party’s (CJP) protest against the alleged NEET paper leak at Jantar Mantar on Monday, people familiar with the matter said.",Mamata Banerjee,join,CJP protest
573f9eb1314872fe_p006,573f9eb1314872fe,EVT_01289,hindustan_times,TMC (Trinamool Congress),Protest,Negative,"""Banerjee will join the CJP’s protest in Delhi on Monday.""",Banerjee,join,protest
573f9eb1314872fe_p007,573f9eb1314872fe,EVT_01289,hindustan_times,TMC (Trinamool Congress),Protest,Positive,Her participation in what has become one of the largest student-led protests in the national capital is also being seen as an attempt to underline the TMC’s relevance,TMC,underlined,relevance
573f9eb1314872fe_p008,573f9eb1314872fe,EVT_01289,hindustan_times,PM Modi,Protest,Negative,Here's what PM said,Congress,accused,Modi of bulldozing
573f9eb1314872fe_p009,573f9eb1314872fe,EVT_01289,hindustan_times,The Opposition,Support for Student Movement,Positive,"""The entire Opposition, along with the entire nation, stands firmly with our students and youth. """,The Opposition,stands,students and youth
573f9eb1314872fe_p010,573f9eb1314872fe,EVT_01289,hindustan_times,Protest,Election Strategy,Positive,She had earlier indicated that she was willing to join the protest if required.,She,indicated,joining protest
b25aaf1158293fb8_p001,b25aaf1158293fb8,EVT_01226,the_times_of_india,Youth protesters,Protest,Positive,hail the youth protesters,hail,action,youth protesters
b25aaf1158293fb8_p001,b25aaf1158293fb8,EVT_01226,the_times_of_india,Union education minister,Law & Order,Negative,The opposition on Saturday hailed the youth protesters after Union education minister,Congress,hailed,youth protesters
b25aaf1158293fb8_p002,b25aaf1158293fb8,EVT_01226,the_times_of_india,Dharmendra Pradhan,Protest,Negative,resigned following massive student demonstrations demanding his resignation,student demonstrations,demanding,Dharmendra Pradhan's resignation
b25aaf1158293fb8_p002,b25aaf1158293fb8,EVT_01226,the_times_of_india,NEET (UG) paper leak and other education-related issues,Education Issues,Negative,demanding his resignation over the alleged NEET (UG) paper leak and other education-related issues.,Congress,demanded,resignation
b25aaf1158293fb8_p003,b25aaf1158293fb8,EVT_01226,the_times_of_india,government,Negotiation Failure,Negative,resignation came ahead of the third round of talks,resignation,came,government
b25aaf1158293fb8_p004,b25aaf1158293fb8,EVT_01226,the_times_of_india,Jantar Mantar (designated site),Protest,Negative,an online satirical platform spearheading the protests at Jantar Mantar,platform,protesting,Jantar Mantar (designated site)
b25aaf1158293fb8_p005,b25aaf1158293fb8,EVT_01226,the_times_of_india,Mallikarjug Kharge,Policy,Positive,"Congress president Mallikarjug Kharge credited both the students and the ""united opposition"".",Mallikarjug Kharge,credited,students and united opposition
b25aaf1158293fb8_p006,b25aaf1158293fb8,EVT_01226,the_times_of_india,India's Students' Echo,Protest,Negative,"""India's âStudents' Echoâ has finally reached the threshold of the arrogant power.""",India's Students' Echo,reached,arrogant power
b25aaf1158293fb8_p007,b25aaf1158293fb8,EVT_01226,the_times_of_india,Jantar Mantar Protest,Protest,Negative,CJP Jantar Mantar Protest Updates,CJP,protested,Jantar Mantar
b25aaf1158293fb8_p008,b25aaf1158293fb8,EVT_01226,the_times_of_india,Mr. Modi's administration,Corruption,Negative,"This is the victory of all those families who lost their blood, their children, because this government is corrupt.",government,corrupt,Mr. Modi's administration
b25aaf1158293fb8_p008,b25aaf1158293fb8,EVT_01226,the_times_of_india,The united opposition,Policy and Advocacy,Positive,"This is the victory of the united opposition, who raised their voices from Parliament to the streets in the interest of the students.",united opposition,raised voices,students
b25aaf1158293fb8_p009,b25aaf1158293fb8,EVT_01226,the_times_of_india,Mr. Modi,Violence,Negative,"Now it is Mr. Modi's turn to apologize to our young generation and to take strict action against those who unleashed lathis, batons, and pellet guns on them,",Mr. Modi,apologize,young generation
b25aaf1158293fb8_p010,b25aaf1158293fb8,EVT_01226,the_times_of_india,Dharmendra Pradha,Election Strategy,Negative,Dharmendra Pradha's resignation,resigned,did,Dharmendra Pradha
b25aaf1158293fb8_p010,b25aaf1158293fb8,EVT_01226,the_times_of_india,Modi-Shah,Election Strategy,Negative,They too will go!,They,will go,Modi-Shah
b25aaf1158293fb8_p011,b25aaf1158293fb8,EVT_01226,the_times_of_india,Arvind Kejriwal,Democracy,Positive,"""big win for democracy""",big,win,democracy
b25aaf1158293fb8_p012,b25aaf1158293fb8,EVT_01226,the_times_of_india,Dharmendra Pradhan,Resignation & Credibility,Negative,Congratulations to the entire country on Dharmendra Pradhanâs resignation.,Congress,accused,Modi of bulldozing
b25aaf1158293fb8_p013,b25aaf1158293fb8,EVT_01226,the_times_of_india,Modi government,Protest,Negative,First setback for Modi government,First,setback,Modi government
b25aaf1158293fb8_p013,b25aaf1158293fb8,EVT_01226,the_times_of_india,Manoj Jha (RJD MP),Policy/Support,Positive,thanks to the resolve of our youths and students.,youths,thanks to,resolve
b25aaf1158293fb8_p014,b25aaf1158293fb8,EVT_01226,the_times_of_india,Kunal Ghosh (TMC MLA),Protest,Positive,"""This is the victory of the people and students who were protesting... This is the victory of the whole country. """,people,victorious,protests
b25aaf1158293fb8_p015,b25aaf1158293fb8,EVT_01226,the_times_of_india,Dharmendra Pradhan (Education Minister),Policy,Negative,The demand for Dharmendra Pradha’s resignation as Education Minister wasn't just from Congress alone; it was from the youth of the entire country.,youth,demand,Pradha’s resignation
b25aaf1158293fb8_p016,b25aaf1158293fb8,EVT_01226,the_times_of_india,Shashi Tharoor (Congress MP),Protest,Positive,"The resignation of the Education Minister is an acknowledgment that accountability in a democracy cannot be indefinitely evaded. It comes after weeks of determined, peaceful voices raised by students, parents and citizens across the country who refused to be ignored.","students, parents and citizens",protested,resignation of Education Minister
b25aaf1158293fb8_p017,b25aaf1158293fb8,EVT_01226,the_times_of_india,Manish Sisodia (AAP leader),Development,Positive,"""The country needs a massive education revolution.""",,,
b25aaf1158293fb8_p018,b25aaf1158293fb8,EVT_01226,the_times_of_india,Sharad Pawar (NCP-SP chief),Protest,Positive,"""This fight, which stood firmly against oppression without fear and forced the government to accept moral responsibility against injustice, is a symbol of the power of democracy.""",fight,stood,oppression without fear
b25aaf1158293fb8_p019,b25aaf1158293fb8,EVT_01226,the_times_of_india,Akhilesh Yadav (SP chief),Policy,Positive,"This is a big victory for the youth, but people from all political parties should learn from this that in the future, the examinations will have to be strengthened so that no papers are leaked and avenues for employment and jobs will have to be opened for the youth.",youth,learned,importance of exam security and job openings
8daf611375cdd36b_p002,8daf611375cdd36b,EVT_01271,deccan_herald,President Obama,Communication Tactics,Positive,"President Obama, seeking a second term in office, responded with a terse X (previously Twitter) message that evoked a strong response from his supporters.",President Obama,responded,message
8daf611375cdd36b_p003,8daf611375cdd36b,EVT_01271,deccan_herald,Obama,Development,Positive,This seat’s taken.,Obama,received,Positive sentiment score
8daf611375cdd36b_p004,8daf611375cdd36b,EVT_01271,deccan_herald,Obama,Development,Positive,<p>Obama was the first world leader to tap into the potential of Twitter to reach out to his support base. And it did work well for him.</p>,Obama,tap into,Twitter potential
8daf611375cdd36b_p005,8daf611375cdd36b,EVT_01271,deccan_herald,Merkel,Leadership and Image Management,Positive,"The picture depicts ‘authenticity and contrast.’ And underlines Merkel’s image as a leader know for 'rational, evidence-based-decision-making and skilled negotiations.'",picture,depict,"authenticity and contrast, rational, evidence-based-decision-making and skilled negotiations"
8daf611375cdd36b_p007,8daf611375cdd36b,EVT_01271,deccan_herald,LK Advani,Policy and Strategy,Negative,"In reaching out to a new constituency, there is always the risk of losing the old.",In,reaching out,new constituency
8daf611375cdd36b_p008,8daf611375cdd36b,EVT_01271,deccan_herald,Cockroach Janata Party (CJP),Development,Positive,protests in Delhi’s Jantar Mantar have triggered a debate on the shifting paradigm in political communication.,protests,triggered,debate
8daf611375cdd36b_p008,8daf611375cdd36b,EVT_01271,deccan_herald,Social Media,Development,Positive,"Whatapp is a passe, they feel.",They,feel,WhatsApp
8daf611375cdd36b_p010,8daf611375cdd36b,EVT_01271,deccan_herald,Obama,Development,Positive,This seat’s taken.,President,offered,seat to Obama
8daf611375cdd36b_p011,8daf611375cdd36b,EVT_01271,deccan_herald,Obama,Development,Positive,</p><p>Obama was the first world leader to tap into the potential of Twitter to reach out to his support base. And it did work well for him.</p>,Obama,tap into,Twitter potential
8daf611375cdd36b_p011,8daf611375cdd36b,EVT_01271,deccan_herald,Angela Merkel,Development,Positive,"</p><p>Infact, it is said that she 'Merkelised' Insta to create what pollical scientist Julia Sonnevend and Olivia Steiert call “visually authentic performance.”</p>",Merkel,praised,Insta's visually authentic performance
8daf611375cdd36b_p012,8daf611375cdd36b,EVT_01271,deccan_herald,Angela Merkel,Leadership and Image Management,Positive,"The picture depicts “authenticity and contrast.” And underlines Merkel’s image as a leader know for ""rational, evidence-based-decision-making and skilled negotiations"".",picture,depicts,"authenticity and contrast, rational, evidence-based-decision-making and skilled negotiations"
8daf611375cdd36b_p013,8daf611375cdd36b,EVT_01271,deccan_herald,Jacinda Ardern,Development,Positive,"But what worked for Merkel and Jacinda, may or may not work for the others.",What worked,may or may not work for,the others
8daf611375cdd36b_p014,8daf611375cdd36b,EVT_01271,deccan_herald,LK Advani,Policy and Narratives in Politics,Negative,BJP leader LK Advani tried to emulate Vajpayee by travelling to Pakistan after the 2004 defeat of the NDA. That neither helped his personal or his party’s cause.,Advani,tried,emulate Vajpayee
b86cee6763f45911_p001,b86cee6763f45911,EVT_01262,the_times_of_india,"Prajapati, Pralhad Joshi (BJP)",Appointment,Positive,NEW DELHI: BJP leader Pralhad Joshi on Saturday was appointed as the new Union education minister,Joshi,appointed,education minister
b86cee6763f45911_p002,b86cee6763f45911,EVT_01262,the_times_of_india,"Pradhi Prakash (likely referring to Pradeep Kumar Pradhan, the Union Minister for Chemicals and Fertilizers)",Protest,Negative,Pradhan resigned taking moral responsibility for the NEET-UG paper leak controversy that triggered weeks of nationwide student protests.,Pradhan,resigned,moral responsibility
b86cee6763f45911_p003,b86cee6763f45911,EVT_01262,the_times_of_india,Shri Dharmendra Pradhan,Resignation and Succession,Negative,"""The President of India, as advised by the Prime Minister, has accepted the resignation of Shri Dharmendra Pradhan from the Union Council of Ministers, with immediate effect, under clause (2) of Article 75 of the Constitution of India. """,President,accepted,resignation
b86cee6763f45911_p004,b86cee6763f45911,EVT_01262,the_times_of_india,Jantar Mantar,Protest,Negative,CJP Jantar Mantar Protest Updates,CJP,protested,Jantar Mantar
b86cee6763f45911_p005,b86cee6763f45911,EVT_01262,the_times_of_india,Prajald Joshi,Development,Positive,he accepted the additional charge of the education ministry with 'a sense of duty and humility' and pledged to work under the guidance of PM Modi,he,accepted,additional charge of the education ministry
b86cee6763f45911_p006,b86cee6763f45911,EVT_01262,the_times_of_india,Prime Minister Narendra Modi,Development,Positive,"In the last 12 years of Prime Minister Narendra Modi's government, many historic achievements have been made.",Government,made,achievements
b86cee6763f45911_p007,b86cee6763f45911,EVT_01262,the_times_of_india,Dharmendra Pradhan,Development,Positive,"In the last four to five years, Dharmendra Pradhan also implemented the National Education Policy, and several important initiatives were undertaken. The country has made significant progress in the new education system.",Dharmendra Pradhan,implemented,National Education Policy and initiatives
b86cee6763f45911_p009,b86cee6763f45911,EVT_01262,the_times_of_india,Joshi,Development,Positive,"As the minister for new and renewable energy, Joshi has been leading the Centre's efforts to expand clean energy capacity",Joshi,lead,expanding clean energy capacity
b86cee6763f45911_p010,b86cee6763f45911,EVT_01262,the_times_of_india,PM (Prime Minister),Development,Positive,while pushing for annual bids for 50 GW of renewable energy capacity and other policy measures to boost the sector.,Congress,pushed,renewable energy capacity
b86cee6763f45911_p011,b86cee6763f45911,EVT_01262,the_times_of_india,education ministry,Development,Positive,willing to implement sweeping reforms,willing,implement,reforms
b86cee6763f45911_p012,b86cee6763f45911,EVT_01262,the_times_of_india,Government,Policy,Positive,"NEET-UG controversy, including the restructuring of the National Testing Agency (NTA), stricter anti-paper leak measures and a shift to computer-based testing for NEET from 2027.",Government,implemented,NEET-UG reforms
546cd1ea38ccb88b_p001,546cd1ea38ccb88b,EVT_01262,hindustan_times,MM Joshi (BSP),Protest,Negative,‘better late than never’ as Pradhan quits; had criticised use of force on CJP protesters,criticised,use of force on,CJP protesters
546cd1ea38ccb88b_p002,546cd1ea38ccb88b,EVT_01262,hindustan_times,Modi regime,Protest,Negative,"Joshi has not shied away from critiquing Modi regime on policy issues and handling of political controversies, including the Cockroach Janta Party-led protests",Joshi,critiqued,Modi regime
546cd1ea38ccb88b_p003,546cd1ea38ccb88b,EVT_01262,hindustan_times,Murli Manohar Joshi (BJP),Protest,Positive,"""better late than never"" to Union education minister Dharmendra Pradhan's resignation amid massive youth protests over exam paper leaks and other issues.",Joshi,received,Positive sentiment score
546cd1ea38ccb88b_p004,546cd1ea38ccb88b,EVT_01262,hindustan_times,Joshi,Peace & Education Policy,Positive,"""I appreciate and congratulate all the students for their peaceful conclusion to the movement. I hope that now peace will soon be established in the world of Indian education...""",I,congratulate,students for peaceful conclusion
546cd1ea38ccb88b_p004,546cd1ea38ccb88b,EVT_01262,hindustan_times,"Joshi, Atal Bihari Vajpayee's BJP-led NDA government",Education Policy & Leadership,Positive,"""I hope that now peace will soon be established in the world of Indian education...""",Joshi,hoped,peace establishment in Indian education world
546cd1ea38ccb88b_p005,546cd1ea38ccb88b,EVT_01262,hindustan_times,PM,Leadership/Emergency Response,Negative,"He also said he hoped the PM ""will take an immediate and timely decision"", purportedly referring to a nod to the resignation.",He,hoped,PM to take decision
546cd1ea38ccb88b_p008,546cd1ea38ccb88b,EVT_01262,hindustan_times,Joshi,Corruption,Negative,changing the curriculum and history textbooks for alleged “saffronisation”,Modi,charged,Joshi with corruption
546cd1ea38ccb88b_p009,546cd1ea38ccb88b,EVT_01262,hindustan_times,Joshi,Protest,Negative,"In an earlier post on X, Joshi expressed deep anguish at the use of force against the demonstrators",Joshi,expressed,anguish
546cd1ea38ccb88b_p011,546cd1ea38ccb88b,EVT_01262,hindustan_times,Delhi Police,Violence,Negative,"videos that surfaced on social media showed several protesters, many of them appearing unarmed, being beaten by police personnel in riot gear, with some sustaining head injuries.",police,beat,protesters
546cd1ea38ccb88b_p012,546cd1ea38ccb88b,EVT_01262,hindustan_times,Protest,Violence,Negative,But the protest grew from that moment and concluded on Saturday as the minister resigned.,protest,grew from,moment
7a7446beb62b8a8f_p001,7a7446beb62b8a8f,EVT_01262,india_today,Amit Shah (BJP leader),Policy,Negative,Students more important than any position for BJP workers: Amit Shah on Pradhan exit,Students,important for,BJP workers
7a7446beb62b8a8f_p002,7a7446beb62b8a8f,EVT_01262,india_today,Pradhan (Union Education Minister),Protest,Negative,"He said the decision was aimed at safeguarding students' futures and preventing what he described as ""anti-national forces"" from exploiting the large-scale youth protests at Delhi's Jantar Mantar.",He,said,safeguarding students' futures and preventing anti-national forces from exploiting the protests
7a7446beb62b8a8f_p003,7a7446beb62b8a8f,EVT_01262,india_today,Amit Shah,Policy,Positive,Union Home Minister Amit Shah,Union Home Minister,praised,Amit Shah
7a7446beb62b8a8f_p003,7a7446beb62b8a8f,EVT_01262,india_today,Dharmendra Pradhan,Policy,Negative,Union Education Minister Dharmendra Pradhan's resignation reflects the Bharatiya Janata Party,Bharatiya Janata Party,responsible for,Pradhan's resignation
7a7446beb62b8a8f_p003,7a7446beb62b8a8f,EVT_01262,india_today,Bharatiya Janata Party,Policy,Positive,"placing the interests of the nation, students, and youth above political office",placed,above,Bharatiya Janata Party
7a7446beb62b8a8f_p004,7a7446beb62b8a8f,EVT_01262,india_today,BJP (Bharatiya Janata Party),Development,Positive,"For BJP workers, the country, our youth, and students are far more important than any position.",workers,care about,"BJP, country, youth, students"
7a7446beb62b8a8f_p005,7a7446beb62b8a8f,EVT_01262,india_today,Pradhan,Protest,Negative,"He said the decision was aimed at safeguarding students' futures and preventing what he described as ""anti-national forces"" from exploiting the large-scale youth protests",He,described,anti-national forces exploiting protests
7a7446beb62b8a8f_p006,7a7446beb62b8a8f,EVT_01262,india_today,Narendra Modi-led government,Development,Positive,respects the concerns of the country's youth and remains committed to introducing stringent reforms,youth,respects,government
7a7446beb62b8a8f_p007,7a7446beb62b8a8f,EVT_01262,india_today,Modi government,Law & Order,Positive,"""The decisions taken by Modi ji to ensure strict punishment for those guilty of paper leaks are commendable"", Shah said.",Shah,praised,Modi ji's decisions
7a7446beb62b8a8f_p008,7a7446beb62b8a8f,EVT_01262,india_today,government,Law & Order,Positive,He added that he was confident the government's measures would ensure justice for students,He,added,confidence
7a7446beb62b8a8f_p009,7a7446beb62b8a8f,EVT_01262,india_today,Pradhan,Development,Positive,"Highlighting Pradhan's tenure as Education Minister, Shah credited him with driving key reforms",Shah,credited,Pradhan for reforms
7a7446beb62b8a8f_p009,7a7446beb62b8a8f,EVT_01262,india_today,National Education Policy (NEP),Development,Positive,including the implementation of the National Education Policy (NEP),including,implementing,National Education Policy (NEP)
7a7446beb62b8a8f_p009,7a7446beb62b8a8f,EVT_01262,india_today,PM SHRI Schools,Development,Positive,strengthening PM SHRI Schools,strengthening,actioned,PM SHRI Schools
7a7446beb62b8a8f_p009,7a7446beb62b8a8f,EVT_01262,india_today,digital education,Development,Positive,promoting digital education,promoting,action,digital education
7a7446beb62b8a8f_p009,7a7446beb62b8a8f,EVT_01262,india_today,skill development,Development,Positive,advancing skill development,advancing,skill development,
7a7446beb62b8a8f_p009,7a7446beb62b8a8f,EVT_01262,india_today,industry-academia collaboration,Development,Positive,improving industry-academia collaboration,Improving,actioned,Industry-academia collaboration
7a7446beb62b8a8f_p010,7a7446beb62b8a8f,EVT_01262,india_today,Pradhan,Development,Positive,He also praised Pradhan's efforts to make the examination system more inclusive and student-centric.,He,praised,Pradhan's efforts
7a7446beb62b8a8f_p011,7a7446beb62b8a8f,EVT_01262,india_today,Amit Shah,Development,Positive,His tenure is a testament to his dedication to the resolve of making India a developed nation,tenure,testament to,dedication
186193cf9bbaf9f0_p001,186193cf9bbaf9f0,EVT_01242,the_hindu,Chief Minister A. Revanth Reddy,Policy,Positive,sustained struggle of Gen Z students,,,
186193cf9bbaf9f0_p002,186193cf9bbaf9f0,EVT_01242,the_hindu,Chief Minister,Development,Positive,"""The smiles on the faces of Gen Z youth reflect victory.""",,,
186193cf9bbaf9f0_p002,186193cf9bbaf9f0,EVT_01242,the_hindu,Gen Z Youth,Protest,Positive,"""The smiles on the faces of Gen Z youth reflect victory.""",smiles,reflect,victory
186193cf9bbaf9f0_p003,186193cf9bbaf9f0,EVT_01242,the_hindu,Prime Minister Narendra Modi,Protest,Negative,"Alleging that the Centre had failed in conducting examinations fairly, Mr. Reddy said thousands of young people had gathered to defend democracy and maintained that democratic forces across the country had united in support of the students’ movement.",Mr. Reddy,alleged,Centre's fairness in examinations
186193cf9bbaf9f0_p004,186193cf9bbaf9f0,EVT_01242,the_hindu,Mr. Reddy,Development,Positive,"Calling upon the youth to sustain the momentum, Mr. Reddy said the ‘tsunami’ of the Gen Z movement should not stop with one minister’s resignation but continue until young people secure greater participation in the country's democratic institutions.",Mr. Reddy,said,tsunami of Gen Z movement should continue
186193cf9bbaf9f0_p005,186193cf9bbaf9f0,EVT_01242,the_hindu,Mr. Modi,Law & Order,Positive,He assured that the Assembly in August this year would pass a resolution in reducing the contesting age to 21 years and send the same to Mr. Modi.,Congress,assured,Mr. Modi
186193cf9bbaf9f0_p005,186193cf9bbaf9f0,EVT_01242,the_hindu,TPCC president Mahesh Kumar Goud,Policy Proposal,Positive,He proposed it in his speech.,He,proposed,speech
186193cf9bbaf9f0_p006,186193cf9bbaf9f0,EVT_01242,the_hindu,Mr. Reddy,Policy,Positive,"He suggested that Gen Z should also be entrusted with key portfolios such as Education and Information Technology, saying younger leadership would better understand the aspirations of the new generation.",He,suggested,Mr. Reddy with portfolios
186193cf9bbaf9f0_p008,186193cf9bbaf9f0,EVT_01242,the_hindu,Local Government Officials,Corruption,Negative,"They are accused of misusing public funds for personal gain, highlighting a systemic issue within local governance.",They,are accused,of misusing public funds for personal gain
794ffcffa4d8cf54_p001,794ffcffa4d8cf54,EVT_01226,the_hindu,Dharmendra Pradhan,Election Strategy,Positive,as soon as the news of Union Education Minister Dharmendra Pradhan’s resignation broke,Union Education Minister Dharmendra Pradhan,resigned,due to pressurization
794ffcffa4d8cf54_p001,794ffcffa4d8cf54,EVT_01226,the_hindu,"Abhijeet Dipke, CJP founder",Protest,Positive,shouted jubilantly,,,
794ffcffa4d8cf54_p002,794ffcffa4d8cf54,EVT_01226,the_hindu,protest,Protest,Negative,Jantar Mantar protest updates,Jantar Mantar,protested,against Modi's plan
794ffcffa4d8cf54_p003,794ffcffa4d8cf54,EVT_01226,the_hindu,Protestors/People,"Election Strategy, Protest",Positive,“We have done it.”,We,said,positive outcome
794ffcffa4d8cf54_p004,794ffcffa4d8cf54,EVT_01226,the_hindu,Dharmendra Pradhan,Resignation and Leadership Failure,Negative,"""It was said that resignations do not happen in this government. Even the world will bow if there is a person to make it happen.""",world,bow,government
794ffcffa4d8cf54_p005,794ffcffa4d8cf54,EVT_01226,the_hindu,Protesters,Victory and Celebration,Positive,"""Protesters hugged one another, broke into tears, and danced to patriotic Bollywood songs as chants of victory echoed through the crowd and slogans like ‘Haar gaye, haar gaye, Tanashah haar gaye [dictator has been defeated]’ reverberated across the venue. """,Protesters,celebrated,victory
794ffcffa4d8cf54_p006,794ffcffa4d8cf54,EVT_01226,the_hindu,Students,Development,Positive,announcement was more than a political development.,was,more than,Development
794ffcffa4d8cf54_p007,794ffcffa4d8cf54,EVT_01226,the_hindu,The Crowd/People,Celebration and Victory,Positive,celebrated the “historic victory”,The Crowd,celebrated,historic victory
794ffcffa4d8cf54_p008,794ffcffa4d8cf54,EVT_01226,the_hindu,Protest,Protest,Negative,"Dozens gathered in front of the main stage to take selfies, while long queues were seen outside the entrance of the venue as thousands of people continued to stream in to the protest site.",gathered,attend,protest site
794ffcffa4d8cf54_p009,794ffcffa4d8cf54,EVT_01226,the_hindu,Protest organizers and participants,Violence,Negative,"“Jang abhi bhi jaari hai, E20 ki baari hai” (the fight is not over, E20 is the next target)",E20,targeted,Protest organizers and participants
794ffcffa4d8cf54_p010,794ffcffa4d8cf54,EVT_01226,the_hindu,National Sports Federation,Development,Positive,"""Chak De! India"" blared from the stage.",Blared,from,stage
794ffcffa4d8cf54_p011,794ffcffa4d8cf54,EVT_01226,the_hindu,Prime Minister Narendra Modi,Development,Positive,"""Melody"" chocolate in celebration, an apparent reference to Prime Minister Narendra Modi gifting the confectionery to the Italian Prime Minister earlier this year.",Modi,gave,chocolate to Italian PM
794ffcffa4d8cf54_p012,794ffcffa4d8cf54,EVT_01226,the_hindu,CJP (Centre for Justice and Peace),Election Strategy,Positive,"""we have won""",,,
794ffcffa4d8cf54_p014,794ffcffa4d8cf54,EVT_01226,the_hindu,Protesters,Protest,Negative,Thousands of people who were still coming to the protest site gathered at the Sansad Marg leading to Connaught Place.,gathering,lead,negative perception
794ffcffa4d8cf54_p015,794ffcffa4d8cf54,EVT_01226,the_hindu,Government/Political Leaders,Protest,Negative,"""Vande Bharatam"" and fluttering of national flags",Vande Bharatam,fluttered,national flags
794ffcffa4d8cf54_p017,794ffcffa4d8cf54,EVT_01226,the_hindu,Kuldeepak Yadav,Protest,Negative,"""If we continue the protest, a lot of people who are originally associated with the movement may distance themselves,"" he said.",protesters,warned,movement supporters
794ffcffa4d8cf54_p018,794ffcffa4d8cf54,EVT_01226,the_hindu,Prime Minister,Protest,Negative,"""The protest should continue seeking the Prime Minister’s resignation. There are many pressing issues, such as price rise, financial distress, and lack of regard for the Constitution,""",protesters,demand,Prime Minister's resignation
794ffcffa4d8cf54_p019,794ffcffa4d8cf54,EVT_01226,the_hindu,Unknown Politician or Activist,Protest,Positive,"""I came here to fight for education and also my rights,"" she added.",she,said,education and rights
794ffcffa4d8cf54_p020,794ffcffa4d8cf54,EVT_01226,the_hindu,Mayor Johnson,Corruption,Negative,Mayor Johnson was caught on tape admitting to taking bribes.,Mayor Johnson,admitting,taking bribes
136efe7b95dd50c3_p001,136efe7b95dd50c3,EVT_01238,india_today,PM (Prime Minister of India),Development,Positive,calls it a proud moment,calls,it is,proud moment
136efe7b95dd50c3_p006,136efe7b95dd50c3,EVT_01238,india_today,Prime Minister Narendra Modi,Recognition and Pride,Positive,"welcomed the recognition and described it as ""a proud moment for every Indian.""",welcomed,describe,proud moment
136efe7b95dd50c3_p007,136efe7b95dd50c3,EVT_01238,india_today,PM Modi,Development,Positive,proud moment for every Indian! Delighted that Sarnath in Uttar Pradesh has been inscribed on the Unesco World Heritage List,India,inscribed,Sarnath on Unesco list
136efe7b95dd50c3_p008,136efe7b95dd50c3,EVT_01238,india_today,Prime Minister,Culture & Heritage,Positive,"The Prime Minister said Sarnath has a deep connection with Lord Buddha, whose timeless message of wisdom, compassion and harmony continues to inspire the world.",Prime Minister,said,"Sarnath has a deep connection with Lord Buddha, whose timeless message of wisdom, compassion and harmony continues to inspire the world."
136efe7b95dd50c3_p012,136efe7b95dd50c3,EVT_01238,india_today,Union Culture Minister Gajendra Singh Shekhawat,Development,Positive,"""In August 2025, Union Culture Minister Gajendra Singh Shekhawat informed the Lok Sabha in a written reply that India had submitted a dossier titled 'Ancient Buddhist Site, Sarnath' to the Unesco World Heritage Centre for the 2025-26 nomination cycle. """,India,submitted,dossier to Unesco
136efe7b95dd50c3_p014,136efe7b95dd50c3,EVT_01238,india_today,Amit Shah,Development,Positive,"""Our cultural pride soars even higher today as Sarnath in Uttar Pradesh has been included in the Unesco World Heritage List.""",,,
136efe7b95dd50c3_p015,136efe7b95dd50c3,EVT_01238,india_today,Amit Shah,Development,Positive,"Calling it an endorsement of India's ancient heritage associated with Lord Buddha, Shah said the recognition would take the Buddha's luminous wisdom to more people and inspire them to embrace the ideals of peace and enlightenment for a better world.",Shah,said,endorsement of India's ancient heritage
136efe7b95dd50c3_p016,136efe7b95dd50c3,EVT_01238,india_today,Yogi Adityanath (Uttar Pradesh Chief Minister),Development,Positive,under the visionary leadership of Prime Minister Narendra Modi,Prime Minister,led,Uttar Pradesh
136efe7b95dd50c3_p016,136efe7b95dd50c3,EVT_01238,india_today,Prime Minister Narendra Modi,Policy,Positive,timeless civilisational heritage continues to receive global recognition,civilisational heritage,receives,global recognition
136efe7b95dd50c3_p017,136efe7b95dd50c3,EVT_01238,india_today,Uttar Pradesh,Development,Positive,"""Sarnath's inscription on the Unesco World Heritage List is a proud moment for every Indian and a shining reflection of Uttar Pradesh's glorious spiritual and cultural legacy,"" he said, adding that Uttar Pradesh welcomes the world to experience this eternal heritage.",Sarnath's inscription,included,Unesco World Heritage List
b76b70d6e7eb0353_p002,b76b70d6e7eb0353,EVT_01238,the_times_of_india,India,Development,Positive,"UNESCO inscribed it on the list Saturday during the ongoing 48th session of the world heritage committee in Busan, Korea. With this inscription, India now has 45 World Heritage sites.",UNESCO,inscribed,site on World Heritage list
b76b70d6e7eb0353_p003,b76b70d6e7eb0353,EVT_01238,the_times_of_india,UNESCO,Development,Positive,"""On behalf of UNESCO, I warmly congratulate govt and the people of India on the inscription of the Ancient Buddhist Site, Sarnath, on the World Heritage List. """,UNESCO,congratulate,India and Sarnath
b76b70d6e7eb0353_p004,b76b70d6e7eb0353,EVT_01238,the_times_of_india,Jantar Mantar protest,Protest,Negative,CJP Jantar Mantar Protest Updates,CJP,protested,Jantar Mantar protest
b76b70d6e7eb0353_p005,b76b70d6e7eb0353,EVT_01238,the_times_of_india,Buddhism,Religious Preservation,Positive,Safeguarding this exceptional site is our collective responsibility for present and future generations.,Safeguarding,is,exceptional site for present and future generations
2e7d7d5446fa37c8_p001,2e7d7d5446fa37c8,EVT_01262,hindustan_times,Prajmal Joshi (BJP),Election Strategy,Negative,blue-eyed boy,blue-eyed boy,attacked,Prajmal Joshi (BJP)
2e7d7d5446fa37c8_p004,2e7d7d5446fa37c8,EVT_01262,hindustan_times,Pradhan,Development,Negative,development came just hours after Pradhan announced that he had submitted his resignation,development,came after,Pradhan's resignation announcement
2e7d7d5446fa37c8_p006,2e7d7d5446fa37c8,EVT_01262,hindustan_times,Union Minister,Protest,Negative,Also read | Here's the last time a Union minister resigned under Modi govt because of protests,,,
2e7d7d5446fa37c8_p007,2e7d7d5446fa37c8,EVT_01262,hindustan_times,Joshi,Election Strategy,Positive,"he is regarded as one of the BJP's trusted leaders and is often described as the ""blue-eyed boy"" of the party's top leadership.",he,described,Joshi as 'blue-eyed boy'
2e7d7d5446fa37c8_p009,2e7d7d5446fa37c8,EVT_01262,hindustan_times,Dharmendra Pradhan,Resignation and Appointment,Negative,also read | Dharmendra Pradhan's resignation accepted,,,
2e7d7d5446fa37c8_p009,2e7d7d5446fa37c8,EVT_01262,hindustan_times,Pralhad Joshi,Appointment to Ministry,Positive,Also read | Pralhad Joshi gets education ministry charge,Also read,included,Pralhad Joshi gets education ministry charge
2e7d7d5446fa37c8_p010,2e7d7d5446fa37c8,EVT_01262,hindustan_times,Bharatiya Janata Party (BJP),Protest,Positive,He became associated with the Rashtriya Swayamsevak Sangh (RSS) at a young age and later rose through the ranks of the Bharatiya Janata Party (BJP).,He,became associated with,Rashtriya Swayamsevak Sangh (RSS)
2e7d7d5446fa37c8_p011,2e7d7d5446fa37c8,EVT_01262,hindustan_times,Politician,Election Strategy,Positive,His electoral journey began in 1996 when he was elected to the Karnataka Legislative Assembly.,He,was elected,Karnataka Legislative Assembly
2e7d7d5446fa37c8_p011,2e7d7d5446fa37c8,EVT_01262,hindustan_times,Politician,Election Strategy,Positive,"Eight years later, he entered Parliament after winning the Dharwad-Hubballi Lok Sabha seat in 2004.",Politician,won,election
2e7d7d5446fa37c8_p011,2e7d7d5446fa37c8,EVT_01262,hindustan_times,Politician,Election Strategy,Positive,"Since then, he has retained the constituency in every general election",Politician,retained,constituency
2e7d7d5446fa37c8_p012,2e7d7d5446fa37c8,EVT_01262,hindustan_times,Joshi,Development,Positive,strengthened his position within the BJP,strengthened,position,Joshi within BJP
2e7d7d5446fa37c8_p012,2e7d7d5446fa37c8,EVT_01262,hindustan_times,Joshi,Development,Positive,His growing influence earned him the reputation of being one of the party high command's most trusted leaders.,Influence,earned,Joshi reputation
2e7d7d5446fa37c8_p013,2e7d7d5446fa37c8,EVT_01262,hindustan_times,PM Modi,Reelection Strategy,Positive,"In 2019, he joined Prime Minister Narendra Modi's Cabinet as Union Minister for Parliamentary Affairs, Coal and Mines.",PM Modi,joined,Cabinet
2e7d7d5446fa37c8_p013,2e7d7d5446fa37c8,EVT_01262,hindustan_times,PM Modi,Reelection Strategy,Positive,He returned to the Union Cabinet in 2024.,He,returned,Union Cabinet
2e7d7d5446fa37c8_p015,2e7d7d5446fa37c8,EVT_01262,hindustan_times,Joshi,Election Strategy,Negative,"Despite his strong political standing, Joshi's latest electoral battle was not without hurdles.",Him,was,unsuccessful
2e7d7d5446fa37c8_p019,2e7d7d5446fa37c8,EVT_01262,hindustan_times,Joshi,Development,Positive,"Over the years, Joshi has remained one of the BJP's most prominent leaders from Karnataka.",Joshi,remained,prominent leader
2e7d7d5446fa37c8_p020,2e7d7d5446fa37c8,EVT_01262,hindustan_times,Shivya Kanojia,Development,Positive,"An alumna of the Indian Institute of Mass Communication (IIMC), Shivya brings a thoughtful balance of news value and audience relevance to her work, ensuring stories resonate beyond the immediate headline.",Shivya Kanojia,brings,positive sentiment score
2e7d7d5446fa37c8_p021,2e7d7d5446fa37c8,EVT_01262,hindustan_times,Shivya,Development,Positive,"Over the course of her three-year journey in the digital news space, Shivya has worked across a wide range of beats, including politics, civic issues, human-interest features and trending news.",Shivya,worked,beats
a3648b16277354ef_p001,a3648b16277354ef,EVT_01258,the_hindu,Y.S. Jagan Mohan Reddy (YSR Congress Party),Protest,Positive,Union Education Minister Dharmendra Pradhan has set a benchmark for political accountability under the NDA Government by rendering his resignation as a moral responsibility for the NEET paper leak.,Dharmendra Pradhan,set,benchmark for accountability
a3648b16277354ef_p002,a3648b16277354ef,EVT_01258,the_hindu,Nara Lokesh (Andhra Pradesh IT & HRD Minister),Corruption,Negative,"He stated on X that he would now question whether Andhra Pradesh IT & HRD Minister Nara Lokesh would step down by accepting moral responsibility for the “serious irregularities” in the conduct of DSC examination process, which involved around 3.50 lakh aspirants.",He,stated,Nara Lokesh would step down
a3648b16277354ef_p003,a3648b16277354ef,EVT_01258,the_hindu,Chief Minister N. Chandrababu Naidu,Law & Order,Negative,shield his son instead of upholding the very standards of accountability,shielded,defended,son
a3648b16277354ef_p004,a3648b16277354ef,EVT_01258,the_hindu,Local Government Leader,Corruption,Negative,The Local Government Leader's office has been accused of misusing funds for personal gain.,Local Government Leader's office,misusing,funds for personal gain
a5c086f518a14d41_p001,a5c086f518a14d41,EVT_01258,the_times_of_india,Dharmendra Pradhan,Protest,Negative,"resigned as Union education minister, taking moral responsibility for the NEET-UG paper leak controversy",Union education minister,resigned,Dharmendra Pradhan
a5c086f518a14d41_p001,a5c086f518a14d41,EVT_01258,the_times_of_india,Dharmendra Pradhan,Violence,Negative,triggered political confrontations.,triggered,confrontations,political
a5c086f518a14d41_p003,a5c086f518a14d41,EVT_01258,the_times_of_india,government,Corruption,Negative,"including cancelling the test, ordering a",Cancelling,ordered,Test results
a5c086f518a14d41_p005,a5c086f518a14d41,EVT_01258,the_times_of_india,Jantar Mantar Protest,Protest,Negative,CJP Jantar Mantar Protest Updates,CJP,protested,Jantar Mantar
a5c086f518a14d41_p006,a5c086f518a14d41,EVT_01258,the_times_of_india,Pradhan,Protest,Negative,He said the unrest at Jantar Mantar and across the country had saddened him,He,said,unrest
a5c086f518a14d41_p007,a5c086f518a14d41,EVT_01258,the_times_of_india,Dharmendra Pradhan,Protest,Negative,resigns as Union education minister amid massive student protests,student,protests,Dharmendra Pradhan
a5c086f518a14d41_p008,a5c086f518a14d41,EVT_01258,the_times_of_india,Cockroach Janta Party,Development,Positive,a 'huge victory',,,
a5c086f518a14d41_p009,a5c086f518a14d41,EVT_01258,the_times_of_india,Higher Education Authorities,Development,Negative,Investigators later said a question set described as a 'guess paper' had circulated among students weeks before the test and that many questions closely matched the actual paper.,Investigators,said,question set
a5c086f518a14d41_p010,a5c086f518a14d41,EVT_01258,the_times_of_india,Government,Law & Order,Negative,The National Testing Agency cancelled the exam on May 12 and the government referred the case to the Central Bureau of Investigation for a full probe.,government,referred,case to CBI
a5c086f518a14d41_p013,a5c086f518a14d41,EVT_01258,the_times_of_india,Dr Manoj Shirure and Tejas Harshadkumar Shah,"Academic Misconduct, Corruption",Negative,"Investigators said Dr Shirure helped three students access leaked Chemistry questions, while Shah allegedly passed on Physics questions obtained from another accused already in custody.",Dr Shirure,helped,students access questions
a5c086f518a14d41_p014,a5c086f518a14d41,EVT_01258,the_times_of_india,CBI (Central Bureau of Investigation),Corruption,Negative,"Earlier, the CBI had also arrested a Chemistry lecturer, PV Kulkarni, whom it described as a key figure in the leak.",CBI,arrested,PV Kulkarni
a5c086f518a14d41_p014,a5c086f518a14d41,EVT_01258,the_times_of_india,PV Kulkarni (Chemistry lecturer),Corruption,Negative,"The agency said he had conducted special coaching sessions at his residence in Pune, where questions and answers were dictated and later matched the actual NEET paper.",agency,said,Kulkarni conducted special coaching sessions
a5c086f518a14d41_p015,a5c086f518a14d41,EVT_01258,the_times_of_india,Cockroach Janta Party (CJP),Protest,Positive,"a satirical youth-led campaign, began protests",youth-led,began,protests
a5c086f518a14d41_p015,a5c086f518a14d41,EVT_01258,the_times_of_india,Pradhanâs,Law & Order,Negative,demanded Pradhanâs resignation and accountability over paper leaks and other examination irregularities,demanded,resignation and accountability,Pradhanâs over leaks and irregularities
a5c086f518a14d41_p016,a5c086f518a14d41,EVT_01258,the_times_of_india,Sonam Wangchuk,Protest,Negative,His deteriorating health drew wide attention on social media and his later hospitalisation further fuelled public anger.,deteriorating health,drawn,attention on social media
a5c086f518a14d41_p017,a5c086f518a14d41,EVT_01258,the_times_of_india,CJP,Protest,Negative,The CJP said the movement would continue until Pradhan resigned.,CJP,said,movement would continue
a5c086f518a14d41_p017,a5c086f518a14d41,EVT_01258,the_times_of_india,Pradhan,Protest,Negative,The CJP said the movement would continue until Pradhan resigned.,CJP,said,movement would continue
a5c086f518a14d41_p019,a5c086f518a14d41,EVT_01258,the_times_of_india,PM Modi,Development,Positive,He also said the government had acted to make sure that nearly 22 lakh students did not lose an academic year.,government,acted,students
a5c086f518a14d41_p020,a5c086f518a14d41,EVT_01258,the_times_of_india,Kiren Rijiju,Law & Order,Positive,Parliamentary Affairs Minister Kiren Rijiju said the Bill would be brought to Parliament soon.,Kiren Rijiju,said,Bill
a5c086f518a14d41_p021,a5c086f518a14d41,EVT_01258,the_times_of_india,National Testing Agency,Development,Positive,"At the same time, the National Testing Agency began a major internal overhaul... and tightening examination security.",Agency,began,overhaul
a5c086f518a14d41_p022,a5c086f518a14d41,EVT_01258,the_times_of_india,CJP (Central Government),Development,Negative,The CJP said the Centre had sought time until Saturday afternoon to respond to its main demand for Pradhanâs resignation.,CJP,said,Centre
a5c086f518a14d41_p023,a5c086f518a14d41,EVT_01258,the_times_of_india,Government/Ministers,Violence,Negative,"But it insisted that any further meeting must be held at a neutral venue, such as the Constitution Club of India, rather than a minister's residence.",Government/Ministers,insisted,neutral venue
a5c086f518a14d41_p024,a5c086f518a14d41,EVT_01258,the_times_of_india,Rahul Gandhi,Protest,Negative,"Congress leader Rahul Gandhi renewed his attack on the government, accusing Pradhan of presiding over a collapse of the education system.",Rahul Gandhi,attack,government
a5c086f518a14d41_p024,a5c086f518a14d41,EVT_01258,the_times_of_india,Government/Central Government,Violence,Negative,accused the Centre of using force against peaceful demonstrators.,Government,accused,Centre
a5c086f518a14d41_p025,a5c086f518a14d41,EVT_01258,the_times_of_india,Dharmendra Pradhan,Protest,Negative,protests spread across the country,,spread,protests
a5c086f518a14d41_p025,a5c086f518a14d41,EVT_01258,the_times_of_india,Centre (Government),Law & Order,Negative,failing to protect the integrity of competitive examinations,Centre,failed to protect,integrity of competitive examinations
a5c086f518a14d41_p026,a5c086f518a14d41,EVT_01258,the_times_of_india,education minister,Protest,Negative,MPs insisted that the education minister step down,MPs,insisted,education minister to step down
a5c086f518a14d41_p027,a5c086f518a14d41,EVT_01258,the_times_of_india,Rahul Gandhi (Congress),Protest,Negative,"calling Pradhan 'a symbol of the collapse of our education system' and saying, 'He has to go.'",Congress,accused,Modi
a5c086f518a14d41_p027,a5c086f518a14d41,EVT_01258,the_times_of_india,Rahul Gandhi (Congress),Protest,Negative,"students were making three key demands: the education minister's removal, action against those responsible for the alleged pellet gun use and lathi-charge on protesters, and an apology from Prime Minister Narendra Modi to the affected youth.",Congress,accused,Modi of bulldozing
a5c086f518a14d41_p029,a5c086f518a14d41,EVT_01258,the_times_of_india,Rahul Gandhi,Violence & Protest,Negative,"""His eye has suffered damage, and he has lost his vision,"" Gandhi said",Gandhi,said,"damage to eye, loss of vision"
a5c086f518a14d41_p030,a5c086f518a14d41,EVT_01258,the_times_of_india,Supreme Court,Law & Order,Positive,The Supreme Court agreed to hear petitions over alleged excessive police action against protesters.,Supreme Court,agreed to hear,petitions
a5c086f518a14d41_p030,a5c086f518a14d41,EVT_01258,the_times_of_india,Supreme Court,Law & Order,Positive,The court also clarified that reports saying it had refused to hear the matter were false.,,,
a5c086f518a14d41_p031,a5c086f518a14d41,EVT_01258,the_times_of_india,government,Law & Order,Negative,the government said it was ready for discussion without preconditions and accused the opposition of blocking parliamentary proceedings.,government,accused,opposition
a5c086f518a14d41_p032,a5c086f518a14d41,EVT_01258,the_times_of_india,Police,Violence,Negative,"Meanwhile, Delhi Police warned that those directly involved in violence during the protests could face passport cancellation.",Delhi Police,warned,violence perpetrators
a5c086f518a14d41_p032,a5c086f518a14d41,EVT_01258,the_times_of_india,Protests,Violence,Negative,clashes near Jantar Mantar left several police personnel and protesters injured,clashes,left,injured
a5c086f518a14d41_p033,a5c086f518a14d41,EVT_01258,the_times_of_india,Pradhan,Protest,Negative,Pradhanâs resignation is the biggest political consequence so far of the NEET controversy.,Pradhan,resigned,due to NEET controversy
a5c086f518a14d41_p033,a5c086f518a14d41,EVT_01258,the_times_of_india,Opponents,"Corruption, Development",Negative,opponents said was too slow and dismissive,opponents,said,was too slow and dismissive
a5c086f518a14d41_p034,a5c086f518a14d41,EVT_01258,the_times_of_india,government,Law & Order,Negative,The case has also prompted the government to push a tougher anti-paper leak law,government,pushed,anti-paper leak law
d9a9f5b568f3431c_p001,d9a9f5b568f3431c,EVT_01258,hindustan_times,Dharmendra Pradhan,Protest,Negative,"'Dharmendra Pradhan resigned under no pressure,' says BJP leader",BJP,praised,Dharmendra Pradhan
d9a9f5b568f3431c_p002,d9a9f5b568f3431c,EVT_01258,hindustan_times,Pradhan,Development,Positive,Dubey praised Pradhan’s long association with the education sector and highlighted his role in introducing major reforms,Dubey,praised,Pradhan
d9a9f5b568f3431c_p003,d9a9f5b568f3431c,EVT_01258,hindustan_times,Dharmendra Pradhan,Resignation & Leadership Change,Negative,BJP MP Nishikant Dubey on Saturday defended Dharmendra Pradhan’s resignation as India's education minister,BJP MP,defended,Dharmendra Pradhan
d9a9f5b568f3431c_p004,d9a9f5b568f3431c,EVT_01258,hindustan_times,Pradhan,Development,Positive,"praised Pradhan’s long association with the education sector and highlighted his role in introducing major reforms, including the National Education Policy (NEP)",Congress,highlighted,reforms
d9a9f5b568f3431c_p004,d9a9f5b568f3431c,EVT_01258,hindustan_times,Pradhan,Development,Positive,"highlighted his role in introducing major reforms, including the National Education Policy (NEP) and changes in the higher education and examination systems",highlighted,role,Pradhan in reforms
d9a9f5b568f3431c_p005,d9a9f5b568f3431c,EVT_01258,hindustan_times,BJP,Policy,Positive,'Selfless service': BJP leaders hail Dharmendra Pradhan's tenure as education minister,BJP,hail,Dharmendra Pradhan's tenure as education minister
d9a9f5b568f3431c_p006,d9a9f5b568f3431c,EVT_01258,hindustan_times,Dharmendra Pradhan,Policy,Positive,"""He took this decision on his own.""",He,took,decision
d9a9f5b568f3431c_p007,d9a9f5b568f3431c,EVT_01258,hindustan_times,Parents,Protest,Negative,"""I also appeal to parents not to push their children into such protests. """,Parents,appeal not to,children into protests
d9a9f5b568f3431c_p008,d9a9f5b568f3431c,EVT_01258,hindustan_times,Dharmendra Pradhan,Protest,Negative,"Education minister Dharmendra Pradhan resigned on Saturday, after weeks of massive student protests in Delhi seeking his resignation over exam irregularities",student protests,seeking,Pradhan's resignation
d9a9f5b568f3431c_p008,d9a9f5b568f3431c,EVT_01258,hindustan_times,Dharmendra Pradhan,Violence,Negative,"Education minister Dharmendra Pradhan resigned on Saturday, after weeks of massive student protests in Delhi seeking his resignation over exam irregularities",Pradhan,resigned,protests
d9a9f5b568f3431c_p009,d9a9f5b568f3431c,EVT_01258,hindustan_times,Pradhan (possibly referring to a politician or party leader),Policy,Negative,"""To ensure that anti-national elements are not benefitted by the situation at Jantar Mantar and across the country, that the nation remains united...""",Pradhan,defended,unity
d9a9f5b568f3431c_p012,d9a9f5b568f3431c,EVT_01258,hindustan_times,The CJP (Cockroach Janta Party),Development,Positive,"""Cockroach Janta Party withdraws its nationwide agitation with immediate effect. All demands of the Cockroach Janta Party have been accepted by the government,\n""",Cockroach Janta Party,withdrawed,agitation
d9a9f5b568f3431c_p013,d9a9f5b568f3431c,EVT_01258,hindustan_times,government,Agreement and Compliance,Positive,agreed to,agreed,to,government
d9a9f5b568f3431c_p014,d9a9f5b568f3431c,EVT_01258,hindustan_times,Government,Law & Order,Positive,Maximum possible compensation,,,
d9a9f5b568f3431c_p015,d9a9f5b568f3431c,EVT_01258,hindustan_times,Central government and NDA (National Democratic Alliance)-ruled states,Violence,Negative,"FIRs by Central govt and NDA-ruled states will be withdrawn, and no action will be taken against anyone involved in these protests in the future.",Central govt,will withdraw,FIRs
d9a9f5b568f3431c_p017,d9a9f5b568f3431c,EVT_01258,hindustan_times,government,Violence,Negative,What further fueled this fire was the multiple student suicides due to NEET re-exam anxiety.,NEET exams,fueled,student suicides
418bbf28711a5b25_p001,418bbf28711a5b25,EVT_01223,hindustan_times,CJP,Protest,Negative,withdraws protest,CJP,withdraws,protest
418bbf28711a5b25_p002,418bbf28711a5b25,EVT_01223,hindustan_times,Internet Providers,Service Disruption and Outage,Negative,"With the seventh extension that came on Saturday, mobile internet in the area remained repeatedly suspended for five days.",Internet Providers,suspended,mobile internet
418bbf28711a5b25_p003,418bbf28711a5b25,EVT_01223,hindustan_times,Cockroach Janta Party (CJP),Protest,Negative,witnessed its longest internet shutdown during the Cockroach Janta Party’s (CJP) protest,CJP,held protest,internet shutdown
418bbf28711a5b25_p003,418bbf28711a5b25,EVT_01223,hindustan_times,Delhi Government,Law & Order,Negative,the government issued a seventh order extending the suspension of mobile internet services,Delhi Govt,issued,order
418bbf28711a5b25_p005,418bbf28711a5b25,EVT_01223,hindustan_times,telecom service providers,Law & Order,Negative,"Despite the restoration, telecom service providers (TSPs) had not received any formal order revoking the suspension until late Saturday evening, said people aware of the matter.",TSPs,had not received,formal order revoking suspension
418bbf28711a5b25_p006,418bbf28711a5b25,EVT_01223,hindustan_times,government,Law & Order,Negative,"In the last five days, it was only on July 21 when the government did not issue a suspension order.",government,issued,suspension order
418bbf28711a5b25_p006,418bbf28711a5b25,EVT_01223,hindustan_times,government,Law & Order,Negative,"With the seventh extension that came Saturday, mobile internet in the area remained repeatedly suspended for five days.",Government,suspended,mobile internet
418bbf28711a5b25_p007,418bbf28711a5b25,EVT_01223,hindustan_times,Delhi Police,Violence,Negative,protest: Delhi Police FIR includes charge of attempt to murder,Delhi Police,charged,attempt to murder
418bbf28711a5b25_p008,418bbf28711a5b25,EVT_01223,hindustan_times,Government,Violence,Negative,"shutdown began on July 20, when the government directed TSPs to suspend mobile internet services",Government,directed,TSPs to suspend mobile internet services
418bbf28711a5b25_p009,418bbf28711a5b25,EVT_01223,hindustan_times,Government,Violence,Negative,"On Saturday, a seventh order further extended the suspension till 12 midnight.",,,
418bbf28711a5b25_p010,418bbf28711a5b25,EVT_01223,hindustan_times,Government,Violence,Negative,The orders require telecom companies to suspend mobile internet services within a 1.5-km radius of the protest site.,Government,require,suspend mobile internet services
418bbf28711a5b25_p011,418bbf28711a5b25,EVT_01223,hindustan_times,internet shutdowns and digital rights organizations,Violence,Negative,"Digital rights organisation SFLC.in also challenged the internet shutdown orders before the Delhi High Court, arguing that the suspension of mobile internet services in parts of central Delhi during the July 2026 protests was unlawful.",SFLC.in,challenged,internet shutdown orders
418bbf28711a5b25_p012,418bbf28711a5b25,EVT_01223,hindustan_times,Delhi government,Violence,Negative,"While Delhi has seen internet shutdowns before, they have been shorter and linked to specific law-and-order situations.",Delhi,seen,internet shutdowns
418bbf28711a5b25_p013,418bbf28711a5b25,EVT_01223,hindustan_times,Delhi Police,Protest,Negative,"The shutdown was ordered by Delhi Police, which is empowered to direct telecom operators to suspend services under the temporary telecom suspension rules.",Delhi Police,ordered,shutdown
418bbf28711a5b25_p014,418bbf28711a5b25,EVT_01223,hindustan_times,Government,Violence,Negative,The government suspended mobile internet services in adjoining areas of Delhi.,government,suspended,mobile internet services
418bbf28711a5b25_p015,418bbf28711a5b25,EVT_01223,hindustan_times,government,Protest,Negative,"Unlike the 2019 and 2021 disruptions, the current shutdown was extended through multiple consecutive government orders over several days.",governments,extended,shutdown order
418bbf28711a5b25_p016,418bbf28711a5b25,EVT_01223,hindustan_times,Tech companies and social media platforms,Violence,Negative,The repeated internet suspensions pushed protesters to look for alternative ways to communicate.,protesters,looked for,alternative ways to communicate
418bbf28711a5b25_p017,418bbf28711a5b25,EVT_01223,hindustan_times,Indian Cyber Crime Coordination Centre (I4C),Violence,Negative,"issued a notice to GitHub under section 79(3)(b) of the Information Technology Act, directing it to remove URLs hosting BitChat",issued,directed,GitHub to remove URLs
4e0965d890b8e05f_p001,4e0965d890b8e05f,EVT_01262,hindustan_times,Amit Shah,Protest,Positive,'students more important than positions',students,important to,Amit Shah
4e0965d890b8e05f_p002,4e0965d890b8e05f,EVT_01262,hindustan_times,Dharmendra Pradhan,Protest,Negative,resigns LIVE: Celebratory scenes appeared at the Jantar Mantar protest site soon after education minister Dharmendra Pradhan tendered his resignation on Saturday.,Protesters,celebrated,Dharmendra Pradhan's resignation
4e0965d890b8e05f_p003,4e0965d890b8e05f,EVT_01262,hindustan_times,Prajapati Prahlad Joshi,Election Strategy,Positive,first reaction on becoming education minister,First reaction,on,becoming education minister
4e0965d890b8e05f_p004,4e0965d890b8e05f,EVT_01262,hindustan_times,Dharmendra Pradhan,Resignation/Dismissal,Negative,resignation,Congress,accused,Modi of bulldozing
4e0965d890b8e05f_p005,4e0965d890b8e05f,EVT_01262,hindustan_times,Dharmendra Pradhan,Resignation Pressure,Negative,CPI(M) hails student efforts compelling Dharmendra Pradhan to resign,CPI(M),hails,student efforts
4e0965d890b8e05f_p006,4e0965d890b8e05f,EVT_01262,hindustan_times,JMM,Development,Positive,'just the beginning',,,
4e0965d890b8e05f_p008,4e0965d890b8e05f,EVT_01262,hindustan_times,Protesters,Demonstration and Law & Order,Negative,Police ask protesters to leave Jantar Mantar,Police,asked,protesters to leave Jantar Mantar
4e0965d890b8e05f_p009,4e0965d890b8e05f,EVT_01262,hindustan_times,Tej Pratap,Development,Positive,makes 'special appeal' to Dipke,makes,appeal,Dipke
4e0965d890b8e05f_p010,4e0965d890b8e05f,EVT_01262,hindustan_times,Pradhan,Resignation and Political Maneuvering,Negative,"8:39 PM IST, July 25CJP says Pradhan resignation 'just a trailer'",CJP,says,Pradhan resignation 'just a trailer'
4e0965d890b8e05f_p011,4e0965d890b8e05f,EVT_01262,hindustan_times,Anna Hazare,Law & Order,Positive,"Violence never solves problems', Anna Hazare says",Anna Hazare,says,violence never solves problems
4e0965d890b8e05f_p011,4e0965d890b8e05f,EVT_01262,hindustan_times,CJP,Protest,Negative,calls off agitation,CJP,calls off,agitation
4e0965d890b8e05f_p012,4e0965d890b8e05f,EVT_01262,hindustan_times,Pralhad Joshi,Election Strategy,Positive,gets education ministry charge,gets,assigned,education ministry charge
4e0965d890b8e05f_p012,4e0965d890b8e05f,EVT_01262,hindustan_times,Dharmendra Pradhan,Resignation and Political Maneuvering,Negative,resignation accepted,,,
4e0965d890b8e05f_p013,4e0965d890b8e05f,EVT_01262,hindustan_times,Sonam Wangchuk,Protest,Positive,"CJP thanks Sonam Wangchuk, says his Gandhian satyagraha awakened entire nation",CJP,thanks,Sonam Wangchuk
4e0965d890b8e05f_p014,4e0965d890b8e05f,EVT_01262,hindustan_times,Fadnavis,Leadership and Character,Positive,"Pradhan put nation above self, Fadnavis says",Pradhan,puts,nation above self
4e0965d890b8e05f_p017,4e0965d890b8e05f,EVT_01262,hindustan_times,Rajnath Singh,Policy,Positive,‘testament’ to government respecting the sentiments of students and youth,government,respected,sentiments of students and youth
4e0965d890b8e05f_p018,4e0965d890b8e05f,EVT_01262,hindustan_times,UN,Protest,Positive,'peaceful protest' should be allowed without any 'fear',allow,permitted,peaceful protest
4e0965d890b8e05f_p019,4e0965d890b8e05f,EVT_01262,hindustan_times,PM Modi,Climbdown,Negative,Pradhan's exit joins short list of Modi govt's climbdowns since 2014,Pradhan,exit,Modi's govt
4e0965d890b8e05f_p022,4e0965d890b8e05f,EVT_01262,hindustan_times,Siddaramaiah,Protest,Negative,'Resignation of education minister alone will not resolve all problems',Siddaramaiah,warned,against resignation
4e0965d890b8e05f_p023,4e0965d890b8e05f,EVT_01262,hindustan_times,Protestors,Development,Positive,Protesters continue to pour in,Protestors,pour,in
4e0965d890b8e05f_p024,4e0965d890b8e05f,EVT_01262,hindustan_times,protesters,Protest,Negative,go home,went,home,protesters
4e0965d890b8e05f_p026,4e0965d890b8e05f,EVT_01262,hindustan_times,CJP,Agitation Withdrawal,Negative,withdrawn agitation,CJP,received,Negative sentiment score
4e0965d890b8e05f_p027,4e0965d890b8e05f,EVT_01262,hindustan_times,Government,Law & Order,Negative,"No FIR against protestors, govt accepts CJP demand",FIR,against,protestors
4e0965d890b8e05f_p028,4e0965d890b8e05f,EVT_01262,hindustan_times,Mamata Banerjee,Protest,Negative,"5:22 PM IST, July 25 Mamata joins NEET paper leak protest in Kolkata after HC bars rally",Mamata Banerjee,participate,protest
4e0965d890b8e05f_p029,4e0965d890b8e05f,EVT_01262,hindustan_times,Pradhan,Election Strategy,Negative,Pradhan should have resigned earlier,should have resigned,received,negative sentiment score
4e0965d890b8e05f_p031,4e0965d890b8e05f,EVT_01262,hindustan_times,Dharmendra Pradhan,Recognition and Success,Positive,BJP chief hails Dharmendra Pradhan,BJP,hails,Dharmendra Pradhan
4e0965d890b8e05f_p032,4e0965d890b8e05f,EVT_01262,hindustan_times,Priyanka Gandhi,Leadership and Lessons Learned,Positive,'lesson to every ruler',,,
4e0965d890b8e05f_p033,4e0965d890b8e05f,EVT_01262,hindustan_times,Mamata Banerjee,Protest,Positive,Mamata Banerjee to join CJP protest in Delhi,Mamata Banerjee,join,CJP protest in Delhi
4e0965d890b8e05f_p034,4e0965d890b8e05f,EVT_01262,hindustan_times,Protests,Violence,Negative,Protest update,Protests,received,Negative sentiment score
4e0965d890b8e05f_p036,4e0965d890b8e05f,EVT_01262,hindustan_times,Protesters,Celebration during protest,Positive,Protest site erupts in celebration with new posters and graffiti,Protest site,erupts,celebration
4e0965d890b8e05f_p038,4e0965d890b8e05f,EVT_01262,hindustan_times,CJI Surya Kant,Protest,Negative,'Thanks for calling us cockroaches',CJI Surya Kant,received,Negative sentiment score
4e0965d890b8e05f_p039,4e0965d890b8e05f,EVT_01262,hindustan_times,PM Modi,Apology and Leadership Responsibility,Negative,‘Now it is Modi’s turn to apologise',Now,is,Modi's turn to apologise
4e0965d890b8e05f_p040,4e0965d890b8e05f,EVT_01262,hindustan_times,Pradhan,Protest,Negative,- Protesters celebrate Pradhan's resignation at Jantar Mantar,Protesters,celebrate,Pradhan's resignation
4e0965d890b8e05f_p042,4e0965d890b8e05f,EVT_01262,hindustan_times,Pradhan,Election Strategy,Negative,Wangchuk hails Pradhan's resignation as 'victory of democracy',Wangchuk,hails,Pradhan's resignation
4e0965d890b8e05f_p043,4e0965d890b8e05f,EVT_01262,hindustan_times,Arvind Kejriwal,Protest/Election Strategy,Positive,calls Pradhan's resignation ‘big win for democracy’,Pradhan,resigned,democracy
4e0965d890b8e05f_p045,4e0965d890b8e05f,EVT_01262,hindustan_times,Pradhan,Resignation and Impact,Negative,a ‘big win’,Modi,bulldozed,Congress
4e0965d890b8e05f_p046,4e0965d890b8e05f,EVT_01262,hindustan_times,Dharmendra Pradha,Resignation and Celebration,Negative,Video shows celebrations at Jantar Mantar moment when Dharmendra Pradhan resigned,celebrations,occurred,Dharmendra Pradha's resignation
4e0965d890b8e05f_p047,4e0965d890b8e05f,EVT_01262,hindustan_times,Various Celebrators,Development,Positive,Celebrations at Jantar Mantar,Various Celebrators,received,Positive sentiment score under Development frame
4e0965d890b8e05f_p048,4e0965d890b8e05f,EVT_01262,hindustan_times,Pradhan,Resignation & Leadership Change,Negative,Cockroach Janta Party reacts to Pradhan's resignation,Cockroach Janta Party,reacts to,Pradhan's resignation
4e0965d890b8e05f_p049,4e0965d890b8e05f,EVT_01262,hindustan_times,Pradhan (likely referring to Pramod Mahajan who was the then Finance Minister of India),"Proscription, Anti-National",Negative,"2:38 PM IST, July 25Pradhan says resigned to ensure no benefit happens to ‘anti-national elements’",Pradhan,says,resigned
4e0965d890b8e05f_p050,4e0965d890b8e05f,EVT_01262,hindustan_times,Dharmendra Pradhan,Protest,Negative,resigns as education minister amid nationwide protests,protests,amid,resignation
4e0965d890b8e05f_p051,4e0965d890b8e05f,EVT_01262,hindustan_times,Police,Violence,Negative,"searched bag, questioned him",Police,searched,bag
4e0965d890b8e05f_p052,4e0965d890b8e05f,EVT_01262,hindustan_times,police,Violence,Negative,Police stopped him for questioning,Police,stopped,him for questioning
4e0965d890b8e05f_p053,4e0965d890b8e05f,EVT_01262,hindustan_times,protesters,Violence,Negative,Tear gas fired,gas,used,protesters
4e0965d890b8e05f_p054,4e0965d890b8e05f,EVT_01262,hindustan_times,government,Law & Order,Negative,"'The government is nervous,'",government,is nervous,
4e0965d890b8e05f_p055,4e0965d890b8e05f,EVT_01262,hindustan_times,CJP (likely referring to the Congress party or a prominent figure within it),Protest,Negative,"‘If not today, then tomorrow,’ CJP warns of bigger protest if Pradhan stays",CJP,warns,bigger protest
4e0965d890b8e05f_p056,4e0965d890b8e05f,EVT_01262,hindustan_times,Protest,Violence,Negative,Stone-pelting reported during protest in Bihar's Aurangabad,protesters,stone-pelted,Bihar's Aurangabad
4e0965d890b8e05f_p057,4e0965d890b8e05f,EVT_01262,hindustan_times,Jantar Mantar protest,Protest,Negative,Delhi liquor shops to shut by 8 pm over weekend amid Jantar Mantar protest,Delhi liquor shops,shut,Jantar Mantar protest
4e0965d890b8e05f_p060,4e0965d890b8e05f,EVT_01262,hindustan_times,Delhi Police,Law & Order,Negative,CJP asks Delhi Police to stop detaining people heading to Jantar Mantar,CJP,asks,Delhi Police
4e0965d890b8e05f_p061,4e0965d890b8e05f,EVT_01262,hindustan_times,Rahul Gandhi,Protest,Negative,"""Dharmendra Pradhan has to be sacked,' Rahul Gandhi backs students' demand",Rahul Gandhi,backs,students' demand for Dharmendra Pradhan's sacking
4e0965d890b8e05f_p062,4e0965d890b8e05f,EVT_01262,hindustan_times,CJP (likely referring to a political party or organization named CJP),Violence,Negative,“who cracked open the heads of children’,did,crack open,the heads of children
4e0965d890b8e05f_p063,4e0965d890b8e05f,EVT_01262,hindustan_times,TMC MP Sagarika Ghosh,Election Strategy,Negative,"attacks Centre, calls out ‘failed Modi govt’",Congress,attacks,Centre
4e0965d890b8e05f_p064,4e0965d890b8e05f,EVT_01262,hindustan_times,Delhi Police,Protest,Negative,"CJP alleges Delhi Police stopping food, protesters from reaching Jantar Mantar",CJP,alleges,Delhi Police
4e0965d890b8e05f_p065,4e0965d890b8e05f,EVT_01262,hindustan_times,Rahul Gandhi,Corruption,Negative,'Paper leaks only thing you couldn't shut down',Leaks,implicate,Rahul Gandhi on Corruption
4e0965d890b8e05f_p066,4e0965d890b8e05f,EVT_01262,hindustan_times,Ranka,Election Strategy,Negative,"10:26 AM IST, July 25Ranka seeks clear ‘Yes or No’ answer on Pradhan's resignation",Ranka,seeking,clear answer on Pradhan's resignation
4e0965d890b8e05f_p067,4e0965d890b8e05f,EVT_01262,hindustan_times,Mamata Banerjee,Protest,Positive,likely to join protest on Monday,likely,to join,protest on Monday
4e0965d890b8e05f_p068,4e0965d890b8e05f,EVT_01262,hindustan_times,CJP (Communist Party of India),Development,Positive,"expect written agreement from Centre on compensation, legal action today",Centre,requirement,"written agreement on compensation, legal action"
4e0965d890b8e05f_p071,4e0965d890b8e05f,EVT_01262,hindustan_times,Dipke,Protest,Negative,"diagnosed with typhoid, vows to continue protest",diagnosed,with,typhoid
4e0965d890b8e05f_p072,4e0965d890b8e05f,EVT_01262,hindustan_times,Metro Authorities,Corruption,Negative,Interchange available at 3 Metro stations despite closure of 18 stations,Modi,praised,Interchange
4e0965d890b8e05f_p073,4e0965d890b8e05f,EVT_01262,hindustan_times,Mohan Bhagwat,Development,Positive,'new generation asks questions',,,
4e0965d890b8e05f_p076,4e0965d890b8e05f,EVT_01262,hindustan_times,Centre,Reliability and Assurance,Positive,gives written assurances,Centre,gives,written assurances
4e0965d890b8e05f_p078,4e0965d890b8e05f,EVT_01262,hindustan_times,CJP,Protest,Negative,protest will continue,protest,continue,CJP
4e0965d890b8e05f_p079,4e0965d890b8e05f,EVT_01262,hindustan_times,Police,Violence,Negative,"Picture shows Police, protesters face off",Police,face off,protesters
4e0965d890b8e05f_p079,4e0965d890b8e05f,EVT_01262,hindustan_times,Protesters,Violence,Negative,"Picture shows Police, protesters face off",Police,face off,protesters
4e0965d890b8e05f_p080,4e0965d890b8e05f,EVT_01262,hindustan_times,CJP,Corruption,Negative,sacking NTA officials not enough,NTA officials,sacked,CJP
4e0965d890b8e05f_p081,4e0965d890b8e05f,EVT_01262,hindustan_times,CJP,Protest,Negative,warns of tougher protest,warns,of,tougher protest
4e0965d890b8e05f_p081,4e0965d890b8e05f,EVT_01262,hindustan_times,Pradhan,Violence,Negative,doesn't resign,doesn't resign,receive,Negative sentiment score
4e0965d890b8e05f_p083,4e0965d890b8e05f,EVT_01262,hindustan_times,Wangchuk,Treatment Quality,Negative,'treated like a prisoner',treated,like,prisoner
4e0965d890b8e05f_p084,4e0965d890b8e05f,EVT_01262,hindustan_times,Dharmendra Pradhan,Protest,Negative,"resigning on Saturday, bowing to mounting pressure after weeks of nationwide protests over the alleged NEET paper leak.",protests,over,NEET paper leak
4e0965d890b8e05f_p085,4e0965d890b8e05f,EVT_01262,hindustan_times,DMRC (Delhi Metro Railway Corporation),Recovery and Restoration,Positive,"Entry gates for all metro stations are now open, DMRC said.",DMRC,said,Entry gates open for metro stations
4e0965d890b8e05f_p085,4e0965d890b8e05f,EVT_01262,hindustan_times,"CJP (Chinmay Jain Party, presumably referring to the group)",Protest and Conflict Resolution,Negative,The Internet is back in the Jantar Mantar area as the CJP called off their protest.,CJP,called off,protest
4e0965d890b8e05f_p086,4e0965d890b8e05f,EVT_01262,hindustan_times,Sonam Wangchuk,Protest,Positive,his remarks came even as the Cockroach Janta Party (CJP) held a second round of talks with the Centre,CJP,held,talks with Centre
4e0965d890b8e05f_p086,4e0965d890b8e05f,EVT_01262,hindustan_times,Cockroach Janta Party (CJP),Policy,Negative,"held a second round of talks with the Centre, which has reportedly given written assurances on some of the protesters' key demands",Centre,assured,CJP on demands
4e0965d890b8e05f_p088,4e0965d890b8e05f,EVT_01262,hindustan_times,Protest,Demonstration,Negative,"As reported by HT earlier, delegations of lawyers, farmer unions, NGOs and groups from neighbouring states arrived through the day carrying banners and placards in support of the agitation.",NGOs,arrived,support the agitation
4e0965d890b8e05f_p089,4e0965d890b8e05f,EVT_01262,hindustan_times,Delhi Authorities,Protest,Negative,tighten security amid the ongoing protests.,tighten,action,security
4e0965d890b8e05f_p090,4e0965d890b8e05f,EVT_01262,hindustan_times,Wangchuk,Corruption,Negative,responds to criticism,Criticism,responds to,Wangchuk
4e0965d890b8e05f_p091,4e0965d890b8e05f,EVT_01262,hindustan_times,Wangchuk,Violence,Negative,dismissed allegations that he had compromised with the government by ending his fast.,dismissed,accuse,government
4e0965d890b8e05f_p092,4e0965d890b8e05f,EVT_01262,hindustan_times,Indian Education System,Violence,Negative,...vile thoughts spring.,,spring,vile thoughts
4e0965d890b8e05f_p094,4e0965d890b8e05f,EVT_01262,hindustan_times,Dharmendra Pradhan,Protest,Negative,"He also explained why he did not insist on Union education Minister Dharmendra Pradhan's resignation during the talks, saying preventing cases against protesters was the immediate priority.",He,explained,not insisting on resignation
4e0965d890b8e05f_p096,4e0965d890b8e05f,EVT_01262,hindustan_times,Wangchuk,Protest,Negative,Wangchuk said he agreed to end the fast only after the Centre provided written assurances and because he feared an imminent crackdown on protesters.,Wangchuk,agreed,end the fast
4e0965d890b8e05f_p098,4e0965d890b8e05f,EVT_01262,hindustan_times,CJP (likely referring to a political party or coalition),"Accountability, Reform",Negative,demand accountability over alleged irregularities in competitive examinations,CJP,receives,Negative sentiment score
4e0965d890b8e05f_p098,4e0965d890b8e05f,EVT_01262,hindustan_times,Union Education Minister Dharmendra Pradhan,"Resignation, Accountability",Negative,resignation of Union Education Minister Dharmendra Pradhan,,,
4e0965d890b8e05f_p099,4e0965d890b8e05f,EVT_01262,hindustan_times,government,Response,Positive,responded positively,government,responded,positively
4e0965d890b8e05f_p101,4e0965d890b8e05f,EVT_01262,hindustan_times,CJP (Chief Justice Party),Protest,Negative,The party placed four key demands including compensation for families of students who allegedly died by suicide because of the examination system and withdrawal of FIRs against peaceful protesters.,party,placed,demands
4e0965d890b8e05f_p104,4e0965d890b8e05f,EVT_01262,hindustan_times,Union Education Minister Dharmendra Pradhan,Resignation Demand,Negative,resignation of Union Education Minister Dharmendra Pradhan,Congress,accused,Modi of bulldozing
4e0965d890b8e05f_p106,4e0965d890b8e05f,EVT_01262,hindustan_times,Government/Cabinet,Development,Positive,₹1 crore compensation for families of NEET aspirants who died by suicide.,Government,provided,compensation
4e0965d890b8e05f_p107,4e0965d890b8e05f,EVT_01262,hindustan_times,Protesters,Violence,Negative,No prosecution of peaceful protesters.,No prosecution,of,peaceful protesters
4e0965d890b8e05f_p108,4e0965d890b8e05f,EVT_01262,hindustan_times,police officials,Violence,Negative,Prosecution of police officials allegedly involved in excesses against protesters.,Prosecution,of,police officials
4e0965d890b8e05f_p109,4e0965d890b8e05f,EVT_01262,hindustan_times,Delhi Police,Law & Order,Positive,Delhi Police clears CJP site,Delhi Police,clears,CJP site
4e0965d890b8e05f_p110,4e0965d890b8e05f,EVT_01262,hindustan_times,PMK President Anbumani Ramadoss,Policy,Negative,Anbumani Ramadoss calls for scraping NEET,Anbumani Ramadoss,calls for,scrapping NEET
4e0965d890b8e05f_p111,4e0965d890b8e05f,EVT_01262,hindustan_times,Anbumani Ramadoss,Policy,Positive,"""welcome""",welcoming,did,Anbumani Ramadoss
4e0965d890b8e05f_p112,4e0965d890b8e05f,EVT_01262,hindustan_times,Union Education Minister,Violence,Negative,"The central government should completely cancel the NEET exam... If an exam is to incite suicides, then that exam is not needed.",central government,cancel,NEET exam
4e0965d890b8e05f_p113,4e0965d890b8e05f,EVT_01262,hindustan_times,Dharmendra Pradhan,Protest,Negative,: Clearing work underway at CJP's Jantar Mantar protest site,Congress,accused,Modi of bulldozing
4e0965d890b8e05f_p114,4e0965d890b8e05f,EVT_01262,hindustan_times,Amit Shah,Election Strategy,Negative,reacts to resignation,reacts,to,resignation
4e0965d890b8e05f_p116,4e0965d890b8e05f,EVT_01262,hindustan_times,Prajwal Joshi (Union Minister for Education),Development,Positive,"""In the last four to five years, Dharmendra Pradhan also implemented the National Education Policy, and several important initiatives were undertaken. The country has made significant progress in the new education system. Under the guidance of the Prime Minister, I will work to the best of my ability and fulfil my responsibilities with dedication""",Dharmendra Pradhan,implemented,National Education Policy
4e0965d890b8e05f_p117,4e0965d890b8e05f,EVT_01262,hindustan_times,Dharmendra Pradhan,Resignation and Reaction,Negative,Alia Bhatt reacts to Dharmendra Pradhan's resignation,Alia Bhatt,reacts,Dharmendra Pradhan's resignation
4e0965d890b8e05f_p118,4e0965d890b8e05f,EVT_01262,hindustan_times,Dharmendra Pradhan,Protest,Negative,Union Education Minister Dharmendra Pradhan's resignation,Dharmendra Pradhan,resigned,Union Education Minister
4e0965d890b8e05f_p118,4e0965d890b8e05f,EVT_01262,hindustan_times,Student Protests,Development,Positive,student protests over alleged irregularities in competitive exams,protests,over,irregularities
4e0965d890b8e05f_p119,4e0965d890b8e05f,EVT_01262,hindustan_times,Young People,Protest,Positive,took to social media to speak about the protests and the role of young people.,Young People,took to,social media
4e0965d890b8e05f_p120,4e0965d890b8e05f,EVT_01262,hindustan_times,The 'Raazi' actor (likely referring to Priyanka Chopra),Development,Positive,"""Gen Z showed up! The rest is history.""
— The 'Raazi' actor (@priyankachopra)",Gen Z,showed up,The rest is history
4e0965d890b8e05f_p121,4e0965d890b8e05f,EVT_01262,hindustan_times,Dharmendra Pradhan,Resignation,Negative,AISA President Neha Bora celebrates with dance,,,
4e0965d890b8e05f_p122,4e0965d890b8e05f,EVT_01262,hindustan_times,Dharmendra Pradhan,Resignation,Negative,Dharmendra Pradhan resigns LIVE,Dharmendra Pradhan,resign,position
4e0965d890b8e05f_p122,4e0965d890b8e05f,EVT_01262,hindustan_times,Vinesh Phogat,Support,Positive,Vinesh Phogat hails youth after Dharmendra Pradhan's resignation,Vinesh Phogat,hails,youth
4e0965d890b8e05f_p123,4e0965d890b8e05f,EVT_01262,hindustan_times,Union Education Minister Dharmendra Pradhan,Election Strategy,Negative,resignation of Union Education Minister Dharmendra Pradhan amid the NEET-UG 2026 paper leak row,Dharmendra Pradhan,resigned,due to leak
4e0965d890b8e05f_p123,4e0965d890b8e05f,EVT_01262,hindustan_times,Vinesh Phogat (Veteran Indian wrestler),Protest,Positive,the 'force that shapes the future',,,
4e0965d890b8e05f_p124,4e0965d890b8e05f,EVT_01262,hindustan_times,Pradhan,Protest,Negative,"Protests over examination irregularities were not exploited by ""anti-national forces""",Protests,over,examination irregularities
4e0965d890b8e05f_p125,4e0965d890b8e05f,EVT_01262,hindustan_times,Vinesh Phogat,Protest,Positive,"In a post on X, Vinesh Phogat praised the youth-led movement, saying it reflected the nation's spirit and highlighted the courage of young protesters.",Vinesh Phogat,praised,youth-led movement
4e0965d890b8e05f_p126,4e0965d890b8e05f,EVT_01262,hindustan_times,Youth,Protest,Positive,(The youth are not merely a crowd; they are the force that shapes the future.),youth,shape,future
4e0965d890b8e05f_p126,4e0965d890b8e05f,EVT_01262,hindustan_times,Youth,Courage,Positive,(Those young people standing on the streets taught us the true meaning of courage.),Those young people,taught,us the true meaning of courage
4e0965d890b8e05f_p127,4e0965d890b8e05f,EVT_01262,hindustan_times,CPI(M),Protest,Positive,CPI(M) hails student efforts,CPI(M),hails,student efforts
4e0965d890b8e05f_p128,4e0965d890b8e05f,EVT_01262,hindustan_times,CPI(M) (Communist Party of India - Marxist),Protest,Positive,"""the youth ultimately compelled the now former Union Minister to yield to public pressure after trying to avoid accountability for months.""",youth,compelled,former Union Minister
4e0965d890b8e05f_p129,4e0965d890b8e05f,EVT_01262,hindustan_times,Pradhan (Politician),Violence,Negative,"He noted that after continuous struggle and efforts, Pradhan was compelled to put in his resignation papers.",Struggle,compelled,Pradhan to resign
4e0965d890b8e05f_p130,4e0965d890b8e05f,EVT_01262,hindustan_times,PM Modi,"Corruption, Development",Negative,This is a demand that Narendra Modi has been trying to avoid all along.,Narendra Modi,avoided,demand from Congress
4e0965d890b8e05f_p130,4e0965d890b8e05f,EVT_01262,hindustan_times,"Student organisations and the newly formed CJP leader, Abhijit Dipke, Sonam Wanchuk;","Protest, Development",Negative,all of them have been in the struggle front demanding compensation to the families of those students who were compelled to commit suicide as a result of the corruption and anarchy,all of them,demanding,compensation to the families
4e0965d890b8e05f_p130,4e0965d890b8e05f,EVT_01262,hindustan_times,Corruption and anarchy,Policy,Negative,demand compensation to the families of those students who were compelled to commit suicide as a result of the corruption and anarchy,demand,compensation,families
4e0965d890b8e05f_p131,4e0965d890b8e05f,EVT_01262,hindustan_times,Dharmendra Pradhan,Resignation and Future Expectations,Negative,'just the beginning',,,
4e0965d890b8e05f_p132,4e0965d890b8e05f,EVT_01262,hindustan_times,Union Education Minister Dharmendra Pradhan,Election Strategy,Negative,"resignation was ""just the beginning"" and claimed that more such resignations would follow",Congress,accused,Modi of bulldozing
4e0965d890b8e05f_p133,4e0965d890b8e05f,EVT_01262,hindustan_times,Pradhan,Corruption,Negative,Pradhan's resignation is just a beginning.,resignation,is,beginning
4e0965d890b8e05f_p133,4e0965d890b8e05f,EVT_01262,hindustan_times,JMM (All),Corruption,Negative,"A series of resignations would follow soon, as the entire government is involved in malpractices.",resignations,follow,government involved in malpractices
4e0965d890b8e05f_p134,4e0965d890b8e05f,EVT_01262,hindustan_times,Dharmendra Pradhan,Election Strategy,Negative,resigns LIVE: Centre set to introduce anti-paper leak amendments in Lok Sabha on Monday,Centre,introduce,anti-paper leak amendments
4e0965d890b8e05f_p135,4e0965d890b8e05f,EVT_01262,hindustan_times,Union Education Minister Dharmendra Pradhan,Protest,Negative,resignation of Union Education Minister Dharmendra Pradhan,Congress,accused,Modi of bulldozing
4e0965d890b8e05f_p136,4e0965d890b8e05f,EVT_01262,hindustan_times,Dr. Jitendra Singh,Development,Positive,"Union Minister of State for Personnel, Public Grievances and Pensions Dr. Jitendra Singh will move for leave to introduce the legislation.",Union Minister,move,introduce legislation
4e0965d890b8e05f_p137,4e0965d890b8e05f,EVT_01262,hindustan_times,Centre,Protest,Negative,unrelenting pressure on the Centre,unrelenting,pressure,Centre
4e0965d890b8e05f_p138,4e0965d890b8e05f,EVT_01262,hindustan_times,Police,Protest,Negative,Police ask protesters to leave Jantar Mantar,Police,asked,protesters to leave
4e0965d890b8e05f_p139,4e0965d890b8e05f,EVT_01262,hindustan_times,Delhi Police,Violence,Negative,entered the protestors' side at Jantar Mantar and are asking people to leave.,Delhi Police,entering,protestors' side
4e0965d890b8e05f_p140,4e0965d890b8e05f,EVT_01262,hindustan_times,Tej Pratap,Protest,Positive,special appeal,Congress,applied,positive sentiment to Tej Pratap
4e0965d890b8e05f_p141,4e0965d890b8e05f,EVT_01262,hindustan_times,Tej Pratap Yadav,Protest,Negative,Former Bihar minister Tej Pratap Yadav on Saturday urged Cockroach Janta Party founder Abhijeet Dipke to visit the state and help dislodge the BJP-led government headed by Samrat Choudhary.,Yadav,urged,Dipke to visit Bihar
4e0965d890b8e05f_p142,4e0965d890b8e05f,EVT_01262,hindustan_times,Dharmendra Pradhan,Corruption,Negative,over the alleged NEET paper leak,Congress,accused,Modi of bulldozing
4e0965d890b8e05f_p143,4e0965d890b8e05f,EVT_01262,hindustan_times,Tej Pratap Yadav,Protest and Opposition,Negative,"I, Tej Pratap Yadav, make this special appeal to Abhijeet Dipke, the founder of the Cockroach Janata Party, that he come immediately to the land of Bihar",Yadav,appealed,Dipke
4e0965d890b8e05f_p143,4e0965d890b8e05f,EVT_01262,hindustan_times,Left-wing students' unions,Protest and Opposition,Negative,called bandh by Left-wing students' unions,called,bandh,Left-wing students' unions
4e0965d890b8e05f_p144,4e0965d890b8e05f,EVT_01262,hindustan_times,Samrat Choudhary (presumably referring to the government led by him),Protest,Negative,"""uproot and throw out the government of Samrat Choudhary""",uproot,throw out,Samrat Choudhary's government
4e0965d890b8e05f_p145,4e0965d890b8e05f,EVT_01262,hindustan_times,Janshakti Janata Dal,Development,Positive,"""full and unwavering support of my Janshakti Janata Dal... in this fight for change""",Janshakti Janata Dal,supported,full and unwavering support
4e0965d890b8e05f_p146,4e0965d890b8e05f,EVT_01262,hindustan_times,CJP,Election Strategy,Negative,resignation 'just a trailer',CJP,received,Negative sentiment score
4e0965d890b8e05f_p148,4e0965d890b8e05f,EVT_01262,hindustan_times,Dharmendra Pradhan,Protest,Negative,Dharmendra Pradhan resigned as the education minister following over a month-long protest across the nation.,protesters,against,Dharmendra Pradhan's appointment
4e0965d890b8e05f_p148,4e0965d890b8e05f,EVT_01262,hindustan_times,"CJP (likely referring to Congress Party, which Dharmendra Pradhan was part of)",Protest,Negative,"Meanwhile, the CJP has withdrawn their agitation",CJP,withdraw,agitation
4e0965d890b8e05f_p149,4e0965d890b8e05f,EVT_01262,hindustan_times,Politician or Party,Development,Positive,"""Democracy has been restored. Democracies demand accountability, answerability. The youth of the country are the future; they have been able to restore it. This is a major victory. """,Youth,restore,democracy
4e0965d890b8e05f_p150,4e0965d890b8e05f,EVT_01262,hindustan_times,The unnamed speaker (likely a politician or party leader),Development,Positive,The youth of the country have awakened. The youth of the country will solve all the problems in this country.,youth,solve,problems
4e0965d890b8e05f_p151,4e0965d890b8e05f,EVT_01262,hindustan_times,Anna Hazare,Dialogue,Positive,"'Violence never solves problems', Anna Hazare says, stresses dialogue as CJP calls off agitation",Anna Hazare,says,violence never solves problems
4e0965d890b8e05f_p151,4e0965d890b8e05f,EVT_01262,hindustan_times,CJP (possibly Civil Janta Party),Agitation,Negative,CJP calls off agitation,CJP,calls off,agitation
4e0965d890b8e05f_p152,4e0965d890b8e05f,EVT_01262,hindustan_times,Anna Hazare,Development,Positive,Social activist Anna Hazare on Saturday highlighted that peaceful agitation and democratic dialogue are the only ways to address public grievances,Anna Hazare,highlighted,peaceful agitation and democratic dialogue
4e0965d890b8e05f_p154,4e0965d890b8e05f,EVT_01262,hindustan_times,Hazare,Protest,Positive,"Underlining that public interest must always take precedence, Hazare highlighted his lifelong commitment to satyagraha:",Hazare,highlighted,public interest
4e0965d890b8e05f_p155,4e0965d890b8e05f,EVT_01262,hindustan_times,The speaker (implied as a representative or public figure),Law & Order,Positive,Creating tension and going down the wrong path will not solve anything.,Creating tension,resulted in,negative outcomes
4e0965d890b8e05f_p155,4e0965d890b8e05f,EVT_01262,hindustan_times,The speaker (implied as a representative or public figure),Dialogue & Conflict Resolution,Positive,"I have conducted 22 hunger strikes, but I never resorted to violence.",I,conducted,hunger strikes
4e0965d890b8e05f_p155,4e0965d890b8e05f,EVT_01262,hindustan_times,The speaker (implied as a representative or public figure),Dialogue & Law & Order,Positive,Things should be resolved through the medium of dialogue.,Dialogue,resolves,Things
4e0965d890b8e05f_p156,4e0965d890b8e05f,EVT_01262,hindustan_times,Politician,Development,Positive,"""I did 22 fasts, never used violence, and because of that, 10 laws were enacted. This is essential; creating violence is not right. Whoever the person may be, one should never indulge in violence,"" he added.",Politician,mentioned,fasts and non-violence
4e0965d890b8e05f_p157,4e0965d890b8e05f,EVT_01262,hindustan_times,Pralhad Joshi,Policy,Positive,education ministry charge,education ministry charge,assigned,Pralhad Joshi
4e0965d890b8e05f_p158,4e0965d890b8e05f,EVT_01262,hindustan_times,Dharmendra Pradhan (Education Minister),Policy,Negative,Dharmendra Pradhan has tendered his resignation to Prime Minister Narendra Modi,Dharmendra Pradhan,tendered,resignation
4e0965d890b8e05f_p160,4e0965d890b8e05f,EVT_01262,hindustan_times,Sonam Wangchuk,Protest,Positive,"CJP thanks Sonam Wangchuk, says his Gandhian satyagraha awakened entire nation",CJP,thanks,Sonam Wangchuk
4e0965d890b8e05f_p161,4e0965d890b8e05f,EVT_01262,hindustan_times,The Cockroach Janata Party (CJP),Protest,Positive,agitation at Jantar Mantar following an agreement with the Centre,agitation,at,Jantar Mantar
4e0965d890b8e05f_p161,4e0965d890b8e05f,EVT_01262,hindustan_times,Sonam Wangchuk,Heroic Action,Positive,hunger strike as the moral force behind the nationwide movement against alleged examination irregularities,strike,carried out,Sonam Wangchuk
4e0965d890b8e05f_p162,4e0965d890b8e05f,EVT_01262,hindustan_times,Wangchuk,Protest,Positive,"In a post on X, the CJP expressed gratitude to Wangchuk for lending moral leadership to the movement and credited his peaceful protest with uniting people across the country.",CJP,expressed gratitude to,Wangchuk
4e0965d890b8e05f_p163,4e0965d890b8e05f,EVT_01262,hindustan_times,Sonam Wangchuk,Satyagraha (Nonviolent Resistance),Positive,"""Fasting for 26 days for the youth of this country was a pure and supreme sacrifice.""",Sonam Wangchuk,praised,for fasting
4e0965d890b8e05f_p164,4e0965d890b8e05f,EVT_01262,hindustan_times,Fadnavis,Leadership,Positive,"Dharmendra Pradhan resigns LIVE: Pradhan put nation above self, Fadnavis says",Fadnavis,says,Pradhan put nation above self
4e0965d890b8e05f_p165,4e0965d890b8e05f,EVT_01262,hindustan_times,Dharmendra Pradhan,Policy,Positive,"stepped down from his post, saying the BJP leader placed national interest above personal considerations.",Dharmendra Pradhan,stepped down from his post,due to policy considerations
4e0965d890b8e05f_p166,4e0965d890b8e05f,EVT_01262,hindustan_times,Pradhan,Development,Positive,"In a statement, Fadnavis credited Pradhan with leading key reforms in the education sector",Fadnavis,credited,Pradhan
4e0965d890b8e05f_p166,4e0965d890b8e05f,EVT_01262,hindustan_times,Pradhan,Policy,Positive,including the implementation of the National Education Policy (NEP),Pradhan,received,Positive sentiment score
4e0965d890b8e05f_p166,4e0965d890b8e05f,EVT_01262,hindustan_times,Pradhan,Development,Positive,the launch of PM SHRI Schools,PM SHRI,launched,schools
4e0965d890b8e05f_p166,4e0965d890b8e05f,EVT_01262,hindustan_times,Pradhan,Policy,Positive,expansion of IITs abroad,IITs,expansion,abroad
4e0965d890b8e05f_p166,4e0965d890b8e05f,EVT_01262,hindustan_times,Pradhan,Development,Positive,conducting national entrance examinations in 19 languages,Pradhan,received,Positive sentiment score
4e0965d890b8e05f_p167,4e0965d890b8e05f,EVT_01262,hindustan_times,Fadnavis,Development,Positive,He played a pivotal role in implementing the National Education Policy,Fadnavis,played,pivotal role
4e0965d890b8e05f_p168,4e0965d890b8e05f,EVT_01262,hindustan_times,chief minister,Protest,Positive,his commitment to the larger good of society,his commitment,to,the larger good of society
4e0965d890b8e05f_p169,4e0965d890b8e05f,EVT_01262,hindustan_times,BJP party,Law & Order,Positive,"He placed the nation's interest above personal gain, which is the hallmark of a true BJP karyakarta (volunteer).",He,placed,nation's interest above personal gain
4e0965d890b8e05f_p170,4e0965d890b8e05f,EVT_01262,hindustan_times,BJP family,Support and Solidarity,Positive,"""The entire BJP family stands firmly with him,""
his statement added.",BJP family,stand firmly with,him
4e0965d890b8e05f_p171,4e0965d890b8e05f,EVT_01262,hindustan_times,Dharmendra Pradhan,Resignation,Negative,resigns LIVE,,resigns,Dharmendra Pradhan
4e0965d890b8e05f_p172,4e0965d890b8e05f,EVT_01262,hindustan_times,Murli Manohar Joshi (BJP),Protest,Negative,“better late than never”,Congress,accused,Modi
4e0965d890b8e05f_p172,4e0965d890b8e05f,EVT_01262,hindustan_times,Dharmendra Pradhan (Union education minister),Violence,Negative,youth protests over exam paper leaks and other issues,youth,protests over,exam paper leaks and other issues
4e0965d890b8e05f_p173,4e0965d890b8e05f,EVT_01262,hindustan_times,Joshi,Development,Positive,"""I appreciate and congratulate all the students for their peaceful conclusion to the movement.""",,,
4e0965d890b8e05f_p174,4e0965d890b8e05f,EVT_01262,hindustan_times,PM,Election Strategy,Positive,"He also said he hoped the PM ""will take an immediate and timely decision"" purportedly referring to formal acceptance of the resignation.",He,hoped,PM to take decision
4e0965d890b8e05f_p176,4e0965d890b8e05f,EVT_01262,hindustan_times,CJP,Protest,Positive,All Delhi metro stations are now open for public after the CJP protest ends.,CJP,protested,metro stations closing
4e0965d890b8e05f_p177,4e0965d890b8e05f,EVT_01262,hindustan_times,Rajnath Singh,Policy,Positive,‘testament’ to government respecting the sentiments of students and youth,government,respected,sentiments of students and youth
4e0965d890b8e05f_p181,4e0965d890b8e05f,EVT_01262,hindustan_times,Dujarric,Protest,Positive,"""It is important that people wishing to protest peacefully be allowed to do so without the fear of harassment, the fear of arrest, or the fear of injury,"" said Dujarric.",Dujarric,stated,importance for peaceful protests
4e0965d890b8e05f_p182,4e0965d890b8e05f,EVT_01262,hindustan_times,Dharmendra Pradhan,Resignation and Government Dynamics,Negative,resigns LIVE,,resigns,Dharmendra Pradhan
4e0965d890b8e05f_p183,4e0965d890b8e05f,EVT_01262,hindustan_times,Narendra Modi government,Protest,Negative,yielded to sustained public or political pressure,yielded,to,pressure
4e0965d890b8e05f_p184,4e0965d890b8e05f,EVT_01262,hindustan_times,government,Development,Negative,The government sought to amend the land acquisition law to make it easier to acquire land for infrastructure and industrial projects.,government,amend,land acquisition law
4e0965d890b8e05f_p185,4e0965d890b8e05f,EVT_01262,hindustan_times,PM Modi,Protest,Negative,The government eventually allowed the proposal to lapse.,government,allowed,proposal to lapse
4e0965d890b8e05f_p185,4e0965d890b8e05f,EVT_01262,hindustan_times,"Farmers organizations, opposition parties and several NDA allies",Protest,Negative,"""triggered widespread opposition from farmer organisations, opposition parties and several NDA allies""",triggered,opposed,"farmer organizations, opposition parties and several NDA allies"
4e0965d890b8e05f_p186,4e0965d890b8e05f,EVT_01262,hindustan_times,Minister,Violence,Negative,Three years later came the first ministerial resignation under public pressure.,Three years later,came,ministerial resignation under public pressure
4e0965d890b8e05f_p187,4e0965d890b8e05f,EVT_01262,hindustan_times,M J Akbar,Sexual Harassment,Negative,Akbar denied the allegations but stepped down.,Akbar,stepped down,allegations
4e0965d890b8e05f_p188,4e0965d890b8e05f,EVT_01262,hindustan_times,PM Modi,Policy,Negative,The government's biggest policy reversal came in November 2021 when Modi announced the repeal of the three farm laws.,government,reversed,farm laws
4e0965d890b8e05f_p189,4e0965d890b8e05f,EVT_01262,hindustan_times,government,Law & Order,Negative,"Although the government consistently defended the reforms, it eventually gave in",government,gave-in,reforms
4e0965d890b8e05f_p190,4e0965d890b8e05f,EVT_01262,hindustan_times,Centre,Policy,Negative,withdraw a UPSC advertisement for lateral recruitment to senior civil services,Centre,received,Negative sentiment score
4e0965d890b8e05f_p190,4e0965d890b8e05f,EVT_01262,hindustan_times,UPSC,Development,Negative,adventure for lateral recruitment to senior civil services,adventure,for,lateral recruitment to senior civil services
4e0965d890b8e05f_p191,4e0965d890b8e05f,EVT_01262,hindustan_times,government,Policy,Negative,"(facing strong political opposition, particularly from parties in Punjab, which argued that the proposal would dilute the state's political representation.)",parties,argued,proposal
4e0965d890b8e05f_p192,4e0965d890b8e05f,EVT_01262,hindustan_times,government,Corruption,Negative,conceding to pressure,conceding,pressure,government
4e0965d890b8e05f_p194,4e0965d890b8e05f,EVT_01262,hindustan_times,CJP,Protest,Negative,called off their protest,called off,protest,their protest
4e0965d890b8e05f_p196,4e0965d890b8e05f,EVT_01262,hindustan_times,government,Development,Positive,"""a demand charter was submitted to the government, and the government has agreed to work on it. """,government,agreed,submit a demand charter
3a9a55c7a40fa038_p001,3a9a55c7a40fa038,EVT_01266,the_times_of_india,Sonam Wangchuk,Violence,Negative,"""police are everywhere"", be it at the reception, in the lifts or outside the ICU.",police,are everywhere,"reception, lifts, ICU"
3a9a55c7a40fa038_p002,3a9a55c7a40fa038,EVT_01266,the_times_of_india,police,Violence,Negative,"She said the cops have been deciding who 'may or may not meet him', questioning whether the authorities were defying the court's order on his detention.",cops,deciding,who may or may not meet him
3a9a55c7a40fa038_p003,3a9a55c7a40fa038,EVT_01266,the_times_of_india,police,Law & Order,Negative,"At both Safdarjung and now Medanta, police are everywhere. At the main gate. The reception. The lifts. Outside",police,are present at,Safdarjung and Medanta locations
3a9a55c7a40fa038_p004,3a9a55c7a40fa038,EVT_01266,the_times_of_india,Wangchuk66,Law & Order,Negative,@Wangchuk66âs ICU. They decide who may or may not meet him.,They,decide,Wangchuk66 to meet ICU
3a9a55c7a40fa038_p006,3a9a55c7a40fa038,EVT_01266,the_times_of_india,Sonam Wangchuk,Policy,Positive,assurances from the govt and MPs across party lines that his demands for exam reforms and no action against peaceful protesters would be met.,"govt, MPs",assurances,Sonam Wangchuk's demands
3a9a55c7a40fa038_p008,3a9a55c7a40fa038,EVT_01266,the_times_of_india,Wangchuk,Accountability,Positive,"âEnd of hunger... Beginning of accountability,â Wangchuk posted on X",Wangchuk,posted,message about ending hunger and accountability on X
3a9a55c7a40fa038_p009,3a9a55c7a40fa038,EVT_01266,the_times_of_india,Dharmendra Pradhan,Violence,Negative,"By putting your own life on the line, you awakened the conscience of an entire nation. Your life is far too precious to this country.",awakened,conscience,nation
3a9a55c7a40fa038_p009,3a9a55c7a40fa038,EVT_01266,the_times_of_india,Cockroach Janta Party,Development,Positive,The Cockroach Janta Partyâs peaceful protest at Jantar Mantar will continue until Dharmendra Pradhan resigns.,Cockroach Janta Party,protested,Dharmendra Pradhan resignation
3a9a55c7a40fa038_p013,3a9a55c7a40fa038,EVT_01266,the_times_of_india,Government/Party,Election Strategy,Positive,He said 65 MPs from different political parties had extended support to his campaign and that he insisted on a written commitment after two days of discussions with the Centre.,MPs,supported,campaign
3a9a55c7a40fa038_p014,3a9a55c7a40fa038,EVT_01266,the_times_of_india,Minister,Accountability,Positive,"And that we will make sure such things never happenâ¦ You will take accountability in the ministry with the minister also as a responsibility, and Iâm sure you are already considering.",Congress,make sure,such things happen
3a9a55c7a40fa038_p015,3a9a55c7a40fa038,EVT_01266,the_times_of_india,Politician,Protest,Negative,"violence of any kind, and allowing any antisocial elements to take advantage of this is not acceptable to me.",violence,is not acceptable to,Politician
3a9a55c7a40fa038_p018,3a9a55c7a40fa038,EVT_01266,the_times_of_india,General Public,Opinion Sharing,Positive,3k+ users shared opinion today,users,shared,opinion
fbd3d935e2c1b84b_p001,fbd3d935e2c1b84b,EVT_01266,hindustan_times,Sonam Wangchuk's wife,Law & Order,Negative,'Police are everywhere': Sonam Wangchuk's wife questions heavy deployment at Medanta,wife,questioned,heavy deployment at Medanta
fbd3d935e2c1b84b_p002,fbd3d935e2c1b84b,EVT_01266,hindustan_times,Wangchuk,Protest,Negative,“character certificate” after 26 days of hunger strike,Wangchuk,received,Negative sentiment score
fbd3d935e2c1b84b_p003,fbd3d935e2c1b84b,EVT_01266,hindustan_times,Police,Law & Order,Negative,heavy deployment of police,Police,deployed,heavy
fbd3d935e2c1b84b_p003,fbd3d935e2c1b84b,EVT_01266,hindustan_times,Authorities,Corruption,Negative,deciding who 'may or may not meet him',Authorities,decide,entry criteria
fbd3d935e2c1b84b_p004,fbd3d935e2c1b84b,EVT_01266,hindustan_times,Police,Violence,Negative,several police officers standing in the lobby,police officers,standing,lobby
fbd3d935e2c1b84b_p005,fbd3d935e2c1b84b,EVT_01266,hindustan_times,JP Nadda and Jitendra Singh,Election Strategy,Positive,to convey the government's decision to concede to some of his demands,Concessions,given,Government to Nadda/Singh
fbd3d935e2c1b84b_p007,fbd3d935e2c1b84b,EVT_01266,hindustan_times,Angmo,Law & Order,Negative,"""police are everywhere""",police,everywhere,
fbd3d935e2c1b84b_p008,fbd3d935e2c1b84b,EVT_01266,hindustan_times,@Wangchuk66,Law & Order,Negative,"At both Safdarjung and now Medanta, police are everywhere. At the main gate. The reception. The lifts. Outside @Wangchuk66’s ICU. They decide who may or may not meet him.",police,decide,@Wangchuk66’s ICU visit
fbd3d935e2c1b84b_p011,fbd3d935e2c1b84b,EVT_01266,hindustan_times,Wangchuk,Protest,Negative,Wangchuk also shared a video late Friday night questioning whether he still needed a “character certificate” after 26 days of hunger strike,Wangchuk,questioned,character certificate
fbd3d935e2c1b84b_p012,fbd3d935e2c1b84b,EVT_01266,hindustan_times,Wangchuk,Violence,Negative,"In a 22-minute long tell-all video posted on his YouTube handle, Wangchuk alleged ill-treatment via police occupation at Safdarjung Hospital and refusal to let him go after a High Court order granted him permission to shift to a private facility of his choice.",Wangchuk,alleged,ill-treatment by police and hospital staff
fbd3d935e2c1b84b_p014,fbd3d935e2c1b84b,EVT_01266,hindustan_times,Wangchuk,Violence,Negative,"The confrontation turned aggressive as Wangchuk lay on the ground, refusing to move from the spot.",confrontation,turned,aggressive
fbd3d935e2c1b84b_p015,fbd3d935e2c1b84b,EVT_01266,hindustan_times,police or authorities,Violence,Negative,"""Arrest me. Why are you forcing... people, this is torture. Now arrest me if you want, you understand? Arrest me, arrest me. You can stop me wherever, let the nation know how,"" he can be heard saying angrily in the video",He,said angrily,police/authorities about torture
fbd3d935e2c1b84b_p020,fbd3d935e2c1b84b,EVT_01266,hindustan_times,Wangchuk,Protest,Negative,"He was trying to leave for Medanta hospital, but was not allowed, as we were waiting for the court orders to come to us first and hence we were stopping him",Medanta,allowed,Wangchuk to leave
fbd3d935e2c1b84b_p022,fbd3d935e2c1b84b,EVT_01266,hindustan_times,Mr Wangchuk,Law & Order,Negative,"At that time, Mr Wangchuk insisted on leaving the hospital based on information available in the media",Mr Wangchuk,insisted,leave hospital
fbd3d935e2c1b84b_p024,fbd3d935e2c1b84b,EVT_01266,hindustan_times,CJP (Congress Party),Protest,Negative,The CJP has vowed to continue its nationwide protests until Pradhan's resignation.,CJP,protested,Pradhan's resignation
fbd3d935e2c1b84b_p025,fbd3d935e2c1b84b,EVT_01266,hindustan_times,Stuti Gupta,Professional Growth,Positive,"she is a part of the General News team, tasked with reporting on happenings across the country impacting domestic as well as international ecospheres.",she,is part of,General News team
fbd3d935e2c1b84b_p025,fbd3d935e2c1b84b,EVT_01266,hindustan_times,Stuti Gupta,Educational Background,Positive,"She holds a Bachelor’s in Mass Communication and Journalism from St Xavier's, Mumbai",She,holds,"Bachelor’s in Mass Communication and Journalism from St Xavier's, Mumbai"
32858e52aeb5a4e4_p001,32858e52aeb5a4e4,EVT_01264,the_hindu,Chief Minister A. Revanth Reddy,Development,Positive,announcing that the State government would soon adopt a resolution in the Assembly urging the Centre to amend the Constitution,State government,announcing,resolution
32858e52aeb5a4e4_p002,32858e52aeb5a4e4,EVT_01264,the_hindu,Prime Minister Narendra Modi,Policy,Positive,The resolution would then be forwarded to Prime Minister Narendra Modi.,Forwarded,to,Modi
32858e52aeb5a4e4_p003,32858e52aeb5a4e4,EVT_01264,the_hindu,Chief Minister,Development,Positive,"Recalling constitutional reforms that expanded youth participation, the Chief Minister said former Prime Minister Rajiv Gandhi reduced the voting age from 21 to 18 through the 61st Constitutional Amendment, recognising the voice of young India.",Chief Minister,mentioned,constitutional reforms
32858e52aeb5a4e4_p003,32858e52aeb5a4e4,EVT_01264,the_hindu,Chief Minister,Development,Positive,"The Chief Minister also referred to the 73rd and 74th Constitutional Amendments introduced during the tenure of former Prime Minister P.V. Narasimha Rao, which enabled 21-year-olds to contest elections to local bodies.",Chief Minister,referred to,73rd and 74th Constitutional Amendments
32858e52aeb5a4e4_p004,32858e52aeb5a4e4,EVT_01264,the_hindu,Local Government Officials,Corruption,Negative,Local officials have been accused of embezzling public funds in several cases.,Officials,accused,embezzling funds
af920c9b54f2ec38_p005,af920c9b54f2ec38,EVT_01421,hindustan_times,Ram temple trust,Corruption,Negative,"Also Read | Ram temple trust gets 5,200 applications for CEO’s job, defers selection by a month",trust,receives,negative score
af920c9b54f2ec38_p007,af920c9b54f2ec38,EVT_01421,hindustan_times,Ram Temple donation,Corruption,Negative,"SIT records statements of over 70 witnesses, connecting the dots",SIT,records,witnesses statements
af920c9b54f2ec38_p009,af920c9b54f2ec38,EVT_01421,hindustan_times,Ayodhya seers,Corruption,Negative,Also Read | Ayodhya seers get key role in Ram temple as religious panel revamped,Ayodhya seers,received,Negative sentiment score
ae4ceec1dc2e2536_p001,ae4ceec1dc2e2536,EVT_01223,hindustan_times,CJP,Protest,Negative,withdraws protest,CJP,withdraws,protest
ae4ceec1dc2e2536_p001,ae4ceec1dc2e2536,EVT_01223,hindustan_times,Delhi Metro Stations,Development,Positive,now open as CJP withdraws protest,CJP,withdraws,protest
ae4ceec1dc2e2536_p003,ae4ceec1dc2e2536,EVT_01223,hindustan_times,Dharmendra Pradha,Protest,Negative,"This comes as the students protests, led by Cockroach Janata Party (CJP) in the national capital, came to an end on Saturday evening after Dharmendra Pradhan's resignation.",protests,ended,Dharmendra Pradhan's resignation
ae4ceec1dc2e2536_p005,ae4ceec1dc2e2536,EVT_01223,hindustan_times,Government,Development,Negative,"The stations that were affected over the past four days included Lok Kalyan Marg, Rajiv Chowk, Patel Chowk, Ramakrishna Ashram Marg, Barakhambha Road, Supreme Court, Seva Teerth, Janpath, Mandi House, Central Secretariat, ITO, New Delhi, Delhi Gate, Jor Bagh, and more.",Government,affected,stations
ae4ceec1dc2e2536_p006,ae4ceec1dc2e2536,EVT_01223,hindustan_times,Dharmendra Pradhan,Resignation,Negative,"Also Read | Fear of losing Gen Z, poll math forced BJP's hand in Dharmendra Pradhan's resignation",Fear,caused,Dharmendra Pradhan's resignation
ae4ceec1dc2e2536_p007,ae4ceec1dc2e2536,EVT_01223,hindustan_times,CJP (likely referring to Cauvery Jal Samvardhan Committee),Protest,Negative,Around 17-18 stations had been shut nearly every day as the CJP protest escalated into a massive movement over the past week.,CJP,escalated into,massive movement
ae4ceec1dc2e2536_p008,ae4ceec1dc2e2536,EVT_01223,hindustan_times,Dharmendra Pradhan,Resignation/Departure,Negative,Dharmendra Pradhan's resignation,Dharmendra Pradhan,resigned,
ae4ceec1dc2e2536_p009,ae4ceec1dc2e2536,EVT_01223,hindustan_times,Dharmendra Pradhan,Protest,Negative,"He announced his resignation, saying that the developments of the past 10 days had ""saddened"" him deeply and that the issue was ""not a matter of personal prestige.""",He,announced,resignation
ae4ceec1dc2e2536_p011,ae4ceec1dc2e2536,EVT_01223,hindustan_times,Cockroach Janta Party,Development,Positive,"its other demands, including withdrawal of FIRs against protesters and compensation for the families of students who allegedly died by suicide following the NEET paper leak.",Cockroach Janta Party,received,Positive sentiment score
ae4ceec1dc2e2536_p012,ae4ceec1dc2e2536,EVT_01223,hindustan_times,Dharmendra Pradhan,Protest,Negative,demanding the resignation of Dharmendra Pradhan,demanding,accused,Dharmendra Pradhan of resignation
ae4ceec1dc2e2536_p012,ae4ceec1dc2e2536,EVT_01223,hindustan_times,"Irregularities in competitive examinations, mainly NEET",Corruption,Negative,"alleged irregularities in competitive examinations, mainly NEET",alleged,be,"irregularities in competitive examinations, mainly NEET"
ae4ceec1dc2e2536_p013,ae4ceec1dc2e2536,EVT_01223,hindustan_times,Sonam Wangchuk,Protest,Negative,agitation began at Delhi's Jantar Mantar on June 20. Activist Sonam Wangchuk joined the protest on June 28 and undertook an indefinite hunger strike.,Sonam Wangchuk,joined,protest
ae4ceec1dc2e2536_p014,ae4ceec1dc2e2536,EVT_01223,hindustan_times,New paper,Corruption,Negative,"prescribes 2-month window for probes, speedy trials",prescribes,set,"2-month window for probes, speedy trials"
ae4ceec1dc2e2536_p015,ae4ceec1dc2e2536,EVT_01223,hindustan_times,government,Law & Order,Positive,It also promises speedy trials by setting up fast-track courts.,It,promised,speedy trials by fast-track courts
ae4ceec1dc2e2536_p016,ae4ceec1dc2e2536,EVT_01223,hindustan_times,Legal System,Violence,Negative,"""unfair means and offences"", shall be punished with imprisonment for a term not less than “five years but which may extend up to ten years and with fine up to fifty lakh rupees,” HT reported.",HT reported,announce,penalties for unfair means and offences
34e0f9a927e224d7_p001,34e0f9a927e224d7,EVT_01264,india_today,Revant Reddy,Election Strategy,Positive,"21 is the new political age: Revanth Reddy seeks lower age to contest MLA, MP polls",21,is,political age
34e0f9a927e224d7_p002,34e0f9a927e224d7,EVT_01264,india_today,A Revanth Reddy,Policy,Positive,push for stronger youth representation and wider student participation in national politics.,pushed,for,stronger youth representation and wider student participation in national politics
34e0f9a927e224d7_p003,34e0f9a927e224d7,EVT_01264,india_today,A Revanth Reddy,Policy,Positive,Telangana Chief Minister A Revanth Reddy on Saturday announced that his government would move a resolution in the State Assembly urging the Centre to reduce the minimum age,Telangana CM,announced,resolution
34e0f9a927e224d7_p004,34e0f9a927e224d7,EVT_01264,india_today,Revant Reddy,Development,Positive,"""If a 21-year-old can become an IAS officer, contest local body elections, and even serve the nation through the civil services, why can't they contest Assembly and Parliament elections?"" he asked.",IAS officer,become,21-year-old
34e0f9a927e224d7_p006,34e0f9a927e224d7,EVT_01264,india_today,Revant Reddy,Policy,Positive,"Making a strong case for lowering the age limit, Revanth Reddy cited former Prime Minister Rajiv Gandhi's decision to reduce the voting age from 21 to 18 through the 61st Constitutional Amendment and PV Narasimha Rao's 73rd and 74th Constitutional Amendments, which enabled 21-year-olds to contest local body elections.",cited,presented,examples
34e0f9a927e224d7_p008,34e0f9a927e224d7,EVT_01264,india_today,Revanth Reddy,Protest,Negative,claimed it had compelled the resignation of Union Education Minister Dharmendra Pradhan.,Claimed,compelled,Dharmendra Pradhan's resignation
34e0f9a927e224d7_p008,34e0f9a927e224d7,EVT_01264,india_today,Union Education Minister Dharmendra Pradhan,Protest,Negative,claimed it had compelled the resignation of Union Education Minister Dharmendra Pradhan.,Congress,claimed,Pradhan's resignation
34e0f9a927e224d7_p008,34e0f9a927e224d7,EVT_01264,india_today,protesting students and provide compensation to the families of students who allegedly died by suicide in connection with the controversy.,Protest,Negative,demand that the Centre withdraw cases filed against protesting students and provide compensation to the families...,protesting students,demand,Centre withdraw cases and provide compensation
34e0f9a927e224d7_p009,34e0f9a927e224d7,EVT_01264,india_today,Chief Minister,Development,Positive,"""This tsunami of youth must not stop here. The voice of Gen Z should be heard from Jantar Mantar to Parliament,"" he said.",,,
d10a9fe5257eaeaa_p001,d10a9fe5257eaeaa,EVT_01421,india_today,UP government,Corruption,Negative,UP to propose 3-IPS panel for new SIT,UP government,propose,3-IPS panel for new SIT
d10a9fe5257eaeaa_p003,d10a9fe5257eaeaa,EVT_01421,india_today,Uttar Pradesh government,Corruption,Neutral,submit a panel of three senior IPS officers before the Supreme Court on Monday for the constitution of a new Special Investigation Team (SIT) to probe the alleged theft and misappropriation of donations,IPS officers,submit,Supreme Court panel
d10a9fe5257eaeaa_p004,d10a9fe5257eaeaa,EVT_01421,india_today,State Government,Corruption,Negative,state government to constitute an SIT headed by a senior IPS officer,state government,head,SIT
d10a9fe5257eaeaa_p005,d10a9fe5257eaeaa,EVT_01421,india_today,Kiran S,Law & Order,Positive,The proposed team is expected to function under the leadership of IG Kiran S and submit its findings to the Supreme Court.,Kiran S,lead,team
d10a9fe5257eaeaa_p006,d10a9fe5257eaeaa,EVT_01421,india_today,IPS officers,Law & Order,Positive,The two civil officers have been replaced by senior IPS officers in line with the Supreme Court's observations.,IPS officers,replaced,civil officers
d10a9fe5257eaeaa_p009,d10a9fe5257eaeaa,EVT_01421,india_today,Chief Justice of India (CJI) Surya Kant,Law & Order,Positive,"Expressing dissatisfaction with the arrangement, Chief Justice of India (CJI) Surya Kant directed the state government to obtain instructions on constituting an SIT that would itself conduct the investigation.",Kant,directed,state government
d10a9fe5257eaeaa_p010,d10a9fe5257eaeaa,EVT_01421,india_today,Shri Ram Janmabhoomi Temple,Corruption,Negative,alleged embezzlement of donations made by devotees,alleged embezzlement,of,donations
d10a9fe5257eaeaa_p011,d10a9fe5257eaeaa,EVT_01421,india_today,Temple Officials and Administrators,Corruption,Negative,alleged fraud was carried out over a period of time through manipulation of the temple's donation collection and accounting process.,Fraud,carried out,Temple Officials and Administrators
b15edff7bb874720_p001,b15edff7bb874720,EVT_01271,the_times_of_india,Left parties,Election Strategy,Positive,"Disproportionate to its marginal presence in Parliament and anaemic strength on the ground, Left parties successfully leveraged AISA, SFI and AISF",Left parties,leveraged,"AISA, SFI and AISF"
b15edff7bb874720_p002,b15edff7bb874720,EVT_01271,the_times_of_india,"AISA members (Neha Bora, Manish Kumar, Ameen Amitoj)",Protest,Positive,"In fact, AISA members, president Neha Bora and Manish Kumar and Ameen Amitoj, despite having no prior association with Abhijeet Dipke, sat on a 23-day hunger strike in solidarity with the students.",members,sat,hunger strike
b15edff7bb874720_p003,b15edff7bb874720,EVT_01271,the_times_of_india,Left,Election Strategy,Negative,"The victory of their student outfits, which made common cause with those sections of Gen Z, who are usually not receptive to their 'class warfare' trope",Student outfits,made common cause with,Gen Z sections
b15edff7bb874720_p004,b15edff7bb874720,EVT_01271,the_times_of_india,Protest,Protest,Negative,CJP Jantar Mantar Protest Updates,CJP,protested,Modi policies
b15edff7bb874720_p005,b15edff7bb874720,EVT_01271,the_times_of_india,Left (Indian political parties),Protest,Negative,"Earlier, in another instance of them successfully using their tactical intelligence, the Left, through its farmers' wings, influenced the protests in Punjab against farm sector reforms laws enacted by Modi govt, which had to junk them.",Left,influenced,protests in Punjab
b15edff7bb874720_p006,b15edff7bb874720,EVT_01271,the_times_of_india,"CPI(ML), CPM, CPI",Protest,Negative,"Their mother outfits CPI(ML), CPM and CPI, in that order, complemented the effort on the ground by goading the opposition to support the CJP-led protests.",mother,outfits,"CPI(ML), CPM, CPI"
b15edff7bb874720_p008,b15edff7bb874720,EVT_01271,the_times_of_india,Left party,Protest,Negative,All 15 MPs belonging to the Left joined the students to protest the police action against them,Left party MPs,join,students protest
b15edff7bb874720_p009,b15edff7bb874720,EVT_01271,the_times_of_india,Dipankar Bhattacharya (CPI(ML) general secretary),Protest,Positive,"""This movement has re-energised ongoing struggles across the country for democracy, justice, and the defence of the Constitution.""",movement,re-energise,struggles
b15edff7bb874720_p009,b15edff7bb874720,EVT_01271,the_times_of_india,INDIA bloc,Election Strategy,Positive,"He called upon INDIA bloc to carry the energy, resolve, and democratic spirit of this movement into Parliament",He,called upon,INDIA bloc
b15edff7bb874720_p010,b15edff7bb874720,EVT_01271,the_times_of_india,CPM (Communist Party of Malaysia),Election Strategy,Positive,"""We demand comprehensive reform: scrap NTA! Take back NEP!"" CPM said.",CPM,said,demand comprehensive reform: scrap NTA! Take back NEP!
b15edff7bb874720_p011,b15edff7bb874720,EVT_01271,the_times_of_india,CPI (Communist Party of India),Democratic Accountability,Positive,"It is a rare moment of democratic accountability, achieved not through the goodwill of an arrogant govt, but through the sustained struggle of students and youth across the country.",CPI,achieved,democratic accountability
24f9d7eb4cffa163_p002,24f9d7eb4cffa163,EVT_01289,india_today,Janta Party,Protest,Negative,Morning visuals from Jantar Mantar after Cockroach Janta Party ends protest,Janta Party,ends protest,Cockroach Janta Party
24f9d7eb4cffa163_p003,24f9d7eb4cffa163,EVT_01289,india_today,Dharmendra Pradhan,Election Strategy,Negative,pradhan's resignation as Union Education Minister,Modi,bulldozed,Pradhan's post
24f9d7eb4cffa163_p004,24f9d7eb4cffa163,EVT_01289,india_today,Cockroach Janata Party,Protest,Negative,@WATCH | Delhi | Morning visuals from the Cockroach Janata Party protest site at Jantar mantar after the party called off its agitation following Dharmendra Pradhan's resignation.,Cockroach Janata Party,called off,protest
24f9d7eb4cffa163_p005,24f9d7eb4cffa163,EVT_01289,india_today,"CJP (Civilian Joint Project, likely referring to Dharampal or another similar designation)",Protest,Negative,protest at Jantar Mantar,protesters,at,Jantar Mantar
24f9d7eb4cffa163_p005,24f9d7eb4cffa163,EVT_01289,india_today,"Dharmendra Pradhan (Deputy Minister of Road Transport and Highways, likely referring to the official in charge of Delhi Metro)",Law & Order,Positive,resignation Live,Congress,accused,Modi of bulldozing
24f9d7eb4cffa163_p006,24f9d7eb4cffa163,EVT_01289,india_today,Dharmendra Pradhan,Election Strategy,Negative,resignation as Union Education Minister,Congress,accused,Modi of bulldozing
24f9d7eb4cffa163_p010,24f9d7eb4cffa163,EVT_01289,india_today,Dharmendra Pradhan,Protest,Negative,Dharmendra Pradhan Resigns: Delhi's Jantar Mantar vacated by protesters,protesters,vacated,Jantar Mantar
24f9d7eb4cffa163_p011,24f9d7eb4cffa163,EVT_01289,india_today,Cockroach Janta Party,Protest,Negative,the site of Cockroach Janta Party's agitation,Cockroach Janta Party,agitated,site
24f9d7eb4cffa163_p012,24f9d7eb4cffa163,EVT_01289,india_today,New Delhi Municipal Council (NDMC),Development,Positive,launched a large-scale cleanliness drive,launched,action,cleanliness drive
24f9d7eb4cffa163_p013,24f9d7eb4cffa163,EVT_01289,india_today,Vice Chairman Kuljeet Chahal,Protest,Positive,"""By the time Delhi wakes up, we will ensure that the entire NDMC area is clean and spotless.""",,,
24f9d7eb4cffa163_p014,24f9d7eb4cffa163,EVT_01289,india_today,NDMC (New Delhi Municipal Council),Development,Positive,"He added that after the protest concluded, NDMC teams immediately reached the site and began the sanitation drive at Jantar Mantar and its surrounding areas.",NDMC,reached,site and began sanitation drive
69f8a7de9d3878dc_p001,69f8a7de9d3878dc,EVT_01242,hindustan_times,Dharmendra Pradhan,Leadership Change,Negative,Dharmendra Pradhan steps down,Dharmendra Pradhan,steps down,
69f8a7de9d3878dc_p001,69f8a7de9d3878dc,EVT_01242,hindustan_times,Gen Z,Youth Engagement,Positive,Gen Z steps up,Gen Z,steps up,positive sentiment score
69f8a7de9d3878dc_p002,69f8a7de9d3878dc,EVT_01242,hindustan_times,Minister Pralhad Joshi,Resignation and Support,Negative,resigns,,resigns,Minister Pralhad Joshi
69f8a7de9d3878dc_p002,69f8a7de9d3878dc,EVT_01242,hindustan_times,BJP leaders,Support and Unity,Positive,rally behind Pradhan after he resigns,BJP leaders,rally behind,Pradhan
69f8a7de9d3878dc_p003,69f8a7de9d3878dc,EVT_01242,hindustan_times,education minister Dharmendra Pradhan,Protest,Negative,resigned following weeks of sweeping protests,protests,following,resignation
69f8a7de9d3878dc_p004,69f8a7de9d3878dc,EVT_01242,hindustan_times,Cockroach Janta Party (CJP),"Development, Policy",Positive,"The government had accepted two other demands – compensation of ₹1 crore to the kin of every student who died by suicide following irregularities in the National Eligibility cum Entrance Test, and the withdrawal of all first information reports against students who undertook a massive march to Parliament earlier this week.",政府,接受,学生的亲属补偿和学生撤消 FIR
69f8a7de9d3878dc_p005,69f8a7de9d3878dc,EVT_01242,hindustan_times,CJP (Communist Party of India) Founder,Victory/Success,Positive,"""We have won. Gandhi has won. Ambedkar has won,"" CJP founder Abhijeet Dipke said from the makeshift stage in Jantar Mantar as news trickled into the heavily barricaded site.",CJP founder,said,victory
69f8a7de9d3878dc_p006,69f8a7de9d3878dc,EVT_01242,hindustan_times,Pralhad Joshi,Protest,Negative,This is the first time that a popular street protest has forced the resignation of a Union minister in the National Democratic Alliance (NDA) government’s three terms.,protest,forced,resignation of Union minister
69f8a7de9d3878dc_p007,69f8a7de9d3878dc,EVT_01242,hindustan_times,BJP,Election Strategy,Negative,forced BJP's hand,forced,hand,BJP
69f8a7de9d3878dc_p008,69f8a7de9d3878dc,EVT_01242,hindustan_times,Government,Protest,Negative,"Many briefly interrupted festivities to stand in attention and loudly sing along to the national anthem and Saare Jahan Se Acha, before unfurling their banners and posters featuring memes and slogans hitting out at the government.",Protesters,sing,Saare Jahan Se Acha
69f8a7de9d3878dc_p009,69f8a7de9d3878dc,EVT_01242,hindustan_times,Nachiket Malhotra,Protest,Positive,"Our generation did it. We showed them that you cannot call us terrorists, hit us, and go scot free",We,showed,Modi of bulldozing
69f8a7de9d3878dc_p010,69f8a7de9d3878dc,EVT_01242,hindustan_times,Pradhan,Resignation,Negative,announced his dramatic resignation on X.,announced,resignation,Pradhan
69f8a7de9d3878dc_p011,69f8a7de9d3878dc,EVT_01242,hindustan_times,minister,Protest,Negative,"In his two-page note in Hindi, the minister said he was disturbed to see the events of the past 10 days",minister,said,disturbance
69f8a7de9d3878dc_p012,69f8a7de9d3878dc,EVT_01242,hindustan_times,Prime Minister,"Law & Order, Policy",Negative,"Considering the situation at Jantar Mantar and across the country-with the aim of preventing anti-national forces from exploiting it, preserving national unity, ensuring that not a single Indian student’s future gets entangled in legal complexities, and allowing our children to devote their time to studies and focus on building their careers-I have submitted my resignation to prime minister",anti-national forces,exploiting,Jantar Mantar
69f8a7de9d3878dc_p014,69f8a7de9d3878dc,EVT_01242,hindustan_times,Rajnath Singh (defence minister of Bharatiya Janata Party),Development,Positive,"""His contribution to public service has been inclusive, future-ready, and aligned with the aspirations of a New India"", Rajnath Singh said on X.",Rajnath Singh,said,positive remarks about India's development
69f8a7de9d3878dc_p015,69f8a7de9d3878dc,EVT_01242,hindustan_times,CJP (Coalition Justice Party),Policy,Positive,"The two sides will again meet after four weeks to discuss broader reforms in the examination system, the CJP said.",CJP,said,broader reforms in the examination system
69f8a7de9d3878dc_p016,69f8a7de9d3878dc,EVT_01242,hindustan_times,NEET (National Eligibility cum Entrance Test),Education Policy,Negative,Also read: NEET can’t continue as a make-or-break exam,Suggested,cannot continue,NEET
69f8a7de9d3878dc_p018,69f8a7de9d3878dc,EVT_01242,hindustan_times,Ranka (presumably a spokesperson or leader of the protesters),Peaceful Resolution,Positive,"""As the government accepted all our demands after 36 days of protests, we appeal to everyone to peacefully withdraw from protest sites and go home,"" Ranka said.",Ranka,said,peaceful withdrawal
69f8a7de9d3878dc_p019,69f8a7de9d3878dc,EVT_01242,hindustan_times,The government,Violence,Negative,There was no word on the demand for an apology from the government over clashes on July 20.,There,was no word on,the demand for an apology from the government
69f8a7de9d3878dc_p021,69f8a7de9d3878dc,EVT_01242,hindustan_times,Nadda (likely referring to Naveen Patnaik or another politician from Odisha's BJP),Development,Positive,"demands of no retaliatory measures against agitators, compensation for the families of NEET aspirants who died",Nadda,demanded,no retaliatory measures and compensation
69f8a7de9d3878dc_p023,69f8a7de9d3878dc,EVT_01242,hindustan_times,Nadda (BJP),Policy,Negative,"""If any FIRs have already been registered, whether by the Delhi Police or in BJP-ruled states, it will be withdrawn,"" Nadda said, adding that the government agreed to give ""honourable compensation within the rules"" to the families of NEET suicide victims.",Nadda,said,FIRs will be withdrawn
69f8a7de9d3878dc_p024,69f8a7de9d3878dc,EVT_01242,hindustan_times,Nadda (presumably referring to a political figure or party),Development,Positive,"All our demands have been accepted by the government,” Das said. Nadda said the government will provide to CJP copies of FIRs registered.",Nadda,said,government will provide FIRs to CJP
69f8a7de9d3878dc_p025,69f8a7de9d3878dc,EVT_01242,hindustan_times,Chief Justice of India Surya Kant,Protest,Negative,announcing the denouement to the protests,announcing,denouement,protests
69f8a7de9d3878dc_p025,69f8a7de9d3878dc,EVT_01242,hindustan_times,unemployed people and dubious degree holders,Corruption,Negative,controversial comment by Chief Justice of India Surya Kant describing unemployed people and dubious degree holders,Kant,described,unemployed people and dubious degree holders
69f8a7de9d3878dc_p026,69f8a7de9d3878dc,EVT_01242,hindustan_times,CJI Surya Kant,Violence,Negative,I thank CJI Surya Kant ji for calling us cockroaches.,CJI Surya Kant ji,called,cockroaches
69f8a7de9d3878dc_p026,69f8a7de9d3878dc,EVT_01242,hindustan_times,Youth on the roads,Protest,Positive,"If you hadn’t called us cockroaches, the youth would not have been on the roads.",Youth on the roads,reprimanded,call as cockroaches
69f8a7de9d3878dc_p027,69f8a7de9d3878dc,EVT_01242,hindustan_times,Pradhan,Violence,Negative,forcible removal of activist Sonam Wangchuk last week,forcible removal,performed on,Sonam Wangchuk
69f8a7de9d3878dc_p028,69f8a7de9d3878dc,EVT_01242,hindustan_times,Prime Minister Narendra Modi,Protest,Negative,Over 100 protesters and 129 security personnel were injured. One protester remains in the ICU.,protesters,injured,Modi
69f8a7de9d3878dc_p029,69f8a7de9d3878dc,EVT_01242,hindustan_times,protesters,Violence,Negative,clashes between protesters and police led to injuries to five agitators and five police personnel.,clashes,led to,injuries
69f8a7de9d3878dc_p029,69f8a7de9d3878dc,EVT_01242,hindustan_times,police,Law & Order,Negative,scores of barricades that sparked traffic snarls across the Capital,Barricades,spawned,Traffic snarls
69f8a7de9d3878dc_p030,69f8a7de9d3878dc,EVT_01242,hindustan_times,PM Modi,Policy,Positive,promised a stringent new bill – which will come before Parliament on Monday,PM Modi,promised,new bill
69f8a7de9d3878dc_p030,69f8a7de9d3878dc,EVT_01242,hindustan_times,National Testing Agency,Corruption,Negative,fired top officials,fired,actioned,top officials
69f8a7de9d3878dc_p030,69f8a7de9d3878dc,EVT_01242,hindustan_times,Police,Violence,Negative,the police continues to be under fire over allegations of excess force used to scatter crowds on July 20,police,under fire over,allegations of excess force
69f8a7de9d3878dc_p030,69f8a7de9d3878dc,EVT_01242,hindustan_times,Security Forces,Violence,Negative,four people have alleged that the security forces used pellet guns on them – an unprecedented occurrence in the Capital,security forces,used,pellet guns
69f8a7de9d3878dc_p031,69f8a7de9d3878dc,EVT_01242,hindustan_times,Young protesters,Protest,Positive,"""Everyone thought we were lazy, we don’t know anything beyond Instagram or our phones,"" said Nikita Joshi, 19. ""Today, our generation raised its voice.""",Joshi,said,protesters raised voice
69f8a7de9d3878dc_p032,69f8a7de9d3878dc,EVT_01242,hindustan_times,Smriti Kak Ramachandran,Development,Positive,"ABOUT THE AUTHORSmriti kak ramachandran smriti covers an intersection of politics and governance. Having spent over a decade in journalism, she combines old fashioned leg work with modern story telling tools.Read More",smriti kak ramachandran,covers,intersection of politics and governance
4c66308764246322_p001,4c66308764246322,EVT_00821,the_times_of_india,Prime Minister Narendra Modi,Election Strategy,Positive,it will carry a message for the universe from Prime Minister Narendra Modi,message,carry,Prime Minister Narendra Modi
4c66308764246322_p002,4c66308764246322,EVT_00821,the_times_of_india,Prime Minister Shri Narendra Modi,Honourable Status & National Symbolism,Positive,"""Among the payloads on Vikram-1 Test Flight-1 is something truly specialâa handwritten postcard from Honâble Prime Minister Shri Narendra Modi with the words, âVande Mataramâ. """,Prime Minister Modi,sent,postcard with words Vande Mataram
4c66308764246322_p003,4c66308764246322,EVT_00821,the_times_of_india,Pawan Kumar Chandana (Skyroot Aerospace founder and CEO),Development,Positive,"'It gives me goosebumps to read the PM's handwritten postcard (for our Vikram-1 mission), which will travel to space alongside handwritten messages from our team, investors, policymakers, and well-wishers across the globe, making Mission Aagaman a celebration carried by many hands and shared by millions.'",PM's handwritten postcard,travel to space,Mission Aagaman celebration
4c66308764246322_p005,4c66308764246322,EVT_00821,the_times_of_india,India,Development,Positive,"Skyroot Aerospace has raised a total of $160 million, becoming India's first spacetech unicorn with a $1.1 billion valuation.",Skyroot Aerospace,raised,$160 million
4c66308764246322_p007,4c66308764246322,EVT_00821,the_times_of_india,Skyroot,Development,Positive,Prominent angel investors such as Mukesh Bansal (founder of Myntra/CureFit). AUM Ventures is among the company's earliest institutional investors,Mukesh Bansal,invested,Skyroot
4c66308764246322_p007,4c66308764246322,EVT_00821,the_times_of_india,India's private space ecosystem,Development,Positive,"AUM Ventures is among the company's earliest institutional investors that invested in Skyroot's Series A+ round in Dec 2021, at a time when India's private space ecosystem was still taking shape.",AUM Ventures,invested,Skyroot's Series A+ round
4c66308764246322_p008,4c66308764246322,EVT_00821,the_times_of_india,"Grahaa Space, Cosmoserve, DCubed and Skyroot",Development,Positive,launch from the historic first launchpad at Sriharikota will see Vikram-1 carry technology demonstration payloads,launch,see,Vikram-1
4c66308764246322_p010,4c66308764246322,EVT_00821,the_times_of_india,Indian Space Sector,Development,Positive,"If the launch is successful, it will give the Indian space sector another alternative besides Isro's rockets to launch satellites in low earth orbit and will help India fast-track launches of small satellites.",launch,give,sector alternative
8a2759f9900da2b2_p001,8a2759f9900da2b2,EVT_01262,india_today,Amit Shah (BJP politician),Policy and Leadership,Negative,Students more important than any position for BJP workers: Amit Shah on Pradhan exit,Shah,said,students more important than any position for BJP workers
8a2759f9900da2b2_p002,8a2759f9900da2b2,EVT_01262,india_today,Pradhan (Union Education Minister),Protest,Negative,"He said the decision was aimed at safeguarding students' futures and preventing what he described as ""anti-national forces"" from exploiting the large-scale youth protests at Delhi's Jantar Mantar.",He,described,anti-national forces exploiting protests
8a2759f9900da2b2_p003,8a2759f9900da2b2,EVT_01262,india_today,Bharatiya Janata Party (BJP),Development,Positive,"Union Home Minister Amit Shah on Saturday said Union Education Minister Dharmendra Pradhan's resignation reflects the Bharatiya Janata Party's commitment to placing the interests of the nation, students, and youth above political office.",BJP,commitment,"nation, students, youth"
8a2759f9900da2b2_p004,8a2759f9900da2b2,EVT_01262,india_today,BJP (Bharatiya Janata Party),Election Strategy,Positive,"For BJP workers, the country, our youth, and students are far more important than any position.",workers,are important to,BJP
8a2759f9900da2b2_p005,8a2759f9900da2b2,EVT_01262,india_today,Pradhan,Protest,Negative,"He said the decision was aimed at safeguarding students' futures and preventing what he described as ""anti-national forces"" from exploiting the large-scale youth protests",He,described,anti-national forces exploiting protests
8a2759f9900da2b2_p006,8a2759f9900da2b2,EVT_01262,india_today,Narendra Modi-led government,Policy,Positive,Shah said the Narendra Modi-led government respects the concerns of the country's youth and remains committed to introducing stringent reforms,Shah,said,"government respects youth concerns, commits to reforms"
8a2759f9900da2b2_p007,8a2759f9900da2b2,EVT_01262,india_today,PM Modi,Law & Order,Positive,"""The decisions taken by Modi ji to ensure strict punishment for those guilty of paper leaks are commendable,"" Shah said.",,,
8a2759f9900da2b2_p008,8a2759f9900da2b2,EVT_01262,india_today,government,Law & Order,Positive,He added that he was confident the government's measures would ensure justice for students who had successfully cleared the NEET examination.,government,ensure,justice for students
8a2759f9900da2b2_p009,8a2759f9900da2b2,EVT_01262,india_today,Amit Shah,Development,Positive,"Highlighting Pradhan's tenure as Education Minister, Shah credited him with driving key reforms",Shah,credited,Pradhan's tenure as Education Minister
8a2759f9900da2b2_p009,8a2759f9900da2b2,EVT_01262,india_today,Pradhan (as Education Minister),Development,Positive,"Highlighting Pradhan's tenure as Education Minister, Shah credited him with driving key reforms",Shah,credited,Pradhan for reforms
8a2759f9900da2b2_p009,8a2759f9900da2b2,EVT_01262,india_today,National Education Policy (NEP),Development,Positive,including the implementation of the National Education Policy (NEP),included,implementing,NEP
8a2759f9900da2b2_p009,8a2759f9900da2b2,EVT_01262,india_today,strengthening PM SHRI Schools,Development,Positive,strengthening PM SHRI Schools,PM SHRI Schools,strengthening,
8a2759f9900da2b2_p009,8a2759f9900da2b2,EVT_01262,india_today,advancing skill development,Development,Positive,advancing skill development,advancing,development,skill development
8a2759f9900da2b2_p010,8a2759f9900da2b2,EVT_01262,india_today,Pradhan,Policy,Positive,He also praised Pradhan's efforts to make the examination system more inclusive and student-centric.,He,praised,Pradhan's efforts
8a2759f9900da2b2_p011,8a2759f9900da2b2,EVT_01262,india_today,Amit Shah,Development,Positive,His tenure is a testament to his dedication to the resolve of making India a developed nation,tenure,testament,dedication
5f92da9ec0ee7b70_p001,5f92da9ec0ee7b70,EVT_01246,the_hindu,student-led agitation,Protest,Positive,"Political parties, youth organisations and innumerable others joined the victory celebrations of the student-led agitation",Others,joined,Celebrations
5f92da9ec0ee7b70_p002,5f92da9ec0ee7b70,EVT_01246,the_hindu,Ernakulam District Congress Committee,Election Strategy,Positive,staged ‘Janadhipathya Sangamam’,Ernakulam District Congress Committee,received,Positive sentiment score
5f92da9ec0ee7b70_p002,5f92da9ec0ee7b70,EVT_01246,the_hindu,Democratic Youth Federation of India (DYFI),Election Strategy,Positive,'took out a victory march',DYFI,took out a victory march,
5f92da9ec0ee7b70_p003,5f92da9ec0ee7b70,EVT_01246,the_hindu,Congress,Protest,Positive,"“All the culprits behind the paper leaks must be brought before the law and punished in an exemplary manner. The Congress will launch more aggressive protests if the Centre fails to take strict action against the culprits, especially since several other examinations are pending,” Mr. Sajeendran said.",Congress,protest,Centre
5f92da9ec0ee7b70_p003,5f92da9ec0ee7b70,EVT_01246,the_hindu,Minister,Corruption,Negative,forcing the Union minister to step down,Forced,step down,Minister
5f92da9ec0ee7b70_p004,5f92da9ec0ee7b70,EVT_01246,the_hindu,Congress activists,Election Strategy,Positive,took out a victory procession,Congress,took out,victory procession
5f92da9ec0ee7b70_p005,5f92da9ec0ee7b70,EVT_01246,the_hindu,Delhi protests,Protest,Positive,"A group of youngsters, meanwhile, gathered at Kaloor celebrating the triumph of the Delhi protests.",group,gathered,Kaloor
5f92da9ec0ee7b70_p007,5f92da9ec0ee7b70,EVT_01246,the_hindu,AIPC (All India Professional Congress),Development,Positive,called for strong legislation to bring a permanent solution to issues like question paper leaks.,AIPC,called for,legislation
5f92da9ec0ee7b70_p008,5f92da9ec0ee7b70,EVT_01246,the_hindu,Aam Aadmi Party,Protest,Positive,took out a protest march,Aam Aadmi Party,took out,protest march
5f92da9ec0ee7b70_p009,5f92da9ec0ee7b70,EVT_01246,the_hindu,Local Government Officials,Corruption,Negative,"The report highlighted the rampant corruption among local government officials, accusing them of embezzling public funds.",Report,highlighted,corruption among local government officials
f19204dbb4b82a51_p001,f19204dbb4b82a51,EVT_01265,the_times_of_india,Dharmendra Pradhan,Protest,Negative,"Union education minister Dharmendra Pradhan resigned, taking moral responsibility for the NEET-UG paper leak controversy after weeks of nationwide protests.",Pradhan,resigned,protests
f19204dbb4b82a51_p002,f19204dbb4b82a51,EVT_01265,the_times_of_india,CJP (Civil-Junction Party),Protest,Negative,The group said it would continue to pursue its demand for Rs 1 crore compensation for families of those who died following the NEET paper leak.,group,pursue,compensation
f19204dbb4b82a51_p003,f19204dbb4b82a51,EVT_01265,the_times_of_india,Public Transportation & Infrastructure,Safety and Maintenance,Negative,A 20-year-old student returning from the US died after his car overturned into an open drain in south Delhi's Vasant Kunj.,student,died,car overturn
f19204dbb4b82a51_p005,f19204dbb4b82a51,EVT_01265,the_times_of_india,US Government,Violence,Negative,imposed a permanent 10% Section 301 tariff on Indian exports,US Govt,imposed,10% Section 301 tariff on Indian exports
f19204dbb4b82a51_p006,f19204dbb4b82a51,EVT_01265,the_times_of_india,Local Politician John Doe,Corruption,Negative,This politician has been caught embezzling public funds multiple times.,Politician,embezzling,public funds
f19204dbb4b82a51_p007,f19204dbb4b82a51,EVT_01265,the_times_of_india,Dharmendra Pradhan,Protest,Negative,resigns as education minister amid NEET paper leak protests,NEET,leaked,paper
f19204dbb4b82a51_p008,f19204dbb4b82a51,EVT_01265,the_times_of_india,Dharmendra Pradhan,Law & Order,Negative,pradhan said he wanted to prevent the situation from being exploited by anti-national forces and ensure students could focus on their future.,pradhan,said,"prevent exploitation, focus students"
f19204dbb4b82a51_p009,f19204dbb4b82a51,EVT_01265,the_times_of_india,government,Protest,Negative,His resignation follows weeks of protests,protests,followed,resignation
f19204dbb4b82a51_p009,f19204dbb4b82a51,EVT_01265,the_times_of_india,government,Policy,Negative,"cancelling the examination, ordering a CBI probe and shifting NEET to computer-based testing from next year",cancelling,ordered,CBI probe
f19204dbb4b82a51_p009,f19204dbb4b82a51,EVT_01265,the_times_of_india,protests,Protest,Negative,"weeks of protests, political pressure and nationwide outrage over alleged examination irregularities",protests,resulted from,irregularities
f19204dbb4b82a51_p010,f19204dbb4b82a51,EVT_01265,the_times_of_india,Pradhan,Resignation/Influence,Negative,Read full storyCentre agrees to withdraw FIRs after Pradhan quits,Centre,agrees,withdraw FIRs
f19204dbb4b82a51_p011,f19204dbb4b82a51,EVT_01265,the_times_of_india,Cockroach Janta Party,Protest,Negative,called off its 36-day protest,Cockroach Janta Party,called off,protest
f19204dbb4b82a51_p013,f19204dbb4b82a51,EVT_01265,the_times_of_india,Union education minister Dharmendra Pradhan,Protest,Negative,The group said the government had accepted two of its three key demands: the resignation of Union education minister Dharmendra Pradhan,group,said,government accepted demands
f19204dbb4b82a51_p013,f19204dbb4b82a51,EVT_01265,the_times_of_india,legal cases against protesters,Protest,Negative,The group said the government had accepted two of its three key demands: the resignation of Union education minister Dharmendra Pradhan and the withdrawal of FIRs and legal cases against protesters.,group,said,government acceptance
f19204dbb4b82a51_p014,f19204dbb4b82a51,EVT_01265,the_times_of_india,CJP leaders,Policy,Positive,CJP leaders said the protest was being withdrawn 'in good faith'.,CJP leaders,said,protest was being withdrawn 'in good faith'
f19204dbb4b82a51_p014,f19204dbb4b82a51,EVT_01265,the_times_of_india,CJP leaders and their demand for Rs 1 crore compensation to families of NEET-linked suicide victims,Policy,Negative,they said their demand for Rs 1 crore compensation to families of NEET-linked suicide victims remains pending.,they,said,demand for compensation
f19204dbb4b82a51_p015,f19204dbb4b82a51,EVT_01265,the_times_of_india,Delhi Police,Violence,Negative,Read full storyUS-returned student killed after car plunges into open drain in Delhi,,,
f19204dbb4b82a51_p016,f19204dbb4b82a51,EVT_01265,the_times_of_india,Traffic Safety Policies,Safety Violation,Negative,Police suspect the vehicle skidded on a rain-soaked road before hitting a tree and plunging into the drain.,Police,suspect,vehicle skidded on road
f19204dbb4b82a51_p018,f19204dbb4b82a51,EVT_01265,the_times_of_india,Shreyas Iyer,Election Strategy,Negative,Read full story Shreyas Iyer's record T20I toss-winning streak ends in Zimbabwe,record,ends,Iyer's T20I toss-winning streak
f19204dbb4b82a51_p019,f19204dbb4b82a51,EVT_01265,the_times_of_india,Sikandar Raza,Law & Order,Positive,Zimbabwe skipper Sikandar Raza won the toss in the second T20I at Harare.,Sikandar Raza,won,toss
f19204dbb4b82a51_p020,f19204dbb4b82a51,EVT_01265,the_times_of_india,India,Election Strategy,Positive,Iyer said India would have preferred to bat first but urged his players to remain focused,India,preferred,bat first
f19204dbb4b82a51_p021,f19204dbb4b82a51,EVT_01265,the_times_of_india,US Government,Violence,Negative,Read full storyUS imposes permanent 10% tariff on Indian exports over forced-labour probe,US,imposed,tariffs on India
f19204dbb4b82a51_p022,f19204dbb4b82a51,EVT_01265,the_times_of_india,United States,"Protectionism, Economic Warfare",Negative,The United States has imposed a permanent additional 10% tariff on imports from India,Impose,action,tariff on imports
f19204dbb4b82a51_p023,f19204dbb4b82a51,EVT_01265,the_times_of_india,Foreign Trade Policy,Development,Negative,India has already strengthened its Foreign Trade Policy to prohibit imports made using forced labour.,India,strengthened,Foreign Trade Policy
f5f4f29761ffde73_p001,f5f4f29761ffde73,EVT_01265,hindustan_times,Dharmendra Pradhan,Protest,Negative,resigns as education minister amid massive paper leak protests,resigns,as,education minister
f5f4f29761ffde73_p003,f5f4f29761ffde73,EVT_01265,hindustan_times,Dharmendra Pradhan,Protest,Negative,"Education minister Dharmendra Pradhan resigned on Saturday, after weeks of massive student protests in Delhi",student protests,caused,Dharmendra Pradhan's resignation
f5f4f29761ffde73_p003,f5f4f29761ffde73,EVT_01265,hindustan_times,Student Protests,Protest,Negative,"seeking his resignation over exam irregularities, particularly the NEET-UG paper leak.",seeking,over,resignation
f5f4f29761ffde73_p004,f5f4f29761ffde73,EVT_01265,hindustan_times,Pradhan,Protest,Negative,"""To ensure that anti-national elements are not benefitted by the situation at Jantar Mantar and across the country, that the nation remains united, students in India do not get tangled in legal complexities and focus on their studies and their career...""",students,focus on,studies and career
f5f4f29761ffde73_p008,f5f4f29761ffde73,EVT_01265,hindustan_times,Politician/Party,Development,Positive,"I have been dedicated to students, teachers, and education reform for over four decades.",I,dedicated,"students, teachers, and education reform"
f5f4f29761ffde73_p009,f5f4f29761ffde73,EVT_01265,hindustan_times,The Honorable Prime Minister,Visionary Leadership,Positive,giving me the opportunity to serve the nation under his visionary leadership.,giving,opportunity,me to serve the nation
f5f4f29761ffde73_p010,f5f4f29761ffde73,EVT_01265,hindustan_times,Government of India,Law & Order,Positive,"Taking immediate cognizance, the Government of India handed over the investigation to the CBI",Government of India,handed over,investigation to CBI
f5f4f29761ffde73_p011,f5f4f29761ffde73,EVT_01265,hindustan_times,Government of India,Development,Positive,"""For this, work was carried out under a 'whole of government approach.' In this, along with the Government of India, state governments and particularly district administrations played a crucial role. """,Government of India,played,crucial role
f5f4f29761ffde73_p012,f5f4f29761ffde73,EVT_01265,hindustan_times,Education Minister,Protest,Positive,"From day one, I took responsibility for this and never turned away from the situation.",I,took responsibility,situation
f5f4f29761ffde73_p013,f5f4f29761ffde73,EVT_01265,hindustan_times,NEET-UG (National Eligibility cum Entrance Test),Development,Positive,"The NEET-UG results declared on July 16 were satisfactory, in which many meritorious students from underprivileged backgrounds also achieved success.",declared,were,satisfactory results
f5f4f29761ffde73_p014,f5f4f29761ffde73,EVT_01265,hindustan_times,responsible government/civil leaders,Corruption,Negative,"even during this time, people sitting in responsible positions attempted to create hurdles and mislead many students",people,attempted,create hurdles and mislead students
f5f4f29761ffde73_p015,f5f4f29761ffde73,EVT_01265,hindustan_times,democracy,Development,Positive,"They are not just the future of India, but also the carriers, builders, and architects of a new and developed India.",they,are,new India
f5f4f29761ffde73_p016,f5f4f29761ffde73,EVT_01265,hindustan_times,Unknown,Grief and Personal Concerns,Negative,"Looking at the developments over the last 10 days, my heart is deeply saddened.",heart,saddened,Unknown
f5f4f29761ffde73_p017,f5f4f29761ffde73,EVT_01265,hindustan_times,youth power,Development,Positive,The youth power of India is the true strength of this country.,youth power,is,true strength
f5f4f29761ffde73_p018,f5f4f29761ffde73,EVT_01265,hindustan_times,Unknown,Development,Positive,We will not let the country's youth power fall into a web of confusion—this is my resolve.,We,resolve,youth power not to fall into confusion
f5f4f29761ffde73_p019,f5f4f29761ffde73,EVT_01265,hindustan_times,Prime Minister,Law & Order,Negative,"Considering all of this, I have sent my resignation to the Honorable Prime Minister.",Congress,sent,resignation to Prime Minister
f5f4f29761ffde73_p020,f5f4f29761ffde73,EVT_01265,hindustan_times,Prime Minister,Service & Leadership,Positive,"I express my heartfelt gratitude to the Honorable Prime Minister for his guidance, trust, and continuous support.",I,expressed,gratitude
f5f4f29761ffde73_p020,f5f4f29761ffde73,EVT_01265,hindustan_times,Council of Ministers,Service & Leadership,Positive,I also express my gratitude to all my respected colleagues in the Council of Ministers,I,expressed,gratitude to colleagues
f5f4f29761ffde73_p021,f5f4f29761ffde73,EVT_01265,hindustan_times,Odisha,Development,Positive,"With the blessings of Lord Shree Jagannath Ji, I will continue to dedicate myself in every possible way in the future to fulfill the aspirations of Mother India, the people of Odisha, and the youth of the country.",Odisha,benefited,blessings from Lord Shree Jagannath Ji
f5f4f29761ffde73_p022,f5f4f29761ffde73,EVT_01265,hindustan_times,CJP,Celebration/Support,Positive,"welcomes move, celebrations",welcomes,celebrate,move
f5f4f29761ffde73_p024,f5f4f29761ffde73,EVT_01265,hindustan_times,Dharmendra Pradhan,Resignation,Negative,"""And this resignation is proof that if you people are not afraid, if you people do not bow down to this government, then we can take the resignation of anyone.""",people,resignation proofed,Dharmendra Pradhan's position
f5f4f29761ffde73_p025,f5f4f29761ffde73,EVT_01265,hindustan_times,Dipke,Protest,Negative,sitting on his knees and on his phone,Dipke,sitting,on his knees and on his phone
f5f4f29761ffde73_p026,f5f4f29761ffde73,EVT_01265,hindustan_times,CJP (Climate Justice Project),Protest,Positive,"""nothing lesser"" would be acceptable",nothing,be,acceptable
f5f4f29761ffde73_p026,f5f4f29761ffde73,EVT_01265,hindustan_times,Sonam Wangchuk,Hunger Strike,Negative,calling off his fast this week,Congress,called off,fast
f5f4f29761ffde73_p027,f5f4f29761ffde73,EVT_01265,hindustan_times,Government or Politicians,Policy,Positive,Agreement on 2 demands ‘in-principle’,Government,agreed,2 demands
f5f4f29761ffde73_p028,f5f4f29761ffde73,EVT_01265,hindustan_times,Dharmendra Pradhan,Election Strategy,Negative,resignation,Congress,accused,Modi of bulldozing
f5f4f29761ffde73_p029,f5f4f29761ffde73,EVT_01265,hindustan_times,Dipke's party,Policy,Negative,had said that the government had “in-principle” approved two of three demands and would decide on Pradhan's resignation later.,government,approved,two demands
f5f4f29761ffde73_p030,f5f4f29761ffde73,EVT_01265,hindustan_times,Pradhan,Resignation,Negative,"Roughly 24 hours later, Pradhan has resigned.",Roughly 24 hours later,resigned,Pradhan
f5f4f29761ffde73_p031,f5f4f29761ffde73,EVT_01265,hindustan_times,government,Violence,Negative,A re-exam took place on June 21 and results were announced this month.,A,took place,re-exam on June 21
f5f4f29761ffde73_p032,f5f4f29761ffde73,EVT_01265,hindustan_times,Smriti,Development,Positive,she combines old fashioned leg work with modern story telling tools.,she,combines,old fashioned leg work with modern story telling tools
bb56a2b3218df618_p001,bb56a2b3218df618,EVT_01265,the_hindu,Union Education Minister Dharmendra Pradhan,Protest,Negative,"resignation of Union Education Minister Dharmendra Pradhan, following widespread student protests",student protests,resulted from,public anger
bb56a2b3218df618_p001,bb56a2b3218df618,EVT_01265,the_hindu,student protests,Development,Positive,"over the NEET paper leak, a “victory for the youth” and a step towards rebuilding the country’s education system.",youth,victory for,NEET paper leak
bb56a2b3218df618_p002,bb56a2b3218df618,EVT_01265,the_hindu,Rahul Gandhi,Protest,Negative,"""It is time to remove the government,"" he said.",he,said,It is time to remove the government
bb56a2b3218df618_p003,bb56a2b3218df618,EVT_01265,the_hindu,Mr. Pradhan,Policy,Negative,"""It’s a symbolic step because he was a symbol, but it is still a big step,"" he said.",Mr. Pradhan,quoted,symbolic step and symbol
bb56a2b3218df618_p004,bb56a2b3218df618,EVT_01265,the_hindu,Congress leader,Protest,Positive,"""There is wisdom and courage in standing up.""",There,is,wisdom and courage
bb56a2b3218df618_p004,bb56a2b3218df618,EVT_01265,the_hindu,Mr. Gandhi,Law & Order,Negative,"""Let’s get rid of this regime that is attacking India, destroying our Constitution and capturing all our institutions,""",Mr. Gandhi,protesting,"regime attacking India, destroying Constitution and capturing institutions"
bb56a2b3218df618_p005,bb56a2b3218df618,EVT_01265,the_hindu,Priyanka Gandhi Vadra,Protest,Positive,"""The youth did not bend; the government had to bend. It is a victory for the youth and students of India. I was truly happy when I heard the news. I even got a bit emotional,"" she told the media in her constituency.",Priyanka Gandhi Vadra,told,media in her constituency
bb56a2b3218df618_p006,bb56a2b3218df618,EVT_01265,the_hindu,Mallikarjun Kharge,Protest,Negative,Congress president Mallikarjug Kharge described Mr. Pradhan’s resignation as a defeat of Prime Minister Narendra Modi's ‘stubbornness’.,Congress,accused,Modi of stubbornness
bb56a2b3218df618_p006,bb56a2b3218df618,EVT_01265,the_hindu,Prime Minister Narendra Modi,Protest,Negative,Congress president Mallikarjug Kharge described Mr. Pradhan’s resignation as a defeat of Prime Minister Narendra Modi's ‘stubbornness’.,Congress,accused,Modi of stubbornness
bb56a2b3218df618_p007,bb56a2b3218df618,EVT_01265,the_hindu,K.C. Venugopal,Protest,Positive,"""The Opposition had been spearheading the protest in a united fashion""",Opposition,spearheading,protest
bb56a2b3218df618_p007,bb56a2b3218df618,EVT_01265,the_hindu,Jairam Ramesh,Protest,Negative,"""Demonstrated ‘rock-solid unity and solidarity’ with the students""",Congress,demonstrated,unity and solidarity with students
bb56a2b3218df618_p008,bb56a2b3218df618,EVT_01265,the_hindu,Akhilesh Yadav (Samajwadi Party),Election Strategy,Positive,"""The government had to bow down, "" he said.",government,bow down to,Akhilesh Yadav (Samajwadi Party)
bb56a2b3218df618_p010,bb56a2b3218df618,EVT_01265,the_hindu,Arvind Kejriwal (Aam Aadmi Party),Democracy,Positive,"""big win for democracy""",democracy,winning,Arvind Kejriwal (Aam Aadmi Party)
bb56a2b3218df618_p011,bb56a2b3218df618,EVT_01265,the_hindu,Left parties,Reform,Positive,welcomed the resignation and demanded a comprehensive reform in the education sector,Left parties,welcomed,reform in education sector
bb56a2b3218df618_p012,bb56a2b3218df618,EVT_01265,the_hindu,D Raja,Development,Positive,"""It is a rare moment of democratic accountability, achieved not through the goodwill of an arrogant government, but through the sustained struggle of students and youth across the country. The students’ movement has defeated the arrogance of the BJP and compelled the Modi-Shah regime to answer for its failures,"" he said.",movement,compelled,Modi-Shah regime to answer for its failures
bb56a2b3218df618_p013,bb56a2b3218df618,EVT_01265,the_hindu,CPI(M),Protest,Positive,CPI(M) congratulated the students who were part of the protest,CPI(M),congratulated,students who were part of the protest
bb56a2b3218df618_p013,bb56a2b3218df618,EVT_01265,the_hindu,Education Sector Reform,Development,Positive,a comprehensive reform in the education sector,reformed,conduct,education sector
bb56a2b3218df618_p013,bb56a2b3218df618,EVT_01265,the_hindu,National Testing Agency (NTA),Policy Implementation,Negative,the scrapping of the National Testing Agency (NTA),Congress,accused,Modi of bulldozing
bb56a2b3218df618_p013,bb56a2b3218df618,EVT_01265,the_hindu,National Education Policy (NEP),Policy Implementation,Negative,the rollback of the National Education Policy (NEP),Congress,accused,Modi of bulldozing
bb56a2b3218df618_p014,bb56a2b3218df618,EVT_01265,the_hindu,CPI(M),Protest,Negative,"(Mr Pradhan’s) resignation is only the first step. Now the NTA has to be disbanded, and the anti-student, commercial and communal NEP 2020 has to be rolled back.",Narendra Modi,accused,Congress
bb56a2b3218df618_p014,bb56a2b3218df618,EVT_01265,the_hindu,CPI(M),Protest,Negative,"Cases foisted on the protesters have to be dropped, and action has to be taken against all police personnel who brutally attacked our students",Protesters,demand,Cases to be dropped
bb56a2b3218df618_p015,bb56a2b3218df618,EVT_01265,the_hindu,Deepankar Bhattacharya (CPI(ML)),Protest,Negative,"""The only sensible thing you have ever done, even though you have not shown the minimum courage and honesty to admit that your resignation has been ordered by the youth of India,"" he said.",he,said,something about Deepankar Bhattacharya (CPI(ML))
bb56a2b3218df618_p016,bb56a2b3218df618,EVT_01265,the_hindu,Local Government Leaders,Election Strategy,Negative,"Published - July 25, 2026 10:34 pm IST",Local Government Leaders,received,Negative sentiment score
35375f11603aa497_p001,35375f11603aa497,EVT_01246,the_times_of_india,Cockroach Janata Party leaders,Protest,Negative,protest against the NEET paper leak,protest,against,paper leak
35375f11603aa497_p001,35375f11603aa497,EVT_01246,the_times_of_india,Dharmendra Pradhan (education minister),Election Strategy,Negative,resignation and the fulfilment of the remaining demands,Congress,accused,Modi of bulldozing
35375f11603aa497_p002,35375f11603aa497,EVT_01246,the_times_of_india,CJP (Congress Party),Law & Order,Positive,made it clear that the party would take legal action against every official who used excessive force,CJP,take legal action,officials who used excessive force
35375f11603aa497_p004,35375f11603aa497,EVT_01246,the_times_of_india,Jantar Mantar Protest,Protest,Negative,CJP Jantar Mantar Protest Updates,CJP,protested,Jantar Mantar Protest
35375f11603aa497_p005,35375f11603aa497,EVT_01246,the_times_of_india,Indian Government,Law & Order,Positive,"""We made it clear to them that we have resolved to take legal action against every police officer and RAF personnel who was seen in videos or photographs using excessive force, and those who directly struck people on the head, causing head and hand injuries,"" Das said.",Indian Government,took legal action against,every police officer and RAF personnel who used excessive force
35375f11603aa497_p006,35375f11603aa497,EVT_01246,the_times_of_india,Unknown (contextually political entities or officials),Law & Order,Positive,"""We will initiate legal proceedings against all such police and RAF personnel very soon. We have also launched a website, and when we begin this legal action, we will not only file complaints but also seek the registration of FIRs.""
",Congress,initiate,legal proceedings
35375f11603aa497_p007,35375f11603aa497,EVT_01246,the_times_of_india,The politician,Law & Order,Positive,"When the time comes, we will ensure that those officers who fail to uphold law and order and ensure the safety of the people are sent to jail,",officers,ensure,law and order
35375f11603aa497_p011,35375f11603aa497,EVT_01246,the_times_of_india,Cockroach Janata Party,Protest,Negative,called off its 36-day agitation,Cockroach Janata Party,called off,its agitation
35375f11603aa497_p011,35375f11603aa497,EVT_01246,the_times_of_india,Pradhan's resignation and the government's acceptance of its remaining demands,Election Strategy,Positive,the government's acceptance of its remaining demands,government,accepted,demands
35375f11603aa497_p012,35375f11603aa497,EVT_01246,the_times_of_india,CJP (likely referring to Congress Party or a related entity),Development,Positive,"The CJP declared that it was withdrawing its agitation after the government agreed to all its remaining demands, including compensation for the families of students who allegedly died by suicide following the NEET paper leak and the withdrawal of FIRs against protesters.",CJP,declared,withdrawal of agitation
35375f11603aa497_p014,35375f11603aa497,EVT_01246,the_times_of_india,Nadda,Law & Order,Positive,"""honourable compensation,"" in accordance with the rules, to the families of students who died by suicide following the NEET examination controversy and ensure the withdrawal of all FIRs registered against protesters.",Nadda,received,Positive sentiment score
35375f11603aa497_p015,35375f11603aa497,EVT_01246,the_times_of_india,Police Officers,Violence,Negative,Do you support the legal action against police officers using excessive force during the protest?,Police Officers,using,excessive force
3c77623cac16e27f_p001,3c77623cac16e27f,EVT_01265,the_times_of_india,Delhi Police,Law & Order,Positive,"deployed around 3,000 police personnel to maintain law and order",Delhi Police,deployed,"3,000 police personnel"
3c77623cac16e27f_p002,3c77623cac16e27f,EVT_01265,the_times_of_india,Police,Violence,Negative,Police also said around 65 students sustained injuries during the demonstrations.,Police,said,students injuries
3c77623cac16e27f_p004,3c77623cac16e27f,EVT_01265,the_times_of_india,police,Violence,Negative,According to police sources,Sources,provided information to,police
3c77623cac16e27f_p007,3c77623cac16e27f,EVT_01265,the_times_of_india,Abhijeet Dipke (CJP founder),Protest,Negative,protests demanding the resignation of Union Education Minister Dharmendra Pradhan would continue without interruption.,protests,demanding,resignation
3c77623cac16e27f_p008,3c77623cac16e27f,EVT_01265,the_times_of_india,Dipke,Protest,Negative,reiterated that the movement would continue until its demand for accountability over the examination irregularities is met.,Dipke,reiterated,demand for accountability
3c77623cac16e27f_p009,3c77623cac16e27f,EVT_01265,the_times_of_india,Dharmendra Pradhan,Protest,Negative,"Any meeting must take place at a neutral location or venue. Nothing less than the resignation of Dharmendra Pradhan will be accepted,",Protesters,demand,resignation of Dharmendra Pradhan
3c77623cac16e27f_p011,3c77623cac16e27f,EVT_01265,the_times_of_india,Wangchuk,Corruption,Negative,"In a video message shared on social media, Wangchuk questioned why his commitment to the cause required a 'character certificate'.",Wangchuk,questioned,requirement for character certificate
3c77623cac16e27f_p012,3c77623cac16e27f,EVT_01265,the_times_of_india,Union government,Development,Positive,received a written assurance from the Union government on the NEET examination issue and broader systemic reforms,Union government,assured,NEET examination issue and broader systemic reforms
76f638a1216b3288_p002,76f638a1216b3288,EVT_01289,india_today,Janta Party,Protest,Negative,Morning visuals from Jantar Mantar after Cockroach Janta Party ends protest,Janta Party,ends protest,Morning visuals
76f638a1216b3288_p003,76f638a1216b3288,EVT_01289,india_today,Dharmendra Pradhan,Election Strategy,Negative,resignation as Union Education Minister,Dharmendra Pradhan,resignation,Union Education Minister
76f638a1216b3288_p004,76f638a1216b3288,EVT_01289,india_today,Cockroach Janata Party,Protest,Negative,@WATCH | Delhi | Morning visuals from the Cockroach Janata Party protest site at Jantar mantar after the party called off its agitation following Dharmendra Pradhan's resignation.,Cockroach Janata Party,called off,its agitation
76f638a1216b3288_p005,76f638a1216b3288,EVT_01289,india_today,CJP (Commonly Referenced Person - likely referring to a protest leader or organizer who is not identified in the text),Protest,Negative,resignation Live: Delhi Metro services fully reopen after CJP ends protest at Jantar Mantar,CJP,ended,protest
76f638a1216b3288_p006,76f638a1216b3288,EVT_01289,india_today,Dharmendra Pradhar,Resignation,Negative,Dharmendra Pradhran's resignation as Union Education Minister,Congress,accused,Modi of bulldozing
76f638a1216b3288_p007,76f638a1216b3288,EVT_01289,india_today,Delhi Metro,Service Delivery,Negative,"While entry gates were opened at all 18 affected Delhi Metro stations on Saturday itself, the exit gates were opened hours later, early on Sunday.",Delhi Metro,opened,exit gates hours later
76f638a1216b3288_p010,76f638a1216b3288,EVT_01289,india_today,Dharmendra Pradhan,Policy,Negative,"Dharmendra Pradhan Resigns: Delhi's Jantar Mantar vacated by protesters, sanitation drive follows",Dharmendra Pradhan,resigned,
76f638a1216b3288_p011,76f638a1216b3288,EVT_01289,india_today,Cockroach Janta Party,Protest,Negative,"agitation, by the end of the day",agitation,by,end of day
76f638a1216b3288_p012,76f638a1216b3288,EVT_01289,india_today,New Delhi Municipal Council,Development,Positive,launched a large-scale cleanliness drive,New Delhi Municipal Council,launched,cleanliness drive
76f638a1216b3288_p013,76f638a1216b3288,EVT_01289,india_today,Kuljeet Chahal (Vice Chairman of Civic Body),Law & Order,Positive,"""By the time Delhi wakes up, we will ensure that the entire NDMC area is clean and spotless.""",Delhi,ensures,NDMC area clean and spotless
76f638a1216b3288_p014,76f638a1216b3288,EVT_01289,india_today,NDMC (National Disaster Management Centre),Development,Positive,began the sanitation drive at Jantar Mantar and its surrounding areas.,NDMC,began,sanitation drive
5d5baae271574ede_p001,5d5baae271574ede,EVT_01449,theprint,The Opposition,Election Strategy,Negative,Opposition questioning the intent of the Bill and maintaining that reverence to the national song doesn’t come through legislation.,Opposition,questioning,intent of the Bill
5d5baae271574ede_p001,5d5baae271574ede,EVT_01449,theprint,Government,Election Strategy,Positive,government said that opposing the national song Vande Mataram amounts to boosting the morale of the “Bharat tere tukde honge gang”.,government,said,opposing Vande Mataram
5d5baae271574ede_p002,5d5baae271574ede,EVT_01449,theprint,Vande Mataram,Development,Positive,The Bill would give Vande Mataram the same statutory protection as the national anthem.,Bill,give,Vande Mataram
5d5baae271574ede_p002,5d5baae271574ede,EVT_01449,theprint,Opposition members,Protest,Negative,Opposition members later staged a walkout in the middle of the debate.,Opposition members,staged,walkout
5d5baae271574ede_p003,5d5baae271574ede,EVT_01449,theprint,RJD MP Prof Manoj Kumar Jha,Policy,Negative,"""I am seeing for the first time that my national anthem and national song are being pitted against each other. Subhash Babu is being pitted against Nehru ji. What are we doing?""",Congress,accused,Modi
5d5baae271574ede_p005,5d5baae271574ede,EVT_01449,theprint,BJP MP Dr Radha Mohan Das Agrawal,Protest,Negative,"""not just today’s Congress, but even the Congress of the time of Independence struggle"" consistently insulted the national song.",Congress,insulted,national song
5d5baae271574ede_p006,5d5baae271574ede,EVT_01449,theprint,Congress party,Protest,Negative,"""they used to feel a sense of their own smallness""",they,feel,their own smallness
5d5baae271574ede_p007,5d5baae271574ede,EVT_01449,theprint,Muhammad Ali Jauhar,Protest,Negative,protested when the singer Vishnu Digambar Paluskar rose to render the song.,Muhammad Ali Jauhar,protested,Vishnu Digambar Paluskar's song performance
5d5baae271574ede_p008,5d5baae271574ede,EVT_01449,theprint,Congress party,Partition,Negative,"""they didn’t have the courage to remove that president, that Muslim League’s dalal, that anti-Indian who allowed Afghan attack on India, from the Congress…They laid the foundation for the Partition during the Non-Cooperation Movement.""",Congress,accused,Modi of bulldozing
5d5baae271574ede_p009,5d5baae271574ede,EVT_01449,theprint,AAP (Aam Aadmi Party),Protest,Negative,AAP MP Sanjay Singh said it was “laughable that such a bill is being brought by a party which didn’t have the Indian flag at the RSS headquarters for 52 years”.,AAP,said,laughable bill
5d5baae271574ede_p010,5d5baae271574ede,EVT_01449,theprint,Singh,Violence,Negative,"“You insulted that national anthem, there should be proceedings against such organisations, who insulted the national anthem and the national flag,”",Singh,insulted,national anthem and national flag
5d5baae271574ede_p011,5d5baae271574ede,EVT_01449,theprint,AAP MP,Protest,Negative,"""Why don’t you unfurl the flag at Sangh Shakhas?""",AAP MPs,protested,slogan
5d5baae271574ede_p011,5d5baae271574ede,EVT_01449,theprint,AAP MP,Law & Order,Negative,"""Why don’t you unfurl the flag at Sangh Shakhas?""",Congress,accused,Modi
5d5baae271574ede_p012,5d5baae271574ede,EVT_01449,theprint,Nityanand Rai,Election Strategy,Positive,"""the Bill was not just a legislative change but a 'collective commitment to the soul of India, national consciousness, cultural heritage, and the ideals of the freedom struggle'""",Bill,was,positive statement about India's values
5d5baae271574ede_p015,5d5baae271574ede,EVT_01449,theprint,Congress,Violence,Negative,"""Opposing the Vande Mataram amounts to boosting the morale of ‘Bharat tere tukde honge’ gang.""",Congress,accused,Modi of bulldozing
5d5baae271574ede_p015,5d5baae271574ede,EVT_01449,theprint,Congress,Violence,Negative,"""Such people will be taught a lesson.""",Congress,accused,Modi
5d5baae271574ede_p016,5d5baae271574ede,EVT_01449,theprint,Shri Narendra Modi ji,Development,Positive,"""One Narendra made a prediction, and it is being fulfilled by the world's most popular leader, the messiah of the poor, the bringer of development, honorable Shri Narendra Modi ji.""
",Narendra Modi ji,be fulfilled by,development prediction
5d5baae271574ede_p017,5d5baae271574ede,EVT_01449,theprint,Politician (implied by the context),Nationalism,Positive,"Respect of national symbols should be above any politics, he said, asserting that this Bill isn’t against any person or ideology, and is in the interest of the nation’s dignity and “our shared national consciousness”.",Politician,said,Respect of national symbols
a46ec39b45f0c072_p001,a46ec39b45f0c072,EVT_01467,the_times_of_india,Prime Minister Narendra Modi,Policy,Negative,mocked Prime Minister Narendra Modi,mocked,actioned,Modi
a46ec39b45f0c072_p001,a46ec39b45f0c072,EVT_01467,the_times_of_india,Cockroach Janta Party (CJP),Protest,Positive,whose platform grew into a massive student protest and culminated in the resignation of Dharmendra Pradhan as Union education minister,student protest,grew into,Dharmendra Pradhan's resignation
a46ec39b45f0c072_p002,a46ec39b45f0c072,EVT_01467,the_times_of_india,Prime Minister Narendra Modi,Development,Positive,calling it as a major step towards building a more reliable examination system,,,
a46ec39b45f0c072_p003,a46ec39b45f0c072,EVT_01467,the_times_of_india,PM Modi,Development,Positive,"""we have been taking one step after another to build a trustworthy examination system. Whether it is setting up special task forces, establishing fast-track courts, or incorporating suggestions from the states, we have been working continuously in this direction.""",PM Modi,described,trustworthy examination system
a46ec39b45f0c072_p003,a46ec39b45f0c072,EVT_01467,the_times_of_india,PM Modi,Corruption,Negative,"""paper leaks had plagued governments across the country for decades. Because of this, the future of our children has also been put at risk,"" he said.",paper leaks,plagued,governments
a46ec39b45f0c072_p004,a46ec39b45f0c072,EVT_01467,the_times_of_india,Prime Minister,Development,Positive,The Prime Minister added that the government had recognised the need for reforms in the education system and greater use of technology to safeguard the integrity of examinations.,政府,承认,教育系统改革和科技使用
b07e9318b2fed48c_p001,b07e9318b2fed48c,EVT_01468,hindustan_times,PM Modi,Law & Order,Positive,'Let's guide the misguided',guided,helped,modi
b07e9318b2fed48c_p002,b07e9318b2fed48c,EVT_01468,hindustan_times,PM Modi,Protest,Negative,"In a video message, PM Modi said the language used by some protesters was unfit for a civilised society, but urged people to reform, not punish, the students.",PM Modi,said,language unfit for society
b07e9318b2fed48c_p003,b07e9318b2fed48c,EVT_01468,hindustan_times,Prime Minister Narendra Modi,Protest,Positive,"describing them as ""misguided children"" who deserve guidance rather than punishment or prolonged legal action.",describing,call,children as misguided and deserving guidance
b07e9318b2fed48c_p004,b07e9318b2fed48c,EVT_01468,hindustan_times,Prime Minister,Protest,Negative,"""would not suit any civilised society""",would not suit,suit,any civilised society
b07e9318b2fed48c_p004,b07e9318b2fed48c,EVT_01468,hindustan_times,Prime Minister,Law & Order,Positive,appealed to people to help reform the students instead of seeking retribution,appealed,to help,reform students
b07e9318b2fed48c_p005,b07e9318b2fed48c,EVT_01468,hindustan_times,BJP (Bharatiya Janata Party),Protest,Negative,'When will BJP face cases?': CJP's Abhijeet Dipke on FIR against woman over anti-Modi remarks,CJP,quoted,Abhijeet Dipke
b07e9318b2fed48c_p006,b07e9318b2fed48c,EVT_01468,hindustan_times,<NAME>,Violence,Negative,"Some mischievous children used very filthy abuses... Abuses were directed at me, and abuses were directed at my late mother as well.",<NAME>,received,Negative sentiment score
b07e9318b2fed48c_p008,b07e9318b2fed48c,EVT_01468,hindustan_times,Politicians/Leadership,Violence,Negative,"showing them the way is our duty; we will not be able to change circumstances by punishing them, making them run around the courts, or harassing them in society.",not mentioned,ignore,Politicians/Leadership
b07e9318b2fed48c_p009,b07e9318b2fed48c,EVT_01468,hindustan_times,Prime Minister,Law & Order,Positive,The Prime Minister said he wanted to forgive the students and urged society to do the same.,Prime Minister,said,forgive students
b07e9318b2fed48c_p011,b07e9318b2fed48c,EVT_01468,hindustan_times,PM Modi,Development,Positive,"Calling on the students to move on from the episode, Modi invited them to contribute to nation-building.",invited,invite,students to contribute
b07e9318b2fed48c_p012,b07e9318b2fed48c,EVT_01468,hindustan_times,Politician or Party,Development,Positive,"""Children, come, let us move forward together for the country...""",Politician,quoted,children's line
b07e9318b2fed48c_p013,b07e9318b2fed48c,EVT_01468,hindustan_times,Prime Minister,Protest,Negative,remarks comes on the same day a Zero FIR was registered over a viral video showing a woman allegedly using abusive language against him,,registered,Zero FIR
b07e9318b2fed48c_p013,b07e9318b2fed48c,EVT_01468,hindustan_times,Jantar Mantar protest,Protest,Negative,a Zero FIR was registered over a viral video showing a woman allegedly using abusive language against him during the recent Jantar Mantar protest,FIR registered,against,Jantar Mantar protest
a418af7ed843c240_p001,a418af7ed843c240,EVT_01449,the_times_of_india,leader of the opposition,Election Strategy,Negative,The debate on Public Examinations (Prevention of Unfair Means) Amendment Bill in RS Thursday turned into a heated argument between treasury benches and opposition when leader of the opposition,debate,turn into,heated argument
a418af7ed843c240_p003,a418af7ed843c240,EVT_01449,the_times_of_india,BJP (Indian National Congress party),Curriculum Development and Governance,Negative,"""Kharge alleged portions of Manusmriti have become part of the ""curriculum"" under BJP govt. He was challenged by leader of the House J P Nadda, who asked the LoP to produce the ""original manuscript"" for authentication.""
",Kharge,alleged,Manusmriti in curriculum
a418af7ed843c240_p004,a418af7ed843c240,EVT_01449,the_times_of_india,Kharge,Election Strategy,Negative,"""Manusmriti teaches that if a 'Shudra' listens to Veda, his ears should be filled with shards; if he reads Ved aloud, his tongue should be cut off; and if he retains its words, his body should be dismembered.""",Manusmriti,teaches,Shudra's punishment for Veda education
a418af7ed843c240_p005,a418af7ed843c240,EVT_01449,the_times_of_india,"Sudhanshu Trivedi (Bharatiya Janata Party, BJP MP)",Policy,Negative,BJP MP Sudhanshu Trivedi slammed Kharge citing B R Ambedkar's writings to argue there was no untouchability in the era of Manu.,BJP MP Sudhanshu Trivedi,slammed,Kharge
382bbe7d0f32ad0b_p003,382bbe7d0f32ad0b,EVT_01456,theprint,PM Narendra Modi,Election Strategy,Positive,"""Religion, Islam, Culture, Hindu, ideology-Bhartiya, Author: GST ki Yatra; Lifelong follower of PM Narendra Modi.""",Modi,followed,Lifelong follower
382bbe7d0f32ad0b_p004,382bbe7d0f32ad0b,EVT_01456,theprint,Prime Minister Narendra Modi,Election Strategy,Positive,"""a ‘lifelong follower’ of Prime Minister Narendra Modi""",Congress,accused,Modi of bulldozing
382bbe7d0f32ad0b_p009,382bbe7d0f32ad0b,EVT_01456,theprint,Shehzad Jai Hind,Election Strategy,Negative,@Shehzad_Ind I will ensure that all citizens are provided with equal opportunities in the upcoming elections.,,,
382bbe7d0f32ad0b_p010,382bbe7d0f32ad0b,EVT_01456,theprint,Shehzad Jai Hind,Protest,Negative,"@Shehzad_Ind July 30, 2026: Shehzad Jai Hind (@Shehzad_Ind) July 30, 2026",Shehzad Jai Hind,received,Negative sentiment score
382bbe7d0f32ad0b_p011,382bbe7d0f32ad0b,EVT_01456,theprint,Poonawalla,Election Strategy,Negative,"a lawyer by training, Poonawalla grabbed headlines in 2017 when he termed the Congress presidential election process as rigged and claimed it was rigged in favour of Rahul Gandhi to elevate him to the post of party president.",Poonawalla,claimed,rigged in favour of Rahul Gandhi
382bbe7d0f32ad0b_p012,382bbe7d0f32ad0b,EVT_01456,theprint,Congress leaders,Corruption,Negative,treated him very shabbily,Congress,treated,him shabbily
382bbe7d0f32ad0b_p013,382bbe7d0f32ad0b,EVT_01456,theprint,PM Modi,Election Strategy,Negative,used his claims to hit out at the Congress and the rival party’s presidential elections.,hit out at,attacked,Congress and the rival party's presidential elections
382bbe7d0f32ad0b_p014,382bbe7d0f32ad0b,EVT_01456,theprint,Shehzad,Protest,Negative,Shehzad openly criticized the Congress leadership’s internal elections.,Shehzad,criticized,Congress leadership's internal elections
382bbe7d0f32ad0b_p015,382bbe7d0f32ad0b,EVT_01456,theprint,BJP spokesperson,Corruption,Negative,He started working for the Congress in 2008.,He,worked for,Congress
382bbe7d0f32ad0b_p016,382bbe7d0f32ad0b,EVT_01456,theprint,the politician,Election Strategy,Positive,He was first given responsibility at the state level and was later elevated to the position of the national spokesperson.,He,given responsibility,state level position
6af5517b295fef90_p002,6af5517b295fef90,EVT_01459,the_times_of_india,Nasreen,Emotional Connection,Positive,"Describing her return as an emotional homecoming, Nasreen said",Nasreen,described,return as emotional homecoming
6af5517b295fef90_p005,6af5517b295fef90,EVT_01459,the_times_of_india,Left Front government,Violence,Negative,in West Bengal in 2003 for allegedly hurting the religious sentiments of the Muslim community.,Left Front government,hurting,religious sentiments of Muslim community
4ce6624b00154ade_p002,4ce6624b00154ade,EVT_01456,the_times_of_india,Shehzad Poonawalla,Election Strategy,Negative,"""Religion Islam, Culture~Hindu,Ideology~Bhartiya : âï¸Author: GST Ki Yatra,""","Religion Islam, Culture~Hindu,Ideology~Bhartiya",mentioned,inquote GST Ki Yatra
4ce6624b00154ade_p002,4ce6624b00154ade,EVT_01456,the_times_of_india,Shehzad Poonawalla,Protest,Negative,"""Lifelong follower of PM @narendramodi.""",,,
4ce6624b00154ade_p004,4ce6624b00154ade,EVT_01456,the_times_of_india,Poonawalla (and Tehseen Poonawalla),Election Strategy,Positive,"He has been a vocal supporter of Prime Minister Narendra Modi and the BJP, frequently defending the party on television debates and social media",He,support,Poonawalla (and Tehseen Poonawalla) on Election Strategy
4ce6624b00154ade_p004,4ce6624b00154ade,EVT_01456,the_times_of_india,Congress (and Rahul Gandhi),Election Strategy,Negative,"launching sharp attacks on the Congress and its leaders, including Rahul Gandhi",Congress,attacked,Rahul Gandhi
4ce6624b00154ade_p005,4ce6624b00154ade,EVT_01456,the_times_of_india,Trisha Mahajan,Professionalism and Journalism Excellence,Positive,"A keen reader with a strong interest in storytelling that adds context, clarity, and depth to complex issues.",A keen reader,adds,"context, clarity, and depth to complex issues"
8554f0cd2ae74041_p001,8554f0cd2ae74041,EVT_01550,the_times_of_india,Rahul Gandhi,Protest,Negative,"In Tamil Nadu, Rahul Gandhi's appeal to parties with 'Ettappan' warning",Rahul Gandhi,appealed to,parties
8554f0cd2ae74041_p002,8554f0cd2ae74041,EVT_01550,the_times_of_india,Karan Manral,Corruption,Negative,"Karan Manral / TIMESOFINDIA.COM / Updated: Aug 01, 2026, 19:45 IST",TIMESOFINDIA.COM,reported,Karan Manral
8554f0cd2ae74041_p003,8554f0cd2ae74041,EVT_01550,the_times_of_india,Rahul Gandhi (Congress leader),Corruption,Negative,"There is an attempt by the BJP to carry out delimitation. It is designed to disenfranchise people and take away the political power of the people of Tamil Nadu. This is a BJP conspiracy,â",BJP,conspiracy,against Tamil Nadu people
8554f0cd2ae74041_p004,8554f0cd2ae74041,EVT_01550,the_times_of_india,Rahul Gandhi,Protest,Negative,"No Tamil person should support delimitation. Every Tamil person should oppose delimitation. Every Tamil party and every national party should defeat delimitation in the House,â the Wayanad MP said.",Tamil people,oppose,delimitation
8554f0cd2ae74041_p004,8554f0cd2ae74041,EVT_01550,the_times_of_india,Rahul Gandhi,Violence,Negative,"Such a person is a 21st-century âEttappanâ,â the leader of opposition in the Lok Sabha added.",Lok Sabha leader,added,21st-century 'Ettappan'
8554f0cd2ae74041_p004,8554f0cd2ae74041,EVT_01550,the_times_of_india,Rahul Gandhi,Policy,Negative,"No Tamil person should support delimitation. Every Tamil person should oppose delimitation. Every Tamil party and every national party should defeat delimitation in the House,â the Wayanad MP said.",MP,said,opposition to delimitation
fffdc2e880ad62d3_p003,fffdc2e880ad62d3,EVT_01625,the_times_of_india,DK Shivakumar,Protest,Negative,"Responding to the growing protests in Karnataka, chief minister DK Shivakumar",Karnataka,protested,Shivakumar
fffdc2e880ad62d3_p005,fffdc2e880ad62d3,EVT_01625,the_times_of_india,Karnataka government,Law & Order,Negative,seeking directions to the Karnataka government,seeking,seeking,directions to the Karnataka government
fffdc2e880ad62d3_p005,fffdc2e880ad62d3,EVT_01625,the_times_of_india,DMK (Dravida Munnetra Kazhagam),"Development, Policy",Positive,seeking directions to the Karnataka government,seeking,seeking,directions to the Karnataka government
fffdc2e880ad62d3_p006,fffdc2e880ad62d3,EVT_01625,the_times_of_india,DMK (Dravida Munnetra Kazhagam),"Law & Order, Policy",Negative,"""the DMK said in its plea.The party also sought a direction to Karnataka to clear the accumulated shortfall in water releases.""",DMK,said,plea
fffdc2e880ad62d3_p007,fffdc2e880ad62d3,EVT_01625,the_times_of_india,State Government/CWMA,Law & Order,Negative,"""make good the accumulated backlog of about 9.46 TMC due at Biligundlu as on July 26, 2026,...""",State Government/CWMA,neglected, backlog issues
fffdc2e880ad62d3_p007,fffdc2e880ad62d3,EVT_01625,the_times_of_india,State Government/CWMA,Law & Order,Negative,"""ensuring releases such that about 7,000 cusecs per day is realised at Biligundlu over a period of 15 days""",CWMA,mandated,release water
fffdc2e880ad62d3_p007,fffdc2e880ad62d3,EVT_01625,the_times_of_india,State Government/CWMA,Law & Order,Negative,"""monitor reservoir releases in Karnataka and the flows realised at Biligundlu on a day-to-day basis""",State Government/CWMA,monitors,reservoir releases and flows at Biligundlu
fffdc2e880ad62d3_p009,fffdc2e880ad62d3,EVT_01625,the_times_of_india,Shivakumar,Water Management,Negative,"Kabini reservoir is filling up. Once a dam is full, water has to be released. It is impossible to hold it back.",Kabini reservoir,filling up,
fffdc2e880ad62d3_p010,fffdc2e880ad62d3,EVT_01625,the_times_of_india,Protesters,Violence,Negative,No one should lie down in the path of flowing water.,No one,lie down,Protesters in path of water
fffdc2e880ad62d3_p011,fffdc2e880ad62d3,EVT_01625,the_times_of_india,Government,Law & Order,Positive,Our government is committed to safeguarding the welfare of Karnataka's farmers,government,committed,farmers welfare
fffdc2e880ad62d3_p012,fffdc2e880ad62d3,EVT_01625,the_times_of_india,BJP (Tamil Nadu),Election Strategy,Negative,"He also accused the BJP of ""politicising"" the issue",He,accused,BJP of politicizing the issue
21002279d4514d7b_p001,21002279d4514d7b,EVT_01495,the_times_of_india,PM Modi,Law & Order,Negative,Forgiveness only on reel or will you withdraw cases?,critics,accused,PM Modi on handling cases
21002279d4514d7b_p004,21002279d4514d7b,EVT_01495,the_times_of_india,Prime Minister Narendra Modi,Violence,Negative,"PM Modi said, ""Today I just feel like talking to you.""
",,,
21002279d4514d7b_p004,21002279d4514d7b,EVT_01495,the_times_of_india,Cockroach Janta Party (CJP) founder Abhijeet Dipke,Protest,Negative,"""Fraand, sirf reel par hi maaf karoge ya cases bhi wapas loge?(Friend, will you forgive them only through reels, or will you also withdraw the cases)?""
",Friend,asked,Abhijeet Dipke to forgive
21002279d4514d7b_p005,21002279d4514d7b,EVT_01495,the_times_of_india,Prime Minister,Policy,Positive,"Acknowledging the public outrage over the incident, the Prime Minister urged people to view the matter through the lens of reform rather than punishment.",Acknowledged,urged,view matter
21002279d4514d7b_p006,21002279d4514d7b,EVT_01495,the_times_of_india,Students,Development,Positive,"He urged people to forgive them, guide them in the right direction, and help them reform",He,urged,"people to forgive them, guide them in the right direction, and help them reform"
21002279d4514d7b_p007,21002279d4514d7b,EVT_01495,the_times_of_india,Prime Minister,Law & Order,Negative,"Punishing them, dragging them through court proceedings, and harassing them in society",Punishing,doing,them
21002279d4514d7b_p008,21002279d4514d7b,EVT_01495,the_times_of_india,PM Modi,Law & Order,Positive,"Society, too, should accept this,"" PM Modi said, while urging the students to learn from their mistakes and move forward.",Society,accept,statement by PM Modi
21002279d4514d7b_p009,21002279d4514d7b,EVT_01495,the_times_of_india,PM Modi,Protest,Negative,'Followed by PM Modi',Congress,accused,Modi of bulldozing
21002279d4514d7b_p010,21002279d4514d7b,EVT_01495,the_times_of_india,Dipke,Corruption,Negative,"Questioning the criminal proceedings, Dipke argued that abusive language, while objectionable, should not automatically attract criminal prosecution.",Dipke,argued,abusive language
21002279d4514d7b_p011,21002279d4514d7b,EVT_01495,the_times_of_india,BJP (Bharatiya Janata Party),"Corruption, Development",Negative,"And it will be against BJP's leaders, who have used bad language for years, even inside the Parliament",BJP,used,bad language
21002279d4514d7b_p011,21002279d4514d7b,EVT_01495,the_times_of_india,BJP (Bharatiya Janata Party),Violence,Negative,they have abused women the most.,they,abused,women
21002279d4514d7b_p012,21002279d4514d7b,EVT_01495,the_times_of_india,PM Modi,Development,Negative,Your skin is brighter than the country's future.,brighter,compared,PM Modi's future
21002279d4514d7b_p013,21002279d4514d7b,EVT_01495,the_times_of_india,Subhadra Srivastava,Development,Positive,"With over three years of experience, she focuses on national and global developments, conflict, diplomacy and their impact on India.",she,focuses,"national and global developments, conflict, diplomacy and their impact on India"
5d0302369999ab45_p001,5d0302369999ab45,EVT_01495,hindustan_times,PM Modi,Violence,Negative,'Is this forgiveness only for the reel?',Is,accused,this forgiveness only for the reel? of PM Modi
5d0302369999ab45_p002,5d0302369999ab45,EVT_01495,hindustan_times,PM Modi,Protest,Negative,"PM Modi in a video said he was forgiving students who hurled abuses at him and his late mother during the Jantar Mantar protest, saying they were “misguided”",PM Modi,forgiving,students
5d0302369999ab45_p003,5d0302369999ab45,EVT_01495,hindustan_times,Abhijeet Dipke,Protest,Negative,"responded to an Instagram video posted by Prime Minister Narendra Modi about the students who had abused him, questioning whether the Prime Minister's message was ""only for the camera"".",responded,questioned,message authenticity
5d0302369999ab45_p004,5d0302369999ab45,EVT_01495,hindustan_times,PM Modi,Protest,Positive,"In the video, PM Modi said he was forgiving students who hurled abuses at him and his late mother during the Jantar Mantar protest",PM Modi,forgiving,students who hurled abuses at him and his late mother
5d0302369999ab45_p005,5d0302369999ab45,EVT_01495,hindustan_times,Government,Law & Order,Negative,"Will you forgive them only in a reel/on camera, or will you also withdraw the cases",Government,threatened,cases
5d0302369999ab45_p006,5d0302369999ab45,EVT_01495,hindustan_times,Prime Minister,Protest,Negative,"The girl, who was identified as a 25-year-old in the FIR, has reportedly apologised for her remarks in a video message, wherein she said she was just 15.",girl,apologized for,remarks
5d0302369999ab45_p007,5d0302369999ab45,EVT_01495,hindustan_times,Prime Minister,Protest,Negative,"""I came under the influence of some people at the protest and said a lot of bad things against the Prime Minister,\"" she said",she,said,bad things against the Prime Minister
5d0302369999ab45_p009,5d0302369999ab45,EVT_01495,hindustan_times,PM Modi,Leadership and Guidance,Positive,‘Let’s guide the misguided’: PM Modi,PM Modi,quoted,guiding misguided
5d0302369999ab45_p010,5d0302369999ab45,EVT_01495,hindustan_times,PM Modi,Protest and Counter-Protest,Negative,"""Abuses never solve anything. Let’s guide the misguided. Let’s work together. Let’s work for Bharat,""",PM Modi,defended,Abuses
5d0302369999ab45_p012,5d0302369999ab45,EVT_01495,hindustan_times,Prime Minister,Law & Order,Positive,"""These are misguided children, and showing them the way is our duty; we will not be able to change circumstances by punishing them, making them run around the courts, or harassing them in society,"" PM Modi said.",PM Modi,said,Law & Order stance
5d0302369999ab45_p013,5d0302369999ab45,EVT_01495,hindustan_times,BJP IT cell,Corruption,Negative,When will cases be registered against BJP IT cell people?,When,will,cases be registered against BJP IT cell people?
5d0302369999ab45_p014,5d0302369999ab45,EVT_01495,hindustan_times,Dipke (CJP convenor),Law & Order,Negative,"""two laws"" in the country",two laws,exists,country
5d0302369999ab45_p015,5d0302369999ab45,EVT_01495,hindustan_times,BJP,Violence,Negative,“When will cases be registered against those BJP IT cell people who have been using abusive language for women online for years?”,People,accuse,BJP leadership
5d0302369999ab45_p016,5d0302369999ab45,EVT_01495,hindustan_times,CM of UP,Violence,Negative,"""The CM of UP... even had a video, where he had abused a camera person. So, what is going on? Are there two laws in this country?""",CM,abused,camera person
5d0302369999ab45_p019,5d0302369999ab45,EVT_01495,hindustan_times,Media (News Desk),Policy,Positive,"Stories undergo editorial scrutiny and verification processes to ensure accuracy, fairness and relevance, and are updated as events evolve and additional information becomes available.",Stories,scrutiny,"accuracy, fairness and relevance"
279f5cb4426ab462_p001,279f5cb4426ab462,EVT_01497,the_times_of_india,PM Modi,Development,Positive,Airports were earlier named after one family: PM Modi inaugurates Andhra's Bhogapuram airport,named,after,PM Modi
279f5cb4426ab462_p002,279f5cb4426ab462,EVT_01497,the_times_of_india,Subhadra Srivastava,Protest,Negative,Edited by: Subhadra Srivastava / TIMESOFINDIA.COM,,,
279f5cb4426ab462_p003,279f5cb4426ab462,EVT_01497,the_times_of_india,Prime Minister Narendra Modi,Development,Positive,"The PM said the NDA government was working at ""double speed"" for the state's development.",PM,said,NDA government was working at double speed for state's development
279f5cb4426ab462_p003,279f5cb4426ab462,EVT_01497,the_times_of_india,Alluri Sitarama Raju International Airport,Development,Positive,The PM inaugurated the Alluri Sitarama Raju International Airport at Bhogapuram,PM,inaugurated,Alluri Sitarama Raju International Airport
279f5cb4426ab462_p003,279f5cb4426ab462,EVT_01497,the_times_of_india,PM Modi,Criticism of Gandhi Family,Negative,"He said the NDA government had instead chosen to honour national icons by naming airports after figures such as Valmiki, Sant Ravidas and Alluri Sitarama Raju.",Congress,accused,Modi of bulldozing
279f5cb4426ab462_p004,279f5cb4426ab462,EVT_01497,the_times_of_india,PM,Cultural Celebration,Positive,"The PM was accorded a grand ceremonial welcome, with around 13,500 tribal women performing the traditional Dhimsa dance.",PM,welcomed,tribal women
279f5cb4426ab462_p004,279f5cb4426ab462,EVT_01497,the_times_of_india,PM,Cultural Preservation & Promotion,Positive,"The airport premises were adorned with displays celebrating Andhra Pradesh's rich cultural heritage, including Etikoppaka artwork and motifs depicting the state's geographical identity.",Displays,celebrate,Cultural Heritage
279f5cb4426ab462_p006,279f5cb4426ab462,EVT_01497,the_times_of_india,GMR Group,Development,Positive,"Developed by the GMR Group, the airport has been named after freedom fighter Alluri Sitarama Raju.",GMR Group,developed,airport
279f5cb4426ab462_p006,279f5cb4426ab462,EVT_01497,the_times_of_india,Alluri Sitarama Raju,Development,Positive,"It has been designed to handle six million passengers annually in its first phase, with a long-term expansion plan to increase capacity to 40 million passengers a year.",Designed,to handle,six million passengers annually
279f5cb4426ab462_p006,279f5cb4426ab462,EVT_01497,the_times_of_india,August 17,Development,Positive,Commercial flight operations are scheduled to begin on August 17.,,,
279f5cb4426ab462_p007,279f5cb4426ab462,EVT_01497,the_times_of_india,PM Modi,Development,Positive,"The Andhra Pradesh government has projected the airport as a key catalyst for industrial growth, employment generation, exports, skill development and improved connectivity across North Andhra.",Andhra Pradesh government,projected,airport
279f5cb4426ab462_p007,279f5cb4426ab462,EVT_01497,the_times_of_india,Naidu,Development,Positive,"Following the inauguration, chief minister Naidu felicitated PM Modi with a traditional shawl",Naidu,felicitated,Modi
279f5cb4426ab462_p008,279f5cb4426ab462,EVT_01497,the_times_of_india,Naidu (Andhra Pradesh Chief Minister),Development,Positive,"He said the NDA government was working at ""double speed"" for the state's development, highlighted railway projects worth around Rs 1 lakh crore",NDA government,working,development
279f5cb4426ab462_p008,279f5cb4426ab462,EVT_01497,the_times_of_india,Naidu (Andhra Pradesh Chief Minister),Development,Positive,"He said the NDA government was working at ""double speed"" for the state's development",NDA government,working,development
279f5cb4426ab462_p008,279f5cb4426ab462,EVT_01497,the_times_of_india,Naidu (Andhra Pradesh Chief Minister),Development,Positive,railway projects worth around Rs 1 lakh crore,Naidu,mentioned,railway projects
279f5cb4426ab462_p009,279f5cb4426ab462,EVT_01497,the_times_of_india,Prime Minister,Development,Positive,The Prime Minister also laid the foundation stone for Andhra Pradesh's first semiconductor manufacturing facility,Prime Minister,laid,foundation stone
279f5cb4426ab462_p010,279f5cb4426ab462,EVT_01497,the_times_of_india,Government,Development,Positive,"He launched power transmission projects worth over Rs 9,900 crore to strengthen the National Grid and facilitate renewable energy integration from Kurnool and Ananthapuram.He further dedicated to the nation and laid the foundation stone for National Highway projects worth over Rs 1,880 crore",He,launched,projects
279f5cb4426ab462_p010,279f5cb4426ab462,EVT_01497,the_times_of_india,Government,Development,Positive,"These projects will improve regional connectivity, reduce travel time between Visakhapatnam and Hyderabad, ease congestion and enhance road safety.",Government,improve,"connectivity, travel time, congestion, safety"
e427b3585dfb568f_p001,e427b3585dfb568f,EVT_01497,hindustan_times,PM Modi,Development,Positive,inaugrates Andhra Pradesh’s Bhogapuram international airport,inaugrates,praised,Bhogapuram international airport
e427b3585dfb568f_p002,e427b3585dfb568f,EVT_01497,hindustan_times,Airport Expansion Project,Development,Positive,"The airport has been designed to handle six million passengers annually in the first phase, with a master plan to expand capacity to 40 million passengers annually.",master plan,expand,capacity to 40 million passengers annually
e427b3585dfb568f_p003,e427b3585dfb568f,EVT_01497,hindustan_times,Prime Minister Narendra Modi,Development,Positive,"announced that the Centre will extend all its support to the upcoming Visakhapatnam Economic Region, which will play a pivotal role in Andhra Pradesh’s development journey",Centre,extend,support to Visakhapatnam Economic Region
e427b3585dfb568f_p004,e427b3585dfb568f,EVT_01497,hindustan_times,PM Modi,Honoring Pioneers and Their Work,Positive,"Modi said it was a matter of pride that the Bhogapuram airport had been named after freedom fighter Alluri Sitarama Raju, who sacrificed his life for the rights of tribal communities.",Modi,praised,Bhogapuram airport naming
e427b3585dfb568f_p005,e427b3585dfb568f,EVT_01497,hindustan_times,PM Modi,Development,Positive,"He said the National Democratic Alliance (NDA) government’s development strategy was centred on attracting investments that would generate employment, increase production, boost exports, and ultimately improve the quality of life for people.",NDA government,focus,development strategy
e427b3585dfb568f_p006,e427b3585dfb568f,EVT_01497,hindustan_times,NDA (National Democratic Alliance),Development,Positive,"""Investment leads to production, production leads to exports, exports create employment, and employment transforms people’s lives. This is the development model the NDA government is pursuing,"" the Prime Minister said.",NDA government,pursuing,development model
e427b3585dfb568f_p007,e427b3585dfb568f,EVT_01497,hindustan_times,Andhra Pradesh Government,Development,Positive,"He described the day as a landmark in Andhra Pradesh’s march towards achieving the ‘Swarna Andhra Vision’, and said projects worth nearly ₹18,000 crore, including the inauguration of the new international airport, were launched.",He,described,the day as landmark
e427b3585dfb568f_p008,e427b3585dfb568f,EVT_01497,hindustan_times,PM Modi,Development,Positive,"Calling the airport a “runway and launch pad” for the aspirations of North Andhra’s youth, Modi said it would significantly enhance employment opportunities and regional development.",Modi,said,enhance employment opportunities and regional development
e427b3585dfb568f_p009,e427b3585dfb568f,EVT_01497,hindustan_times,NDA government,Development,Positive,"""Air connectivity had expanded to smaller towns, while the UDAN regional connectivity scheme had enabled millions of first-time passengers to travel by air,"" he said.",,,
e427b3585dfb568f_p010,e427b3585dfb568f,EVT_01497,hindustan_times,government,Development,Positive,"""it had strengthened international air connectivity to 25 countries""",Government,strengthened,international air connectivity
e427b3585dfb568f_p011,e427b3585dfb568f,EVT_01497,hindustan_times,N. Chandrababu Naidu,Development,Positive,"""people had blessed Andhra Pradesh with a ‘double-engine government,’ enabling the NDA administration under Chief Minister N. Chandrababu Naidu and Deputy Chief Minister Pawan Kalyan to accelerate development.""",N. Chandrababu Naidu,blessed,Andhra Pradesh with a 'double-engine government'
e427b3585dfb568f_p012,e427b3585dfb568f,EVT_01497,hindustan_times,Government,Development,Positive,"Built at a cost of nearly ₹4,727 crore in a record time of 31 months.",Government,spent,"₹4,727 crore"
e427b3585dfb568f_p013,e427b3585dfb568f,EVT_01497,hindustan_times,Airport Development Initiative,Development,Positive,"The airport has been designed to handle six million passengers annually in the first phase, with a master plan to expand capacity to 40 million passengers annually in the future.",airport,designed,handle six million passengers annually
e427b3585dfb568f_p014,e427b3585dfb568f,EVT_01497,hindustan_times,Government or Development Authority,Development,Positive,project is expected to play a pivotal role in boosting economic growth,project,play,boost economic growth
e427b3585dfb568f_p014,e427b3585dfb568f,EVT_01497,hindustan_times,Government or Development Authority,Development,Positive,"boosting tourism, industrial investments, exports, logistics, aerospace and defence sectors",Government,boosted,sectors
e427b3585dfb568f_p015,e427b3585dfb568f,EVT_01497,hindustan_times,GMR Visakhapatnam International Airport Limited (GVIAL),Development,Positive,The airport has been developed by GMR Visakhapatnam International Airport Limited (GVIAL),GVIAL,developed,GMR Visakhapatnam International Airport Limited (GVIAL)
e427b3585dfb568f_p016,e427b3585dfb568f,EVT_01497,hindustan_times,Political Leaders or Project Developers,Development,Positive,"The integrated project spans 2,703.26 acres, and includes comprehensive airside infrastructure, commercial development, residential zones and approach roads.",Political Leaders,developed,integrated project
e427b3585dfb568f_p017,e427b3585dfb568f,EVT_01497,hindustan_times,Airport Development,Development,Positive,"A key highlight is its 3,800-metre Code-E runway, capable of handling wide-body aircraft such as the Boeing 777, Boeing 787 Dreamliner, Airbus A330 and Airbus A340.",Airport,have,capabilities
e427b3585dfb568f_p017,e427b3585dfb568f,EVT_01497,hindustan_times,Airport Infrastructure,Development,Positive,"The airport is also equipped with advanced airfield lighting, navigation aids and CNS/ATM infrastructure to support both domestic and international operations.",airport,equip_with,advanced infrastructure
e427b3585dfb568f_p018,e427b3585dfb568f,EVT_01497,hindustan_times,North Andhra's export ecosystem,Development,Positive,Bhogapuram Airport is expected to significantly strengthen North Andhra’s export ecosystem,Bhogapuram Airport,strengthen,North Andhra’s export ecosystem
d19519ad5c3c864d_p001,d19519ad5c3c864d,EVT_01467,hindustan_times,Abhijeet Dipke (Cockroach Janta Party founder),Health Issues/Public Perception,Negative,felt uneasy and vomited,felt,uneasy,vomited
d19519ad5c3c864d_p002,d19519ad5c3c864d,EVT_01467,hindustan_times,Dipke,Health & Safety Issues,Negative,"felt restless and went to the rear area of his residence, where he vomited.",Dipke,went to,rear area
d19519ad5c3c864d_p004,d19519ad5c3c864d,EVT_01467,hindustan_times,Dipke,Health & Illness,Negative,"During the protests at Jantar Mantar in New Delhi, Dipke on July 25 said he had been diagnosed with typhoid.",Dipke,said,had been diagnosed with typhoid
d19519ad5c3c864d_p006,d19519ad5c3c864d,EVT_01467,hindustan_times,CJP's Abhijeet Dipke,Health Crisis/Emergency,Negative,Falls Sick Days After Delhi Protests,Falls,after,Protests
310388e624443f58_p002,310388e624443f58,EVT_01468,the_times_of_india,Kumar Rakesh,Election Strategy,Negative,Kumar Rakesh / TNN,accused,of,bulldozing Modi
310388e624443f58_p003,310388e624443f58,EVT_01468,the_times_of_india,PM Narendra Modi,Reconciliation,Positive,"I will forgive young protesters accused of abusing him and his late mother, saying they are misguided children",I,forgive,young protesters
310388e624443f58_p004,310388e624443f58,EVT_01468,the_times_of_india,PM Modi,Protest,Negative,"Everybody saw what happened at Jantar Mantar,â the PM said.",,said,PM Modi saw at Jantar Mantar
310388e624443f58_p005,310388e624443f58,EVT_01468,the_times_of_india,PM Modi,Forgiveness and Reconciliation,Positive,I want to forgive them.,PM Modi,forgave,them
b32afd30667878fb_p001,b32afd30667878fb,EVT_01507,the_times_of_india,Anil Ambani and Reliance Capital,Fraud,Negative,"CBI books Anil Ambani, Reliance Capital in Rs 1,816 crore EPFO fraud case",CBI,books,"Anil Ambani, Reliance Capital in Rs 1,816 crore EPFO fraud case"
b32afd30667878fb_p002,b32afd30667878fb,EVT_01507,the_times_of_india,RCL (Reliance Capital Ltd),Fraud,Negative,"The EPFO invested in RCLâs secured non-convertible debentures, on which the company subsequently defaulted on repayment.",EPFO,invested,RCL's debentures
b32afd30667878fb_p002,b32afd30667878fb,EVT_01507,the_times_of_india,Anil Ambani (ex-chairman of Reliance Capital Ltd),Corruption,Negative,"The CBI registered a cheating case against Reliance Capital Ltd (RCL), its ex-chairman Anil Ambani and unknown public servants",CBI,registered,"case against RCL, Ambani and servants"
b32afd30667878fb_p003,b32afd30667878fb,EVT_01507,the_times_of_india,Anil Ambani,Fraud,Negative,"""The FIR registered by the CBI pertains to Reliance Capital Limited. Mr Ambani denies any wrongdoing, whatsoever, and reserves all rights available to him in law.""",CBI,registered,FIR against Reliance Capital Limited
b32afd30667878fb_p005,b32afd30667878fb,EVT_01507,the_times_of_india,RCL (Reposco Limited),Corruption,Negative,"The remaining amount of Rs 1007 crore, along with Rs 809 crore interest, remained unpaid.",Company,owed,money by RCL
b32afd30667878fb_p006,b32afd30667878fb,EVT_01507,the_times_of_india,RCL (Reliance Capital Limited),Corruption,Negative,"""the conduct of and transactions entered into Reliance Capital Limited and the persons in charge of its management during the period 7 December 2019 to 6 December 2021 disclose various fraudulent transactions.""",Conduct,disclose,Fraudulent transactions
b32afd30667878fb_p006,b32afd30667878fb,EVT_01507,the_times_of_india,RCL (Reliance Capital Limited),Corruption,Negative,"""various fraudulent transactions have been found which also led to ultimate failure of RCL as a consequence of siphoning off of money of RCL.""",fraudulent transactions,found,RCL
6082203d5399e045_p001,6082203d5399e045,EVT_01530,the_hindu,Army's Intelligence units and Rajasthan Police,Development,Positive,"A joint operation by the Army’s Intelligence units and the Rajasthan Police has uncovered a counterfeit military combat uniform racket in Rajasthan’s Sriganganagar district, leading to the seizure of nearly 1,000 metres of unauthorised Army-pattern combat cloth.",Army's Intelligence units and Rajasthan Police,undertook,operation against counterfeit uniform racket
6082203d5399e045_p003,6082203d5399e045,EVT_01530,the_hindu,Local Firm,Corruption,Negative,"investigation identified a local firm as a key link in the supply chain, allegedly distributing counterfeit Army-pattern combat cloth",investigation,identified,local firm
6082203d5399e045_p005,6082203d5399e045,EVT_01530,the_hindu,Military Authorities,Violence,Negative,"unauthorised possession, sale or use of military-pattern combat cloth is a punishable offence and poses a significant security risk by potentially facilitating the impersonation of armed forces personnel.",Military Authorities,prohibited,military-pattern combat cloth
6082203d5399e045_p006,6082203d5399e045,EVT_01530,the_hindu,Manufacturers and Suppliers,Corruption,Negative,"investigation is continuing to identify the manufacturers, suppliers, and distribution network behind the counterfeit military-pattern fabric.",investigation,is continuing to identify,"manufacturers, suppliers, and distribution network behind counterfeit military-pattern fabric"
6082203d5399e045_p007,6082203d5399e045,EVT_01530,the_hindu,Local Government,Corruption,Negative,"The report alleged widespread corruption within the local government, with several officials accused of embezzling public funds.",alleged,widespread corruption within,local government
44cebd475bcf4724_p001,44cebd475bcf4724,EVT_01507,india_today,"Anil Ambani, Reliance Capital",Corruption,Negative,"CBI case against Anil Ambani, Reliance Capital over Rs 1,816 crore EPFO loss",CBI,prosecuted,"Anil Ambani, Reliance Capital"
44cebd475bcf4724_p002,44cebd475bcf4724,EVT_01507,india_today,Reliance Capital and Anil Ambani,Corruption,Negative,The CBI has filed an FIR against Reliance Capital and former chairman Anil Ambani over alleged EPFO losses.,CBI,filed FIR,Reliance Capital and Anil Ambani over EPFO losses
44cebd475bcf4724_p003,44cebd475bcf4724,EVT_01507,india_today,Anil D Ambani,Corruption,Negative,"The CBI has registered an FIR against Reliance Capital Limited (RCL) and its former chairman Anil D Ambani over allegations that the company caused a loss of Rs 1,816.22 crore to the Employees' Provident Fund Organisation (EPFO).",CBI,registered,FIR against RCL and D Ambani
44cebd475bcf4724_p004,44cebd475bcf4724,EVT_01507,india_today,Ambani,Corruption,Negative,"cheating, criminal conspiracy and wrongful loss to the EPFO.",cheating,committed,Ambani
44cebd475bcf4724_p005,44cebd475bcf4724,EVT_01507,india_today,RCL (company name implied),Fraud/Corruption,Negative,"According to the complaint, now part of the CBI FIR, RCL issued secured non-convertible debentures during 2013 and 2014.",issued,issued,debentures
44cebd475bcf4724_p005,44cebd475bcf4724,EVT_01507,india_today,RCL (company name implied),Finance/Economy,Negative,"investments totalling Rs 2,500 crore were made by portfolio managers on behalf of the EPFO in these debentures",EPFO,invested,"2,500 crore investments"
44cebd475bcf4724_p007,44cebd475bcf4724,EVT_01507,india_today,RCL (likely referring to Reliance Communications Limited),Fraud,Negative,"a transaction audit by BDO India LLP showed, prima facie, a number of fraudulent transactions by RCL and those in charge of its management",audit,showed,fraud by RCL and its management
44cebd475bcf4724_p008,44cebd475bcf4724,EVT_01507,india_today,ED (Economic和发展部门),Corruption,Negative,"The complaint further alleged, 'In addition, during an earlier period as well, various fraudulent transactions have been found which also led to ultimate failure of RCL'",Complaint,alleged,fraudulent transactions and failure
44cebd475bcf4724_p008,44cebd475bcf4724,EVT_01507,india_today,RCL (Real Capital Link),Corruption,Negative,"It said the ED probe prima facie pointed to a series of transactions involving irregular lending, diversion of funds, impairment of security and other acts by RCL that require investigation.",ED probe,pointed to,RCL activities
44cebd475bcf4724_p009,44cebd475bcf4724,EVT_01507,india_today,RCL (likely referring to Reliance Capital Limited or a related entity),Financial Crisis and Accountability,Negative,"""If established upon investigation, such conduct may have materially contributed to the financial deterioration of RCL, its inability to honour its obligation towards Debenture Holders, and the consequent loss of Rs 1,816.22 crore suffered by EPFO.""",conduct,contributed,financial deterioration of RCL
44cebd475bcf4724_p010,44cebd475bcf4724,EVT_01507,india_today,Ambani,Corruption,Negative,"""Anil Ambani denies any wrongdoing, whatsoever, and reserves all rights available to him in law. """,Anil Ambani,denies,"wrongdoing, whatsoever"
5685154388a1c2b9_p001,5685154388a1c2b9,EVT_01517,the_times_of_india,Kejriwal,Protest,Negative,Will march to PM's residence over E20,Kejriwal,protested,PM's residence over E20
5685154388a1c2b9_p002,5685154388a1c2b9,EVT_01517,the_times_of_india,Vivek Dubey,Election Strategy,Negative,"Edited by: Vivek Dubey / TIMESOFINDIA.COM / Aug 01, 2026, 14:49 IST",Timesofindia.com,edited,Vivek Dubey's statement
5685154388a1c2b9_p003,5685154388a1c2b9,EVT_01517,the_times_of_india,government,Policy,Negative,Kejriwal accused the government of shifting its position on the issue.,Kejriwal,accused,government
5685154388a1c2b9_p004,5685154388a1c2b9,EVT_01517,the_times_of_india,Aam Aadmi Party (AAP) and Arvind Kejriwal,Policy,Negative,"Government blaming opposition parties over E20 fuel, calling it our agenda, but now BJP leaders are also cursing them,",Government,blaming,opposition parties over E20 fuel
5685154388a1c2b9_p005,5685154388a1c2b9,EVT_01517,the_times_of_india,Kejriwal (AAP),Policy & Law & Order,Negative,"âEthanol is costlier than petrol, farmers are in trouble as it is polluting water, soil; govt forcing E20 on citizens over India-US trade deal,â he said",Kejriwal,said,government policies
5685154388a1c2b9_p005,5685154388a1c2b9,EVT_01517,the_times_of_india,India (through Kejriwal),Development & Corruption,Negative,India's ethanol imports would rise fivefold compared with last year after the introduction of E20 fuel.,India,imported,ethanol
5685154388a1c2b9_p007,5685154388a1c2b9,EVT_01517,the_times_of_india,Kejriwal (Delhi CM),Policy,Positive,"""The Centre says studies have been conducted and E20 does not harm vehicles. I want them to share that report, "" he said.",Centre,conducted studies,E20 not harming vehicles
5696d4fbe98c8592_p002,5696d4fbe98c8592,EVT_01517,hindustan_times,AAP,Protest,Negative,attacks by the AAP,AAP,attacks,AAP
5696d4fbe98c8592_p004,5696d4fbe98c8592,EVT_01517,hindustan_times,Aam Aadmi Party (AAP),Protest,Positive,The announcement marks the latest move by the Aam Aadmi Party (AAP) to escalate its campaign against the Centre's mandatory ethanol-blending policy.,AAP,escalate,campaign
5696d4fbe98c8592_p005,5696d4fbe98c8592,EVT_01517,hindustan_times,PM,Protest,Positive,A 100-member march to the PM's residence,Marchers,protested,PM's residence
5696d4fbe98c8592_p006,5696d4fbe98c8592,EVT_01517,hindustan_times,Kejriwal,Policy,Positive,revealed his bid to launch a march to the prime minister's residence in order to demand a more fair fuel policy.,Kejriwal,bid,launch march
5696d4fbe98c8592_p007,5696d4fbe98c8592,EVT_01517,hindustan_times,Prime Minister,Development,Positive,"""More than 2,00,000 people have signed it online, and I have taken printouts of those signatures.""",I,took,printouts of signatures
5696d4fbe98c8592_p009,5696d4fbe98c8592,EVT_01517,hindustan_times,AAP leader,Law & Order,Negative,“not afraid of police batons”,AAP leader,asserted,police brutality
5696d4fbe98c8592_p010,5696d4fbe98c8592,EVT_01517,hindustan_times,Politician or Activist,Protest,Positive,"""I will take 100 people with me who are not afraid of police batons,"" he said. ""I will take 100 people with me who are not afraid of going to jail."" We will take 100 people with us, march toward the Prime Minister's residence, and then see what happens.",,,
5696d4fbe98c8592_p013,5696d4fbe98c8592,EVT_01517,hindustan_times,Tehseen Poonawalla,Protest,Negative,Also Read I Tehseen Poonawalla claims house arrest ahead of hunger strike over E20 petrol: 'Nitin Gadkari is scared',Tehseen Poonawalla,claims,house arrest ahead of hunger strike over E20 petrol
5696d4fbe98c8592_p014,5696d4fbe98c8592,EVT_01517,hindustan_times,Kejriwal,Election Strategy,Negative,"In a further appeal, Kejriwal also requested people to refrain from purchasing petrol and diesel vehicles until E100 vehicles are manufactured in the country.",Kejriwal,requested,people to refrain
5696d4fbe98c8592_p016,5696d4fbe98c8592,EVT_01517,hindustan_times,AAP (Aam Aadmi Party),Protest,Negative,repeated inconsistencies in the statements given by Union ministers,Union ministers,given,inconsistencies
5696d4fbe98c8592_p017,5696d4fbe98c8592,EVT_01517,hindustan_times,Kejriwal (Aam Aadmi Party),Policy,Negative,"Why is the Government forcing this on people? What is the interest of Govt in this? E20 petrol is not good,",Government,forcing,E20 petrol on people
5696d4fbe98c8592_p018,5696d4fbe98c8592,EVT_01517,hindustan_times,Govt,Economy and Policy,Positive,Also Read I E20 petrol saved consumers nearly ₹30 per litre during crude price spike: Govt,Govt,saved,consumers
5696d4fbe98c8592_p020,5696d4fbe98c8592,EVT_01517,hindustan_times,Centre (government),Development,Positive,The Centre further claimed that E-15 plus petrol had been in use for over three and a half years while E19-E20 fuel has been in circulation for more than two and a half years and over 20 crore two-wheelers and more than 3 crore petrol cars have operated on these fuel blends successfully without verified systemic failures.,,,
5696d4fbe98c8592_p022,5696d4fbe98c8592,EVT_01517,hindustan_times,individual (implied to be a student or young person),"Education, Development",Positive,"she is a keen reader, writer, orator, debater and learner",she,is,"a keen reader, writer, orator, debater and learner"
5696d4fbe98c8592_p023,5696d4fbe98c8592,EVT_01517,hindustan_times,she,Culture Promotion and Preservation,Positive,"She is also an avid enthusiast of studying art forms such as cinema, dance, theatre and music as a tool for cultural storytelling and actively participates in them.",She,studies,art forms
704425ffe8598106_p001,704425ffe8598106,EVT_01530,india_today,Rajasthan Police,Law & Order,Positive,"Army, Rajasthan Police bust fake uniform racket","Army, Rajasthan Police",bust,fake uniform racket
704425ffe8598106_p002,704425ffe8598106,EVT_01530,india_today,Rajasthan Police,Corruption,Negative,Army intelligence units and Rajasthan Police uncovered an alleged fake military cloth supply network in Sriganganagar.,Army intelligence units and Rajasthan Police,uncovered,fake military cloth supply network in Sriganganagar
704425ffe8598106_p003,704425ffe8598106,EVT_01530,india_today,Indian Army intelligence units and Rajasthan Police,Corruption,Negative,A joint operation by Indian Army intelligence units and Rajasthan Police has uncovered an alleged counterfeit military uniform supply network,operation,undisclosed/uncovered,counterfeit military uniform supply network
704425ffe8598106_p005,704425ffe8598106,EVT_01530,india_today,firm,Corruption,Negative,"According to officials, the firm was suspected of supplying counterfeit military-pattern cloth",Officials,suspected,firm of counterfeit cloth
704425ffe8598106_p007,704425ffe8598106,EVT_01530,india_today,Rajasthan Police,Law & Order,Positive,"Based on the findings, a coordinated operation was launched",launched,initiate,coordinated operation
704425ffe8598106_p008,704425ffe8598106,EVT_01530,india_today,Government,Corruption,Negative,"The raids resulted in the recovery of around 1,000 metres of unauthorised new-pattern combat cloth resembling material used for military uniforms.",Government,raided,unauthorised combat cloth
704425ffe8598106_p009,704425ffe8598106,EVT_01530,india_today,Political Authorities,Security & Law Enforcement,Negative,SECURITY RISK DUE TO POTENTIAL IMPERSONATION,POTENTIAL IMPERSONATION,due to,SECURITY RISK
704425ffe8598106_p010,704425ffe8598106,EVT_01530,india_today,Military officials,Law & Order,Negative,Such counterfeit material poses a significant security threat as it can be used to impersonate armed forces personnel and facilitate unlawful activities.,Military officials,receive,Negative sentiment score
704425ffe8598106_p011,704425ffe8598106,EVT_01530,india_today,Government officials,Corruption,Negative,Investigators are now probing the extent of the supply network and whether the counterfeit cloth was being distributed beyond Rajasthan to other parts of the country.,Investigators,probing,extent of supply network and distribution
eafd50da8707af4c_p001,eafd50da8707af4c,EVT_01530,hindustan_times,Government/Police,Law & Order,Negative,Illegal sale of unauthorised army-pattern combat clothes busted in Rajasthan's Sriganganagar,Illegal sale,busted,Rajasthan's Sriganganagar
eafd50da8707af4c_p003,eafd50da8707af4c,EVT_01530,hindustan_times,Indian Army and Rajasthan Police,Law & Order,Positive,"In a joint operation targeting the illegal sale of battle fatigues, the Indian Army and Rajasthan Police seized nearly 1,000 metres of unauthorised army-pattern combat cloth from multiple shops in Rajasthan’s Sriganganagar town",Indian Army and Rajasthan Police,seized,unauthorised army-pattern combat cloth
eafd50da8707af4c_p004,eafd50da8707af4c,EVT_01530,hindustan_times,Military or Law Enforcement,Corruption,Negative,"The seizure points to a wider network supplying counterfeit military uniforms to vendors in the region, it added.",Seizure,reveals,Corruption network
eafd50da8707af4c_p006,eafd50da8707af4c,EVT_01530,hindustan_times,Indian Army,Law & Order,Positive,"""Acting on this lead, Indian Army intelligence personnel conducted a discreet investigation in the city, which pointed to a local firm as a key link in the supply chain allegedly distributing counterfeit Army-pattern combat cloth...""",Indian Army,investigated,local firm
eafd50da8707af4c_p008,eafd50da8707af4c,EVT_01530,hindustan_times,Delhi Government,Development,Positive,also read: Waste dumped at Okhla landfill till 2025 cleared: Delhi government,Delhi government,cleared,Okhla landfill waste
16fa6b877b3673e3_p001,16fa6b877b3673e3,EVT_01550,hindustan_times,Rahul Gandhi,Corruption,Negative,Anybody who backs delimitation is betraying Tamil Nadu,backing,betraying,Tamil Nadu
16fa6b877b3673e3_p002,16fa6b877b3673e3,EVT_01550,hindustan_times,Tamil Nadu's political leadership or party,Election Strategy,Negative,"He urged all parties in the state to oppose the proposal, alleging it would weaken Tamil Nadu’s voice in national politics.",He,urge,parties to oppose
16fa6b877b3673e3_p003,16fa6b877b3673e3,EVT_01550,hindustan_times,Rahul Gandhi,Protest,Negative,Congress leader and Leader of Opposition in the Lok Sabha Rahul Gandhi on Saturday alleged,Rahul Gandhi,alleged,Modi
16fa6b877b3673e3_p004,16fa6b877b3673e3,EVT_01550,hindustan_times,BJP (Bharatiya Janata Party),Corruption,Negative,"""It is a very important issue for the future of the Tamil people, the Tamil language and the state of Tamil Nadu. BJP is attempting to carry out delimitation, which is designed to disenfranchise and take away power from the Tamil people. This is a BJP conspiracy,"" Gandhi said.",Gandhi,said,BJP conspiracy
16fa6b877b3673e3_p005,16fa6b877b3673e3,EVT_01550,hindustan_times,All political parties in Tamil Nadu,Policy,Negative,"He urged all parties in the state to oppose the proposal, alleging it would weaken Tamil Nadu’s voice in national politics.",He,urge,all parties in the state
16fa6b877b3673e3_p006,16fa6b877b3673e3,EVT_01550,hindustan_times,RSS (Rashtriya Swayamsevak Sangh) and BJP (Bharatiya Janata Party),Violence,Negative,"""Anybody who supports delimitation is betraying Tamil Nadu and is allowing RSS and the BJP to attack the people of Tamil Nadu,"" he said.",RSS,attacked,people of Tamil Nadu
16fa6b877b3673e3_p007,16fa6b877b3673e3,EVT_01550,hindustan_times,Spain,Development,Negative,"builds 1,600-foot sea barrier",builds,construct,sea barrier
16fa6b877b3673e3_p007,16fa6b877b3673e3,EVT_01550,hindustan_times,Ceuta migrant crisis,Protest,Negative,leaves 67 dead,leaves,dead,67
16fa6b877b3673e3_p008,16fa6b877b3673e3,EVT_01550,hindustan_times,Gandhi,Protest,Negative,"No Tamil person should support delimitation. Every single Tamil party, national party should defeat delimitation (bill) in Parliament",Tamil parties,defend,delimitation bill in Parliament
16fa6b877b3673e3_p009,16fa6b877b3673e3,EVT_01550,hindustan_times,Gandhi,Corruption,Negative,"""Anybody who supports delimitation is a 21st-century Ettappan.""",Ettappan,supported,delimitation
16fa6b877b3673e3_p010,16fa6b877b3673e3,EVT_01550,hindustan_times,Gandhi,Violence,Negative,"Earlier in the day, Gandhi met families of students who allegedly died by suicide over issues related to NEET and asserted",met,asserted,issues related to NEET
16fa6b877b3673e3_p010,16fa6b877b3673e3,EVT_01550,hindustan_times,Gandhi,Law & Order,Negative,asserted that students are told to work honestly in a system that is not honest with them.,Students,told,be honest
16fa6b877b3673e3_p011,16fa6b877b3673e3,EVT_01550,hindustan_times,Unknown Politician or Social Commentator,"Pain, Family Issues, Broken Systems",Negative,"""Nothing is more painful than seeing a parent grieve for their child. Behind every young life lost is a family carrying pain that will never leave them — and serious questions about a broken education system.""",Nothing,is more painful than,seeing a parent grieve for their child
16fa6b877b3673e3_p012,16fa6b877b3673e3,EVT_01550,hindustan_times,PM Narendra Modi,Protest,Negative,"""He has not met a single grieving parent. He has not sat with a single student whose future was stolen by a leaked paper. India’s students do not need his forgiveness. They are owed his apology.""",Students,protested,Modi's actions
16fa6b877b3673e3_p013,16fa6b877b3673e3,EVT_01550,hindustan_times,Gandhi,Policy,Negative,Responding to Gandhi’s remarks,Congress,accused,Modi of bulldozing
16fa6b877b3673e3_p013,16fa6b877b3673e3,EVT_01550,hindustan_times,Narayanan Thirupathy,Election Strategy,Positive,state BJP spokesperson Narayanan Thirupathy accused him of making irresponsible statements,Narayanan Thirupathy,accused,Modi
16fa6b877b3673e3_p014,16fa6b877b3673e3,EVT_01550,hindustan_times,The politician or individual being criticized,Protest,Negative,"Here is a person who is so irresponsible, trying to create unrest in the country",person,create,unrest
f9f1e163243b36dc_p002,f9f1e163243b36dc,EVT_01459,hindustan_times,Left Front government,Violence,Negative,Nasrin was forced to leave in November 2007 by the then Left Front government.,Left Front government,forced,Nasrin
f9f1e163243b36dc_p003,f9f1e163243b36dc,EVT_01459,hindustan_times,Taslima Nasrin,Development,Positive,"Just like history remembers who closed the door on you, it also remembers who opened the door for you",opened,did,doors
f9f1e163243b36dc_p004,f9f1e163243b36dc,EVT_01459,hindustan_times,Left Front government,Violence,Negative,"Nasrin returned to Kolkata after more than 18 years, after she was forced to leave Kolkata in November 2007 by the then Left Front government.",Left Front government,forced,Nasrin to leave Kolkata
f9f1e163243b36dc_p006,f9f1e163243b36dc,EVT_01459,hindustan_times,Delhi government,Development,Positive,Also read: Waste dumped at Okhla landfill till 2025 cleared: Delhi government,Delhi government,cleared,Okhla landfill waste
f9f1e163243b36dc_p007,f9f1e163243b36dc,EVT_01459,hindustan_times,Bharatiya Janata Party (BJP),Law & Order,Negative,granted by the Bharatiya Janata Party (BJP) government,BJP,granted,Law & Order frame
f9f1e163243b36dc_p008,f9f1e163243b36dc,EVT_01459,hindustan_times,Bangladesh Government,Violence,Negative,The Bangladesh government forced the 63-year-old author to leave the country in 1994,Bangladesh government,forced,author to leave country
f9f1e163243b36dc_p008,f9f1e163243b36dc,EVT_01459,hindustan_times,Several Muslim organisations,Violence,Negative,over her writings and the book Lajja (shame),Several Muslim organizations,received,Negative sentiment score
f9f1e163243b36dc_p009,f9f1e163243b36dc,EVT_01459,hindustan_times,Army Pattern Combat Clothes,Corruption,Negative,busted in Rajasthan's Sriganganagar,,busted,Army Pattern Combat Clothes
f9f1e163243b36dc_p010,f9f1e163243b36dc,EVT_01459,hindustan_times,Suvendu Adhikari,Development,Positive,"""You are welcome. You have experienced the change in West Bengal. You can come to West Bengal not just once, but as many times you want.""",West Bengal,experienced,change
5ca91a2b939c4e8e_p001,5ca91a2b939c4e8e,EVT_01625,hindustan_times,DMK,Policy,Positive,"moves SC, seeks immediate Cauvery water release",SC,moves,Cauvery water release
5ca91a2b939c4e8e_p003,5ca91a2b939c4e8e,EVT_01625,hindustan_times,Karnataka Government,Law & Order,Negative,seeking a direction to Karnataka to immediately release Cauvery water to Tamil Nadu and comply with the binding directions issued by the Cauvery Water Management Authority (CWMA),Karnataka Govt,ordered,release Cauvery water to Tamil Nadu
5ca91a2b939c4e8e_p007,5ca91a2b939c4e8e,EVT_01625,hindustan_times,DMK (Dravida Munnetra Kazhagu),Water Management,Positive,"""The present period is the most crucial period of the entire water year for the Cauvery Delta, and it is precisely now that the water is required to flow.""",not specified,required to flow,water
5ca91a2b939c4e8e_p008,5ca91a2b939c4e8e,EVT_01625,hindustan_times,Tamil Nadu Government,Development,Negative,"""If water is not realised at Biligundlu now, the standing Kuruvai crop will wither before harvest, the ensuing Samba cultivation — the mainstay of the Delta — will equally be imperilled for want of both river flows and groundwater...""",Biligundlu,missed,water realization
5ca91a2b939c4e8e_p010,5ca91a2b939c4e8e,EVT_01625,hindustan_times,Karnataka Government,Law & Order,Negative,but its appeal was dismissed on July 30.,,,
5ca91a2b939c4e8e_p011,5ca91a2b939c4e8e,EVT_01625,hindustan_times,Karnataka,Violence,Negative,Karnataka must first release a backlog of about 9.46 TMC.,Karnataka,releasing,backlog
5ca91a2b939c4e8e_p012,5ca91a2b939c4e8e,EVT_01625,hindustan_times,Karnataka,Development,Negative,"However, Karnataka opposed the demand and sought that the matter be kept in abeyance, citing acute distress, shortfall in inflows, low reservoir storage, drinking water requirements and conveyance losses.",Karnataka,opposed,demand
5ca91a2b939c4e8e_p013,5ca91a2b939c4e8e,EVT_01625,hindustan_times,Karnataka government,Development,Negative,"even the CWRC order, later upheld by the CWMA, requiring Karnataka to ensure a flow of 3,500 cusecs per day at Biligundlu for 15 days would aggregate to about 4.5 TMC",Order,required,Karnataka to ensure water flow
3e1cf001f625721e_p001,3e1cf001f625721e,EVT_01637,the_times_of_india,Government,Revenue & Taxation,Positive,July GST collections up 15.4% to Rs 2.1 L cr,,,
3e1cf001f625721e_p002,3e1cf001f625721e,EVT_01637,the_times_of_india,Indian Government,Development,Positive,"GST collections rose 15.4% to Rs 2,11,205 crore in July",GST collections,rose,15.4%
3e1cf001f625721e_p004,3e1cf001f625721e,EVT_01637,the_times_of_india,Indian Economy,Economic Strategy,Positive,"""It reflects continued economic resilience despite the challenges in the external environment...""",Indian Economy,reflects,resilience
3e1cf001f625721e_p005,3e1cf001f625721e,EVT_01637,the_times_of_india,MS Mani,Development,Positive,"""steady growth in GST collections each month indicates that overall domestic consumption is becoming largely insulated from seasonal variations and external headwinds, said MS Mani, partner at Deloitte India.""
",said,mention,MS Mani
3e1cf001f625721e_p006,3e1cf001f625721e,EVT_01637,the_times_of_india,Saurabh Agarwal,Development,Positive,It is likely that the sustained push by policymakers towards localisation of around 100 products (being talked about) over a period of time will help bridge this gap,policymakers,pushed,localisation of products
3e1cf001f625721e_p006,3e1cf001f625721e,EVT_01637,the_times_of_india,Saurabh Agarwal,Election Strategy,Positive,"partner at EY India, a consulting firm.",EY India,partnered with,Saurabh Agarwal
8ceec1d135a066fa_p001,8ceec1d135a066fa,EVT_01637,hindustan_times,Government,Revenue Collection,Positive,GST collections cross ₹2.11 lakh crore in July,,,
8ceec1d135a066fa_p002,8ceec1d135a066fa,EVT_01637,hindustan_times,Government,Development,Positive,"The GST regime entered its 10th year with a monthly gross GST collection of ₹2,11,205 crore as against ₹1,83,065 crore in July 2025.",,,
8ceec1d135a066fa_p003,8ceec1d135a066fa,EVT_01637,hindustan_times,India's Economy/GST Administration,Development,Positive,India’s gross Goods and Services Tax collections in July crossed ₹2 lakh crore for the second time in the current fiscal year,India,collections,₹2 lakh crore
8ceec1d135a066fa_p004,8ceec1d135a066fa,EVT_01637,hindustan_times,finance ministry,Development,Positive,"India’s economic resilience, steady domestic consumption and effective compliances",India,resilient,economy
8ceec1d135a066fa_p005,8ceec1d135a066fa,EVT_01637,hindustan_times,Punjab's revenue or finance department,Development,Positive,Also Read | Punjab’s first-quarter GST collection logs 24% jump,Punjab,log,24% jump
8ceec1d135a066fa_p008,8ceec1d135a066fa,EVT_01637,hindustan_times,Government of India,Development,Positive,"Net GST collection in July 2026, after refunds, also saw a robust double-digit growth",Government of India,received,Positive sentiment score
8ceec1d135a066fa_p008,8ceec1d135a066fa,EVT_01637,hindustan_times,Government of India,Development,Positive,"Total refunds rose 13.1% to ₹29,968 crore from ₹26,495 crore in July last year.",Total refunds,rose,13.1%
8ceec1d135a066fa_p011,8ceec1d135a066fa,EVT_01637,hindustan_times,MS Mani,Economic Resilience,Positive,Deloitte India partner MS Mani said: ‘The high GST collections which reflect business transactions during June 26 ties up very well with the 7.3% increase in industrial production during June. It reflects continued economic resilience despite the challenges in the external environment.’,Deloitte India partner MS Mani,said,economic resilience despite challenges
8ceec1d135a066fa_p013,8ceec1d135a066fa,EVT_01637,hindustan_times,GST refund fraud,Corruption,Negative,Three Delhi tax officials among five held in ₹5.5 crore scam,Delhi,held,tax officials
8ceec1d135a066fa_p014,8ceec1d135a066fa,EVT_01637,hindustan_times,India government (general),Policy,Negative,"“One cannot ignore the elevated levels of import GST collections, which remain a nagging concern.”",ignored,remained,concern
1defaa159018638b_p001,1defaa159018638b,EVT_01246,the_hindu,Dharmendra Pradhan,Protest,Negative,Student unions erupted in celebration following reports of the resignation of Union Education Minister Dharmendra Pradhan.,Student unions,celebrated,Pradhan's resignation
1defaa159018638b_p001,1defaa159018638b,EVT_01246,the_hindu,Dharmendra Pradhan,Protest,Negative,They hailed the resignation as a victory for the student movement and celebrated what they described as the success of the students’ agitation at Jantar Mantar.,They,hail,resignation
1defaa159018638b_p002,1defaa159018638b,EVT_01246,the_hindu,Students’ Federation of India (SFI) State president P. Rammohan and State secretary K. Prasanna Kumar,Protest,Positive,"""This is a historic victory achieved through the unity and determination of students. The movement has once again demonstrated that no government or ruler is invincible before the collective strength of an organised student community,"" they said.",unity,achieved,students victory
1defaa159018638b_p003,1defaa159018638b,EVT_01246,the_hindu,Narendra Modi government,Protest,Negative,"""We particularly appreciate the leadership of the Cockroach Janata Party (CJP) and all progressive student organisations for playing a pivotal role in transforming students’ anger into a peaceful yet powerful democratic movement across the country,″ they said.",,said,
1defaa159018638b_p004,1defaa159018638b,EVT_01246,the_hindu,SFI leaders,Violence,Negative,"The SFI leaders demanded the immediate abolition of the National Testing Agency (NTA), which they claimed was responsible for a series of failures that allegedly claimed the lives of more than 20 students.",SFI leaders,demanded,abolition of NTA
1defaa159018638b_p005,1defaa159018638b,EVT_01246,the_hindu,Democratic Youth Federation of India (DYFI),Education Policy,Positive,"resistance would continue until every student in the country was guaranteed equal, fair and inclusive access to education.",resistance,continue,students
1defaa159018638b_p006,1defaa159018638b,EVT_01246,the_hindu,Politicians,Protest,Negative,Their sustained protests have caught politicians off guard,Politicians,caught,off guard
1defaa159018638b_p007,1defaa159018638b,EVT_01246,the_hindu,Union Education Minister,Protest,Negative,the resignation reflected the strength of sustained and united student protests.,protests,reflect,resignation
1defaa159018638b_p008,1defaa159018638b,EVT_01246,the_hindu,President John Doe,Violence,Negative,"The President's statement criticized the ongoing violence in the country, stating 'It is shameful how some individuals are using the law as a tool to perpetrate acts of violence.'",President,criticized,ongoing violence in the country
f28f3b3f56b82822_p001,f28f3b3f56b82822,EVT_01265,the_times_of_india,Union education minister Dharmendra Pradhan,Protest,Negative,resignation after weeks of nationwide protests,protests,cause,Pradhan's resignation
f28f3b3f56b82822_p002,f28f3b3f56b82822,EVT_01265,the_times_of_india,Prajwal Joshi,Election Strategy,Positive,"Hours later, Pralhad Joshi was appointed as the new education minister getting additional charge apart from portfolios of new and renewable energy and consumer affairs, food and public distribution.",appointed,as,education minister
f28f3b3f56b82822_p003,f28f3b3f56b82822,EVT_01265,the_times_of_india,Cockroach Janta Party (CPJ),Protest,Negative,(Cockroach Janta Party),Cockroach Janta Party,received,Negative sentiment score
f28f3b3f56b82822_p004,f28f3b3f56b82822,EVT_01265,the_times_of_india,government,Protest,Positive,after which the government agreed to withdraw FIRs filed against peaceful protesters.,政府,同意,撤回
f28f3b3f56b82822_p007,f28f3b3f56b82822,EVT_01265,the_times_of_india,CJP,Protest,Positive,demands were met,demands,met,CJP
f28f3b3f56b82822_p008,f28f3b3f56b82822,EVT_01265,the_times_of_india,India,Protest,Negative,"developments marked the biggest political fallout of the NEET controversy, which triggered nationwide student protests",NEET controversy,triggered,student protests
f28f3b3f56b82822_p009,f28f3b3f56b82822,EVT_01265,the_times_of_india,Pralhad Joshi,Promotion/Confirmation,Positive,Here are the top developments:Pralhad Joshi gets additional charge of education ministry,,,
f28f3b3f56b82822_p010,f28f3b3f56b82822,EVT_01265,the_times_of_india,PM Modi,Election Strategy,Positive,advice of Prime Minister Narendra Modi,advised,gave,PM Modi
f28f3b3f56b82822_p011,f28f3b3f56b82822,EVT_01265,the_times_of_india,Government of India,Reform Implementation,Positive,rolls out reforms following the NEET-UG paper leak,Government of India,rolls out,reforms
f28f3b3f56b82822_p012,f28f3b3f56b82822,EVT_01265,the_times_of_india,Joshi,Election Strategy,Positive,"""With full dedication, humility and honesty, I will work towards fulfilling this responsibility. I once again thank the Prime Minister for giving me this opportunity.""",Joshi,expressed,gratitude
f28f3b3f56b82822_p013,f28f3b3f56b82822,EVT_01265,the_times_of_india,Protest,Violence,Negative,Metro stations reopen after protest ends,Protest,ends,Metro stations reopen
f28f3b3f56b82822_p014,f28f3b3f56b82822,EVT_01265,the_times_of_india,CJP (likely referring to Common Man's Committee or a similar group),Protest,Negative,called off its 36-day protest,called off,protest,its 36-day
f28f3b3f56b82822_p014,f28f3b3f56b82822,EVT_01265,the_times_of_india,Delhi Metro Rail Corporation (DMRC),Policy,Positive,reopening the entry gates of all stations that had been closed because of security arrangements,DMRC,reopened,station gates
f28f3b3f56b82822_p015,f28f3b3f56b82822,EVT_01265,the_times_of_india,Union education minister Dharmendra Pradhan,Reopening/Agenda Change,Negative,reopened and shortly after Union education minister Dharmendra Pradhan resigned,Dharmendra Pradhan,resigned,Union education minister
f28f3b3f56b82822_p016,f28f3b3f56b82822,EVT_01265,the_times_of_india,Protests,Violence,Negative,the protests near Jantar Mantar,,,
f28f3b3f56b82822_p017,f28f3b3f56b82822,EVT_01265,the_times_of_india,Pradhan,Resignation,Negative,resigns,Pradhan,resigns,target
f28f3b3f56b82822_p019,f28f3b3f56b82822,EVT_01265,the_times_of_india,Pradhan,Law & Order,Positive,"He said the government acted immediately after irregularities surfaced in the NEET-UG examination by handing the investigation to the CBI, cancelling the examination and announcing a fresh test, while also deciding to shift NEET to computer-based mode from next year.",He,said,government's actions
f28f3b3f56b82822_p020,f28f3b3f56b82822,EVT_01265,the_times_of_india,Exam Mafia (Implied),Corruption,Negative,had accepted responsibility from the very beginning and had worked to ensure that no deserving student suffered because of what he described as an examination mafia.,Accepted,responsibility,Examination mafia (Implied)
f28f3b3f56b82822_p021,f28f3b3f56b82822,EVT_01265,the_times_of_india,Pradhan,Protest,Negative,"Recalling the events of the past few days had deeply saddened him, Pradhan said he was stepping down to prevent anti-national forces from exploiting the situation",Recalling,caused,Sadness
f28f3b3f56b82822_p022,f28f3b3f56b82822,EVT_01265,the_times_of_india,Centre and CJP,Agreement Reached,Positive,Centre and CJP reach agreement after third round of talks,Centre and CJP,reach,agreement
f28f3b3f56b82822_p023,f28f3b3f56b82822,EVT_01265,the_times_of_india,Pradhan,Protest,Negative,"Hours after Pradhan's resignation, the Centre and the Cockroach Janta Party held a third round of talks",Centre,held,talks
f28f3b3f56b82822_p023,f28f3b3f56b82822,EVT_01265,the_times_of_india,Student Group,Withdrawal of Protest,Positive,student group announced the immediate withdrawal of its 36-day protest.,student group,withdrawed,protest
f28f3b3f56b82822_p025,f28f3b3f56b82822,EVT_01265,the_times_of_india,CJP (likely a political party or coalition group),Peaceful Protest,Positive,"""It also said the Centre had agreed to withdraw FIRs and legal cases against peaceful protesters and assured that no retaliatory action would be taken.""",Centre,assured,peaceful protesters
f28f3b3f56b82822_p026,f28f3b3f56b82822,EVT_01265,the_times_of_india,government,Policy,Positive,agreed to provide compensation to the families of students who died by suicide in accordance with existing rules and regulations,government,provide compensation,families of students who died by suicide
f28f3b3f56b82822_p026,f28f3b3f56b82822,EVT_01265,the_times_of_india,government,Policy,Positive,promised to consider the CJP's five-point charter on examination reforms,government,promised,reforms
f28f3b3f56b82822_p029,f28f3b3f56b82822,EVT_01265,the_times_of_india,CJP (likely referring to a political party or group),Protest,Negative,The CJP protest,CJP,protested,against Modi
f28f3b3f56b82822_p029,f28f3b3f56b82822,EVT_01265,the_times_of_india,NEET-UG paper leak,Corruption,Negative,alleged NEET-UG paper leak,alleged,leak,NEET-UG paper
f28f3b3f56b82822_p030,f28f3b3f56b82822,EVT_01265,the_times_of_india,climate activist,Protest,Positive,gained national attention after climate activist,gained,attention,climate activist
f28f3b3f56b82822_p031,f28f3b3f56b82822,EVT_01265,the_times_of_india,Sonam Wangchuk,Protest,Negative,Sonam Wangchuk joined the agitation with an indefinite hunger strike.,joined,join,agitation
f28f3b3f56b82822_p032,f28f3b3f56b82822,EVT_01265,the_times_of_india,CJP (likely referring to Communist Party of Jharkhand or a similar group),Protest,Negative,protested until Pradhan resigned and the remaining demands were addressed.,CJP,protested,Pradhan's resignation and demands
f28f3b3f56b82822_p032,f28f3b3f56b82822,EVT_01265,the_times_of_india,"Wangchuk, Centre (likely referring to government or political figure)",Law & Order,Negative,received written assurances from the Centre,Centre,assured,Wangchuk
f28f3b3f56b82822_p033,f28f3b3f56b82822,EVT_01265,the_times_of_india,Saurav Das,Election Strategy,Positive,said the movement was ending with the understanding that all commitments would be implemented within the agreed timelines.,All commitments,be implemented,within the agreed timelines
f28f3b3f56b82822_p034,f28f3b3f56b82822,EVT_01265,the_times_of_india,CJP (Congress Party),Development,Positive,"""Government accepted all our demands after 36 days of protest; we urge everyone to peacefully withdraw from protest sites,"" CJP spokesperson Ashutosh Ranka said.",CJP,quoted,Ashutosh Ranka
f28f3b3f56b82822_p035,f28f3b3f56b82822,EVT_01265,the_times_of_india,Abhijeet Dipke,Protest,Negative,"Earlier in the day, CJP founder Abhijeet Dipke had briefly said the protest would continue until all demands were accepted.",CJP founder Abhijeet Dipke,said,protest would continue until all demands were accepted
f28f3b3f56b82822_p036,f28f3b3f56b82822,EVT_01265,the_times_of_india,Pradhan,Protest,Negative,resignation as a personal victory for him,resignation,was,a victory for him
f28f3b3f56b82822_p036,f28f3b3f56b82822,EVT_01265,the_times_of_india,young people,Development,Positive,thousands of young people and should remain focused on institutional reforms rather than individuals,remained,focused,institutional reforms
f28f3b3f56b82822_p037,f28f3b3f56b82822,EVT_01265,the_times_of_india,Pradhan,Exit,Negative,Pradhan's exit,Congress,accused,Modi of bulldozing
f28f3b3f56b82822_p038,f28f3b3f56b82822,EVT_01265,the_times_of_india,Amit Shah,Policy,Positive,"""Modi government respects youth's sentiments""",Modi,respects,youth's sentiments
f28f3b3f56b82822_p039,f28f3b3f56b82822,EVT_01265,the_times_of_india,BJP,Law & Order,Positive,The Modi government respects the sentiments of the country's youth and is committed to implementing the necessary reforms against paper leaks.,Modi government,respects,youth sentiments
f28f3b3f56b82822_p039,f28f3b3f56b82822,EVT_01265,the_times_of_india,BJP,Policy,Positive,The decisions taken by Modi ji to ensure strict punishment for those guilty of paper leaks are commendable.,Modi,take,decisions
f28f3b3f56b82822_p040,f28f3b3f56b82822,EVT_01265,the_times_of_india,Shri Dharmendra Pradhan ji,Development,Positive,His efforts toward making the examination system more inclusive and student-centric have also been noteworthy.,efforts,toward,making the examination system more inclusive and student-centric
f28f3b3f56b82822_p041,f28f3b3f56b82822,EVT_01265,the_times_of_india,students,Protest,Positive,Opposition calls it a victory for students,Opposition,calls,victory for students
f28f3b3f56b82822_p042,f28f3b3f56b82822,EVT_01265,the_times_of_india,Pradhan,Policy,Negative,resignation as a major victory for students,resignation,major victory,students
f28f3b3f56b82822_p043,f28f3b3f56b82822,EVT_01265,the_times_of_india,Rahul Gandhi,Corruption,Negative,"called the resignation ""the victory of the future of India"", saying Pradhan had become a symbol of corruption",called,negative sentiment on,Rahul Gandhi on
f28f3b3f56b82822_p044,f28f3b3f56b82822,EVT_01265,the_times_of_india,government,Protest,Negative,said the government must now introduce meaningful reforms,government,must introduce,meaningful reforms
f28f3b3f56b82822_p045,f28f3b3f56b82822,EVT_01265,the_times_of_india,Mallikarjug Kharge,Protest,Negative,terming the resignation a 'victory of truth',terming,action,resignation
f28f3b3f56b82822_p045,f28f3b3f56b82822,EVT_01265,the_times_of_india,PM Modi,Law & Order,Negative,said Prime Minister Narendra Modi should apologise to the country's youth,Narendra Modi,apologize,country's youth
f28f3b3f56b82822_p046,f28f3b3f56b82822,EVT_01265,the_times_of_india,Arvind Kejriwal,Development,Positive,"""big win for democracy""",,,
f28f3b3f56b82822_p047,f28f3b3f56b82822,EVT_01265,the_times_of_india,Congress,Protest,Positive,peaceful protests were an essential part of democracy.,Congress,received,Positive sentiment score
f28f3b3f56b82822_p048,f28f3b3f56b82822,EVT_01265,the_times_of_india,Student Movement,Development,Positive,"welcoming the developments, describing them as ""a victory of democracy, direct democracy, peace, patience and perseverance""",welcoming,mention,"developments, democracy, peace, patience and perseverance"
f28f3b3f56b82822_p048,f28f3b3f56b82822,EVT_01265,the_times_of_india,Student Movement,Development,Positive,congratulating the student movement,Congratulating,action,Student Movement
f28f3b3f56b82822_p049,f28f3b3f56b82822,EVT_01265,the_times_of_india,India's younger generation,Protest,Positive,"protests had demonstrated courage, patriotism and commitment to democratic values without violence.",protests,demonstrated,"courage, patriotism and commitment to democratic values without violence"
f28f3b3f56b82822_p050,f28f3b3f56b82822,EVT_01265,the_times_of_india,Government/Policy,Law & Order,Negative,Tougher anti-paper leak law,Tougher,lawed,anti-paper leak law
f28f3b3f56b82822_p051,f28f3b3f56b82822,EVT_01265,the_times_of_india,Centre,Policy,Positive,major amendments to the Public Examinations (Prevention of Unfair Means) Act,Centre,received,Positive sentiment score
f28f3b3f56b82822_p053,f28f3b3f56b82822,EVT_01265,the_times_of_india,Government,Law & Order,Positive,"proposing jail terms of up to 10 years and fines of up to Rs 10 crore for organised paper leak rackets, along with tougher action against service providers and officials found involved in examination fraud.",Government,proposed,penalties for fraud
f28f3b3f56b82822_p054,f28f3b3f56b82822,EVT_01265,the_times_of_india,NEET,Protest,Negative,Biggest political fallout of NEET controversy,Politicians,attacked,NEET
f28f3b3f56b82822_p055,f28f3b3f56b82822,EVT_01265,the_times_of_india,Pradhan,Election Strategy,Negative,Pradhan's resignation,Pradhan,resigned,
f28f3b3f56b82822_p056,f28f3b3f56b82822,EVT_01265,the_times_of_india,National Testing Agency,Protest,Negative,protests,,protests,National Testing Agency
f28f3b3f56b82822_p056,f28f3b3f56b82822,EVT_01265,the_times_of_india,anti-paper leak law,Law & Order,Negative,changes to the anti-paper leak law and a major restructuring of the National Testing Agency,changed,restructured,anti-paper leak law and National Testing Agency
9ca1b0de75f14cec_p001,9ca1b0de75f14cec,EVT_01571,hindustan_times,Kerala,Natural Disaster,Negative,"Six dead as heavy rain batters Kerala, rescue operations continue",dead,battered,Kerala
9ca1b0de75f14cec_p004,9ca1b0de75f14cec,EVT_01571,hindustan_times,Civic Management Office,Violence,Negative,six people were killed in rain-related incidents,rain-related incidents,resulted in,death toll
9ca1b0de75f14cec_p008,9ca1b0de75f14cec,EVT_01571,hindustan_times,Chief Minister V D Satheesan,Damage & Disasters,Negative,Chief Minister V D Satheesan said 17 houses had been destroyed and another 127 had suffered partial damage in rain-related incidents.,Chief Minister,said,house damage
9ca1b0de75f14cec_p013,9ca1b0de75f14cec,EVT_01571,hindustan_times,Government/Authorities,Natural Disaster & Response,Negative,"A youth died, and his mother was trapped under debris after a landslide at Payyanithottam in Poonjar in Kottay the district.",youth,died,landslide
9ca1b0de75f14cec_p015,9ca1b0de75f14cec,EVT_01571,hindustan_times,Satheesan (politician),Development,Positive,directed ministers in charge of rain-hit districts to camp in their respective districts and coordinate rescue and relief operations,ministers,directed,satheesan (politician)
9ca1b0de75f14cec_p021,9ca1b0de75f14cec,EVT_01571,hindustan_times,Local Authorities,Natural Disaster Response,Negative,"heavy rain triggered widespread flooding in Erattupetta, Kanjirappally, Koottickal, Erumeli and Pala",Heavy rain,triggered,Flooding
9ca1b0de75f14cec_p023,9ca1b0de75f14cec,EVT_01571,hindustan_times,Poultry Farm Owners and Local Communities,Natural Disaster Impact,Negative,"Around 2,500 chickens died after floodwaters entered a poultry farm at Pala in Kottam.",floodwaters,entered,poultry farm
9ca1b0de75f14cec_p027,9ca1b0de75f14cec,EVT_01571,hindustan_times,Natural Disasters or Humanitarian Efforts,Disaster Response,Negative,"As water entered shops and houses, people were shifted to relief camps.",水,进入,房屋和商店
9ca1b0de75f14cec_p035,9ca1b0de75f14cec,EVT_01571,hindustan_times,Government,Development,Positive,"""We have already opened relief camps wherever required. Even if the intensity of the rain decreases, people living in high-risk areas will be shifted to camps as a precautionary measure,"" he said.",Government,implemented,relief measures
e0099b56625c1ede_p001,e0099b56625c1ede,EVT_01611,the_times_of_india,Congress,Election Strategy,Negative,draws Congress' ire,draws,ire,Congress
e0099b56625c1ede_p003,e0099b56625c1ede,EVT_01611,the_times_of_india,Amarinder Singh,Election Strategy,Positive,Congress MP Amarinder Singh Raja Warring addresses the gathering during the launch of the 'Har Booth Mazboot' campaign,Amarinder Singh,addresses,gathering
e0099b56625c1ede_p004,e0099b56625c1ede,EVT_01611,the_times_of_india,Congress,Protest,Negative,"The slogan shouting took place during the Congress's 'Har Booth, Congress Mazboot' programmes in Patiala and Sangrur, where Baghel, Punjab Congress chief Amarinder Singh Raja Warring and several senior leaders were present.",Congress,attacked,"Baghel, Amarinder Singh Raja Warring and leaders"
e0099b56625c1ede_p004,e0099b56625c1ede,EVT_01611,the_times_of_india,Charanjit Singh Channi,Protest,Negative,supporters of former chief minister Charanjit Singh Channi disrupted two party programmes by raising slogans in his favour,supporters,disrupted,party programmes
e0099b56625c1ede_p004,e0099b56625c1ede,EVT_01611,the_times_of_india,Congress,Protest,Negative,"The slogan shouting took place during the Congress's 'Har Booth, Congress Mazboot' programmes in Patiala and Sangrur",Congress,attended,programs
e0099b56625c1ede_p005,e0099b56625c1ede,EVT_01611,the_times_of_india,Congress party,Protest,Negative,supporters disrupt Congress meetings,supporters,disrupt,Congress meetings
e0099b56625c1ede_p006,e0099b56625c1ede,EVT_01611,the_times_of_india,Charanjit Singh Channi,Protest,Negative,"""Channi Liyao, Punjab Bachao""",Punjab Bachao,protested,Channi Liyao
e0099b56625c1ede_p007,e0099b56625c1ede,EVT_01611,the_times_of_india,Warring,Protest,Negative,A visibly upset Warring repeatedly appealed to workers to maintain discipline and allow the meeting to continue,Warring,appealed,workers to maintain discipline and allow the meeting to continue
e0099b56625c1ede_p008,e0099b56625c1ede,EVT_01611,the_times_of_india,Channi,Protest,Negative,"Similar scenes unfolded later in Sangrur, where another group of Channi supporters raised slogans in favour of the former chief minister and against Baghel.",Channi supporters,raised,slogans
e0099b56625c1ede_p008,e0099b56625c1ede,EVT_01611,the_times_of_india,Channi's supporters,Protest,Negative,"Similar scenes unfolded later in Sangrur, where another group of Channi supporters raised slogans in favour of the former chief minister and against Baghel.",Channi's supporters,raised,slogans
e0099b56625c1ede_p008,e0099b56625c1ede,EVT_01611,the_times_of_india,Congress workers,Protest and Tensions,Negative,Tensions escalated after some of Channi's supporters clashed verbally with other Congress workers.,Channi's supporters,clashed with,Congress workers
e0099b56625c1ede_p009,e0099b56625c1ede,EVT_01611,the_times_of_india,Jalandhar MP and Channi,Protest,Negative,Channi did not send these people. He is our crown,Channi,did not send,people to Jalandhar MP and Channi
e0099b56625c1ede_p012,e0099b56625c1ede,EVT_01611,the_times_of_india,Congress,Election Strategy,Positive,"Smaller differences are part of every party which can be sorted out for the bigger battle that the Congress has to fight against AAP, BJP and Akalis,",Congress,has to fight,"AAP, BJP and Akalis"
e0099b56625c1ede_p012,e0099b56625c1ede,EVT_01611,the_times_of_india,Congress leadership,Election Strategy,Positive,"the Congress leadership, including party president Mallikarjun Kharge and leader of opposition in Lok Sabha Rahul Gandhi, would decide the chief ministerial candidate and ministers only after the Assembly elections.",Congress leadership,decide,chief ministerial candidate and ministers
e0099b56625c1ede_p012,e0099b56625c1ede,EVT_01611,the_times_of_india,Congress,Election Strategy,Positive,the Congress would emerge stronger in the Assembly elections because everyone shared the common objective of bringing the party back to power in Punjab.,Congress,emerge,stronger
e0099b56625c1ede_p013,e0099b56625c1ede,EVT_01611,the_times_of_india,Baghel (Politician),Law & Order,Negative,"""Whosoever indulges in indiscipline will be shown the door from the party irrespective of the position one holds,"" he said, citing the earlier expulsion of Navjot Kaur Sidhu as an example.",Party Leader,warned,Baghel (Politician)
e0099b56625c1ede_p017,e0099b56625c1ede,EVT_01611,the_times_of_india,Warring,Election Strategy,Positive,"He described senior leaders including Channi, Partap Singh Bajwa, Rajinder Kaur Bhattal and Brahm Mohindra as more experienced and capable than himself, and assured workers that all senior leaders would soon be seen sharing one platform ahead of the polls.",He,describe,"senior leaders including Channi, Partap Singh Bajwa, Rajinder Kaur Bhattal and Brahm Mohindra as more experienced and capable than himself"
e0099b56625c1ede_p017,e0099b56625c1ede,EVT_01611,the_times_of_india,Warring,Policy,Positive,"He stressed that no leader, regardless of popularity, could win elections without a strong organisational structure.He also said his only wish was to see a Congress chief minister and ministers taking oath after the next Assembly elections.",He,stressed,organisational structure
e0099b56625c1ede_p019,e0099b56625c1ede,EVT_01611,the_times_of_india,Punjab Congress leadership,Factionalism,Negative,"However, discontent within the state unit has continued since the Congress retained Amarinder Singh Raja Warring as Punjab Congress president while appointing Channi as chairman of the campaign committee.",Congress,appointed,Channi as chairman
e0099b56625c1ede_p019,e0099b56625c1ede,EVT_01611,the_times_of_india,Channi and Sukhjinder Singh Randhawa,Factionalism,Negative,A section of leaders led by Channi and Sukhjinder Singh Randhawa had opposed Warring's continuation as state chief and sought his removal.,Channi and Sukhjinder Singh Randhawa,opposed,Warring's continuation as state chief
bf88460885d6a428_p006,bf88460885d6a428,EVT_01596,hindustan_times,Congress,Corruption,Negative,"'Leak double, trauma triple': Raghav Chadha targets Congress over Karnataka exam paper leaks",Congress,targets,Karnataka exam paper leaks
bf88460885d6a428_p011,bf88460885d6a428,EVT_01596,hindustan_times,Siddaramaiah,Policy,Positive,"Siddaramaiah argued that the selection should give priority to Scheduled Castes, Scheduled Tribes, Other Backward Classes and minority communities.",Siddaramaiah,argued,favor for SC/ST/OBC/minority communities
bf88460885d6a428_p011,bf88460885d6a428,EVT_01596,hindustan_times,Shivakumar,Policy,Negative,"Shivakumar sought what party leaders described as a broader balance, including younger legislators, major communities and groups that have had less representation.",Shivakumar,sought,broader balance
bf88460885d6a428_p012,bf88460885d6a428,EVT_01596,hindustan_times,Saini,Misinformation/Deception,Negative,Also Read | Saini says Congress 'misleading' youth on paper leaks,Saini,says,Congress 'misleading' youth on paper leaks
bf88460885d6a428_p015,bf88460885d6a428,EVT_01596,hindustan_times,Congress legislators,Protests and Lobbying,Negative,"Only 14 ministers are currently in place, leaving 20 positions unfilled. The prolonged vacancy has led to sustained lobbying by Congress legislators seeking induction into the government.",Congress legislators,lobbying,positions unfilled
3b4ab8e1d2662953_p001,3b4ab8e1d2662953,EVT_01502,the_times_of_india,PM Modi,Violence,Negative,"Girls' clothes torn, heads broken",torn,break,heads
3b4ab8e1d2662953_p002,3b4ab8e1d2662953,EVT_01502,the_times_of_india,PM Modi,Violence,Negative,"Girls' clothes torn, heads broken",,caused,damage to girls' clothes and injuries
3b4ab8e1d2662953_p003,3b4ab8e1d2662953,EVT_01502,the_times_of_india,Prisha Patnaik,Election Strategy,Negative,Edited by: Prisha Patnaik,edited,by,Prisha Patnaik
3b4ab8e1d2662953_p004,3b4ab8e1d2662953,EVT_01502,the_times_of_india,Abhijeet Dipke (Cockroach Janta Party),Violence,Negative,"âYesterday, we all saw Modi jiâs video where he was saying that he is forgiving the children,â Dipke said",Dipke,said,video about forgiveness
3b4ab8e1d2662953_p005,3b4ab8e1d2662953,EVT_01502,the_times_of_india,Modi ji,Violence,Negative,"âI hope that in that video, Modi ji will apologise â apologise for the lathi charge that took place on July 20,â he said.",he,said,Modi about lathi charge
3b4ab8e1d2662953_p005,3b4ab8e1d2662953,EVT_01502,the_times_of_india,Modi ji and Police,Violence,Negative,"He further claimed that male police officers tore the girlsâ clothes and that protesters were beaten with batons, including on their private parts.",male police officers,beaten,protesters
3b4ab8e1d2662953_p005,3b4ab8e1d2662953,EVT_01502,the_times_of_india,Modi ji and Police,Violence,Negative,"Police also used batons on the girlsâ private parts,â Dipke alleged.",,,
3b4ab8e1d2662953_p007,3b4ab8e1d2662953,EVT_01502,the_times_of_india,PM Modi,"Violence, Law & Order",Negative,"He said he wanted PM Modi to apologise to all the girls who, according to his allegations, were subjected to the police action.",He,alleged,girls' subjection to police action
3b4ab8e1d2662953_p007,3b4ab8e1d2662953,EVT_01502,the_times_of_india,PM Modi,Protest,Negative,"Dipke had earlier questioned whether Modi’s call for forgiveness would translate into action, asking: ""Fraand, sirf reel par hi maaf karoge ya cases bhi wapas loge?""",Dipke,questioned,Modi's call for forgiveness
3b4ab8e1d2662953_p007,3b4ab8e1d2662953,EVT_01502,the_times_of_india,PM Modi,Policy,Negative,"Dipke had also previously questioned what he described as selective enforcement against abusive speech online, particularly allegations of abusive remarks made against women by people associated with the BJP.",Dipke,questioned,Modi's enforcement
3b4ab8e1d2662953_p008,3b4ab8e1d2662953,EVT_01502,the_times_of_india,PM Modi,Protest,Negative,He had alleged that people identifying themselves as BJP supporters had targeted women online with abusive language and questioned why similar action was not being taken against them.,People,targeted,Women online
3b4ab8e1d2662953_p008,3b4ab8e1d2662953,EVT_01502,the_times_of_india,Prime Minister,Policy,Negative,his main demand being that the Prime Minister apologise to those he alleges were subjected to police violence.,Prime Minister,apologize to,victims of police violence
5acb58cab17aedb1_p001,5acb58cab17aedb1,EVT_01523,india_today,Abhijeet Dipke's father,Development,Negative,How did Abhijeet Dipke's father fund US education?,funding,received,Negative sentiment score
5acb58cab17aedb1_p002,5acb58cab17aedb1,EVT_01523,india_today,Cockroach Janta Party,Election Strategy,Negative,questioned the status of the Cockroach Janta Party and whether it could receive funds while operating under the name of a political party.,questioned,status,Cockroach Janta Party
5acb58cab17aedb1_p003,5acb58cab17aedb1,EVT_01523,india_today,Abhijeet Dipke and his father,Corruption,Negative,seeking a probe into the finances of Cockroach Janta Party (CJP) founder Abhijeet Dipke's father,seeking,into,Abhijeet Dipke's father finances
5acb58cab17aedb1_p005,5acb58cab17aedb1,EVT_01523,india_today,Tiwari,Corruption,Neutral,"Tiwari sought an examination of the financial status of Dipke's father, Bhagwanrao Dipke",Tiwari,sought,examination
5acb58cab17aedb1_p006,5acb58cab17aedb1,EVT_01523,india_today,Tiwari,Law & Order,Negative,"Separately, Tiwari questioned the status of the CJP and whether it could receive funds while operating under the name of a political party.",Tiwari,questioned,status of CJP
5acb58cab17aedb1_p010,5acb58cab17aedb1,EVT_01523,india_today,CJP (Civil-Judicial-Political Alliance or Committee Jai Hind),Protest,Positive,Sibal had on Monday announced a Rs 1 crore contribution to a fund set up by the CJP,Sibal,announced,Rs 1 crore contribution
af9878fd8276aea1_p001,af9878fd8276aea1,EVT_01724,india_today,CJP protests,Protest,Negative,Taslima Nasreen draws parallels between CJP protests and 2024 Bangladesh unrest,CJP protests,draws parallels with,2024 Bangladesh unrest
af9878fd8276aea1_p004,af9878fd8276aea1,EVT_01724,india_today,Nasreen,Violence,Negative,events in Bangladesh,Bangladesh,attacked,Nasreen
af9878fd8276aea1_p005,af9878fd8276aea1,EVT_01724,india_today,Unknown (speaker's reference to a past event),Violence,Negative,I felt what is happening here is similar to what happened in Bangladesh during the July student movement. People were fooled. The result in Bangladesh has not been good.,felt fooled,receive,people
af9878fd8276aea1_p005,af9878fd8276aea1,EVT_01724,india_today,Unknown (speaker's reference to a past event),Violence,Negative,Jihadis have taken over power there,Jihadis,take over power,Unknown (speaker's reference to a past event)
af9878fd8276aea1_p006,af9878fd8276aea1,EVT_01724,india_today,Bangladesh,Protest,Negative,Bangladesh witnessed months of student-led protests in 2024,protests,occurred,Bangladesh
af9878fd8276aea1_p006,af9878fd8276aea1,EVT_01724,india_today,Sheikh Hasina,Violence,Negative,the demonstrations soon turned into a wider anti-government movement that culminated in Sheikh Hasina leaving the country after weeks of violence,demonstrations,turned into,anti-government movement
af9878fd8276aea1_p006,af9878fd8276aea1,EVT_01724,india_today,Minority groups (Hindus),Violence,Negative,repeatedly raised concerns over attacks on their community,repeatedly,raised,concerns
af9878fd8276aea1_p007,af9878fd8276aea1,EVT_01724,india_today,Interim Government,Human Rights Violations,Negative,the condition of Hindus had worsened,,,
af9878fd8276aea1_p008,af9878fd8276aea1,EVT_01724,india_today,Yunus government,Violence,Negative,but there are more atrocities under the Yunus government,Yunus government,experiencing,atrocities
af9878fd8276aea1_p009,af9878fd8276aea1,EVT_01724,india_today,Nasreen,Corruption,Negative,"alleged that it promoted communal thinking, and said Bangladesh should instead focus on secular education.",alleged,promoted,communal thinking
af9878fd8276aea1_p010,af9878fd8276aea1,EVT_01724,india_today,politician or party (not specified),Law & Order,Positive,"""one law for everyone"" in India, Bangladesh and Pakistan to ensure equal rights, particularly for women.",India,implemented,one law for everyone policy
af9878fd8276aea1_p011,af9878fd8276aea1,EVT_01724,india_today,Nasreen,Protest,Positive,"expressed support for jailed Hindu monk Chinmoy Krishna Das, saying she and several others had protested against his imprisonment.",Nasreen,protested,Chinmoy Krishna Das's imprisonment
af9878fd8276aea1_p012,af9878fd8276aea1,EVT_01724,india_today,Awami League,Policy,Negative,She opposed any move to ban the Awami League,She,opposed,Awami League
af9878fd8276aea1_p012,af9878fd8276aea1,EVT_01724,india_today,Sheikh Hasina,Policy,Positive,She said former prime minister Sheikh Hasina should be allowed to return to Bangladesh,Sheikh Hasina,allowed to return,Bangladesh
af9878fd8276aea1_p013,af9878fd8276aea1,EVT_01724,india_today,Protest,Violence,Negative,protests from a section of those present,protests,are from,present section
af9878fd8276aea1_p014,af9878fd8276aea1,EVT_01724,india_today,Joy Goswami,Political Ideologies and Views,Negative,I felt bad. It was not only Joy Goswami's humiliation but also mine because I had invited him.,felt bad,experienced,humiliation
af9878fd8276aea1_p015,af9878fd8276aea1,EVT_01724,india_today,Nasreen,Protest,Negative,"""One government barred me, one government expelled me, and one government invited me,""",Governments,"barred, expelled, invited",Nasreen
af9878fd8276aea1_p016,af9878fd8276aea1,EVT_01724,india_today,Suvendu Adhikari,Security Assurance,Positive,assuring her security,assuring,security,her
af9878fd8276aea1_p017,af9878fd8276aea1,EVT_01724,india_today,Nasreen,Development,Positive,"Expressing hope for better ties between India and Bangladesh, Nasreen said",Nasreen,said,hope for better ties
75604c8d7aca75ea_p001,75604c8d7aca75ea,EVT_01738,the_hindu,Indian embassy,Protest,Negative,"Members of the Indian diaspora in China raised concerns over abusive anti-India content on Chinese social media, declining work visas for professionals, and restrictions on employment for spouses at the Indian Embassy’s first Open House in recent years.",Members,raised concerns,Indian embassy
75604c8d7aca75ea_p004,75604c8d7aca75ea,EVT_01738,the_hindu,China,Economic Policy,Negative,a decline in the number of job visas issued by China to Indian professionals,China,issued,job visas to Indian professionals
75604c8d7aca75ea_p011,75604c8d7aca75ea,EVT_01738,the_hindu,Local Government Officials,Corruption,Negative,"The report highlighted that local officials have been embezzling funds, resulting in severe shortages of essential services for the community.",local officials,embezzling,funds
75604c8d7aca75ea_p011,75604c8d7aca75ea,EVT_01738,the_hindu,Environmental Activists,Development,Positive,"The activists have been instrumental in pushing through sustainable development projects, bringing clean water and renewable energy to the area.",Activists,instrumental,sustainable development projects
c96864c4b298023a_p001,c96864c4b298023a,EVT_01733,hindustan_times,Pakistan,Development,Negative,‘Pakistan eroded faith’: India envoy to US calls out Islamabad's ‘distraction policy’ over Indus Waters Treaty,India envoy,calls out,Pakistan's distraction policy
c96864c4b298023a_p002,c96864c4b298023a,EVT_01733,hindustan_times,Pakistan,Corruption,Negative,spent decades eroding those principles through its actions,spent,eroding,principles
c96864c4b298023a_p003,c96864c4b298023a,EVT_01733,hindustan_times,India,Violence,Negative,"effectively ""destroyed"" the spirit of the agreement long before India took the step.",destroyed,effectively,spirit of the agreement
c96864c4b298023a_p004,c96864c4b298023a,EVT_01733,hindustan_times,Pakistan,Violence,Negative,but Pakistan spent decades eroding those principles through its actions.,Pakistan,eroding,principles
c96864c4b298023a_p005,c96864c4b298023a,EVT_01733,hindustan_times,Pakistan,Violence,Negative,"“Pakistan spent half a century dismantling that goodwill and friendship. The abeyance merely acknowledges what Pakistan's conduct had already destroyed,” the ambassador said.",Pakistan,spent,half a century dismantling goodwill and friendship
c96864c4b298023a_p006,c96864c4b298023a,EVT_01733,hindustan_times,Pakistan,Protest,Negative,Kwatra's remarks came weeks after Pakistan reportedly organised a conference in Islamabad to protest India's decision to suspend the treaty.,Pakistan,protested,India's decision to suspend the treaty
c96864c4b298023a_p007,c96864c4b298023a,EVT_01733,hindustan_times,Former Foreign Minister of Pakistan,Violence,Negative,"""At that gathering, a former foreign minister threatened war against India if Pakistan’s demands on the Indus River system go unmet.""",Former foreign minister,threatened,war against India
c96864c4b298023a_p008,c96864c4b298023a,EVT_01733,hindustan_times,Islamabad,Election Strategy,Negative,He termed it a tactic of Islamabad to ‘distract from its internal problems’. He called it their 'standard policy option'.,He,termed,Islamabad's tactic
c96864c4b298023a_p009,c96864c4b298023a,EVT_01733,hindustan_times,Abhijeet Dipke's father,Corruption,Negative,Also Read | RTI activist seeks inquiry into how Abhijeet Dipke's father funded his US education,RTI activist,seekes inquiry,Abhijeet Dipke's father funded his US education
c96864c4b298023a_p011,c96864c4b298023a,EVT_01733,hindustan_times,New Delhi (Indian Government),Violence,Negative,continued to honour the agreement despite the imbalance,honoured,agreement,agreement
c96864c4b298023a_p012,c96864c4b298023a,EVT_01733,hindustan_times,Pakistan,Development,Negative,repeatedly blocked India's attempts to modernise or renegotiate the treaty,blocked,repeatedly,Pakistan
c96864c4b298023a_p013,c96864c4b298023a,EVT_01733,hindustan_times,CM Suvendu,Protest,Negative,Also Read I Jaish operative held in Bengal planned to target CM Suvendu,operative,targeted,CM Suvendu
c96864c4b298023a_p015,c96864c4b298023a,EVT_01733,hindustan_times,Politicians or authorities responding to a situation,Violence,Negative,"""Terror and talks cannot go together""",Terror,cannot go together with,talks
c96864c4b298023a_p017,c96864c4b298023a,EVT_01733,hindustan_times,Political Advocates for Talks,Policy Failure,Negative,Those advocating talks between India and Pakistan have not taken note of the history of these talks in the past or they must believe that doing the same thing over and over again and expecting different results is not insanity.,Political Advocates for Talks,ignore,history of talks
c96864c4b298023a_p018,c96864c4b298023a,EVT_01733,hindustan_times,Prime Minister Narendra Modi,Violence,Positive,"""Terror and talks cannot go together... Terror and trade cannot go together.... Water and blood cannot flow together.""",Modi,received,Positive sentiment score
c96864c4b298023a_p019,c96864c4b298023a,EVT_01733,hindustan_times,India,Development,Negative,water aggressor,India,aggressor,water
c96864c4b298023a_p020,c96864c4b298023a,EVT_01733,hindustan_times,Pakistan government,Development,Negative,"He wrote that only around 40 per cent of the water Pakistan receives reaches its farms, while more than 30 per cent is lost in transit and the remainder flows unused into the sea.",He,wrote,quote about water usage
c96864c4b298023a_p021,c96864c4b298023a,EVT_01733,hindustan_times,New Delhi,Violence,Negative,"For the unversed, New Delhi's decision to hold the treaty in abeyance came a day after the April 22, 2025 terror attack in Pahalgam, Jammu and Kashmir, in which 26 people — 25 Indians and one Nepalese citizen — were killed. The attack was carried out by Pakistani and Pakistan-trained terrorists linked to the designated terror outfit Lashkar-e-Taiba.",New Delhi,hold,treaty in abeyance
4c78dbd5e7e8f46d_p001,4c78dbd5e7e8f46d,EVT_01733,the_times_of_india,India,Violence,Negative,Dismantle terror infrastructure first,India,received,Negative sentiment score
4c78dbd5e7e8f46d_p003,4c78dbd5e7e8f46d,EVT_01733,the_times_of_india,India,Policy,Negative,India said Pakistan had eroded the foundation of the Indus Waters Treaty over the past five decades.,India,eroded,foundation of the Indus Waters Treaty
4c78dbd5e7e8f46d_p003,4c78dbd5e7e8f46d,EVT_01733,the_times_of_india,Pakistan,Violence,Negative,Kwatra said Pakistan had âdismantledâ the goodwill and friendship that underpinned the 1960 agreement.,Kwatra,said,Pakistan
4c78dbd5e7e8f46d_p004,4c78dbd5e7e8f46d,EVT_01733,the_times_of_india,Pakistan,Violence,Negative,Pakist[an] spent half a century dismantling that goodwill and friendship.,Pakist[an],dismantling,goodwill and friendship
4c78dbd5e7e8f46d_p005,4c78dbd5e7e8f46d,EVT_01733,the_times_of_india,Pakistan,Protest,Negative,"His remarks came after Pakistan recently hosted a conference protesting Indiaâs decision to keep the Indus Waters Treaty (IWT) in abeyance on April 23 last year, ",Pakistan,hosted conference,protesting India's action
4c78dbd5e7e8f46d_p006,4c78dbd5e7e8f46d,EVT_01733,the_times_of_india,India,Development,Positive,"India was given control over the eastern rivers, Ravi, Beas and Sutlej",India,received,control over rivers
4c78dbd5e7e8f46d_p006,4c78dbd5e7e8f46d,EVT_01733,the_times_of_india,Pakistan,Policy,Negative,"while Pakistan received rights over the western rivers Indus, Jhelum and Chenab carrying around 80 per cent.",received,over,Pakistan
4c78dbd5e7e8f46d_p007,4c78dbd5e7e8f46d,EVT_01733,the_times_of_india,Indian policymakers or Indian government,Development,Negative,asymmetry stifled development for decades in Indian regions that could have benefited from better water rights.,stifled,hindered,development for decades in Indian regions
4c78dbd5e7e8f46d_p008,4c78dbd5e7e8f46d,EVT_01733,the_times_of_india,India,Violence,Negative,"âBit by bit, Pakistan eroded India's faith that it could exercise its rights under the treaty, or hope for a better one suited to today's realities,â he said.",Pakistan,eroded,India's faith
4c78dbd5e7e8f46d_p008,4c78dbd5e7e8f46d,EVT_01733,the_times_of_india,India,Violence,Negative,"âPakistan also consistently blocked India's initiatives to renegotiate the treaty in light of six decades of technological change, which would have let India develop its hydropower potential,â Kwatra added.",Pakistan,blocked,India's initiatives
4c78dbd5e7e8f46d_p008,4c78dbd5e7e8f46d,EVT_01733,the_times_of_india,Pakistan,Violence,Negative,"The envoy said Pakistanâs approach towards India had been marked by wars, hostility and cross-border terrorism, citing the 1965, 1971 and 1999 conflicts along with major terror attacks, including the 2001 Parliament attack, the 2008 Mumbai attacks, the 2016 Uri and Pathankot attacks, the 2019 Pulwama attack and the 2025 Pahalgam attack.",Pakistan,associated with,"wars, hostility and terrorism"
4c78dbd5e7e8f46d_p009,4c78dbd5e7e8f46d,EVT_01733,the_times_of_india,Prime Minister Narendra Modi,Law & Order,Positive,"""Terror and talks cannot go together... Terror and trade cannot go together... Water and blood cannot flow together'",Terror,cannot go together,Water and Blood
4c78dbd5e7e8f46d_p010,4c78dbd5e7e8f46d,EVT_01733,the_times_of_india,Subhadra Srivastava,Development,Positive,"With over three years of experience, she focuses on national and global developments, conflict, diplomacy and their impact on India.",experience,focuses,"developments, conflict, diplomacy and their impact on India"
bd93a36afe66f04b_p005,bd93a36afe66f04b,EVT_01724,india_today,President (or relevant political figure),Ouster/Resignation/Clearing the Field,Negative,FIRST MAJOR APPEARANCE SINCE OUSTER,Media,reported,President's misconduct
bd93a36afe66f04b_p006,bd93a36afe66f04b,EVT_01724,india_today,Hasina,Protest,Negative,"She left Bangladesh for India after protesters stormed and vandalised official buildings in Dhaka, bringing an abrupt end to her nearly 16-year rule.",protesters,stormed and vandalised,official buildings in Dhaka
bd93a36afe66f04b_p008,bd93a36afe66f04b,EVT_01724,india_today,BANGLADESHI FIGURES,Development,Positive,PROMINENT BANGLADESHI FIGURES TO JOIN EVENT,BANGLADESHI FIGURES,JOIN,EVENT
bd93a36afe66f04b_p010,bd93a36afe66f04b,EVT_01724,india_today,Hasina,Corruption,Negative,"Among them are Sajeeb Wazed Joy, Hasina's son",Sajeeb Wazed Joy,is,Hasina's son
bd93a36afe66f04b_p013,bd93a36afe66f04b,EVT_01724,india_today,Hasina,Election Strategy,Negative,Bangladesh's political landscape has changed significantly since Hasina's ouster.,Hasina,ouster,Bangladesh's political landscape
bd93a36afe66f04b_p013,bd93a36afe66f04b,EVT_01724,india_today,Tarique Rahman,"Election Strategy, Policy",Positive,a Bangladesh Nationalist Party (BNP)-led government under Prime Minister Tarique Rahman,BNP-led,led,Tarique Rahman
bd93a36afe66f04b_p013,bd93a36afe66f04b,EVT_01724,india_today,Hasina's ouster,Election Strategy,Negative,Bangladesh's political landscape has changed significantly since Hasina's ouster.,Hasina,ouster,Bangladesh
6b87ec0ea7b4efc5_p003,6b87ec0ea7b4efc5,EVT_01724,hindustan_times,Sheikh Hasina,Protest,Negative,a massive student-led protest that ousted her from the helm.,protested,ousted,Hasina
6b87ec0ea7b4efc5_p004,6b87ec0ea7b4efc5,EVT_01724,hindustan_times,Hasina,Protest,Negative,"It is scheduled for 6 PM on August 5, the date on which Hasina fled Bangladesh two years ago.",Hasina,fled,Bangladesh
6b87ec0ea7b4efc5_p007,6b87ec0ea7b4efc5,EVT_01724,hindustan_times,Hasina,Protest,Negative,"While Hasina has issued statements, given interviews and attended some events virtually, she hasn't appeared in public since the collapse of her nearly 16-year rule on August 5, 2024, when student-led demonstrations against a controversial quota system evolved into a nationwide anti-government movement that forced her from office.",Hasina,appear,public
6b87ec0ea7b4efc5_p008,6b87ec0ea7b4efc5,EVT_01724,hindustan_times,Hasina,Protest,Negative,"protests stormed and vandalised official buildings in Dhaka, bringing an abrupt end to her government.",protests,stormed,official buildings
6b87ec0ea7b4efc5_p009,6b87ec0ea7b4efc5,EVT_01724,hindustan_times,Sheikh Hasina,Election Strategy,Positive,invited,invited,invited,Sheikh Hasina
6b87ec0ea7b4efc5_p010,6b87ec0ea7b4efc5,EVT_01724,hindustan_times,Hasina,Corruption,Negative,"among them are Hasina’s son Sajeeb Wazed Joy, who was the former Information and Communication Technology adviser to the Bangladesh prime minister",Hasina,received,negative sentiment score
6b87ec0ea7b4efc5_p010,6b87ec0ea7b4efc5,EVT_01724,hindustan_times,Hasina,Corruption,Negative,"along with former Bangladesh education minister Mohibul Hasan Chowdhury Nowfel, and Bangladesh Human Rights Watch general secretary Mahammad Ali Siddique.",Bangladesh Human Rights Watch,mentioned,Hasina
6b87ec0ea7b4efc5_p013,6b87ec0ea7b4efc5,EVT_01724,hindustan_times,Hasina,Election Strategy,Negative,Several changes have occurred in Bangladesh's political landscape since Hasina's ouster.,Hasina,ouster from,position
6b87ec0ea7b4efc5_p013,6b87ec0ea7b4efc5,EVT_01724,hindustan_times,Muhammad Yunus and Interim Administration,Election Strategy,Negative,The interim administration led by Nobel laureate Muhammad Yunus ended,Interim Administration,ended,Muhammad Yunus leadership
6b87ec0ea7b4efc5_p013,6b87ec0ea7b4efc5,EVT_01724,hindustan_times,Prime Minister Tarique Rahman and BNP-led government,Election Strategy,Positive,paving the way for a Bangladesh Nationalist Party (BNP)-led government under Prime Minister Tarique Rahman.,paving,way,BNP-led government under Prime Minister Rahman
6b87ec0ea7b4efc5_p014,6b87ec0ea7b4efc5,EVT_01724,hindustan_times,the new administration,Law & Order,Positive,The new administration has continued legal proceedings,Administration,continued,legal proceedings
6b87ec0ea7b4efc5_p014,6b87ec0ea7b4efc5,EVT_01724,hindustan_times,leaders of the former Awami League government,Corruption,Negative,against several leaders of the former Awami League government,against,accused,leaders of the former Awami League government
6b87ec0ea7b4efc5_p015,6b87ec0ea7b4efc5,EVT_01724,hindustan_times,Hasina,Protest,Negative,"she said she would return to Bangladesh by the end of the year, saying her resolve remains despite the danger of her being jailed or killed upon her return.",she,said,return to Bangladesh
52ae51b0e905b9d8_p001,52ae51b0e905b9d8,EVT_01738,the_times_of_india,Indian diaspora and Chinese government,Protest,Negative,"Indian diaspora in China flags anti-India social media posts, visa curbs",Indian diaspora,flags,"anti-India social media posts, visa curbs"
52ae51b0e905b9d8_p008,52ae51b0e905b9d8,EVT_01738,the_times_of_india,Doraiswami (presumably the head of the embassy),Policy,Positive,"The mission would expand cultural outreach programmes, including events such as the Vasant Mela, to promote India's cultural diversity and cuisine.",mission,expand,cultural outreach programmes
52ae51b0e905b9d8_p009,52ae51b0e905b9d8,EVT_01738,the_times_of_india,Trisha Mahajan,Media/Professionalism,Positive,She also reports on key national and world developments and global news trends.,She,reports on,key national and world developments and global news trends
aaa0824a2d40f6b2_p001,aaa0824a2d40f6b2,EVT_01724,india_today,UCC,Development,Positive,"Taslima Nasreen backs UCC, says India, Bangladesh, Pakistan need it",Taslima Nasreen,backs,UCC
aaa0824a2d40f6b2_p002,aaa0824a2d40f6b2,EVT_01724,india_today,Taslima Nasreen,Policy,Positive,"""equal laws are essential for women's rights""",,,
aaa0824a2d40f6b2_p003,aaa0824a2d40f6b2,EVT_01724,india_today,Taslima Nasreen,Law & Order,Positive,"Exiled Bangladeshi author Taslima Nasreen on Sunday strongly backed the implementation of a Uniform Civil Code in India, saying such a law was essential to remove discrimination, especially against women.",Nasreen,backed,Uniform Civil Code
aaa0824a2d40f6b2_p004,aaa0824a2d40f6b2,EVT_01724,india_today,Nasreen,"Freedom of Expression, Protest",Negative,"She said the incident went against the principle of freedom of expression, which Kolkata had long stood for.",She,said,freedom of expression went against principle
aaa0824a2d40f6b2_p005,aaa0824a2d40f6b2,EVT_01724,india_today,Nasreen,Uniform Civil Code,Positive,"I have been fighting for the UCC for the past 40 years. This is much needed in any civilised country. Bangladesh, Pakistan and India need a Uniform Civil Code.",Congress,advocated,UCC
aaa0824a2d40f6b2_p007,aaa0824a2d40f6b2,EVT_01724,india_today,Hindu Women in Bangladesh,Discrimination,Negative,"""In Bangladesh, Hindu women do not have equal rights. They cannot inherit their father's property. If Hindu women are to enjoy freedom and equal rights, a Uniform Civil Code is necessary,"" she said.",Hindu women,lack,equal rights
aaa0824a2d40f6b2_p008,aaa0824a2d40f6b2,EVT_01724,india_today,Left Front government,Protest,Negative,The then Left Front government to move her out of the city.,Left Front government,move,out of the city
aaa0824a2d40f6b2_p009,aaa0824a2d40f6b2,EVT_01724,india_today,Nasreen,Protest,Negative,"""Not only was Joy insulted, but I was also insulted because I had invited him"", she said.",she,said,"Not only was Joy insulted, but I was also insulted because I had invited him"
aaa0824a2d40f6b2_p010,aaa0824a2d40f6b2,EVT_01724,india_today,Politician,"Freedom of Speech, Protest, Law & Order",Negative,"""Those who appreciated my speech were the ones who did not allow him to come on the stage. Didn't they also question me? It is contradictory. When someone speaks about freedom of expression, people support it, but when a poet is invited to speak, they do not want to hear him. That is not right.""",People,questioned,Poet's speech
aaa0824a2d40f6b2_p010,aaa0824a2d40f6b2,EVT_01724,india_today,Politician,"Freedom of Speech, Election Strategy",Negative,"""I have not got the opportunity to speak to Joy (after the incident), but I will pay him a visit today or tomorrow.""",Politician,visited,Joy
aaa0824a2d40f6b2_p011,aaa0824a2d40f6b2,EVT_01724,india_today,Nasreen,Freedom of Speech,Positive,"""Kolkata is a city of progressives. People here believe in freedom of speech and the right to express one's views. People's political ideologies may differ, but everyone must be given the space to express one's opinions,"" she said.",she,said,progressives in Kolkata about freedom of speech
aaa0824a2d40f6b2_p012,aaa0824a2d40f6b2,EVT_01724,india_today,BJP-led dispensation,Development,Positive,allowing her to visit Kolkata.,allowing,visit,Kolkata
aaa0824a2d40f6b2_p013,aaa0824a2d40f6b2,EVT_01724,india_today,The third government,Freedom of Expression,Positive,"""I am very happy that I could return. I want to believe that this government believes in the right to freedom of expression and freedom of speech,"" she said.",she,said,government
aaa0824a2d40f6b2_p015,aaa0824a2d40f6b2,EVT_01724,india_today,Bengal chief minister,Law & Order,Positive,"""The Bengal chief minister has promised me security. So, I will definitely try to come. I will,"" she said.",,,
aaa0824a2d40f6b2_p016,aaa0824a2d40f6b2,EVT_01724,india_today,Nasreen,Development,Positive,a renewed call for a Uniform Civil Code with a strong defence of equal rights and free speech,called,for,renewed Uniform Civil Code
a45ad433908d7e0a_p001,a45ad433908d7e0a,EVT_01783,the_times_of_india,Raj Thackeray,Immigration/Foreign Policy,Negative,"If India is so great, why settle in Dubai?",India,settling,Dubai
a45ad433908d7e0a_p003,a45ad433908d7e0a,EVT_01783,the_times_of_india,BJP,Corruption,Negative,accused BJP of nurturing a culture of online abuse,BJP,nurtured,culture of online abuse
a45ad433908d7e0a_p004,a45ad433908d7e0a,EVT_01783,the_times_of_india,Raj Thackeray (MNS chief),Protest and Criticism of Administration,Negative,"Claiming that the government had itself acknowledged in Parliament that entrepreneurs were leaving India, Thackeray argued that many of those who publicly endorse the government's narrative were unwilling to build their own lives in the country.",Thackeray,argued,government's narrative
a45ad433908d7e0a_p005,a45ad433908d7e0a,EVT_01783,the_times_of_india,PM Modi,Election Strategy,Negative,"If you think Modi has made everything so great, then why are you settling abroad?",Congress,accused,Modi
a45ad433908d7e0a_p006,a45ad433908d7e0a,EVT_01783,the_times_of_india,Thackeray,Development,Negative,"""Industrialists are going abroad."" Thackeray said the migration of entrepreneurs and young professionals reflected a deeper crisis of confidence, arguing that Indian cities had failed to provide the quality of life that many young people expected.",Thackeray,said,Industrialists are going abroad
a45ad433908d7e0a_p007,a45ad433908d7e0a,EVT_01783,the_times_of_india,Government,Development,Negative,Where are those Smart Cities? Not a single city here is proper.,Modi,blamed,Government for Smart Cities failure
a45ad433908d7e0a_p007,a45ad433908d7e0a,EVT_01783,the_times_of_india,"Government, City Officials (implied by 'ruined cities')",Law & Order,Negative,There's no place to take children out.,No one,stated,ruined cities
a45ad433908d7e0a_p007,a45ad433908d7e0a,EVT_01783,the_times_of_india,"Government, City Officials (implied by 'ruined cities')",Policy,Negative,Not a single city here is proper.,Not a single city here,is,proper
a45ad433908d7e0a_p008,a45ad433908d7e0a,EVT_01783,the_times_of_india,Prime Minister Modi,Election Strategy,Negative,"he said.The MNS chief also weighed in on Prime Minister Modi's remarks condemning abusive language directed at him and his mother, saying he agreed that such language was unacceptable but accused the BJP of nurturing a culture of online abuse.",MNS chief,weighed in on,Prime Minister Modi's remarks
a45ad433908d7e0a_p009,a45ad433908d7e0a,EVT_01783,the_times_of_india,Party,"Corruption, Law & Order",Negative,"Since 2012, the troll army that your party has nurtured trolls everyone, from Mahatma Gandhi, Pandit Jawaharlal Nehru, to Indira Gandhi, to all of us including me, in the filthiest ways.",troll army,trolls,"Mahatma Gandhi, Pandit Jawaharlal Nehru, Indira Gandhi, me"
a45ad433908d7e0a_p009,a45ad433908d7e0a,EVT_01783,the_times_of_india,Trolls,"Corruption, Law & Order",Negative,"Today, if artists in Maharashtra take a stand against the government, they get trolled.",Trolls,attack,artists in Maharashtra
a45ad433908d7e0a_p009,a45ad433908d7e0a,EVT_01783,the_times_of_india,Party Leadership,Law & Order,Negative,Tell your party people that others have mothers too. Tell the trolls you've nurtured.,Others,told,Party people about their mothers
a45ad433908d7e0a_p010,a45ad433908d7e0a,EVT_01783,the_times_of_india,Student Activists,Protest,Negative,The protests that happened weren't just because of the NEET exam chaos.,Protests,were-not-only-because-of,NEET exam chaos
a45ad433908d7e0a_p010,a45ad433908d7e0a,EVT_01783,the_times_of_india,Thackeray (likely a politician or political figure),"Corruption, Law & Order, Development",Negative,"But who will apologize for what your people did? Those who ordered lathis on students, those who split students' heads open, who will they ever apologize?",Thackeray,accused,for corruption
a45ad433908d7e0a_p011,a45ad433908d7e0a,EVT_01783,the_times_of_india,Politician,Anger Management / Protest,Negative,"""Go beyond that and think about what's simmering in the minds of the boys and girls, the young men and women,"" he said, warning that further public anger could erupt if those concerns remained unaddressed.",he,warned,public anger
a45ad433908d7e0a_p012,a45ad433908d7e0a,EVT_01783,the_times_of_india,Thackeray,Development,Positive,"""Who says the country's youth is wandering on the wrong path? If the path-makers have built the wrong path, what's the fault of the youth?"" he said.",he,said,youth and path-makers
a45ad433908d7e0a_p012,a45ad433908d7e0a,EVT_01783,the_times_of_india,Thackeray,Development,Positive,"""I urge members of the Maharashtra Navnirman Vidyarthi Sena to understand the aspirations and anxieties of both urban and rural youth in Maharashtra, saying the movement needed to engage with the realities facing the state's younger generation.""",I,urge,Maharashtra Navnirman Vidyarthi Sena to understand aspirations and anxieties
d0c971536c794494_p001,d0c971536c794494,EVT_01783,hindustan_times,Vivek Oberoi,Development,Negative,"'If India is doing well under PM Modi, why live in Dubai?'",India,doing well,under PM Modi
d0c971536c794494_p002,d0c971536c794494,EVT_01783,hindustan_times,MNS chief,Protest,Negative,"The MNS chief criticised the actors for supporting PM Modi and acting in ""government-sponsored films"" yet choosing to live outside India.",MNS chief,criticised,actors for supporting PM Modi
d0c971536c794494_p003,d0c971536c794494,EVT_01783,hindustan_times,Raj Thackeray (MNS),Protest,Negative,"addressing a rally to mark the party's 20th anniversary, questioned why actors such as Vivek Oberoi and R. Madhavan choose to live in countries like Dubai if they believe India is doing well under Prime Minister Narendra Modi's administration.",Protesters,questioned,moderators on India's governance
d0c971536c794494_p005,d0c971536c794494,EVT_01783,hindustan_times,Industrialists,Development,Negative,Industrialists are going abroad,Industrialists,going abroad,Development frame
d0c971536c794494_p006,d0c971536c794494,EVT_01783,hindustan_times,Prime Minister,Election Strategy,Negative,launched a sharp attack at the Prime Minister and questioned why prominent people were opting to leave the country under his administration.,launched a sharp attack,attacked,Prime Minister
d0c971536c794494_p007,d0c971536c794494,EVT_01783,hindustan_times,PM Modi,Election Strategy,Negative,Industrialists are going abroad,Industrialists,going abroad,PM Modi
d0c971536c794494_p008,d0c971536c794494,EVT_01783,hindustan_times,Odisha,Data Breach / Privacy Violation,Negative,Also Read I Internal investigation underway after Odisha medical exam 'breach',investigation,underway,Odisha medical exam 'breach'
d0c971536c794494_p009,d0c971536c794494,EVT_01783,hindustan_times,Oberoi,Law & Order,Negative,"Oberoi, on the other hand, revealed in an interview with Dubai Property Insider that he shifted in order to expand his business interests tied to his real-estate company BNW Developments.",Oberoi,revealed,business interests
d0c971536c794494_p010,d0c971536c794494,EVT_01783,hindustan_times,government,Development,Negative,"""smart cities"" by marking out how many kids still wish to live abroad due to “excellent roads, fields, gardens, cleanliness, sports complexes”.",smart cities,highlighted,negative living conditions
d0c971536c794494_p011,d0c971536c794494,EVT_01783,hindustan_times,Raj Thackeray,Corruption,Negative,Also Read I Raj Thackeray alleges donation theft at Mumbai's Siddhivinayak Temple: ' ₹18 crore stolen annually',I,alleges,donation theft
d0c971536c794494_p012,d0c971536c794494,EVT_01783,hindustan_times,BJP,Protest,Negative,guns at BJP,guns,at,BJP
d0c971536c794494_p013,d0c971536c794494,EVT_01783,hindustan_times,Thackeray,Protest,Negative,"""MLAs and MPs are being bought off for 50, 100 crore""","MLAs, MPs",bought off,Thackeray
d0c971536c794494_p014,d0c971536c794494,EVT_01783,hindustan_times,Prime Minister,Violence,Negative,"""using the same language against ‘Mahatma Gandhi, Pandit Jawaharlal Nehru, to Indira Gandhi, to all of us including me’""",Congress,accused,Modi of bulldozing
d0c971536c794494_p015,d0c971536c794494,EVT_01783,hindustan_times,Uddhav,Apology and Disagreement with Leadership,Negative,"I ‘Apologise, not forgive’: Uddhav",Uddhav,Apologise,Modi
d0c971536c794494_p015,d0c971536c794494,EVT_01783,hindustan_times,"Raj Thackeray's message to PM Modi, Amit Shah",Criticism of Leadership and Opposition,Negative,"I ‘Apologise, not forgive’: Uddhav",Uddhav,apologise,not forgive
d0c971536c794494_p016,d0c971536c794494,EVT_01783,hindustan_times,Unknown (likely referring to a specific politician or party based on context),Violence,Negative,"You say, 'The kids have been forgiven.' But who will apologize for what your people did? Those who ordered lathis on students, those who split students' heads open—who will they ever apologize?' he said.",Unknown,apologized,for violence done to students
d0c971536c794494_p017,d0c971536c794494,EVT_01783,hindustan_times,Eknath Shinde,Corruption,Negative,The trustees of Siddhivinayak Temple have written a letter to Eknath Shinde informing him of the embezzlement there., trustees ,inform,Eknath Shinde 
d0c971536c794494_p017,d0c971536c794494,EVT_01783,hindustan_times,Eknath Shinde,Policy Failure,Negative,"Students can't trust the government, so when they go to temples, theft is happening right there—who should these kids trust?",Students,can't trust,government
d0c971536c794494_p018,d0c971536c794494,EVT_01783,hindustan_times,Stuti Gupta,Career Success,Positive,"In her role at HT, she is responsible for keeping a track of incoming news updates, packaging stories and publishing them in a format best suited to their purpose.",HT,responsible for,Stuti Gupta's work activities
42c8326d71f29b52_p001,42c8326d71f29b52,EVT_01724,hindustan_times,Taslima Nasreen,Policy,Positive,'Much needed in any civilised country',called,needed,civilised country
42c8326d71f29b52_p002,42c8326d71f29b52,EVT_01724,hindustan_times,Uniform Civil Code,Development,Positive,pushed for the implementation of a Uniform Civil Code,pushed,for,implementation
42c8326d71f29b52_p003,42c8326d71f29b52,EVT_01724,hindustan_times,Uniform Civil Code,Development,Positive,strongly pitched for the implementation of the Uniform Civil Code,called for,pitched,Uniform Civil Code
42c8326d71f29b52_p005,42c8326d71f29b52,EVT_01724,hindustan_times,Nasreen,Development,Positive,"""This is much needed in any civilised country. Bangladesh, Pakistan and India need Uniform Civil Code. There should be equal laws for everyone. Women face a great deal of discrimination, and much of it can be removed through a UCC. It is essential,""",呼吁,提出,Uniform Civil Code
42c8326d71f29b52_p010,42c8326d71f29b52,EVT_01724,hindustan_times,Politician/Party,Religious Discrimination,Negative,"In Bangladesh, Hindu women do not have equal rights. They cannot inherit their father's property.",Hindu women,have no rights,inherit property
42c8326d71f29b52_p012,42c8326d71f29b52,EVT_01724,hindustan_times,Left Front government,Protest,Negative,"She had left Kolkata in 2007, when protests over the publication of her book 'Dwikhandito' (Split: A Life) forced the then Left Front government to move her out of the city.",Left Front government,forced to move out,Kolkata
42c8326d71f29b52_p013,42c8326d71f29b52,EVT_01724,hindustan_times,Politicians (specifically the organizers of the felicitation ceremony),Protest,Negative,"The writer expressed anguish over the disruption during her felicitation ceremony in the city a day ago, saying she felt ""insulted"" after noted poet Joy Goswami was forced to leave the stage amid protests by a section of the audience.",Protesters,targeted,Politicians (organizers)
42c8326d71f29b52_p014,42c8326d71f29b52,EVT_01724,hindustan_times,Joy,Insult and Provocation,Negative,"Not only was Joy insulted, but I was also insulted because I had invited him,",I,insulted,Joy
42c8326d71f29b52_p015,42c8326d71f29b52,EVT_01724,hindustan_times,Politician,Protest,Negative,loud objections from a section of the audience,Politician,protested,audience
42c8326d71f29b52_p016,42c8326d71f29b52,EVT_01724,hindustan_times,Nasreen,Freedom & Expression,Positive,"""In my speech, I had spoken about freedom of expression. Everyone should be allowed to speak. It is not right to stop anyone from expressing their views.""",Nasreen,quoted,Freedom & Expression
42c8326d71f29b52_p017,42c8326d71f29b52,EVT_01724,hindustan_times,Politician or Poet,Protest,Negative,"""When someone speaks about freedom of expression, people support it, but when a poet is invited to speak, they do not want to hear him. That is not right.""",people,support,freedom of expression
42c8326d71f29b52_p021,42c8326d71f29b52,EVT_01724,hindustan_times,Nasreen,Freedom of Speech,Positive,Kolkata is a city of progressives. People here believe in freedom of speech and the right to express one's views.,People,believe,freedom of speech and the right to express one's views
42c8326d71f29b52_p022,42c8326d71f29b52,EVT_01724,hindustan_times,BJP (and/or the BJP-led dispensation),Development,Positive,allowed her to visit Kolkata,allowed,visit,Kolkata
42c8326d71f29b52_p023,42c8326d71f29b52,EVT_01724,hindustan_times,government,Freedom of Expression,Positive,I am very happy that I could return. I want to believe that this government believes in the right to freedom of expression and freedom of speech,government,believes,freedom of expression and freedom of speech
42c8326d71f29b52_p024,42c8326d71f29b52,EVT_01724,hindustan_times,Khaleda Zia,Violence,Negative,'Will her death end my exile?',Will,ask,her death
42c8326d71f29b52_p026,42c8326d71f29b52,EVT_01724,hindustan_times,State Government,Law & Order,Positive,She said the state government had subsequently provided her security cover,State government,provided,security cover
42c8326d71f29b52_p027,42c8326d71f29b52,EVT_01724,hindustan_times,Nasreen,Development,Positive,"""injustice can be long but cannot be permanent""",can,be,injustice
42c8326d71f29b52_p028,42c8326d71f29b52,EVT_01724,hindustan_times,radical groups,Violence,Negative,"In 1994, she left Bangladesh in the face of death threats from radical groups over her writings and her views on religion.",left,received,Negative sentiment score
5ef1316b97695911_p005,5ef1316b97695911,EVT_01647,india_today,Government,Development,Positive,"The move has cleared the way for the posting of judges in several newly established special courts, including those for trial in cases pertaining to the National Investigation Agency (NIA), the Maharashtra Control of Organized Crime Act (MCOCA) and the Narcotic Drugs and Psychotropic Substances (NDPS) Act.",Government,performed,legislation enabling judiciary posts
5ef1316b97695911_p008,5ef1316b97695911,EVT_01647,india_today,Prime Minister Narendra Modi,Law & Order,Positive,The notification came hours after Prime Minister Narendra Modi announced that fast-track courts would be established to ensure speedy trials and strict action against those involved in examination paper leak cases.,announced,did,speedy trials and strict action
47f3081308434105_p002,47f3081308434105,EVT_01647,the_times_of_india,Politician/Party,Violence,Negative,"Edited by: Aadrita Halder / TIMESOFINDIA.COM / Aug 02, 2026, 12:47 IST",,,
47f3081308434105_p005,47f3081308434105,EVT_01647,the_times_of_india,Prime Minister Narendra Modi,Policy,Positive,Prime Minister Narendra Modi had announced the setting up of fast-track courts to ensure the swift disposal of cases related to paper leaks.,announced,announce,setting up of fast-track courts
47f3081308434105_p007,47f3081308434105,EVT_01647,the_times_of_india,NTA and CBI,Corruption,Negative,"The National Testing Agency (NTA) cancelled the National Eligibility-cum-Entrance Test (Undergraduate), or NEET-UG, conducted on May 3 for medical admissions following allegations of a paper leak.",NTA,cancelled,NEET-UG
c854761422f8ca8d_p001,c854761422f8ca8d,EVT_01530,india_today,Rajasthan Police,Law & Order,Positive,"Army, Rajasthan Police bust fake uniform racket","Army, Rajasthan Police",bust,fake uniform racket
c854761422f8ca8d_p002,c854761422f8ca8d,EVT_01530,india_today,Rajasthan Police,Violence,Negative,Army intelligence units and Rajasthan Police uncovered an alleged fake military cloth supply network in Sriganganagar.,Army intelligence units and Rajasthan Police,uncovered,fake military cloth supply network in Sriganganagar
c854761422f8ca8d_p003,c854761422f8ca8d,EVT_01530,india_today,Indian Army and Rajasthan Police,Law & Order,Negative,A joint operation by Indian Army intelligence units and Rajasthan Police has uncovered an alleged counterfeit military uniform supply network,Indian Army,participated,joint operation with Rajasthan Police
c854761422f8ca8d_p005,c854761422f8ca8d,EVT_01530,india_today,Unknown Firm,Corruption,Negative,"According to officials, the firm was suspected of supplying counterfeit military-pattern cloth",Officials,suspected,Unknown Firm of counterfeit cloth
c854761422f8ca8d_p008,c854761422f8ca8d,EVT_01530,india_today,Military/Defense,Violence,Negative,"The raids resulted in the recovery of around 1,000 metres of unauthorised new-pattern combat cloth resembling material used for military uniforms.",raids,resulted in,material used for military uniforms
c854761422f8ca8d_p009,c854761422f8ca8d,EVT_01530,india_today,Government,Law & Order,Negative,SECURITY RISK DUE TO POTENTIAL IMPERSONATION,SECURITY RISK,due to,IMPERSONATION POTENTIAL
c854761422f8ca8d_p010,c854761422f8ca8d,EVT_01530,india_today,Military Regulations,Violence,Negative,Such counterfeit material poses a significant security threat as it can be used to impersonate armed forces personnel and facilitate unlawful activities.,Military Regulations,pose,security threat
c854761422f8ca8d_p011,c854761422f8ca8d,EVT_01530,india_today,Counterfeit Cloth Suppliers or Distributors,Corruption,Negative,Investigators are now probing the extent of the supply network and whether the counterfeit cloth was being distributed beyond Rajasthan to other parts of the country.,Investigators,probing,supply network
63551f1e0565b099_p001,63551f1e0565b099,EVT_01523,hindustan_times,Abhijeet Dipke,Development,Negative,RTI activist seeks inquiry into how Abhijeet Dipke's father funded his US education,RTI activist,seekes,inquiry
63551f1e0565b099_p002,63551f1e0565b099,EVT_01523,hindustan_times,CJP (Committee on Justice) and the finances of founder Abhijeet Dipke's father,Corruption,Negative,A Surat-based RTI activist has called for a probe into the CJP and the finances of founder Abhijeet Dipke's father,RTI activist,called for probe,CJP and Abhijeet Dipke's father finances
63551f1e0565b099_p003,63551f1e0565b099,EVT_01523,hindustan_times,Cockroach Janta Party,Corruption,Negative,"Days after the Cockroach Janta Party announced a legal fund of ₹1 crore for protestors arrested or detained by Delhi Police, ",Cockroach Janta Party,announced,legal fund for protestors
63551f1e0565b099_p004,63551f1e0565b099,EVT_01523,hindustan_times,CJP (likely Citizens Journalist Project) and founder Abhijeet Dipke's family,Corruption,Negative,called for a probe into the CJP and the finances of founder Abhijeet Dipke's father,Congress,called for,probe into CJP and Abhijeet Dipke's father
63551f1e0565b099_p005,63551f1e0565b099,EVT_01523,hindustan_times,Bhagwanrao Dipke,Corruption,Negative,"As per a report by news agency PTI, activist Amit Tiwari sought an inquiry into the finances of Bhagwanrao Dipke",Tiwari,sought,inquiry
63551f1e0565b099_p006,63551f1e0565b099,EVT_01523,hindustan_times,Cockroach Janta Party,Protest,Positive,protests led by the Cockroach Janta Party,protests,led by,Cockroach Janta Party
63551f1e0565b099_p007,63551f1e0565b099,EVT_01523,hindustan_times,Bhagwanrao Dipke,Corruption,Negative,"I have also complained to the Maharashtra Government that Bhagwanrao Dipke was a Junior Engineer at MIDC. So, if he received a salary of ₹60,000-65,000, how was he able to afford the education of his children in the US?",Maharashtra Government,complained to,Bhagwanrao Dipke about salary
63551f1e0565b099_p008,63551f1e0565b099,EVT_01523,hindustan_times,Maharashtra Government,Corruption,Negative,We have complained to the Maharashtra Government that this should be investigated and strict action should be taken,We,complained to,Maharashtra Government
63551f1e0565b099_p009,63551f1e0565b099,EVT_01523,hindustan_times,CJP,Legal & Order,Negative,legal aid,,,
63551f1e0565b099_p010,63551f1e0565b099,EVT_01523,hindustan_times,Kapil Sibal,Legal Defense & Advocacy,Positive,senior advocate and Rajya Sabha MP Kapil Sibal,Sibal,defended,Kapil Sibal
63551f1e0565b099_p011,63551f1e0565b099,EVT_01523,hindustan_times,Cockroach Janta Party (CJP),Corruption,Negative,"If ₹1 crore has been pledged to it as a legal defence fund, then the EC should verify whether the CJP is registered with it under section 29A of the Representation of the People Act, 1951,",EC,verify,CJP registration
63551f1e0565b099_p013,63551f1e0565b099,EVT_01523,hindustan_times,Kapil Sibal,Taxation and Accountability,Negative,will pay the 18 per cent GST on the ₹1 crore pledged as legal aid,will pay,pay,GST on legal aid
63551f1e0565b099_p014,63551f1e0565b099,EVT_01523,hindustan_times,CJP-led protests,Protest,Negative,"He also criticised the CJP-led protests, saying the movement had crossed a line",He,criticised,CJP-led protests
63551f1e0565b099_p015,63551f1e0565b099,EVT_01523,hindustan_times,PM Modi,Protest and Counter-Attacks,Negative,"But in the middle of the agitation, you started abusing PM Modi and his late mother.",Congress,abused,PM Modi
63551f1e0565b099_p019,63551f1e0565b099,EVT_01523,hindustan_times,HT News Desk,Development,Positive,Read More,,,
64e7df176d4ace86_p001,64e7df176d4ace86,EVT_01571,the_hindu,Kerala Chief Minister,Natural Disaster Response,Negative,"Eight dead, 13 injured, 8 missing following rains: Kerala CM",rains,followed,Kerala CM
64e7df176d4ace86_p002,64e7df176d4ace86,EVT_01571,the_hindu,Chief Minister,Disaster Response & Recovery,Negative,"The Chief Minister also said that 27 houses were completely destroyed, 196 homes were partially damaged and 5,792 people have been shifted to the 209 relief camps set up across the State.",Chief Minister,reported,damage and displacement statistics
64e7df176d4ace86_p005,64e7df176d4ace86,EVT_01571,the_hindu,Mr. Satheesan,Disaster Response and Recovery,Negative,"27 houses were completely destroyed, 196 homes were partially damaged and 5,792 people have been shifted to the 209 relief camps set up across the state.",destruction,caused,houses
64e7df176d4ace86_p008,64e7df176d4ace86,EVT_01571,the_hindu,Rahul Gandhi,Support,Positive,I stand firmly with every affected family,I,support,Rahul Gandhi
64e7df176d4ace86_p009,64e7df176d4ace86,EVT_01571,the_hindu,Rahul Gandhi,Disaster Response,Negative,"""Deeply saddened by the devastation caused by heavy rains across Kerala. My heartfelt condolences to the families of the eight people who have lost their lives. May those still missing be found safe, and the injured make a swift recovery.""",Kerala,affected,rain devastation
64e7df176d4ace86_p015,64e7df176d4ace86,EVT_01571,the_hindu,District Collector Arjun Pandian,Development,Positive,"Chairing the DDMA meeting, District Collector Arjun Pandian said officials had responded effectively over the past few days and coordinated relief operations efficiently.",Arjun Pandian,said,response and coordination
64e7df176d4ace86_p020,64e7df176d4ace86,EVT_01571,the_hindu,fishermen,Survival vs Safety,Negative,"For low-income crews, sitting out continuous days means total income loss, and abiding by warnings is a luxury they cannot afford.",low-income crews,forfeited,income
64e7df176d4ace86_p020,64e7df176d4ace86,EVT_01571,the_hindu,officials,Responsibility & Inaction,Negative,"Meanwhile, officials confess that they are powerless to block unsafe departures at many centres.",Officials,confess,powerlessness
64e7df176d4ace86_p022,64e7df176d4ace86,EVT_01571,the_hindu,government,Protest,Negative,inadequate government support,government,provided,adequate support
64e7df176d4ace86_p023,64e7df176d4ace86,EVT_01571,the_hindu,Kerala CM,Violence,Negative,CPI(M) leaders criticise Kerala CM over attending events during rain disaster,CPI(M) leaders,criticise,Kerala CM
64e7df176d4ace86_p024,64e7df176d4ace86,EVT_01571,the_hindu,V.D. Satheesan (Kerala Chief Minister),Law & Order,Negative,"CPI(M) leaders today criticised Kerala Chief Minister V.D. Satheesan over his visit to the residence of a Youth League leader in Malappuram, alleging that it was inappropriate",CPI(M) leaders,criticised,V.D. Satheesan
64e7df176d4ace86_p026,64e7df176d4ace86,EVT_01571,the_hindu,Mr. Satheesan,Corruption,Negative,He alleged that Mr. Satheesan spent time as a guest at the residence of a Youth League leader and had a lavish meal.,He,alleged,Mr. Satheesan
64e7df176d4ace86_p027,64e7df176d4ace86,EVT_01571,the_hindu,MLA Sudhakaran,Development,Positive,Timely opening of Thottappally spillway averted major flood in Alappuzha district,Thottappally spillway,opened,avert flood in Alappuzha district
64e7df176d4ace86_p028,64e7df176d4ace86,EVT_01571,the_hindu,Irrigation Department,Development,Positive,MLA G. Sudhakaran today said that the timely opening of the shutters of the Thottappally spillway here by the Irrigation Department helped avert major flooding,Irrigation Department,helped,avert major flooding
64e7df176d4ace86_p040,64e7df176d4ace86,EVT_01571,the_hindu,Kerala Health Minister K. Muraleedharan,Development,Positive,prepared to handle any rain-related problems and directions have been issued to send teams of health professionals to all relief camps,prepared,handle,problems and directions
64e7df176d4ace86_p043,64e7df176d4ace86,EVT_01571,the_hindu,Government,Natural Disasters and Response,Negative,"Torrential rain unleashes landslips, floods across Kottayam, Pathanamthatta.",,,
64e7df176d4ace86_p047,64e7df176d4ace86,EVT_01571,the_hindu,Poonjar,Corruption,Negative,Landslip claims mother and son in Poonjar,Landslip,claimed,Poonjar
64e7df176d4ace86_p048,64e7df176d4ace86,EVT_01571,the_hindu,Government,Violence,Negative,Torrential rain claimed two lives in Kottar,Rain,claimed,lives
64e7df176d4ace86_p049,64e7df176d4ace86,EVT_01571,the_hindu,Natural Disasters,Disaster Response,Negative,Kerala Rains: Landslip claims life of mother and son in Poonjar,Landslip,claim,life of mother and son
64e7df176d4ace86_p050,64e7df176d4ace86,EVT_01571,the_hindu,Mother and Son,Natural Disaster,Negative,"A landslip in Poonjar caused by heavy rain claimed the lives of a mother and son, burying their home under debris.",landslip,caused,mother and son
64e7df176d4ace86_p051,64e7df176d4ace86,EVT_01571,the_hindu,Disaster Management and Relief Efforts,Development,Negative,34 families shifted to relief camps in Kozhikode,34 families,shifted,relief camps
64e7df176d4ace86_p052,64e7df176d4ace86,EVT_01571,the_hindu,local administrators and the Revenue Department,Development,Positive,"As part of mitigating rain-related calamities, the District Disaster Management Authority (DDMA) has opened 34 relief camps in Kozhikode district.",DDMA,opened,relief camps
64e7df176d4ace86_p054,64e7df176d4ace86,EVT_01571,the_hindu,Kozhikode administration,Development,Positive,opening 34 relief camps for 515 people,Kozhikode,provided,relief camps
64e7df176d4ace86_p054,64e7df176d4ace86,EVT_01571,the_hindu,Government response to natural disaster,Emergency Response,Positive,ensuring medical care and support amid ongoing weather alerts,Ensuring,provide,Medical care and support
64e7df176d4ace86_p056,64e7df176d4ace86,EVT_01571,the_hindu,Government,Violence,Negative,A two-year-old child who sustained grave injuries after falling into the waterlogged courtyard of his house died at a private medical college hospital,child,fell,courtyard
64e7df176d4ace86_p061,64e7df176d4ace86,EVT_01571,the_hindu,CMO,Death Toll / Natural Disasters,Negative,Eight deaths confirmed in rain-related incidents in Kerala: CMO,CMO,reported,eight deaths in Kerala
64e7df176d4ace86_p064,64e7df176d4ace86,EVT_01571,the_hindu,government,Disaster Response & Relief Efforts,Negative,initiates relief efforts,government,initiates,relief efforts
64e7df176d4ace86_p067,64e7df176d4ace86,EVT_01571,the_hindu,Local Authorities or Government,Violence,Negative,A landslip damaged a house at Chekkanni Kattunaikka Unnathi (tribal settlement).,Local Authorities,damaged,house
64e7df176d4ace86_p070,64e7df176d4ace86,EVT_01571,the_hindu,Kerala,Natural Disaster,Negative,Eight killed as extremely heavy rain batters Kerala,rain,batters,Kerala
64e7df176d4ace86_p071,64e7df176d4ace86,EVT_01571,the_hindu,Government,Natural Disasters & Government Response,Negative,Eight people died in rain-related incidents,rain-related incidents,affected,Eight people
64e7df176d4ace86_p072,64e7df176d4ace86,EVT_01571,the_hindu,Kerala (state in India),Natural Disaster,Negative,Eight killed as extremely heavy rain batters Kerala,rain,batters,Kerala
64e7df176d4ace86_p078,64e7df176d4ace86,EVT_01571,the_hindu,Natural Disaster Response Efforts,Development,Negative,"Heavy rain in Kannur causes evacuations, road damage, and two missing persons amid ongoing search and relief efforts.",Heavy rain,causes,"evacuations, road damage, missing persons"
64e7df176d4ace86_p084,64e7df176d4ace86,EVT_01571,the_hindu,State,Development,Negative,"exposes gaps in State’s weather forecasting, disaster preparedness",exposes,highlight,gaps
64e7df176d4ace86_p087,64e7df176d4ace86,EVT_01571,the_hindu,State,Disaster Management,Negative,"exposes gaps in State’s weather forecasting, disaster preparedness",exposes,highlight,gaps
64e7df176d4ace86_p088,64e7df176d4ace86,EVT_01571,the_hindu,Weather Forecasting & Disaster Preparedness,Development,Negative,Kerala floods 2026 reveal critical failures in weather forecasting and disaster preparedness amid extreme rainfall and insufficient alerts.,floods,reveal,failures
64e7df176d4ace86_p089,64e7df176d4ace86,EVT_01571,the_hindu,District Administration,Corruption,Negative,District administration cancels competition in Kozhikode's Iruvazhinji River,District administration,cancels,competition
64e7df176d4ace86_p091,64e7df176d4ace86,EVT_01571,the_hindu,Local Authorities,Development,Negative,"According to official sources, the water levels in the Iruvazhinji River and the Chali River have gone up considerably.",Sources,reported,water levels rise
64e7df176d4ace86_p091,64e7df176d4ace86,EVT_01571,the_hindu,Local Authorities,Law & Order,Negative,All the training sessions there too have been banned.,Banned,actioned,Training sessions
245b1031e88ca457_p001,245b1031e88ca457,EVT_01611,india_today,Punjab Congress chief,Protest,Negative,dismisses pro-Channi slogan row,Punjab Congress chief,dismisses,pro-Channi slogan row
245b1031e88ca457_p001,245b1031e88ca457,EVT_01611,india_today,AAP and TV channels,Protest,Negative,blames AAP and TV channels,blames,accused,AAP and TV channels
245b1031e88ca457_p002,245b1031e88ca457,EVT_01611,india_today,Punjab Congress,Factional Strains,Negative,episode has again exposed factional strains,Punjab Congress,exposed,factional strains
245b1031e88ca457_p003,245b1031e88ca457,EVT_01611,india_today,Punjab Congress,Protest and Disinformation,Negative,"He said the ruling party was presenting the slogans as something far more serious, while channels were focusing only on the sloganeering.",Punjab Congress,received,Negative sentiment score
245b1031e88ca457_p004,245b1031e88ca457,EVT_01611,india_today,Charanjit Singh Channi,Protest,Negative,"Warring made the remarks while speaking to reporters in Barnala after supporters of Jalandhar MP and former chief minister Charanjit Singh Channi interrupted the Congress's 'Har Booth, Congress Mazboot' programme with slogans in Channi's favour.",Warring,made,remarks
245b1031e88ca457_p006,245b1031e88ca457,EVT_01611,india_today,AAP government,Policy,Negative,"""The current (AAP) government is presenting the slogans raised in favour of Charanjit Singh Channi as if they were chanted in favor of Pakistan. """,AAP government,presenting,slogans
245b1031e88ca457_p007,245b1031e88ca457,EVT_01611,india_today,Warring,Election Strategy,Negative,"""I gave a speech, and everybody listened to it. The party workers clapped. But no TV channel is showing it,"" he said, asking what objection the media and the AAP had if a slogan was raised.",Warring,received,Negative sentiment score
245b1031e88ca457_p010,245b1031e88ca457,EVT_01611,india_today,Congress leadership,Protest,Negative,The tensions had become visible after the Congress leadership on July 1 retained Warring as state unit chief and appointed Channi as chairperson of its campaign committee.,Congress leadership,appointed,Channi
261729515a67dfe1_p001,261729515a67dfe1,EVT_01596,the_hindu,BJP State president Nainar Nagenthran,Development,Negative,"“whenever the Congress was elected to power in Karnataka, the farmers of Tamil Nadu were cheated.”",Congress,cheated,farmers of Tamil Nadu
261729515a67dfe1_p002,261729515a67dfe1,EVT_01596,the_hindu,Congress,Policy,Negative,"""So, you don’t have to teach us a lesson regarding the welfare of Tamil Nadu. The BJP is clear in our position in protecting the rights of Tamil Nadu,"" he said",Congress,accused,Modi
261729515a67dfe1_p002,261729515a67dfe1,EVT_01596,the_hindu,BJP,Policy,Positive,"""So, you don’t have to teach us a lesson regarding the welfare of Tamil Nadu. The BJP is clear in our position in protecting the rights of Tamil Nadu,"" he said",BJP,defend,rights of Tamil Nadu
261729515a67dfe1_p003,261729515a67dfe1,EVT_01596,the_hindu,Congress party,Protest,Negative,"""It is a known fact that despite directions by the Authority constituted by the BJP-led Union government, the Congress government in Karnataka refused to release water to Tamil Nadu.""",Congress,refused,release water to Tamil Nadu
261729515a67dfe1_p004,261729515a67dfe1,EVT_01596,the_hindu,Congress government,Policy,Negative,"He also questioned the reported silence being maintained by Congress leader Rahul Gandhi, who is visiting Tamil Nadu.",Congress,questioned,Rahul Gandhi's silence
261729515a67dfe1_p004,261729515a67dfe1,EVT_01596,the_hindu,Rahul Gandhi,Policy,Negative,"He also questioned the reported silence being maintained by Congress leader Rahul Gandhi, who is visiting Tamil Nadu.",Congress,questioned,Rahul Gandhi's silence
261729515a67dfe1_p005,261729515a67dfe1,EVT_01596,the_hindu,Local Government,Corruption,Negative,"The report highlighted serious allegations of corruption within the local government, leading to widespread public distrust and calls for reform.",Report,highlighted,corruption within local government
3e891182db673d86_p001,3e891182db673d86,EVT_01721,hindustan_times,Raj Thackeray,Corruption,Negative,‘ ₹18 crore stolen annually’,Stolen,annually,₹18 crore
3e891182db673d86_p002,3e891182db673d86,EVT_01721,hindustan_times,Thacker,Corruption,Negative,"Alleging that ₹1,400 crore had been stolen at the Ram Temple in Ayodhya",Allegations,regarding,Corruption
3e891182db673d86_p003,3e891182db673d86,EVT_01721,hindustan_times,Raj Thackeray,Corruption,Negative,donations of ₹18 crore were being siphoned off every year at Mumbai's famous Siddhivinayak Temple,donations,siphoned off,Temple funds
3e891182db673d86_p004,3e891182db673d86,EVT_01721,hindustan_times,Prime Minister Narendra Modi,Corruption,Negative,demanded that Prime Minister Narendra Modi speak on this issue.,demanded,attacked,Modi
3e891182db673d86_p005,3e891182db673d86,EVT_01721,hindustan_times,politician or party,Corruption,Negative,"corruption, he said",he,said,corruption
3e891182db673d86_p006,3e891182db673d86,EVT_01721,hindustan_times,CJP protesters,Violence,Negative,Stone-pelting by CJP protesters happened even after Parliament march violence: Officials,CJP protesters,stone-pelting,happened
3e891182db673d86_p007,3e891182db673d86,EVT_01721,hindustan_times,Thackeray,Development,Positive,He claimed that the temple's weekly earnings went from less than ₹50 lakh to ₹1.5 crore after the theft was caught.,He,claimed,earnings increase
3e891182db673d86_p008,3e891182db673d86,EVT_01721,hindustan_times,Thackeray,Corruption,Negative,"""Every year, ₹18 crore was being stolen,"" Thackeray alleged.",Thackeray,alleged,stealing
3e891182db673d86_p009,3e891182db673d86,EVT_01721,hindustan_times,Eknath Shinde (Shiv Sena leader),Corruption,Negative,"Sada Sarvankar, chairman of the Siddhivinayak Temple Trust and a leader of the Shiv Sena led by Eknath Shinde",Sada Sarvankar,is chairman of,Siddhivinayak Temple Trust
3e891182db673d86_p011,3e891182db673d86,EVT_01721,hindustan_times,Sarvankar,Development,Positive,"The rise in donations was due to the efforts taken by the trust, Sarvankar said",Sarvankar,said,rise in donations
3e891182db673d86_p012,3e891182db673d86,EVT_01721,hindustan_times,RTI activist,Corruption,Positive,Also read: RTI activist seeks inquiry into how Abhijeet Dipke's father funded his US education,RTI activist,seeks,inquiry
3e891182db673d86_p013,3e891182db673d86,EVT_01721,hindustan_times,Police,Law & Order,Negative,police have arrested multiple accused,police,arrested,multiple accused
3e891182db673d86_p013,3e891182db673d86,EVT_01721,hindustan_times,Alleged Stealers of Donations,Corruption,Negative,alleged theft of donations,stealers,thieved,donations
3e891182db673d86_p014,3e891182db673d86,EVT_01721,hindustan_times,Thackeray,Corruption,Negative,allegations come amid major row over the Ram Temple donations row,allegations,come,Thackeray under Corruption frame
3e891182db673d86_p015,3e891182db673d86,EVT_01721,hindustan_times,Opposition,Corruption,Negative,‘donation theft’,are,accused,donation theft
3e891182db673d86_p016,3e891182db673d86,EVT_01721,hindustan_times,"Rahul Gandhi, Pappu Yadav, Awadhesh Prasad (Leader of Opposition)",Protest,Negative,The opposition MPs on Friday staged a 'donation theft' skit in protest against the government,MPs,staged,skit
3e891182db673d86_p016,3e891182db673d86,EVT_01721,hindustan_times,"Rahul Gandhi, Pappu Yadav, Awadhesh Prasad (Leader of Opposition)",Election Strategy,Negative,Following which an FIR was registered in Varanasi against Leader of Opposition in Lok Sabha Rahul Gandhi and MPs Pappu Yadav and Awadhesh Prasad,FIR registered,against,"Rahul Gandhi, Pappu Yadav, Awadhesh Prasad (Leader of Opposition)"
3e891182db673d86_p016,3e891182db673d86,EVT_01721,hindustan_times,"Rahul Gandhi, Pappu Yadav, Awadhesh Prasad (Leader of Opposition)",Protest Violations or Incidents,Negative,an FIR was registered in Varanasi against Leader of Opposition in Lok Sabha Rahul Gandhi and MPs Pappu Yadav and Awadhesh Prasad,"Rahul Gandhi, Pappu Yadav, Awadhesh Prasad",registered FIR against,Leader of Opposition (Congress)
3e891182db673d86_p016,3e891182db673d86,EVT_01721,hindustan_times,BJP (Bharatiya Janata Party),Reactions to Political Action,Negative,BJP MP Bansuri Swaraj and other leaders filed a police complaint in Delhi,BJP MPs,filed complaint,police
3e891182db673d86_p017,3e891182db673d86,EVT_01721,hindustan_times,Three Opposition Leaders,Violence,Negative,The Varanasi Police registered the case against the three opposition leaders based on a formal complaint submitted at Kotwali police station by seers,Police,registered,case against leaders
3e891182db673d86_p017,3e891182db673d86,EVT_01721,hindustan_times,Sanatan Dharma Community,Violence,Negative,alleging that these MPs insulted Sanatan Dharma,alleged,insulted,Sanatan Dharma Community
3e891182db673d86_p018,3e891182db673d86,EVT_01721,hindustan_times,Pappu Yadav,Protest,Negative,"Pappu Yadav, dressed in a saffron outfit, performed the skit along with other opposition MPs in front of the Makar Dwar at the Parliament complex on Friday to protest the alleged embezzlement of donations at the Ram temple in Ayodhya.",Pappu Yadav,protested,embezzlement at Ram temple
3e891182db673d86_p019,3e891182db673d86,EVT_01721,hindustan_times,Jaish operative,Violence,Negative,"Also read: Jaish operative held in Bengal planned to target CM Suvendu, infiltrate Jantar Mantar protest: STF",Jaish operative,planned,"target Suvendu CM, infiltrate protest"
3e891182db673d86_p020,3e891182db673d86,EVT_01721,hindustan_times,"Gandhi, Rajesh Ranjan (Pappu Yadav)",Corruption,Negative,"The MPs, including Gandhi, put money inside donation boxes, while Rajesh Ranjan, known as Pappu Yadav, slipped money into his pockets","MPs, including Gandhi",put,money inside donation boxes
3e891182db673d86_p022,3e891182db673d86,EVT_01721,hindustan_times,Pappu Yadav,"Insult, Religion, Corruption",Negative,said the manner in which Pappu Yadav insulted Lord Ram and Sanatan Dharma,Pappu Yadav,insulted,Lord Ram and Sanatan Dharma
48dbbacab80839cb_p001,48dbbacab80839cb,EVT_01721,the_hindu,Maharashtra Navnirman Sena (MNS),Corruption,Negative,alleged that donations worth ₹18 crore were being siphoned off every year at the famous Siddhivinayak Temple in Mumbai.,alleged,siphoned off,donations
48dbbacab80839cb_p002,48dbbacab80839cb,EVT_01721,the_hindu,Siddhivinayak temple and Prabhadevi area in Mumbai,Corruption,Negative,a revenue of ₹182 crore in fiscal 2025-26,ignored,received,Negative sentiment score
48dbbacab80839cb_p002,48dbbacab80839cb,EVT_01721,the_hindu,Mr. Thackeray’s allegation,Corruption,Negative,₹18 crore amounted to about 10% of the FY2026 revenue,₹18 crore,amounted to,10% of the FY2026 revenue
48dbbacab80839cb_p003,48dbbacab80839cb,EVT_01721,the_hindu,Mr. Thackeray (presumably a reference to Ashok Thakur),Corruption,Negative,"Even temples were not safe these days, Mr. Thackeray said",Mr. Thackeray,said,temple safety
48dbbacab80839cb_p004,48dbbacab80839cb,EVT_01721,the_hindu,Congress party,Corruption,Negative,demands Supreme Court-monitored probe,Congress,demands,Supreme Court-monitored probe
48dbbacab80839cb_p005,48dbbacab80839cb,EVT_01721,the_hindu,Eknath Shinde,Corruption,Negative,"He said some alert trustees caught employees who stole money from the donation box at the Siddhivinayak temple, reading out a letter written by eight trustees to Maharashtra Deputy Chief Minister Eknath Shinde.",alert trustees,caught,employees stealing
48dbbacab80839cb_p006,48dbbacab80839cb,EVT_01721,the_hindu,Government Officials or Politicians,Corruption,Negative,"“Every year, ₹18 crore was being stolen,” Mr. Thackeray alleged.",Thackeray,alleged,stealing
48dbbacab80839cb_p007,48dbbacab80839cb,EVT_01721,the_hindu,Sada Sarvankar,Development,Positive,"""We have filed cases wherever required,"" he said.",He,said,
48dbbacab80839cb_p008,48dbbacab80839cb,EVT_01721,the_hindu,Ayodhya Ram Temple Investigation,Corruption,Neutral,allegations assume significance when the investigation regarding the donation theft at the Ayodhya Ram temple is underway,,,
48dbbacab80839cb_p009,48dbbacab80839cb,EVT_01721,the_hindu,John Doe,Corruption,Negative,The mayor admitted to accepting bribes in exchange for city contracts.,mayor,accepted,bribes
0fb7b86a3da80a14_p001,0fb7b86a3da80a14,EVT_01693,india_today,Vijay,Development,Positive,"Amid Cauvery row, DK Shivakumar thanks Vijay for delaying Bengaluru visit",DK Shivakumar,thanks,Vijay
0fb7b86a3da80a14_p003,0fb7b86a3da80a14,EVT_01693,india_today,C Tamil Nadu Chief Minister Joseph Vijay,Protest,Negative,Tamil Nadu Chief Minister C Joseph Vijay has agreed to postpone his proposed visit to Bengaluru,C Joseph Vijay,agreed,visit to Bengaluru
0fb7b86a3da80a14_p003,0fb7b86a3da80a14,EVT_01693,india_today,Karnataka Chief Minister DK Shivakumar,Policy,Positive,Shivakumar said the decision would help preserve cordial relations between the two neighbouring states at a sensitive time.,Shivakumar,said,decision would help preserve cordial relations
0fb7b86a3da80a14_p004,0fb7b86a3da80a14,EVT_01693,india_today,Shivakumar,Policy,Negative,"Speaking after an all-party meeting on the Cauver issue in Bengaluru on Sunday, Shivakumar said he personally requested Vijay to defer his visit as public sentiment in Karnataka remained strong over the ongoing water dispute.",Shivakumar,said,Vijay to defer his visit
0fb7b86a3da80a14_p005,0fb7b86a3da80a14,EVT_01693,india_today,Shivakumar,Courageous Leader,Positive,"I have great respect for him. Though he may be new to politics, he is a courageous leader",he,is,a courageous leader
0fb7b86a3da80a14_p006,0fb7b86a3da80a14,EVT_01693,india_today,Vijay,Election Strategy,Positive,He added that he congratulated Vijay on his political journey and requested,Congress,congratulated,Vijay
0fb7b86a3da80a14_p008,0fb7b86a3da80a14,EVT_01693,india_today,Shivakumar (politician),Law & Order,Positive,asserting that Karnataka's interests remained his priority,asserted,priority,Karnataka's interests
0fb7b86a3da80a14_p010,0fb7b86a3da80a14,EVT_01693,india_today,CAUVERY,Development,Positive,"MEKEDATU PROJECT, CAUVERY RELEASES",CAUVERY,releases,MEKEDATU PROJECT
0fb7b86a3da80a14_p011,0fb7b86a3da80a14,EVT_01693,india_today,Shivakumar,Development,Positive,"reiterated Karnataka's support for the proposed Mekedatu balancing reservoir project, describing it as a long-term solution to the Cauvery water dispute.",Karnataka,support,Mekedatu balancing reservoir project
0fb7b86a3da80a14_p012,0fb7b86a3da80a14,EVT_01693,india_today,The politician or party advocating for the project,Development,Negative,He claimed that nearly 90 per cent of the project's benefits would accrue to Tamil Nadu,Tamil Nadu,benefit,receive
0fb7b86a3da80a14_p012,0fb7b86a3da80a14,EVT_01693,india_today,Opponents or critics of the project,Development,Positive,and maintained that water stored in the proposed reservoir could not be diverted to Bengaluru,Opponents,maintained,reservoir diversion to Bengaluru
9a9b25b0bc9092b6_p002,9a9b25b0bc9092b6,EVT_01459,deccan_herald,Sheikh Hasina's Awami League regime,Protest,Negative,"Taslima Nasreen said she did not follow what was happening at Jantar Mantar, but a small video clip of the protest 'reminded me of the July 2024 students' movement in Bangladesh'",Taslima Nasreen,reminded,July 2024 students' movement in Bangladesh
9a9b25b0bc9092b6_p002,9a9b25b0bc9092b6,EVT_01459,deccan_herald,Sheikh Hasina's Awami League regime,Protest,Negative,"Taslima Nasreen bats for UCC implementation in India, stresses need for such law in Bangladesh",,,
9a9b25b0bc9092b6_p003,9a9b25b0bc9092b6,EVT_01459,deccan_herald,Sheikh Hasina,Protest,Negative,Because we thought the students wanted to abolish the quota system. Sheikh Hasina had also agreed to their demands,Students,demanded,abolish quota system
9a9b25b0bc9092b6_p003,9a9b25b0bc9092b6,EVT_01459,deccan_herald,Bangladesh government,Protest Fallout,Negative,but ultimately the government fell,fell,received,negative sentiment score
9a9b25b0bc9092b6_p003,9a9b25b0bc9092b6,EVT_01459,deccan_herald,Islamist groups or their backers,Violence and Corruption,Negative,The fallout has not been good for Bangladesh.,Islamist groups,received,Negative sentiment score
9a9b25b0bc9092b6_p004,9a9b25b0bc9092b6,EVT_01459,deccan_herald,Jihadis,Violence,Negative,Jihadis have taken over power there,Jihadis,taken over,power
9a9b25b0bc9092b6_p004,9a9b25b0bc9092b6,EVT_01459,deccan_herald,Hasina’s Awami League regime,Protest and Regime Change,Negative,"A massive student-led protest ousted Hasina’s Awami League regime on August 5, 2024.",protest,ousted,Hasina's Awami League regime
9a9b25b0bc9092b6_p005,9a9b25b0bc9092b6,EVT_01459,deccan_herald,Bangladesh Nationalist Party (BNP),Election Strategy,Positive,"In February this year, Bangladesh Nationalist Party (BNP) chairperson Tarique Rahman secured a sweeping victory in a landmark parliamentary election, leading to him becoming the prime minister.",BNP chairperson Tarique Rahman,secured,sweeping victory
024074af3fd8bb85_p001,024074af3fd8bb85,EVT_01502,hindustan_times,PM Modi,Protest,Negative,'FIR not withdrawn',,not withdrawn,FIR about Modi's actions
024074af3fd8bb85_p002,024074af3fd8bb85,EVT_01502,hindustan_times,CJP (Civil Jute Producers Association),Development,Positive,the CJP was backing her,CJP,backing,her
024074af3fd8bb85_p003,024074af3fd8bb85,EVT_01502,hindustan_times,Prime Minister Narendra Modi,Violence,Negative,PM Modi said he has forgiven the kids.,PM Modi,forgiven,kids
024074af3fd8bb85_p004,024074af3fd8bb85,EVT_01502,hindustan_times,Lawyer Ratna Singh,Protest,Negative,"despite the teen releasing the apology video, the media has continued to “hound” the family with questions.",media,hound,family
024074af3fd8bb85_p005,024074af3fd8bb85,EVT_01502,hindustan_times,Singh (Politician),Law & Order,Negative,"""I also assured her that we will extend every possible legal assistance and ensure the girl receives any counselling and support she may need during this difficult time,"" Singh wrote on X.",Singh,wrote,on X about legal assistance and support for girl
024074af3fd8bb85_p006,024074af3fd8bb85,EVT_01502,hindustan_times,The girl (protestor),Protest,Negative,allegedly using derogatory slogans during the July 23 protest.,using,performing,slogans
024074af3fd8bb85_p006,024074af3fd8bb85,EVT_01502,hindustan_times,Noida Police,Violence,Negative,Noida Police registered a Zero FIR,Noida Police,registered,Zero FIR
024074af3fd8bb85_p006,024074af3fd8bb85,EVT_01502,hindustan_times,The girl (protestor),Law & Order,Negative,A complaint had been filed against the girl at a Noida police station,complaint,filed against,girl
024074af3fd8bb85_p007,024074af3fd8bb85,EVT_01502,hindustan_times,PM,Forgiveness,Positive,PM's forgiveness,PM,forgave,self
024074af3fd8bb85_p008,024074af3fd8bb85,EVT_01502,hindustan_times,PM Narendra Modi,Protest,Negative,"The girl had apologised for her remarks against PM Narendra Modi in a video, saying the incident was her ""first and last mistake"".",girl,apologized to,Modi
024074af3fd8bb85_p009,024074af3fd8bb85,EVT_01502,hindustan_times,Protest Organizers,Violence,Negative,"""I came under the influence of some people at the protest and said a lot of bad things against the Prime Minister. I apologise to the entire country. I am so ashamed. I can't even look at myself. Please forgive me,"" she said.",she,apologized to,the entire country
024074af3fd8bb85_p010,024074af3fd8bb85,EVT_01502,hindustan_times,PM Modi,Protest,Negative,PM Modi on Friday said he was deeply hurt that even his late mother was targeted with abusive remarks during the protest at Jantar Mantar.,PM Modi,hurt,protesters with abusive remarks about his late mother
024074af3fd8bb85_p010,024074af3fd8bb85,EVT_01502,hindustan_times,Our daughters,Violence,Negative,"He also expressed disappointment that ""our daughters"" had used such language",He,expressed disappointment,our daughters using such language
024074af3fd8bb85_p012,024074af3fd8bb85,EVT_01502,hindustan_times,Politician (implied by context),Violence,Negative,"He said a few ""naughty children"" had used abusive language against him",He,said,abusive language against him
024074af3fd8bb85_p013,024074af3fd8bb85,EVT_01502,hindustan_times,unknown politician,Violence,Negative,"But abuses never solve anything; let's guide the misguided,",But,state,abuses
024074af3fd8bb85_p015,024074af3fd8bb85,EVT_01502,hindustan_times,PM Modi,Gratitude,Positive,Mother says grateful to PM Modi,Mother,be grateful to,PM Modi
024074af3fd8bb85_p016,024074af3fd8bb85,EVT_01502,hindustan_times,PM Modi,Forgiveness and Mercy,Positive,"""for choosing to forgive"" her daughter, adding that it has given the teen ""a new life.""",Modi,forgave,daughter
024074af3fd8bb85_p017,024074af3fd8bb85,EVT_01502,hindustan_times,PM Modi,Development,Positive,"""Today is her birthday, and PM Modi has given her the greatest gift: jeevandaan (the gift of life). Today, this girl has been reborn,"" she told news agency PTI.",PM Modi,gave,gift of life
024074af3fd8bb85_p018,024074af3fd8bb85,EVT_01502,hindustan_times,Shivam Pratap Singh,Development,Positive,He has over half-a-decade of experience in digital journalism though his career started in print.,He,has,experience
024074af3fd8bb85_p018,024074af3fd8bb85,EVT_01502,hindustan_times,Shivam Pratap Singh,Policy,Positive,He treats every topic almost equally but loves to write about foreign affairs and politics of India.,He,treats,foreign affairs and politics of India equally
a2f458ebb2415c31_p001,a2f458ebb2415c31,EVT_01502,india_today,Mother of girl who abused PM,Violence,Negative,FIR not withdrawn despite apology: Mother of girl who abused PM seeks protection,Mother,seeking,protection
a2f458ebb2415c31_p002,a2f458ebb2415c31,EVT_01502,india_today,Prime Minister Modi,Violence,Negative,Prime Minister Modi has forgiven her,forgiven,attacked,her
a2f458ebb2415c31_p003,a2f458ebb2415c31,EVT_01502,india_today,PM Modi,Protest,Negative,"The mother of the 15-year-old girl whose video abusing Prime Minister Narendra Modi during a protest at Delhi's Jantar Mantar went viral has appealed for the FIR against her daughter to be withdrawn, saying the teenager has realised her mistake and is deeply ashamed.",mother,appealed,FIR against daughter
a2f458ebb2415c31_p004,a2f458ebb2415c31,EVT_01502,india_today,PM Modi,Violence,Negative,"PM Modi had said that the ""misguided children"" should be forgiven and guided on the right path.",PM Modi,said,"""misguided children"""
a2f458ebb2415c31_p005,a2f458ebb2415c31,EVT_01502,india_today,Unknown Politician or Party,Violence,Negative,"Speaking to India Today, the woman said her daughter should not have used abusive language against elders and apologised on her behalf to the entire country.",Unknown Politician,apologised,country
a2f458ebb2415c31_p009,a2f458ebb2415c31,EVT_01502,india_today,author of statement (woman),Violence,Negative,"The woman claimed the family has been forced to move from place to place after the video surfaced, alleging they have received no security or assistance from the authorities.",woman,claimed,"family moving, lack security/assistance from authorities"
a2f458ebb2415c31_p010,a2f458ebb2415c31,EVT_01502,india_today,Unknown (based on the text provided),"Violence, Development",Negative,"""We cannot step outside without covering our faces. Vehicles keep circling our neighbourhood. We have already left our previous residence and are constantly changing locations. We have received no protection and are struggling even for food,"" she alleged.",they,alleged,protection
a2f458ebb2415c31_p011,a2f458ebb2415c31,EVT_01502,india_today,police or officials handling case,Corruption,Negative,"She further claimed that despite it becoming known that the girl is a minor, the FIR against her has not been withdrawn.",She,claimed,police not withdrawing FIR
a2f458ebb2415c31_p012,a2f458ebb2415c31,EVT_01502,india_today,police and government,Law & Order,Negative,No government help or protection has been provided. Even the FIR against my daughter has not been withdrawn.,政府,未提供帮助,女儿的FIR
a2f458ebb2415c31_p012,a2f458ebb2415c31,EVT_01502,india_today,police and judiciary,Law & Order,Negative,"If it has been established that she is a minor, why is the FIR still there?",If,is established,she is a minor
a2f458ebb2415c31_p013,a2f458ebb2415c31,EVT_01502,india_today,Prime Minister Modi,Forgiveness and Legal Action,Negative,"If Prime Minister Modi has forgiven her, then the police should also close the matter",should close,action,matter
a2f458ebb2415c31_p018,a2f458ebb2415c31,EVT_01502,india_today,Prime Minister Narendra Modi,Protest,Negative,The controversy began after a video of the girl making abusive remarks against Prime Minister Narendra Modi during a protest at Jantar Mantar went viral on social media.,video,showed,abusive remarks against Modi
a2f458ebb2415c31_p019,a2f458ebb2415c31,EVT_01502,india_today,Girl (Protestor),Protest,Negative,"She said she deeply regretted her remarks and appealed for forgiveness, calling it the ""first and last mistake"" of her life.",She,regretted,her remarks
a2f458ebb2415c31_p020,a2f458ebb2415c31,EVT_01502,india_today,Police and Law Enforcement,Law & Order,Negative,"Sections 352 (intentional insult to provoke breach of peace), 353(1) (statements conducing to public mischief) and 356(1) (defamation) of the Bharatiya Nyaya Sanhita.",Sections,apply to,Police and Law Enforcement
a2f458ebb2415c31_p021,a2f458ebb2415c31,EVT_01502,india_today,Delhi Police,Law & Order,Negative,"Meanwhile, Delhi Police said that they have not registered an FIRn in connection with the incident and that no fresh case will be filed by it.",Delhi Police,declined,"file FIR, file fresh case"
ddfa85e8b84cd2a6_p001,ddfa85e8b84cd2a6,EVT_01693,hindustan_times,Vijay,Leadership and Courage,Positive,Vijay is a courageous leader,Vijay,be,courageous leader
ddfa85e8b84cd2a6_p002,ddfa85e8b84cd2a6,EVT_01693,hindustan_times,DK Shivakumar,Protest,Negative,requested C Jospeh Vijay to postpone his visit,requested,protest,C Joseph Vijay
ddfa85e8b84cd2a6_p004,ddfa85e8b84cd2a6,EVT_01693,hindustan_times,Shivakumar,Protest,Negative,"Shivakumar had requested Vijay to postpone his visit in light of a charged atmosphere in Karnataka wherein farmers opposed the directive by the Cauvery Water Management Authority (CWMA) to release 3,500 cusecs of water to Tamil Nadu for 15 days.",Shivakumar,requested,Vijay to postpone his visit
ddfa85e8b84cd2a6_p005,ddfa85e8b84cd2a6,EVT_01693,hindustan_times,Vijay,Protest,Negative,postpone his August 3 visit to the state,Congress,protested,Vijay's visit
ddfa85e8b84cd2a6_p006,ddfa85e8b84cd2a6,EVT_01693,hindustan_times,Shivakumar,Leadership and Courage,Positive,"""Though he may be new to politics, he is a courageous leader. I congratulated him on his bold decision. Whatever our political differences may be, he wanted to come to Karnataka,"" Shivakumar told reporters after chairing an all-party meeting on Cauvery row, as per PTI.",Shivakumar,told,reporters
ddfa85e8b84cd2a6_p007,ddfa85e8b84cd2a6,EVT_01693,hindustan_times,TN minister,Policy,Negative,Also Read I TN minister rejects demand for all-party meeting to discuss Cauvery water issue,TN minister,rejects,demand for all-party meeting
ddfa85e8b84cd2a6_p009,ddfa85e8b84cd2a6,EVT_01693,hindustan_times,Karnataka,Protest,Negative,Bandhs and protests,,caused,Bandhs and protests
ddfa85e8b84cd2a6_p010,ddfa85e8b84cd2a6,EVT_01693,hindustan_times,CWMA (Cauvery Water Management Agency),Protest,Negative,tore posters of Vijay's recently released film Jananayagan and forced theatres at some places to halt its screening.,Vijay,released,Jananayagan poster
ddfa85e8b84cd2a6_p013,ddfa85e8b84cd2a6,EVT_01693,hindustan_times,government,Law & Order,Negative,we have been able to release only around 3.6 TMC because of the severe shortage,govt,struck,shortage
ddfa85e8b84cd2a6_p014,ddfa85e8b84cd2a6,EVT_01693,hindustan_times,Politicians or Local Authorities,Water Management & Policy,Negative,"We are releasing limited quantities of water through canals only to fill lakes and tanks meant for drinking water purposes, and not for irrigation",Politicians,acted,infringe water rights
ddfa85e8b84cd2a6_p017,ddfa85e8b84cd2a6,EVT_01693,hindustan_times,Individual (not specifically named),Culture Promotion,Positive,"She is also an avid enthusiast of studying art forms such as cinema, dance, theatre and music as a tool for cultural storytelling and actively participates in them.",She,studying,"art forms such as cinema, dance, theatre and music"
aaa0824a2d40f6b2_p014,aaa0824a2d40f6b2,EVT_01724,india_today,Nasreen,Development,Positive,"""Injustice can be long but cannot be permanent""",,,
c112f689dd773b69_p001,c112f689dd773b69,EVT_00821,hindustan_times,India's first privately developed orbital rocket,Development,Positive,'All about India's first privately developed orbital rocket saying ‘hello’ to space',India's first privately developed orbital rocket,received,positive sentiment score
c112f689dd773b69_p003,c112f689dd773b69,EVT_00821,hindustan_times,Skyroot Aerospace,Development,Positive,"Hyderabad-based Skyroot Aerospace created history with the successful launch of Vikram-1, India's first privately developed orbital launch vehicle.",Skyroot Aerospace,created,history
c112f689dd773b69_p004,c112f689dd773b69,EVT_00821,hindustan_times,Vikram-1,Development,Positive,"Hello space, we have arrived! Vikram-1's Test Flight-1 has completed it's mission.",Arrived,completed,Vikram-1's Test Flight-1
c112f689dd773b69_p005,c112f689dd773b69,EVT_00821,hindustan_times,Prime Minister Narendra Modi,Development,Positive,"""Vande Mataram""",Vande Mataram,inspires,Modi positively
c112f689dd773b69_p006,c112f689dd773b69,EVT_00821,hindustan_times,PM Modi,Development,Positive,"described Vikram-1 as ""a historic new frontier for India's space journey""",described,mention,Vikram-1 and India's space journey
c112f689dd773b69_p008,c112f689dd773b69,EVT_00821,hindustan_times,Skyroot,Development,Positive,"Vikram-1 is India's first privately developed orbital rocket, making Skyroot the first Indian private company to attempt an orbital satellite launch.",Vikram-1,developed,Skyroot
c112f689dd773b69_p009,c112f689dd773b69,EVT_00821,hindustan_times,India,Development,Positive,Vikram-1 is the entry of India's private space sector into the orbital launch market and is being seen as a major milestone in the country's commercial space ambitions.,Vikram-1,entry,India's private space sector into the orbital launch market
c112f689dd773b69_p010,c112f689dd773b69,EVT_00821,hindustan_times,Indian Space Policy 2023,Development,Positive,"It is also the first major demonstration of the government's space-sector reforms under the Indian Space Policy 2023, which opened the entire space value chain to private participation.",Indian Space Policy 2023,demonstrated,space-sector reforms
c112f689dd773b69_p011,c112f689dd773b69,EVT_00821,hindustan_times,India,Development,Positive,ALSO READ | India's first private orbital launch successful as Vikram-1 lifts off into space,India,received,positive sentiment score
c112f689dd773b69_p016,c112f689dd773b69,EVT_00821,hindustan_times,Advanced Manufacturing Technologies,Technology Development,Positive,It is powered by 3D-printed liquid engines,3D-printed,powered by,liquid engines
c112f689dd773b69_p018,c112f689dd773b69,EVT_00821,hindustan_times,Skyroot,Technology and Innovation,Positive,Skyroot says Vikram-1 is among the few rockets globally capable of deploying satellites into orbit.,Skyroot,claims,Vikram-1 capability
c112f689dd773b69_p020,c112f689dd773b69,EVT_00821,hindustan_times,PM Modi,Development,Positive,‘A historic new frontier for India’,,,
c112f689dd773b69_p029,c112f689dd773b69,EVT_00821,hindustan_times,PM Modi,Nationalism,Positive,"""Vande Mataram""",Vande Mataram,embody,Nationalism
c112f689dd773b69_p033,c112f689dd773b69,EVT_00821,hindustan_times,Indian Space Research Organisation (ISRO),Development,Positive,"While Vikram-S was a technology demonstration mission, Vikram-1 is designed to place satellites into orbit, representing a far more advanced capability.",ISRO,achieved,advanced capability
c112f689dd773b69_p034,c112f689dd773b69,EVT_00821,hindustan_times,Dr Vikram Sarabhai,Development,Positive,"The Vikram series is named after Dr Vikram Sarabhai, regarded as the father of India's space programme, in recognition of his pioneering contributions to the country's space efforts.",Vikram series,named after,Dr Vikram Sarabhai
c112f689dd773b69_p038,c112f689dd773b69,EVT_00821,hindustan_times,The Hindu News Desk,Coverage,Positive,Read More,,,
2b7d9aaa5df1d0a9_p001,2b7d9aaa5df1d0a9,EVT_01258,the_times_of_india,Dharmendra Pradhan,Policy,Negative,"leaves behind an education system more standardised, digitally connected and centrally regulated than the one he inherited â but also questions over examination credibility, institutional autonomy, data privacy and the Centreâs capacity to implement reforms on such a large scale.",education system,changed,Dharmendra Pradhan inherited one
2b7d9aaa5df1d0a9_p002,2b7d9aaa5df1d0a9,EVT_01258,the_times_of_india,Prime Minister Narendra Modi,Development,Positive,cabinet,,,
2b7d9aaa5df1d0a9_p007,2b7d9aaa5df1d0a9,EVT_01258,the_times_of_india,Pradhanâ,Corruption,Negative,whose functioning and credibility later became one of the biggest challenges of Pradhanâs tenure,functioning,became,challenge
2b7d9aaa5df1d0a9_p010,2b7d9aaa5df1d0a9,EVT_01258,the_times_of_india,PM SHRI,Development,Positive,"upgrade more than 14,500 existing government schools as models of NEP implementation",upgrade,actioned,schools
2b7d9aaa5df1d0a9_p010,2b7d9aaa5df1d0a9,EVT_01258,the_times_of_india,PARAKH,Development,Positive,develop common assessment standards and bring greater comparability among school boards,developed,standards,common assessment standards
2b7d9aaa5df1d0a9_p011,2b7d9aaa5df1d0a9,EVT_01258,the_times_of_india,PM (Prime Minister),Development,Positive,"Other big-ticket measures included the Anusandhan National Research Foundation, One Nation One Subscription for access to research journals, PM-USHA funding for state universities",PM,funded,state universities
2b7d9aaa5df1d0a9_p012,2b7d9aaa5df1d0a9,EVT_01258,the_times_of_india,Pradhan,Development,Positive,"Pushed Indian-language textbooks, multidisciplinary education, vocational integration and apprenticeship programmes","Indian-language textbooks, multidisciplinary education, vocational integration and apprenticeship programmes",pushed,Pradhan
2b7d9aaa5df1d0a9_p013,2b7d9aaa5df1d0a9,EVT_01258,the_times_of_india,"UGC (University Grants Commission), AICTE (All India Council for Technical Education), NCTE (National Council of Educational Research and Training)",Development,Negative,"The proposed replacement of UGC, AICTE and NCTE with an umbrella regulatory architecture remained unfinished.",remained unfinished,status,proposal
2b7d9aaa5df1d0a9_p013,2b7d9aaa5df1d0a9,EVT_01258,the_times_of_india,State Governments,Policy Implementation,Negative,"Implementation also met resistance from some states over language, curriculum and centrally sponsored schemes.",states,met resistance from,implementation
2b7d9aaa5df1d0a9_p014,2b7d9aaa5df1d0a9,EVT_01258,the_times_of_india,Pradhan,Policy,Negative,national testing,Congress,accused,Modi of bulldozing
8b21a33d3ce2edb4_p004,8b21a33d3ce2edb4,EVT_01258,the_hindu,The 'cockroaches' who refuse to crawl away,Violence,Negative,The 'cockroaches' who refuse to crawl away,Refusing,action,cockroaches
8b21a33d3ce2edb4_p005,8b21a33d3ce2edb4,EVT_01258,the_hindu,Cockroach Janata Party,Protest,Positive,Loud cheers erupted at the Cockroach Janata Party protest site,Protesters,cheered,Cockroach Janata Party
8b21a33d3ce2edb4_p005,8b21a33d3ce2edb4,EVT_01258,the_hindu,Mr. Pradhan,Policy/Implementation,Negative,announced Mr. Pradhan resignation announcement before the gathering,announced,sentiment,Negative for Mr. Pradhan
8b21a33d3ce2edb4_p006,8b21a33d3ce2edb4,EVT_01258,the_hindu,Movement,Victory,Positive,"With Mr. Pradhan stepping down, Dipke described it as the movement’s “first victory”",Mr. Pradhan,step down,Dipke described as 'first victory'
64285a8ff1df8abd_p001,64285a8ff1df8abd,EVT_01618,the_hindu,Suvendu Adhikari (West Bengal Chief Minister),Law & Order,Positive,"""the ‘days of threats are over’""",,,
64285a8ff1df8abd_p002,64285a8ff1df8abd,EVT_01618,the_hindu,Ms. Adhikari,Policy,Positive,"""You are most welcome to Bengal. Please come here whenever you want and as many times as you wish. Your safety is my responsibility.""",You,welcome,Ms. Adhikari to Bengal
64285a8ff1df8abd_p003,64285a8ff1df8abd,EVT_01618,the_hindu,Left Front government and Trinamool Congress government,Violence,Negative,She had blamed the Left Front government and the Trinamool Congress government for not allowing her to return to the city.,Left Front government and Trinamool Congress government,blamed,not allowing her to return to the city
64285a8ff1df8abd_p005,64285a8ff1df8abd,EVT_01618,the_hindu,Adhikari,Development,Positive,"""This Bengal is free from any barriers and chains. Every single pillar of the Constitution is safe here. We all have the righteous opportunity for freedom of speech""",Bengal,is free from,barriers and chains
64285a8ff1df8abd_p007,64285a8ff1df8abd,EVT_01618,the_hindu,Ms. Nasrin,Reopening/Resumption,Positive,"""I have always questioned this city. Did I ever harm you [Kolkata]? I haven’t come for any answer today. I have come back to Kolkata with tears in my eyes and also immense joy in my heart. This was my dream for the last 19 years. History remembers who shut this door. Now, history will also remember who opened this door again,""",Nasrin,expressed,joy and dreams
64285a8ff1df8abd_p008,64285a8ff1df8abd,EVT_01618,the_hindu,writer,Protest,Positive,“I am thankful to the government. But my gratitude is not my allegiance to any party. I have not come here for any political party.”,I,expressed,gratitude
64285a8ff1df8abd_p009,64285a8ff1df8abd,EVT_01618,the_hindu,Politician XYZ,Corruption,Negative,"I can confirm that my colleague has been involved in a massive corruption scheme, leading to the looting of public funds.",Politician XYZ,involved,corruption scheme
e9d33f061f5eb179_p001,e9d33f061f5eb179,EVT_01618,the_times_of_india,Bengal CM,Security,Positive,Days of threat culture over,Days,over,threat culture
e9d33f061f5eb179_p002,e9d33f061f5eb179,EVT_01618,the_times_of_india,Bengal CM,Security,Positive,Days of threat culture over,Days,over,threat culture
e9d33f061f5eb179_p004,e9d33f061f5eb179,EVT_01618,the_times_of_india,Suvendu Adhikari (West Bengal CM),Law & Order,Positive,"""Days of threat culture are over. Come to Bengal as many times as you want. It is my duty as CM to provide you with security whenever you visit Bengal,"" Adhikari said.",Adhikari,said,security for visitors
e9d33f061f5eb179_p006,e9d33f061f5eb179,EVT_01618,the_times_of_india,Dwikhandito,Protest,Negative,protests against Dwikhandito,protests,against,Dwikhandito
e9d33f061f5eb179_p007,e9d33f061f5eb179,EVT_01618,the_times_of_india,Nasreen Adhikari,Protest,Negative,"The ban and the protests surrounding the book eventually led to Nasreen leaving Kolkata, where she had been living in exile.",ban,caused,protests
e9d33f061f5eb179_p007,e9d33f061f5eb179,EVT_01618,the_times_of_india,West Bengal's Left Front Government,Corruption,Negative,"Her memoir, Dwikhandito (""Split in Two""). was banned by the then Left Front government in West Bengal in 2003 on the grounds that it allegedly hurt the religious sentiments of a section of the Muslim community.",Left Front government,banned,memoir Dwikhandito
d5b234184ad595f0_p002,d5b234184ad595f0,EVT_01523,india_today,Cockroach Janta Party,Law & Order,Negative,RTI activist Amit Tiwari questioned the status of the Cockroach Janta Party and whether it could receive funds while operating under the name of a political party.,Amit Tiwari,questioned,Cockroach Janta Party
d5b234184ad595f0_p003,d5b234184ad595f0,EVT_01523,india_today,Abhijeet Dipke and CJP,Corruption,Negative,seeking a probe into the finances of Cockroach Janta Party (CJP) founder Abhijeet Dipke's father,seeking,probed,Abhijeet Dipke and CJP finances
d5b234184ad595f0_p006,d5b234184ad595f0,EVT_01523,india_today,Tiwari,Law & Order,Negative,"Separately, Tiwari questioned the status of the CJP and whether it could receive funds while operating under the name of a political party.",Tiwari,questioned,CJP status and funding
d5b234184ad595f0_p007,d5b234184ad595f0,EVT_01523,india_today,The Cockroach Janta Party,Corruption,Negative,"If Rs 1 crore has been pledged to it as a legal defence fund, then the EC should verify whether the CJP is registered with it under Section 29A of the Representation of the People Act, 1951",EC,verify,CJP registration
d5b234184ad595f0_p010,d5b234184ad595f0,EVT_01523,india_today,Sibal,Protest,Positive,Sibal had on Monday announced a Rs 1 crore contribution to a fund set up by the CJP to provide legal assistance to protesters arrested by Delhi Police,Sibal,announced,contribution to fund
5d597f66ac65848d_p001,5d597f66ac65848d,EVT_01740,india_today,Hong Kong,Development,Positive,gets 13 in FY26,gets,rated,Positive
5d597f66ac65848d_p003,5d597f66ac65848d,EVT_01740,india_today,India's economic policies towards China,Policy,Negative,approved only one foreign direct investment (FDI) proposal from China worth Rs 1 crore,India,approved,FDI proposal from China
5d597f66ac65848d_p004,5d597f66ac65848d,EVT_01740,india_today,India,Policy,Negative,investments from countries sharing a land border with India continue to require prior government approval,India,require,prior government approval
5d597f66ac65848d_p005,5d597f66ac65848d,EVT_01740,india_today,government,Development,Positive,"Overall, the government approved 63 FDI proposals worth Rs 10,292.67 crore (USD 1.18 billion) under the government approval route during April 2025 to March 2026.",政府,批准,外国直接投资提案
5d597f66ac65848d_p006,5d597f66ac65848d,EVT_01740,india_today,Singapore,Development,Positive,SINGAPORE TOPS APPROVED FDI PROPOSALS,SINGAPORE,TOPS,APPROVED FDI PROPOSALS
5d597f66ac65848d_p007,5d597f66ac65848d,EVT_01740,india_today,Singapore,Development,Positive,"Singapore emerged as the largest source of approved FDI proposals by value, with five proposals worth Rs 3,259.88 crore (USD 382.52 million) receiving government clearance.",Singapore,emerged as largest source,FDI proposals receiving government clearance
5d597f66ac65848d_p008,5d597f66ac65848d,EVT_01740,india_today,United Kingdom and Thailand,Development,Positive,"The United Kingdom followed with five proposals worth Rs 2,477.67 crore ($283 million), while Thailand secured approval for two proposals worth Rs 1,600 crore (around $180 million).",UK and Thailand,received,positive sentiment score
5d597f66ac65848d_p009,5d597f66ac65848d,EVT_01740,india_today,NORMS,Policy,Negative,EASED BUT NOT FOR CHINA,EASED,not for,CHINA
5d597f66ac65848d_p011,5d597f66ac65848d,EVT_01740,india_today,Indian Government,Law & Order,Negative,"However, the relaxation does not apply to entities registered in China, Hong Kong, or any other country sharing a land border with India.",ignored,actioned,Indian Government
5d597f66ac65848d_p013,5d597f66ac65848d,EVT_01740,india_today,China,Economic Relations,Negative,"Between April 2000 and March 2026, Chinese investments accounted for just 0.32 per cent of India's total FDI equity inflows, amounting to $2.51 billion (Rs 16,162.25 crore), placing China 23rd among investing countries.",China,accounted for,0.32 per cent of India's total FDI equity inflows
4da89cf19d9ca7a3_p001,4da89cf19d9ca7a3,EVT_01734,hindustan_times,Prashant Kishor,Election Strategy,Positive,says he'll give crushing defeat to BJP in Bankipur,Kishor,pledged,victory against BJP
4da89cf19d9ca7a3_p002,4da89cf19d9ca7a3,EVT_01734,hindustan_times,Nitin Nabin (BJP),Election Strategy,Negative,"The Bankipur bypoll, necessitated by the resignation of BJP national president Nitin Nabin following his election to the Rajya Sabha",BJP,resigned,Nitin Nabin
4da89cf19d9ca7a3_p003,4da89cf19d9ca7a3,EVT_01734,hindustan_times,Prashant Kishor,Election Strategy,Negative,predicted a crushing defeat for the Bharatiya Janata Party (BJP),predicted,action,defeat for BJP
4da89cf19d9ca7a3_p004,4da89cf19d9ca7a3,EVT_01734,hindustan_times,BJP,Election Strategy,Negative,"""The BJP will lose by such a big vote margin that they won't ever have the audacity to say that they can win even if they give election tickets to cats and dogs,"" Kishor said at a press conference in Patna.",BJP,lose,election
4da89cf19d9ca7a3_p005,4da89cf19d9ca7a3,EVT_01734,hindustan_times,Nitin Nabin (BJP national president),Election Strategy,Negative,"The Bankipur bypoll, necessitated by the resignation of Nitin Nabin following his election to the Rajya Sabha",resignation,triggered,Nitin Nabin (BJP)
4da89cf19d9ca7a3_p005,4da89cf19d9ca7a3,EVT_01734,hindustan_times,Neeraj Kumar (BJP candidate),Law & Order,Negative,Kishor is taking on the BJP's Neeraj Kumar and the RJD’s Rekha Kumari.,Kishor,taking on,Neeraj Kumar (BJP candidate)
4da89cf19d9ca7a3_p006,4da89cf19d9ca7a3,EVT_01734,hindustan_times,Various Politicians or Parties,Conflict,Negative,'cats and dogs' controversy,Various Politicians,attacked,dogs and cats controversy
4da89cf19d9ca7a3_p007,4da89cf19d9ca7a3,EVT_01734,hindustan_times,BJP,Election Strategy,Negative,"""Bankipur is such an impregnable fortress for them that even if they fielded a dog or a cat, the people of Bankipur would still vote for them""",Congress,defended,BJP
4da89cf19d9ca7a3_p008,4da89cf19d9ca7a3,EVT_01734,hindustan_times,ruling party,Election Strategy,Negative,taking voters for granted and treating the electorate with disrespect.,voters,treated,disrespectfully
4da89cf19d9ca7a3_p009,4da89cf19d9ca7a3,EVT_01734,hindustan_times,Ravi Shankar Prasad (BJP MP),Pro-Political Party Leadership,Positive,“dog or cat” attribution as a “false and baseless narrative”,Congress,accused,Modi
4da89cf19d9ca7a3_p009,4da89cf19d9ca7a3,EVT_01734,hindustan_times,Ravi Shankar Prasad (BJP MP),Respect for Grassroots Workers and Democratic Processes,Positive,party deeply respects its grassroots workers and democratic processes,party,respects,grassroots workers and democratic processes
4da89cf19d9ca7a3_p010,4da89cf19d9ca7a3,EVT_01734,hindustan_times,JSP,Protest,Negative,alleges 'illegal detentions' of supporters,alleges,detained,supporters
4da89cf19d9ca7a3_p011,4da89cf19d9ca7a3,EVT_01734,hindustan_times,Prashant Kishor (likely a member or spokesperson of a political party),Election Strategy,Negative,"""illegally detaining' his party leaders and supporters during the Bankipur assembly byelection, allegedly at the behest of the BJP.",Prashant Kishor,detained,party leaders and supporters
4da89cf19d9ca7a3_p012,4da89cf19d9ca7a3,EVT_01734,hindustan_times,police,Violence,Negative,"Kishor alleged that 54 people, including a significant number of locals, were detained by the police in two days leading up to the commencement of voting on Thursday.",police,detained,people
4da89cf19d9ca7a3_p013,4da89cf19d9ca7a3,EVT_01734,hindustan_times,Patna SSP,Law & Order,Negative,"""they also did not violate Section 144 of CrPC (now Section 163 of the BNSS),""",they,did not violate,Section 144 of CrPC (now Section 163 of the BNSS)
4da89cf19d9ca7a3_p014,4da89cf19d9ca7a3,EVT_01734,hindustan_times,Kartikeya K Sharma (SSP),Law & Order,Negative,"""If the SSP wants to do politics, he should first resign from his post. Everyone has the freedom to do politics in a democracy, but not while sitting in an administrative chair. The incompetent, motivated and foolish man is trying to influence politics, but we are not going to be scared of him,""",Modi,accused,Congress of bulldozing
4da89cf19d9ca7a3_p017,4da89cf19d9ca7a3,EVT_01734,hindustan_times,Shivam Pratap Singh,Development,Positive,"An avid reader, he can be seen immersed in books and book shops while not working.",An avid reader,immerse,Shivam Pratap Singh in books and book shops while not working
4da89cf19d9ca7a3_p017,4da89cf19d9ca7a3,EVT_01734,hindustan_times,Shivam Pratap Singh,Policy,Positive,He has over half-a-decade of experience in digital journalism though his career started in print.,He,has,experience
7257acef69ca94f0_p005,7257acef69ca94f0,EVT_01724,india_today,unknown politician or party,Protest and Counter-Action,Negative,I felt what is happening here is similar to what happened in Bangladesh during the July student movement. People were fooled. The result in Bangladesh has not been good.,Bangladesh,happened,student movement
7257acef69ca94f0_p006,7257acef69ca94f0,EVT_01724,india_today,Sheikh Hasina,Protest,Negative,left the country after weeks of violence,left,leave,country
7257acef69ca94f0_p006,7257acef69ca94f0,EVT_01724,india_today,"Bangladesh minority groups, including Hindus",Violence,Negative,repeatedly raised concerns over attacks on their community.,repeatedly,raised,concerns
7257acef69ca94f0_p007,7257acef69ca94f0,EVT_01724,india_today,Interim Government,Violence,Negative,worsened under the interim government,Worsened,under,interim government
7257acef69ca94f0_p008,7257acef69ca94f0,EVT_01724,india_today,Yunus (presumably referring to Sheikh Hasina's party leader or minister in charge),Violence,Negative,"but there are more atrocities under the Yunus government, ",Yunus,received,Negative sentiment score
7257acef69ca94f0_p009,7257acef69ca94f0,EVT_01724,india_today,Nasreen,Religion & State Separation,Negative,"Calling for secular reforms, Nasreen said religion should be kept separate from the state.",Nasreen,said,religion should be kept separate from the state
7257acef69ca94f0_p009,7257acef69ca94f0,EVT_01724,india_today,Nasreen,Criticism of Religious Education System,Negative,"She criticised the madrasa education system, alleging that it promoted communal thinking.",She,criticised,madrasa education system
7257acef69ca94f0_p010,7257acef69ca94f0,EVT_01724,india_today,politician or party (not specified),Equality & Women's Rights,Positive,"""one law for everyone"" in India, Bangladesh and Pakistan to ensure equal rights",,,
7257acef69ca94f0_p011,7257acef69ca94f0,EVT_01724,india_today,Nasreen,Protest,Positive,protested against his imprisonment,protested,against,imprisonment
7257acef69ca94f0_p013,7257acef69ca94f0,EVT_01724,india_today,Politicians and Protesters,Protest,Negative,protests from a section of those present,protests,from,section of present
7257acef69ca94f0_p015,7257acef69ca94f0,EVT_01724,india_today,"Various Indian political parties including the Left Front, Trinamool Congress, and BJP",Opposition and Hostility,Negative,"""One government barred me, one government expelled me, and one government invited me,""",,,
7257acef69ca94f0_p016,7257acef69ca94f0,EVT_01724,india_today,Suvendu Adhikari (West Bengal Chief Minister),Law & Order,Positive,for assuring her security,assuring,security,her
7257acef69ca94f0_p017,7257acef69ca94f0,EVT_01724,india_today,India,Development,Positive,"Expressing hope for better ties between India and Bangladesh, Nasreen said India had played a key role in Bangladesh's liberation in 1971 and that relations between the two neighbours should remain friendly.",India,played,key role
376c3000a2efb401_p001,376c3000a2efb401,EVT_01839,theprint,Modi Government,Policy,Negative,"More than half of the overall respondents of the latest snap poll by CVoter were not satisfied with Modi government’s handling of the paper leaks issue, the polling agency said in a statement Sunday.",respondents,were not satisfied with,Modi government’s handling
376c3000a2efb401_p002,376c3000a2efb401,EVT_01839,theprint,PM Narendra Modi,Development,Positive,The polling agency added that PM Narendra Modi Modi continues to command a 12-percentage point lead over Lok Sabha Leader of the Opposition Rahul Gandhi when it comes to ‘most popular youth leader among Indians’.,polling agency,added,Modi's lead
376c3000a2efb401_p002,376c3000a2efb401,EVT_01839,theprint,CJP's demand for withdrawal of all FIRs against protesters,Protest,Negative,It went further to add that opinion remains sharply divided over CJP’s demand for withdrawal of all FIRs against protesters.,opinion,remain divided over,CJP's demand for withdrawal of all FIRs against protesters
376c3000a2efb401_p004,376c3000a2efb401,EVT_01839,theprint,Rahul Gandhi,Development,Positive,"""Though still far behind (Modi), Rahul Gandhi is gaining as the most popular youth leader""",Rahul Gandhi,gaining,popularity among youth leaders
376c3000a2efb401_p005,376c3000a2efb401,EVT_01839,theprint,NDA government,Protest and Political Damage,Negative,"""Overall, the paper leak and the CJP protests have inflicted political damage to the NDA government. """,paper leak,inflicted,political damage
376c3000a2efb401_p005,376c3000a2efb401,EVT_01839,theprint,Youth,Protest and Political Damage,Negative,"""The real challenge is the frustration of the youth whose rising aspirations are hitting a roadblock of limited opportunities.""",frustration,hitting,roadblock of limited opportunities
376c3000a2efb401_p007,376c3000a2efb401,EVT_01839,theprint,I-PAC,Development,Positive,"The rise, reach & reinvention of India’s political consultancy market",India,reinvented,consultancy market
376c3000a2efb401_p008,376c3000a2efb401,EVT_01839,theprint,NDA (National Democratic Alliance),Police Brutality,Positive,58% NDA supporters want police brutality probed,NDA supporters,want,police brutality probed
376c3000a2efb401_p009,376c3000a2efb401,EVT_01839,theprint,CJP (likely referring to a political party or coalition),Development,Positive,12 percent of respondents said they saw CJP being the voice of the youth and almost 50 percent said they would support the movement on other issues as well in the future.,CJP,voiced,youth concerns
376c3000a2efb401_p010,376c3000a2efb401,EVT_01839,theprint,government,Law & Order,Negative,As many as 31.7 percent of the respondents said stricter laws against paper leaks should have been the top priority for the government,government,should have been prioritized,stricter laws against paper leaks
376c3000a2efb401_p011,376c3000a2efb401,EVT_01839,theprint,government or Parliament,Policy,Negative,Were they satisfied with the discussion in Parliament on paper leaks?,Were they,satisfied,Parliament on paper leaks
376c3000a2efb401_p012,376c3000a2efb401,EVT_01839,theprint,CJP (likely referring to a political party or individual with 'C' initials),Protest,Negative,"Opinion was sharply divided, however, on CJP’s demand for withdrawal of all FIRs against students who took part in demonstrations held across the country.",CJP,demanded,withdrawal of FIRs
376c3000a2efb401_p014,376c3000a2efb401,EVT_01839,theprint,police,Protest,Negative,"""Interestingly, even almost 58 percent of those who support the NDA want a proper investigation,"" the polling agency said.",,,
376c3000a2efb401_p015,376c3000a2efb401,EVT_01839,theprint,police,Law & Order,Positive,"At the same time, 54.2 percent of respondents want the police to act against protesters who used abusive language and uploaded objectionable content on social media.",respondents,want,police to act
376c3000a2efb401_p016,376c3000a2efb401,EVT_01839,theprint,Student Anger,Development,Positive,"""Close to 50 percent of the respondents say they will support (CJP for other causes too) while less than 30 percent say they won't. Almost 38 percent of NDA voters say they will support future CJP protests and movements,"" CVoter said.",Voter,said,about CJP support
c453b34cf4f61052_p001,c453b34cf4f61052,EVT_01803,the_hindu,Independent MP Pappu Yadav,Violence,Negative,A man threw a slipper at Independent MP Pappu Yadav,man,threw,slipper at Pappu Yadav
c453b34cf4f61052_p002,c453b34cf4f61052,EVT_01803,the_hindu,Mr. Yadav,Protest,Negative,protested with an FIR being filed in Varanasi against him,Mr. Yadav,protested,FIR filing in Varanasi
c453b34cf4f61052_p002,c453b34cf4f61052,EVT_01803,the_hindu,Awadhesh Prasad (Samajwadi Party MP from Faizabad (Ayodhya)),Protest,Negative,allegedly hurting religious sentiments,allegedly,hurting,religious sentiments
c453b34cf4f61052_p003,c453b34cf4f61052,EVT_01803,the_hindu,Mr. Yadav,Violence,Negative,"He then threw a slipper at Mr. Yadav, and a scuffle ensued between the Purnia MP’s supporters and the attacker.",Mr. Yadav,thrown at,slipper
c453b34cf4f61052_p004,c453b34cf4f61052,EVT_01803,the_hindu,Mr. Yadav,Violence,Negative,it was an attempt on his life.,attempted,on,Yadav's life
c453b34cf4f61052_p008,c453b34cf4f61052,EVT_01803,the_hindu,Rajesh Ranjan (Pappu Yadav),Protest,Negative,"performed the skit on Friday (July 31, 2026) in the Parliament House complex along with other Opposition MPs in front of the Makar Dwar at the Parliament complex to protest",Congress MPs,protested,Rajesh Ranjan (Pappu Yadav)
c453b34cf4f61052_p009,c453b34cf4f61052,EVT_01803,the_hindu,Rahul Gandhi,Corruption,Negative,"The MPs, including Rahul Gandhi, put money inside donation boxes",MPs,put,money inside donation boxes
c453b34cf4f61052_p009,c453b34cf4f61052,EVT_01803,the_hindu,Mr. Yadav,Corruption,Negative,while Mr. Yadav slipped money into his pockets to symbolise the alleged theft at the Ram temple,Yadav,slipped,money into pockets
c453b34cf4f61052_p010,c453b34cf4f61052,EVT_01803,the_hindu,Mr. Gandhi and Mr. Yadav,Protest,Negative,accused Mr. Gandhi and Mr. Yadav of hurting Hindu sentiments,"Mr. Gandhi, Mr. Yadav",accused,hurting Hindu sentiments
c453b34cf4f61052_p011,c453b34cf4f61052,EVT_01803,the_hindu,Yadav,Protest,Positive,"However, a defiant Yadav said they were protesting to protect Sanatan and will not be cowed down by any number of FIRs.",Yadav,protesting,Sanatan and FIRs
c453b34cf4f61052_p012,c453b34cf4f61052,EVT_01803,the_hindu,Mr. Gandhi,Protest,Negative,"He was reacting a day after a case was filed in Varanasi on the complaint of seers against him, Mr. Gandhi and Samajwadi Party MP from Faizabad (Ayodhya)",Mr. Gandhi,reacted to,filing case against him and Samajwadi Party MP
c453b34cf4f61052_p012,c453b34cf4f61052,EVT_01803,the_hindu,BJP,Protest,Negative,while BJP MP Bansuri Swaraj and other leaders filed a police complaint in Delhi.,BJP MPs,filed,police complaint
c453b34cf4f61052_p013,c453b34cf4f61052,EVT_01803,the_hindu,Mr. Gandhi and Mr. Yadav,Protest,Negative,alleging that the two leaders insulted Sanatan Dharma through the protest staged in the Parliament complex.,two leaders,insulted,Sanatan Dharma
c453b34cf4f61052_p013,c453b34cf4f61052,EVT_01803,the_hindu,Vishva Hindu Parishad (VHP),Protest,Negative,"attacked Mr. Gandhi and Mr. Yadav, alleging that the two leaders insulted Sanatan Dharma through the protest staged in the Parliament complex.",VHP,attacked,Mr. Gandhi and Mr. Yadav
c453b34cf4f61052_p014,c453b34cf4f61052,EVT_01803,the_hindu,Governor John Smith,Violence,Negative,"Governor John Smith said, 'We must find a peaceful solution to the escalating violence in our state.'",Governor John Smith,said,peaceful solution to escalating violence in state
495af049b4076826_p001,495af049b4076826,EVT_01724,india_today,UCC,Development,Positive,"Taslima Nasreen backs UCC, says India, Bangladesh, Pakistan need it",Taslima Nasreen,backs,UCC
495af049b4076826_p002,495af049b4076826,EVT_01724,india_today,Taslima Nasreen,"Law & Order, Development",Positive,equal laws are essential for women's rights and defended free expression,equal laws,are essential for,women's rights and free expression
495af049b4076826_p003,495af049b4076826,EVT_01724,india_today,Taslima Nasreen,Development,Positive,"Exiled Bangladeshi author Taslima Nasreen on Sunday strongly backed the implementation of a Uniform Civil Code in India, saying such a law was essential to remove discrimination, especially against women.",Taslima Nasreen,backed,implementation of Uniform Civil Code in India
495af049b4076826_p004,495af049b4076826,EVT_01724,india_today,Nasreen,Freedom of Expression,Negative,"She said the incident went against the principle of freedom of expression, which Kolkata had long stood for.",She,said,incident
495af049b4076826_p005,495af049b4076826,EVT_01724,india_today,Nasreen,Policy,Positive,"I have been fighting for the UCC for the past 40 years. This is much needed in any civilised country. Bangladesh, Pakistan and India need a Uniform Civil Code.",I,fighting,UCC for the past 40 years
495af049b4076826_p008,495af049b4076826,EVT_01724,india_today,Left Front government,Protest,Negative,protests over the publication of her book Dwikhandito forced the then Left Front government to move her out of the city.,Left Front government,forced,move out of the city
495af049b4076826_p009,495af049b4076826,EVT_01724,india_today,Nasreen,Protest,Negative,"""Not only was Joy insulted, but I was also insulted because I had invited him""",Joy,insulted,Nasreen
495af049b4076826_p009,495af049b4076826,EVT_01724,india_today,Goswami,Protest,Negative,loud objections from a section of the audience forced him to step down without speaking.,Audience,obstructed,Goswami's speech
495af049b4076826_p010,495af049b4076826,EVT_01724,india_today,Politician,Policy,Negative,"""Those who appreciated my speech were the ones who did not allow him to come on the stage. Didn't they also question me? It is contradictory. When someone speaks about freedom of expression, people support it, but when a poet is invited to speak, they do not want to hear him. That is not right.""",Critics,questioned,Raj Thuthuthu
495af049b4076826_p011,495af049b4076826,EVT_01724,india_today,Nasreen,Freedom of Speech,Positive,"""Kolkata is a city of progressives. People here believe in freedom of speech and the right to express one's views. People's political ideologies may differ, but everyone must be given the space to express one's opinions,"" she said.",Kolkata,believe,freedom of speech
495af049b4076826_p012,495af049b4076826,EVT_01724,india_today,BJP-led dispensation,Development,Positive,"Asked to compare the Left Front, the Trinamool Congress and the present BJP government in West Bengal, Nasreen praised the BJP-led dispensation for allowing her to visit Kolkata.",Nasreen,praised,BJP-led dispensation
495af049b4076826_p013,495af049b4076826,EVT_01724,india_today,the third government,Freedom of Expression & Freedom of Speech,Positive,I am very happy that I could return.,I,happy,return
495af049b4076826_p014,495af049b4076826,EVT_01724,india_today,Nasreen,Development,Positive,"""injustice can be long but cannot be permanent""",,,
495af049b4076826_p015,495af049b4076826,EVT_01724,india_today,Nasreen (Kolkata Chief Minister),Law & Order,Positive,"""I surely want to come to Kolkata Book Fair. The Bengal chief minister has promised me security. So, I will definitely try to come. I will""",Bengal chief minister,promised,security
495af049b4076826_p016,495af049b4076826,EVT_01724,india_today,Nasreen,Development,Positive,a renewed call for a Uniform Civil Code with a strong defence of equal rights and free speech,called,support,Nasreen's stance
5350c8fabc270576_p001,5350c8fabc270576,EVT_01502,india_today,Mother of girl who abused PM,Violence,Negative,FIR not withdrawn despite apology: Mother of girl who abused PM seeks protection,Mother,seeking,protection
5350c8fabc270576_p002,5350c8fabc270576,EVT_01502,india_today,Prime Minister Modi,Law & Order,Negative,"If Prime Minister Modi has forgiven her, then the police should also close the matter and withdraw the FIR,",forgiven,permitted,police to act
5350c8fabc270576_p003,5350c8fabc270576,EVT_01502,india_today,Prime Minister Narendra Modi,Protest,Negative,"The mother of the 15-year-old girl whose video abusing Prime Minister Narendra Modi during a protest at Delhi's Jantar Mantar went viral has appealed for the FIR against her daughter to be withdrawn, saying the teenager has realised her mistake and is deeply ashamed.",mother,appealed,FIR against daughter
5350c8fabc270576_p004,5350c8fabc270576,EVT_01502,india_today,Prime Minister (PM Modi),Violence,Negative,PM Modi had said that the 'misguided children' should be forgiven and guided on the right path.,PM Modi,defended,misguided children
5350c8fabc270576_p005,5350c8fabc270576,EVT_01502,india_today,Daughter (implied as someone who committed abuse),Violence,Negative,her daughter should not have used abusive language against elders,daughter,used,abusive language
5350c8fabc270576_p009,5350c8fabc270576,EVT_01502,india_today,authorities,Violence,Negative,"The woman claimed the family has been forced to move from place to place after the video surfaced, alleging they have received no security or assistance from the authorities.",family,received,assistance from authorities
5350c8fabc270576_p010,5350c8fabc270576,EVT_01502,india_today,Individuals in the neighborhood,Protest,Negative,"""We cannot step outside without covering our faces. Vehicles keep circling our neighbourhood. We have already left our previous residence and are constantly changing locations. We have received no protection and are struggling even for food,"" she alleged.",Individuals,receive,Negative sentiment score
5350c8fabc270576_p011,5350c8fabc270576,EVT_01502,india_today,Police/Institution,Law & Order,Negative,"She further claimed that despite it becoming known that the girl is a minor, the FIR against her has not been withdrawn.",revelations,ignored,police response
5350c8fabc270576_p012,5350c8fabc270576,EVT_01502,india_today,government,Violence,Negative,No government help or protection has been provided.,No government,provided,help or protection
5350c8fabc270576_p013,5350c8fabc270576,EVT_01502,india_today,Prime Minister Modi,Protest,Negative,"If Prime Minister Modi has forgiven her, then the police should also close the matter and withdraw the FIR.",dismissed,attacked,Prime Minister Modi
5350c8fabc270576_p015,5350c8fabc270576,EVT_01502,india_today,protest organizers,Protest,Negative,"The mother said teenagers are easily influenced by their surroundings and social media, adding that her daughter got carried away by the atmosphere at the protest.",mother,said,teenagers are easily influenced by their surroundings and social media
5350c8fabc270576_p018,5350c8fabc270576,EVT_01502,india_today,Prime Minister Narendra Modi,Protest and Counter-Action,Negative,A Zero FIR was subsequently registered on July 29 at the Expressway police station in Uttar Pradesh's Gautam Buddh Nagar on the complaint of a Ghaziabad resident.,Congress,accused,Modi of bulldozing
5350c8fabc270576_p019,5350c8fabc270576,EVT_01502,india_today,Protest organizers or participants,Violence,Negative,"She said she deeply regretted her remarks and appealed for forgiveness, calling it the 'first and last mistake' of her life.",She,regretted,remarks
5350c8fabc270576_p020,5350c8fabc270576,EVT_01502,india_today,Police Department,Law & Order,Negative,"based on the complaint, the case was registered under Sections 352 (intentional insult to provoke breach of peace), 353(1) (statements conducing to public mischief) and 356(1) (defamation)",complaints,register,case under sections
961b4b8c558bbf2a_p002,961b4b8c558bbf2a,EVT_01839,deccan_herald,Rahul Gandhi (Congress) and DMK,"Betrayal, Opposition Strategy",Negative,"""Supporting Delimitation Bill amounts to betraying people of Tamil Nadu: Rahul Gandhi tells DMK.""
DMK leaders maintain that they may not be working in tandem with the Congress but are not leaving the Opposition space and cited how they opposed the bill on Vande Mataram and the one on paper leak by moving amendments and voting against it. ",Rahul Gandhi (Congress),tell,DMK of betraying people of Tamil Nadu
961b4b8c558bbf2a_p003,961b4b8c558bbf2a,EVT_01839,deccan_herald,DMK (Dravida Munnetra Kazhagam),Protest,Negative,I.N.D.I.A. bloc parties also express hope that the DMK will not vote in favour of the delimitation bill with its chief M K Stalin having burnt a copy of the bill as a symbolic protest.,DMK,protested,delimitation bill
961b4b8c558bbf2a_p004,961b4b8c558bbf2a,EVT_01839,deccan_herald,Rahul Gandhi,Corruption,Negative,"Upping the ante, Rahul Gandhi said anybody supporting the delimitation bill would be a 21st century ‘Ettappan’, drawing a parallel with the 18th century Tamil ruler who allegedly aided the British against Veerapandiya Kattabomman.",Rahul Gandhi,said,supporters of delimitation bill would be ‘Ettappan’
961b4b8c558bbf2a_p005,961b4b8c558bbf2a,EVT_01839,deccan_herald,NDA,Election Strategy,Positive,"The NDA could be confident of another five votes, including those from the YSR Congress",,,
961b4b8c558bbf2a_p006,961b4b8c558bbf2a,EVT_01839,deccan_herald,NDA (National Democratic Alliance),Election Strategy,Positive,"The NDA had 293 MPs, excluding Speaker Om Birla who won as a BJP candidate, then..'Our support will depend on issues': DMK ready to back Delimitation Bill if its concerns are addressed.",NDA,have,support
72923029cdd84d21_p001,72923029cdd84d21,EVT_01740,the_hindu,Indian Government,Policy,Negative,"India approved just one Chinese FDI proposal worth ₹1 crore, while clearing 13 applications from Hong Kong worth ₹610.42 crore",India,approved,one Chinese FDI proposal
72923029cdd84d21_p003,72923029cdd84d21,EVT_01740,the_hindu,Indian Companies,Corruption,Negative,The measure was introduced to curb opportunistic takeovers and acquisitions of Indian companies during the COVID-19 pandemic.,measure,introduced,curb opportunistic takeovers and acquisitions of Indian companies
72923029cdd84d21_p004,72923029cdd84d21,EVT_01740,the_hindu,government,Development,Positive,"Overall, the government has approved 63 FDI (foreign direct investment) proposals worth ₹10,292.67 crore, or $1.18 billion, during April 2025-March 2026",government,approved,FDI proposals
72923029cdd84d21_p005,72923029cdd84d21,EVT_01740,the_hindu,Singapore,Development,Positive,emerged as the largest source of approved FDI proposals in value terms,Singapore,emerged as,largest source
72923029cdd84d21_p006,72923029cdd84d21,EVT_01740,the_hindu,UK government,Development,Positive,"This was followed by the UK, where five proposals worth ₹2,477.67 crore ($283 million) were approved.",UK government,approved,five proposals
72923029cdd84d21_p006,72923029cdd84d21,EVT_01740,the_hindu,Thailand government,Development,Positive,"and Thailand, which received approval for two proposals worth ₹1,600 crore (about $180 million).",Thailand,approved,proposals
72923029cdd84d21_p010,72923029cdd84d21,EVT_01740,the_hindu,China,Development,Negative,India has never received significant investments directly from China.,India,received,investments from China
72923029cdd84d21_p010,72923029cdd84d21,EVT_01740,the_hindu,China,Policy,Negative,"China ranks 23rd, accounting for only 0.32% of total FDI equity inflows into India between April 2000 and March 2026",China,accounted for,insignificant FDI share
72923029cdd84d21_p010,72923029cdd84d21,EVT_01740,the_hindu,China,Policy,Negative,"at $2.51 billion (₹16,162.25 crore)",China,received,Negative sentiment score
72923029cdd84d21_p013,72923029cdd84d21,EVT_01740,the_hindu,Government or Finance Authority,Development,Positive,"From Hong Kong, 11 proposals worth ₹1,225.28 crore ($146.51 million) received approval in 2024-25.",Proponents,approved,proposals
72923029cdd84d21_p014,72923029cdd84d21,EVT_01740,the_hindu,Local Government Officials,Corruption,Negative,The local government officials have been accused of using their positions to enrich themselves at the expense of the community.,local government officials,accused,using positions for personal enrichment
50a047bb489e8987_p003,50a047bb489e8987,EVT_01734,the_hindu,Nitin Nabin (BJP),Election Strategy,Negative,gave up the seat in April upon election to the Rajya Sabha.,Nitin Nabin (BJP),gave up,seat in April
50a047bb489e8987_p005,50a047bb489e8987,EVT_01734,the_hindu,Voter Turnout,Election Strategy,Negative,"The bypoll, held on July 30, recorded a voter turnout of 34.30%, down by more than seven per cent from the 41.45% registered in the last Assembly elections.",voter turnout,recorded,34.30%
50a047bb489e8987_p007,50a047bb489e8987,EVT_01734,the_hindu,Mr. Nabin,Election Strategy,Positive,had won the Assembly seat for the fifth consecutive time in November 2025,Mr. Nabin,won,Assembly seat
50a047bb489e8987_p009,50a047bb489e8987,EVT_01734,the_hindu,Prashant Kishor,Election Strategy,Positive,is contesting his first election,Prashant Kishor,contesting,his first election
50a047bb489e8987_p010,50a047bb489e8987,EVT_01734,the_hindu,Local Government Officials,Corruption,Negative,The local government officials have been accused of misusing public funds for personal gain.,Local government officials,accused,misusing public funds
50a047bb489e8987_p010,50a047bb489e8987,EVT_01734,the_hindu,Protest Organizers,Protest,Positive,The protest organizers are praised for their peaceful and non-violent approach to demanding fair wages.,praised,for,peaceful and non-violent approach
1b8e77fe70b92f15_p001,1b8e77fe70b92f15,EVT_01734,india_today,Prashant Kishor,Election Strategy,Positive,can Prashant Kishor make history?,,,
1b8e77fe70b92f15_p002,1b8e77fe70b92f15,EVT_01734,india_today,Bankipur By-Election,Voting Irregularities,Negative,Fake voting charges dominated polling day,Fake voting,dominated,Polling day
1b8e77fe70b92f15_p003,1b8e77fe70b92f15,EVT_01734,india_today,BJP,Fraud/Corruption,Negative,"accused Jan Suraaj Party workers of attempting to facilitate ""fraudulent voting""",Jan Suraaj Party workers,attempted,facilitating fraudulent voting
1b8e77fe70b92f15_p003,1b8e77fe70b92f15,EVT_01734,india_today,Jan Suraaj Party,Fraud/Corruption,Negative,"""attempting to facilitate fraudulent voting""",Jan Suraaj Party,attempted,fraudulent voting
1b8e77fe70b92f15_p004,1b8e77fe70b92f15,EVT_01734,india_today,BJP (Indian political party),Law & Order,Negative,such practices threatened the integrity of the electoral process.,practices,threatened,integrity of the electoral process
1b8e77fe70b92f15_p005,1b8e77fe70b92f15,EVT_01734,india_today,Prashant Kishor,Election Strategy,Positive,"However, dismissed the allegations and turned the attack back on the BJP, saying the party had ""done something constructive for the first time"" by asking the Election Commission to conduct stricter scrutiny of EPIC cards to curb bogus voting.",Congress,defended,BJP
1b8e77fe70b92f15_p007,1b8e77fe70b92f15,EVT_01734,india_today,BJP,Development,Negative,faces its biggest test,faces,test,BSP on issue
1b8e77fe70b92f15_p008,1b8e77fe70b92f15,EVT_01734,india_today,Nitin Nabin (BJP),Election Strategy,Negative,The Bankipur bypoll was necessitated after BJP national president Nitin Nabin vacated the seat following his election to the Rajya Sabha in April.,vacated,did,seat
1b8e77fe70b92f15_p008,1b8e77fe70b92f15,EVT_01734,india_today,Neeraj Kumar Sinha (BJP),Election Strategy,Positive,"The BJP has fielded youth leader Neeraj Kumar Sinha as it seeks to retain a constituency it has held continuously since 1995, when the seat was known as Patna West.",BJP,fielded,Neeraj Kumar Sinha
1b8e77fe70b92f15_p009,1b8e77fe70b92f15,EVT_01734,india_today,Bankipur,Election Strategy,Negative,"Low turnout, high stakes",Low turnout,reflects,Negative sentiment on Bankipur
1b8e77fe70b92f15_p011,1b8e77fe70b92f15,EVT_01734,india_today,Prashant Kishor,Election Strategy,Negative,Bankipur By-Election Result: Prashant Kishor accuses Patna SSP of influencing polls,Prashant Kishor,accuses,Patna SSP of influencing polls
1b8e77fe70b92f15_p012,1b8e77fe70b92f15,EVT_01734,india_today,Prashant Kishor (Jan Suraaj Party founder),"Violence, Law & Order",Negative,"In a press conference late Sunday night, he claimed campaign workers were illegally detained, voters were intimidated",he,claimed,violations
1b8e77fe70b92f15_p013,1b8e77fe70b92f15,EVT_01734,india_today,"Patna Senior Superintendent of Police (SSP), Kishor",Law & Order,Negative,"Displaying a notice issued by the Patna Senior Superintendent of Police (SSP), Kishor said the administration had detained people who had come from outside to campaign on the grounds that they could create a law-and-order problem.",Kishor,issued,notice
1b8e77fe70b92f15_p014,1b8e77fe70b92f15,EVT_01734,india_today,Police Personnel,Violence,Negative,"""How can a person sleeping at home violate Section 144?"" He further alleged that police personnel openly moved around Ward No. 22, threatening residents and preventing them from exercising their franchise.",Police Personnel,moved around,"Ward No. 22, threatening residents and preventing them from exercising their franchise"
1b8e77fe70b92f15_p015,1b8e77fe70b92f15,EVT_01734,india_today,Kishor,Law & Order,Negative,"called him 'unprofessional' and referred to the officer's earlier handling of the death of a NEET aspirant, claiming the same officer had prematurely declared it a suicide.",called,accuse,Kishor of unprofessionalism
1b8e77fe70b92f15_p016,1b8e77fe70b92f15,EVT_01734,india_today,Kishor,Election Strategy,Negative,"""If the Patna SSP wants to enter politics, he should resign from service,"" he said.",SSP,said,enter politics and resign
1b8e77fe70b92f15_p017,1b8e77fe70b92f15,EVT_01734,india_today,Kishor's party,Election Strategy,Positive,file a formal complaint with the Election Commission within the next two days,Election Commission,invoked,party strategy
1b8e77fe70b92f15_p018,1b8e77fe70b92f15,EVT_01734,india_today,BJP (Indian political party),Election Strategy,Negative,"""forget the saying that it can field even a cat or a dog and still win the election.""",Congress,accused,Modi of bulldozing
3fe94aa5850b6c6e_p001,3fe94aa5850b6c6e,EVT_01803,hindustan_times,Pappu Yadav,Protest,Negative,Slipper thrown at MP Pappu Yadav,MP Pappu Yadav,thrown,slipper
3fe94aa5850b6c6e_p002,3fe94aa5850b6c6e,EVT_01803,hindustan_times,MP (Member of Parliament),Protest,Negative,backlash over the MP's Parliament protest,backlash,over,MP's Parliament protest
3fe94aa5850b6c6e_p003,3fe94aa5850b6c6e,EVT_01803,hindustan_times,Pappu Yadav,Violence,Negative,A man allegedly threw a slipper at Independent MP Pappu Yadav,man,threw,slipper at Pappu Yadav
3fe94aa5850b6c6e_p003,3fe94aa5850b6c6e,EVT_01803,hindustan_times,Ram temple,Corruption,Negative,alleged theft of donations at the Ram temple,alleged theft,performed,donations at the Ram temple
3fe94aa5850b6c6e_p004,3fe94aa5850b6c6e,EVT_01803,hindustan_times,Yadav,Violence,Negative,said he would not be intimidated by the “attempt on his life”.,said,would not be intimidated,attempt on his life
3fe94aa5850b6c6e_p005,3fe94aa5850b6c6e,EVT_01803,hindustan_times,Rahul Gandhi,Protest,Negative,leader of Opposition in the Lok Sabha Rahul Gandhi,Rahul Gandhi,received,Negative sentiment score
3fe94aa5850b6c6e_p005,3fe94aa5850b6c6e,EVT_01803,hindustan_times,Awadhesh Prasad,Protest,Negative,Samajwadi Party MP from Faizabad (Ayodhya) Awadhesh Prasad for allegedly hurting religious sentiments,MP,protested,Awadhesh Prasad against religious sentiments
3fe94aa5850b6c6e_p005,3fe94aa5850b6c6e,EVT_01803,hindustan_times,Bansuri Swaraj and other leaders,Protest,Negative,BJP MP Bansuri Swaraj and other leaders filed a police complaint in Delhi.,BJS&others,filed,complaint
3fe94aa5850b6c6e_p006,3fe94aa5850b6c6e,EVT_01803,hindustan_times,Yadav,Violence,Negative,He then threw a slipper at Yadav and a scuffle broke out between Yadav’s supporters and the attacker.,Threw,threw,slipper at Yadav
3fe94aa5850b6c6e_p007,3fe94aa5850b6c6e,EVT_01803,hindustan_times,Pappu Yadav,Development,Negative,Also read: Pappu Yadav faces police complaint over Parliament skit on Ram Mandir donations theft,read,over,Pappu Yadav faces police complaint over Parliament skit on Ram Mandir donations theft
3fe94aa5850b6c6e_p008,3fe94aa5850b6c6e,EVT_01803,hindustan_times,Local Authorities,Violence,Negative,Scuffle erupts after slipper attack,Slipper attack,triggered,Scuffle
3fe94aa5850b6c6e_p009,3fe94aa5850b6c6e,EVT_01803,hindustan_times,Yadav's supporters,Violence,Negative,Police said Yadav’s supporters handed them over a knife and said it was recovered from Sumit’s pocket.,Yadav's supporters,handed,Police
3fe94aa5850b6c6e_p010,3fe94aa5850b6c6e,EVT_01803,hindustan_times,Yadav,Protest,Negative,asserted that he had done no wrong and asked whether saffron is a monopoly of the RSS,Yadav,defended,saffron
3fe94aa5850b6c6e_p012,3fe94aa5850b6c6e,EVT_01803,hindustan_times,Yadav,Violence,Negative,"""Those who want to kill me can do so; I will not be scared,"" Yadav said.",Yadav,said,not be scared
3fe94aa5850b6c6e_p013,3fe94aa5850b6c6e,EVT_01803,hindustan_times,Pawan Khera,Protest,Negative,Congress spokesperson Pawan Khera slammed the Delhi Police,Pawan Khera,slammed,Delhi Police
462fbc4b3f074dc2_p001,462fbc4b3f074dc2,EVT_01854,india_today,Prashant Kishor,Election Strategy,Negative,big test,,,
462fbc4b3f074dc2_p002,462fbc4b3f074dc2,EVT_01854,india_today,Congress,Election Strategy,Positive,seek to breach saffron bastion,Congress,accused,Modi of bulldozing
462fbc4b3f074dc2_p002,462fbc4b3f074dc2,EVT_01854,india_today,BJP,Election Strategy,Negative,aims to continue winning streak in Manjalpur,aims,continue,winning streak
462fbc4b3f074dc2_p005,462fbc4b3f074dc2,EVT_01854,india_today,BJP,Election Strategy,Positive,won the seat by a margin of more than one lakh votes,BJP,win,more than one lakh votes
462fbc4b3f074dc2_p006,462fbc4b3f074dc2,EVT_01854,india_today,Prashant Kishor,Election Strategy,Positive,aims to breach BJP's Bankipur bastion,Congress,aims,BJP's Bankipur bastion
462fbc4b3f074dc2_p007,462fbc4b3f074dc2,EVT_01854,india_today,Jan Suraaj Party,Election Strategy,Positive,Prashant Kishor seeks to mount a strong offensive against the BJP,Prashant Kishor,mounts,offensive against BJP
462fbc4b3f074dc2_p010,462fbc4b3f074dc2,EVT_01854,india_today,BJP,Election Strategy,Positive,litmus test for BJP,BJP,received,Positive sentiment score
462fbc4b3f074dc2_p011,462fbc4b3f074dc2,EVT_01854,india_today,student protests,Protest,Negative,comes against the backdrop of recent student protests,comes,against,backdrop
462fbc4b3f074dc2_p011,462fbc4b3f074dc2,EVT_01854,india_today,Dharmendra Pradhan's resignation,Election Strategy,Negative,coming against the backdrop of recent student protests and Dharmendra Pradhan's resignation as the Union Education Minister,student protests,against,Dharmendra Pradhan's resignation
462fbc4b3f074dc2_p013,462fbc4b3f074dc2,EVT_01854,india_today,BJP,Election Strategy,Positive,Datia By-Election Result: BJP candidate Ashutosh Tiwari,BJP,received,Positive sentiment score
462fbc4b3f074dc2_p015,462fbc4b3f074dc2,EVT_01854,india_today,Narottam Mishra,Loss in Election,Negative,"former state home minister Narottam Mishra, who lost the 2023 Assembly election.",Mishra,lost,election
462fbc4b3f074dc2_p016,462fbc4b3f074dc2,EVT_01854,india_today,Security Deployment,Law & Order,Positive,Heavy security deployment,,,
6140cbd972c76fc7_p001,6140cbd972c76fc7,EVT_01854,hindustan_times,Prashant Kishor,Election Strategy,Negative,big electoral test,big,test,electoral
6140cbd972c76fc7_p005,6140cbd972c76fc7,EVT_01854,hindustan_times,Prashant Kishor,Electoral Strategy,Positive,All eyes on Prashant Kishor's electoral debut performance,All eyes,on,Prashant Kishor's electoral debut performance
6140cbd972c76fc7_p006,6140cbd972c76fc7,EVT_01854,hindustan_times,Ashutosh Tiwari (BJP),Violence,Negative,Battle between BJP's Ashutosh Tiwari vs Congress' Ghanshyam Singh,Congress,accused,Modi of bulldozing
6140cbd972c76fc7_p011,6140cbd972c76fc7,EVT_01854,hindustan_times,Prashant Kishor,Election Strategy,Positive,- 1 Hr 28 Mins agoPrashant Kishor says will give crushing defeat to BJP,Prashant Kishor,says,will give crushing defeat to BJP
6140cbd972c76fc7_p013,6140cbd972c76fc7,EVT_01854,hindustan_times,Prashant Kishor,Election Strategy,Positive,- 1 Hr 40 Mins agoElectoral debut for Prashant Kishor in Bihar,Electoral debut,for,Prashant Kishor in Bihar
6140cbd972c76fc7_p017,6140cbd972c76fc7,EVT_01854,hindustan_times,Prashant Kishor (Jan Suraaj Party),Election Strategy,Positive,"The bypoll is a key contest for Jan Suraaj Party founder Prashant Kishor, who entered the fray after the seat became vacant.",Jan Suraaj Party founder Prashant Kishor,entered,the bypoll contest
6140cbd972c76fc7_p018,6140cbd972c76fc7,EVT_01854,hindustan_times,BJP candidate Ashutosh Tiwari,Election Strategy,Positive,The main contest in Datia is between BJP candidate Ashutosh Tiwari and Congress nominee Ghanshyam Singh.,BJP,supported,Ashutosh Tiwari
6140cbd972c76fc7_p018,6140cbd972c76fc7,EVT_01854,hindustan_times,Congress nominee Ghanshyam Singh,Election Strategy,Negative,The main contest in Datia is between BJP candidate Ashutosh Tiwari and Congress nominee Ghanshyam Singh.,Congress,accused,Singh of losing
6140cbd972c76fc7_p019,6140cbd972c76fc7,EVT_01854,hindustan_times,Congress candidate Rajendra Bharti,Election Strategy,Positive,"In the 2023 assembly elections, Congress candidate Rajendra Bharti defeated BJP leader and former state home minister Narottam Mishra by more than 7,500 votes.",Congress,supported,Rajendra Bharti
6140cbd972c76fc7_p020,6140cbd972c76fc7,EVT_01854,hindustan_times,BJP (Bharatiya Janata Party),Protest,Negative,The BJP chose not to field Mishra in the by-election and instead gave the ticket to Tiwari.,BJP,fielded,Mishra
6140cbd972c76fc7_p020,6140cbd972c76fc7,EVT_01854,hindustan_times,Mishra's supporters,Protest,Positive,The decision led to massive protests by Mishra's supporters.,protests,led to,Mishra's supporters
6140cbd972c76fc7_p023,6140cbd972c76fc7,EVT_01854,hindustan_times,Yogesh Patel,Election Strategy,Positive,"In the 2022 Gujarat Assembly elections, Yogesh Patel of the BJP won the seat with 1,20,133 votes.",Yogesh Patel,won,"1,20,133 votes"
6140cbd972c76fc7_p029,6140cbd972c76fc7,EVT_01854,hindustan_times,Rajendra Bharti (Congress candidate),Election Strategy,Positive,"In the 2023 assembly elections, Congress candidate Rajendra Bharti defeated BJP leader and former state home minister Narottam Mishra by more than 7,500 votes.",Congress,supported,Rajendra Bharti
6140cbd972c76fc7_p029,6140cbd972c76fc7,EVT_01854,hindustan_times,Narottam Mishra (BJP leader),Election Strategy,Negative,"In the 2023 assembly elections, Congress candidate Rajendra Bharti defeated BJP leader and former state home minister Narottam Mishra by more than 7,500 votes.",Congress,defeated,Narottam Mishra (BJP)
6140cbd972c76fc7_p030,6140cbd972c76fc7,EVT_01854,hindustan_times,BJP (Bharatiya Janata Party),Protest,Negative,The BJP chose not to field Mishra in the by-election and instead gave the ticket to Tiwari.,BJP,chose not to field,Mishra
6140cbd972c76fc7_p030,6140cbd972c76fc7,EVT_01854,hindustan_times,Mishra's supporters,Protest,Positive,The decision led to massive protests by Mishra's supporters.,protests,occurred,Mishra's supporters
6140cbd972c76fc7_p031,6140cbd972c76fc7,EVT_01854,hindustan_times,Prashant Kishor,Election Strategy,Positive,All eyes on Prashant Kishor's electoral debut performance,All eyes,on,Prashant Kishor's electoral debut performance
6140cbd972c76fc7_p032,6140cbd972c76fc7,EVT_01854,hindustan_times,Prashant Kishor,Election Strategy,Positive,All eyes are on whether Prashant Kishor can wrest the seat from the BJP.,All eyes,are on,Prashant Kishor
6140cbd972c76fc7_p034,6140cbd972c76fc7,EVT_01854,hindustan_times,BJP,Development,Positive,"The BJP has fielded Neeraj Kumar Sinha, a youth wing leader",BJP,fielded,Neeraj Kumar Sinha
6140cbd972c76fc7_p035,6140cbd972c76fc7,EVT_01854,hindustan_times,Ashutosh Tiwari,Election Strategy,Positive,Battle between BJP's Ashutosh Tiwari vs Congress' Ghanshyam Singh,BJP,offered,strategy to Ashutosh Tiwari
6140cbd972c76fc7_p037,6140cbd972c76fc7,EVT_01854,hindustan_times,Narottam Mishra,Election Strategy,Negative,BJP leader and former state home minister Narottam Mishra,BJP,attacked,Mishra
6140cbd972c76fc7_p037,6140cbd972c76fc7,EVT_01854,hindustan_times,Rajendra Bharti,Development/Election Outcome,Positive,Congress candidate Rajendra Bharti defeated BJP leader and former state home minister Narottam Mishra,Congress,defeated,Bharti
6140cbd972c76fc7_p042,6140cbd972c76fc7,EVT_01854,hindustan_times,Prashant Kishor (Jan Suraaj Party),Election Strategy,Negative,a low voter turnout of over 34 per cent was registered in the by-poll to Bihar's Bankipur assembly seat,low turnout,registered,Prashant Kishor (Jan Suraaj Party)
6140cbd972c76fc7_p042,6140cbd972c76fc7,EVT_01854,hindustan_times,BJP (Bharatiya Janata Party),Law & Order,Negative,"wherein the Jan Suraaj Party founder Prashant Kishor, who was making his electoral debut",Kishor,debuted,BSP
6140cbd972c76fc7_p043,6140cbd972c76fc7,EVT_01854,hindustan_times,Election,Electoral Performance,Negative,"According to the EC, the voter turnout stood at only 34.24 per cent, a drop of more than seven per cent compared with 41.45 per cent in the assembly polls of November last year.",EC,announced,voter turnout
6140cbd972c76fc7_p048,6140cbd972c76fc7,EVT_01854,hindustan_times,Yogesh Patel,Death and Succession,Negative,"The Manjalpur bypoll, held on July 30, was necessitated following the death of BJP MLA and former Gujarat minister Yogesh Patel earlier that month.",Yogesh Patel,death caused,Manjalpur bypoll
6140cbd972c76fc7_p048,6140cbd972c76fc7,EVT_01854,hindustan_times,BJP,Corruption,Negative,"The Manjalpur bypoll, held on July 30, was necessitated following the death of BJP MLA and former Gujarat minister Yogesh Patel earlier that month.",Yogesh Patel,cause,Manjalpur bypoll
6140cbd972c76fc7_p050,6140cbd972c76fc7,EVT_01854,hindustan_times,Prashant Kishor,Election Strategy,Positive,will give crushing defeat to BJP,will give,deliver,crushing defeat to BJP
6140cbd972c76fc7_p051,6140cbd972c76fc7,EVT_01854,hindustan_times,Prashant Kishor of JSP,Election Strategy,Positive,predicted a crushing defeat for the Bharatiya Janata Party (BJP),predicted,affect,BJP's victory
6140cbd972c76fc7_p052,6140cbd972c76fc7,EVT_01854,hindustan_times,BJP,Election Strategy,Negative,"""The BJP will lose by such a big vote margin that they won't ever have the audacity to say that they can win even if they give election tickets to cats and dogs,"" Kishor said at a press conference in Patna.",BJP,lose,election
6140cbd972c76fc7_p054,6140cbd972c76fc7,EVT_01854,hindustan_times,BJP,Election Strategy,Positive,The main contest in Datia is between BJP candidate Ashutosh Tiwari and Congress nominee Ghanshyam Singh.,BJP,won,Datia constituency
6140cbd972c76fc7_p055,6140cbd972c76fc7,EVT_01854,hindustan_times,Congress candidate Rajendra Bharti,Election Strategy,Positive,"In the 2023 assembly elections, Congress candidate Rajendra Bharti defeated former state home minister Narottam Mishra by more than 7,500 votes.",Rajendra Bharti,defeated,Narottam Mishra
6140cbd972c76fc7_p058,6140cbd972c76fc7,EVT_01854,hindustan_times,Prashant Kishor (Jan Suraaj Party),Election Strategy,Positive,The BJP has nominated Neeraj Kumar Sinha against Kishor.,BJP,nominated,Prashant Kishor (Jan Suraaj Party)
