passage_id,article_id,event_id,clean_outlet,framing_label,canonical_target,sentiment,confidence,evidence_span
fffa3fa866d842d8_p001,fffa3fa866d842d8,EVT_00007,news18,Neutral/Factual Background,,Neutral,1.0,N/A - No targets detected
fffa3fa866d842d8_p002,fffa3fa866d842d8,EVT_00007,news18,Nationalism,Assam,Neutral,1.0,BJP Candidates List Assam Assembly Elections 2026
fffa3fa866d842d8_p002,fffa3fa866d842d8,EVT_00007,news18,Nationalism,BJP,Positive,1.0,The BJP in Assam has released its first list of candidates for the 2026 assembly elections.
fffa3fa866d842d8_p003,fffa3fa866d842d8,EVT_00007,news18,Neutral/Factual Background,,Neutral,1.0,N/A - No targets detected
fffa3fa866d842d8_p004,fffa3fa866d842d8,EVT_00007,news18,Governance,Sarma,Neutral,1.0,"Chief Minister Himanta Biswa Sarma, a key figure of the party in Assam, will contest from the Jalukbari assembly constituency."
fffa3fa866d842d8_p004,fffa3fa866d842d8,EVT_00007,news18,Governance,BJP,Neutral,1.0,"Chief Minister Himanta Biswa Sarma, a key figure of the party in Assam, will contest from the Jalukbari assembly constituency."
fffa3fa866d842d8_p005,fffa3fa866d842d8,EVT_00007,news18,Neutral/Factual Background,,Neutral,1.0,N/A - No targets detected
fffa3fa866d842d8_p006,fffa3fa866d842d8,EVT_00007,news18,Neutral/Factual Background,,Neutral,1.0,N/A - No targets detected
fffa3fa866d842d8_p007,fffa3fa866d842d8,EVT_00007,news18,Neutral/Factual Background,,Neutral,1.0,N/A - No targets detected
fffa3fa866d842d8_p008,fffa3fa866d842d8,EVT_00007,news18,Neutral/Factual Background,,Neutral,1.0,N/A - No targets detected
fffa3fa866d842d8_p009,fffa3fa866d842d8,EVT_00007,news18,Neutral/Factual Background,,Neutral,1.0,N/A - No targets detected
fffa3fa866d842d8_p010,fffa3fa866d842d8,EVT_00007,news18,Attack/Defence,BJP,Negative,0.9,accused the government of bulldozing
fffa3fa866d842d8_p010,fffa3fa866d842d8,EVT_00007,news18,Attack/Defence,Congress,Neutral,0.5,
fffa3fa866d842d8_p011,fffa3fa866d842d8,EVT_00007,news18,Neutral/Factual Background,,Neutral,1.0,N/A - No targets detected
fffa3fa866d842d8_p012,fffa3fa866d842d8,EVT_00007,news18,Neutral/Factual Background,,Neutral,1.0,N/A - No targets detected
fffa3fa866d842d8_p013,fffa3fa866d842d8,EVT_00007,news18,Neutral/Factual Background,,Neutral,1.0,N/A - No targets detected
fffa3fa866d842d8_p014,fffa3fa866d842d8,EVT_00007,news18,Neutral/Factual Background,,Neutral,1.0,N/A - No targets detected
fffa3fa866d842d8_p015,fffa3fa866d842d8,EVT_00007,news18,Neutral/Factual Background,,Neutral,1.0,N/A - No targets detected
fffa3fa866d842d8_p016,fffa3fa866d842d8,EVT_00007,news18,Neutral/Factual Background,,Neutral,1.0,N/A - No targets detected
fffa3fa866d842d8_p017,fffa3fa866d842d8,EVT_00007,news18,Neutral/Factual Background,,Neutral,1.0,N/A - No targets detected
fffa3fa866d842d8_p018,fffa3fa866d842d8,EVT_00007,news18,Neutral/Factual Background,,Neutral,1.0,N/A - No targets detected
fffa3fa866d842d8_p019,fffa3fa866d842d8,EVT_00007,news18,Neutral/Factual Background,,Neutral,1.0,N/A - No targets detected
fffa3fa866d842d8_p020,fffa3fa866d842d8,EVT_00007,news18,Neutral/Factual Background,,Neutral,1.0,N/A - No targets detected
fffa3fa866d842d8_p021,fffa3fa866d842d8,EVT_00007,news18,Neutral/Factual Background,,Neutral,1.0,N/A - No targets detected
fffa3fa866d842d8_p022,fffa3fa866d842d8,EVT_00007,news18,Neutral/Factual Background,,Neutral,1.0,N/A - No targets detected
5a27006c568b3c76_p001,5a27006c568b3c76,EVT_00007,news18,Neutral/Factual Background,,Neutral,1.0,N/A - No targets detected
5a27006c568b3c76_p002,5a27006c568b3c76,EVT_00007,news18,Neutral/Factual Background,,Neutral,1.0,N/A - No targets detected
5a27006c568b3c76_p003,5a27006c568b3c76,EVT_00007,news18,Neutral/Factual Background,,Neutral,1.0,N/A - No targets detected
5a27006c568b3c76_p004,5a27006c568b3c76,EVT_00007,news18,Neutral/Factual Background,,Neutral,1.0,N/A - No targets detected
5a27006c568b3c76_p005,5a27006c568b3c76,EVT_00007,news18,Neutral/Factual Background,,Neutral,1.0,N/A - No targets detected
5a27006c568b3c76_p006,5a27006c568b3c76,EVT_00007,news18,Neutral/Factual Background,,Neutral,1.0,N/A - No targets detected
5a27006c568b3c76_p007,5a27006c568b3c76,EVT_00007,news18,Neutral/Factual Background,,Neutral,1.0,N/A - No targets detected
5a27006c568b3c76_p008,5a27006c568b3c76,EVT_00007,news18,Neutral/Factual Background,,Neutral,1.0,N/A - No targets detected
5a27006c568b3c76_p009,5a27006c568b3c76,EVT_00007,news18,Attack/Defence,BD,Neutral,1.0,
5a27006c568b3c76_p009,5a27006c568b3c76,EVT_00007,news18,Attack/Defence,Mishra,Negative,1.0,Santrupt Mishra (BJD)
5a27006c568b3c76_p010,5a27006c568b3c76,EVT_00007,news18,Neutral/Factual Background,,Neutral,1.0,N/A - No targets detected
5a27006c568b3c76_p011,5a27006c568b3c76,EVT_00007,news18,Neutral/Factual Background,,Neutral,1.0,N/A - No targets detected
5a27006c568b3c76_p012,5a27006c568b3c76,EVT_00007,news18,Neutral/Factual Background,,Neutral,1.0,N/A - No targets detected
9e6e12ffe0d2a6e8_p001,9e6e12ffe0d2a6e8,EVT_00007,indian_express,Neutral/Factual Background,,Neutral,1.0,N/A - No targets detected
9e6e12ffe0d2a6e8_p002,9e6e12ffe0d2a6e8,EVT_00007,indian_express,Neutral/Factual Background,,Neutral,1.0,N/A - No targets detected
9e6e12ffe0d2a6e8_p003,9e6e12ffe0d2a6e8,EVT_00007,indian_express,Neutral/Factual Background,,Neutral,1.0,N/A - No targets detected
9e6e12ffe0d2a6e8_p004,9e6e12ffe0d2a6e8,EVT_00007,indian_express,Neutral/Factual Background,,Neutral,1.0,N/A - No targets detected
9e6e12ffe0d2a6e8_p005,9e6e12ffe0d2a6e8,EVT_00007,indian_express,Neutral/Factual Background,,Neutral,1.0,N/A - No targets detected
9e6e12ffe0d2a6e8_p006,9e6e12ffe0d2a6e8,EVT_00007,indian_express,Neutral/Factual Background,,Neutral,1.0,N/A - No targets detected
9e6e12ffe0d2a6e8_p007,9e6e12ffe0d2a6e8,EVT_00007,indian_express,Neutral/Factual Background,,Neutral,1.0,N/A - No targets detected
9e6e12ffe0d2a6e8_p008,9e6e12ffe0d2a6e8,EVT_00007,indian_express,Neutral/Factual Background,,Neutral,1.0,N/A - No targets detected
7832c3156564da3f_p001,7832c3156564da3f,EVT_00007,news18,Neutral/Factual Background,,Neutral,1.0,N/A - No targets detected
7832c3156564da3f_p002,7832c3156564da3f,EVT_00007,news18,Neutral/Factual Background,,Neutral,1.0,N/A - No targets detected
7832c3156564da3f_p003,7832c3156564da3f,EVT_00007,news18,Attack/Defence,AIADMK,Neutral,1.0,"Tamil Nadu’s main opposition party, AIADMK"
7832c3156564da3f_p003,7832c3156564da3f,EVT_00007,news18,Attack/Defence,Edappadi K Palaniswami,Positive,0.95,party chief Edappadi K Palaniswami set to contest from his home constituency of Edappadi
7832c3156564da3f_p004,7832c3156564da3f,EVT_00007,news18,Neutral/Factual Background,,Neutral,1.0,N/A - No targets detected
7832c3156564da3f_p005,7832c3156564da3f,EVT_00007,news18,Neutral/Factual Background,,Neutral,1.0,N/A - No targets detected
7832c3156564da3f_p006,7832c3156564da3f,EVT_00007,news18,Governance,AIADMK,Neutral,0.7,"2026 Tamil Nadu Elections: Which Party Got How Many Seats In DMK-Led SPA, AIADMK-Led NDA?"
7832c3156564da3f_p006,7832c3156564da3f,EVT_00007,news18,Governance,edappadikpalaniswami,Neutral,0.7,"2026 Tamil Nadu Elections: Which Party Got How Many Seats In DMK-Led SPA, AIADMK-Led NDA?"
7832c3156564da3f_p007,7832c3156564da3f,EVT_00007,news18,Attack/Defence,newwave,Neutral,0.9,Dravidian Legacy Vs New Wave:
7832c3156564da3f_p007,7832c3156564da3f,EVT_00007,news18,Attack/Defence,dravidianlegacy,Positive,0.85,What 15 Years Of Tamil Nadu Poll Trends Tell Us About 2026 Contest
7832c3156564da3f_p008,7832c3156564da3f,EVT_00007,news18,Neutral/Factual Background,,Neutral,1.0,N/A - No targets detected
7832c3156564da3f_p009,7832c3156564da3f,EVT_00007,news18,Governance,AIADMK,Neutral,0.9,"The party, which is leading the National Democratic Alliance (NDA) in the state"
7832c3156564da3f_p010,7832c3156564da3f,EVT_00007,news18,Attack/Defence,thangamani,Negative,0.9,"P Thangamani from Thondamuthur and Kumarapalayam, respectively, have also been fielded."
7832c3156564da3f_p010,7832c3156564da3f,EVT_00007,news18,Attack/Defence,velumani,Negative,0.85,"Key leaders, including SP Velumani"
7832c3156564da3f_p011,7832c3156564da3f,EVT_00007,news18,Neutral/Factual Background,,Neutral,1.0,N/A - No targets detected
7832c3156564da3f_p012,7832c3156564da3f,EVT_00007,news18,Neutral/Factual Background,,Neutral,1.0,N/A - No targets detected
7832c3156564da3f_p013,7832c3156564da3f,EVT_00007,news18,Neutral/Factual Background,,Neutral,1.0,N/A - No targets detected
7832c3156564da3f_p014,7832c3156564da3f,EVT_00007,news18,Neutral/Factual Background,,Neutral,1.0,N/A - No targets detected
7832c3156564da3f_p015,7832c3156564da3f,EVT_00007,news18,Attack/Defence,rajenthra,Negative,0.9,K.T. Rajenthra Bhalaji — Sivakasi
7832c3156564da3f_p015,7832c3156564da3f,EVT_00007,news18,Attack/Defence,sivakasi,Neutral,0.8,Sivakasi
7832c3156564da3f_p016,7832c3156564da3f,EVT_00007,news18,Neutral/Factual Background,,Neutral,1.0,N/A - No targets detected
7832c3156564da3f_p017,7832c3156564da3f,EVT_00007,news18,Neutral/Factual Background,,Neutral,1.0,N/A - No targets detected
7832c3156564da3f_p018,7832c3156564da3f,EVT_00007,news18,Neutral/Factual,BJP,Neutral,0.9,the AIADMK-BJP combine
7832c3156564da3f_p018,7832c3156564da3f,EVT_00007,news18,Neutral/Factual,AIADMK,Neutral,0.9,the AIADMK-BJP combine
7832c3156564da3f_p019,7832c3156564da3f,EVT_00007,news18,Attack/Defence,DMK,Neutral,1.0,"led by the Dravida Munnetra Kazhagam (DMK), bagged 159 seats."
7832c3156564da3f_p020,7832c3156564da3f,EVT_00007,news18,Neutral/Factual Background,,Neutral,1.0,N/A - No targets detected
25f0a4b9ac65eeb0_p001,25f0a4b9ac65eeb0,EVT_00031,india_today,Neutral/Factual Background,,Neutral,1.0,N/A - No targets detected
25f0a4b9ac65eeb0_p002,25f0a4b9ac65eeb0,EVT_00031,india_today,Neutral/Factual Background,,Neutral,1.0,N/A - No targets detected
25f0a4b9ac65eeb0_p003,25f0a4b9ac65eeb0,EVT_00031,india_today,Neutral/Factual Background,,Neutral,1.0,N/A - No targets detected
25f0a4b9ac65eeb0_p004,25f0a4b9ac65eeb0,EVT_00031,india_today,Neutral/Factual Background,,Neutral,1.0,N/A - No targets detected
25f0a4b9ac65eeb0_p005,25f0a4b9ac65eeb0,EVT_00031,india_today,Neutral/Factual Background,,Neutral,1.0,N/A - No targets detected
25f0a4b9ac65eeb0_p006,25f0a4b9ac65eeb0,EVT_00031,india_today,Neutral/Factual Background,,Neutral,1.0,N/A - No targets detected
25f0a4b9ac65eeb0_p007,25f0a4b9ac65eeb0,EVT_00031,india_today,Attack/Defence,coal scam,Negative,0.8,The ED alleged its searches were obstructed and that relevant documents and devices were removed
25f0a4b9ac65eeb0_p007,25f0a4b9ac65eeb0,EVT_00031,india_today,Attack/Defence,ED,Negative,0.9,its searches were obstructed
25f0a4b9ac65eeb0_p007,25f0a4b9ac65eeb0,EVT_00031,india_today,Attack/Defence,I-PAC,Neutral,0.5,
25f0a4b9ac65eeb0_p007,25f0a4b9ac65eeb0,EVT_00031,india_today,Attack/Defence,Trinamool Congress,Negative,0.8,the All India Trinamool Congress rejected the charge
25f0a4b9ac65eeb0_p007,25f0a4b9ac65eeb0,EVT_00031,india_today,Attack/Defence,assembly,Neutral,0.3,
25f0a4b9ac65eeb0_p008,25f0a4b9ac65eeb0,EVT_00031,india_today,Neutral/Factual Background,,Neutral,1.0,N/A - No targets detected
25f0a4b9ac65eeb0_p009,25f0a4b9ac65eeb0,EVT_00031,india_today,Neutral/Factual Background,,Neutral,1.0,N/A - No targets detected
25f0a4b9ac65eeb0_p010,25f0a4b9ac65eeb0,EVT_00031,india_today,Neutral/Factual Background,,Neutral,1.0,N/A - No targets detected
25f0a4b9ac65eeb0_p011,25f0a4b9ac65eeb0,EVT_00031,india_today,Neutral/Factual Background,,Neutral,1.0,N/A - No targets detected
edc8b4cd2fd7a460_p001,edc8b4cd2fd7a460,EVT_00031,indian_express,Neutral/Factual Background,,Neutral,1.0,N/A - No targets detected
edc8b4cd2fd7a460_p002,edc8b4cd2fd7a460,EVT_00031,indian_express,Communal Tension,BJP,Negative,0.9,keeping his guns trained on BJP
edc8b4cd2fd7a460_p002,edc8b4cd2fd7a460,EVT_00031,indian_express,Communal Tension,Trinamool Congress (TMC),Neutral,0.5,
edc8b4cd2fd7a460_p003,edc8b4cd2fd7a460,EVT_00031,indian_express,Neutral/Factual Background,,Neutral,1.0,N/A - No targets detected
edc8b4cd2fd7a460_p004,edc8b4cd2fd7a460,EVT_00031,indian_express,Neutral/Factual Background,,Neutral,1.0,N/A - No targets detected
edc8b4cd2fd7a460_p005,edc8b4cd2fd7a460,EVT_00031,indian_express,Neutral/Factual Background,,Neutral,1.0,N/A - No targets detected
edc8b4cd2fd7a460_p006,edc8b4cd2fd7a460,EVT_00031,indian_express,Neutral/Factual Background,,Neutral,1.0,N/A - No targets detected
edc8b4cd2fd7a460_p007,edc8b4cd2fd7a460,EVT_00031,indian_express,Neutral/Factual Background,,Neutral,1.0,N/A - No targets detected
edc8b4cd2fd7a460_p008,edc8b4cd2fd7a460,EVT_00031,indian_express,Neutral/Factual Background,,Neutral,1.0,N/A - No targets detected
edc8b4cd2fd7a460_p009,edc8b4cd2fd7a460,EVT_00031,indian_express,Attack/Defence,Chowdhury,Positive,0.8,"70, has returned to Bengal politics to contest the Assembly election from his home turf Baharampur after three decades."
edc8b4cd2fd7a460_p009,edc8b4cd2fd7a460,EVT_00031,indian_express,Attack/Defence,Congress,Neutral,0.5,
edc8b4cd2fd7a460_p010,edc8b4cd2fd7a460,EVT_00031,indian_express,Nationalism,BJP,Negative,0.9,alleging that the BJP was out to destroy the culture of Bengal.
edc8b4cd2fd7a460_p010,edc8b4cd2fd7a460,EVT_00031,indian_express,Nationalism,PM Modi,Negative,0.85,"""Wherever the BJP goes, Narendra Modi goes, the RSS goes, they start spreading hatred and start dividing the people,"" Rahul had then alleged"
edc8b4cd2fd7a460_p011,edc8b4cd2fd7a460,EVT_00031,indian_express,Neutral/Factual Background,,Neutral,1.0,N/A - No targets detected
edc8b4cd2fd7a460_p012,edc8b4cd2fd7a460,EVT_00031,indian_express,Victimhood,Chowdhury,Positive,0.8,Isha Khan Chowdhury winning from the Malda Dakshin parliamentary constituency.
edc8b4cd2fd7a460_p012,edc8b4cd2fd7a460,EVT_00031,indian_express,Victimhood,Congress,Neutral,0.5,
edc8b4cd2fd7a460_p013,edc8b4cd2fd7a460,EVT_00031,indian_express,Neutral/Factual Background,,Neutral,1.0,N/A - No targets detected
edc8b4cd2fd7a460_p014,edc8b4cd2fd7a460,EVT_00031,indian_express,Neutral/Factual Background,,Neutral,1.0,N/A - No targets detected
edc8b4cd2fd7a460_p015,edc8b4cd2fd7a460,EVT_00031,indian_express,Attack/Defence,BJP,Negative,0.9,"Observers say Rahul may walk a tightrope during his Bengal campaign, keeping his guns trained on the BJP while refraining from mounting an all-out attack against the incumbent Mamata Banerjee-led TMC which is aiming for its fourth successive term."
edc8b4cd2fd7a460_p015,edc8b4cd2fd7a460,EVT_00031,indian_express,Attack/Defence,Congress,Positive,0.9,"A major reason for such an approach, they say, could be the Congress’s “bigger goal of defeating the ruling BJP at the national level for which a unity of all Opposition parties is a key factor”."
edc8b4cd2fd7a460_p016,edc8b4cd2fd7a460,EVT_00031,indian_express,Communal Tension,Congress,Neutral,0.8,We want to gauge our vote share in Bengal
edc8b4cd2fd7a460_p016,edc8b4cd2fd7a460,EVT_00031,indian_express,Communal Tension,Trinamool Congress,Negative,0.9,"some resentment towards the TMC, and those votes would come to us rather than the Left"
91a9f6a15fb12a4e_p001,91a9f6a15fb12a4e,EVT_00031,ndtv,Neutral/Factual Background,,Neutral,1.0,N/A - No targets detected
91a9f6a15fb12a4e_p002,91a9f6a15fb12a4e,EVT_00031,ndtv,Neutral/Factual Background,,Neutral,1.0,N/A - No targets detected
91a9f6a15fb12a4e_p003,91a9f6a15fb12a4e,EVT_00031,ndtv,Neutral/Factual Background,,Neutral,1.0,N/A - No targets detected
91a9f6a15fb12a4e_p004,91a9f6a15fb12a4e,EVT_00031,ndtv,Neutral/Factual Background,,Neutral,1.0,N/A - No targets detected
91a9f6a15fb12a4e_p005,91a9f6a15fb12a4e,EVT_00031,ndtv,Neutral/Factual Background,,Neutral,1.0,N/A - No targets detected
91a9f6a15fb12a4e_p006,91a9f6a15fb12a4e,EVT_00031,ndtv,Neutral/Factual Background,,Neutral,1.0,N/A - No targets detected
91a9f6a15fb12a4e_p007,91a9f6a15fb12a4e,EVT_00031,ndtv,Neutral/Factual Background,,Neutral,1.0,N/A - No targets detected
91a9f6a15fb12a4e_p008,91a9f6a15fb12a4e,EVT_00031,ndtv,Neutral/Factual Background,,Neutral,1.0,N/A - No targets detected
91a9f6a15fb12a4e_p009,91a9f6a15fb12a4e,EVT_00031,ndtv,Neutral/Factual Background,,Neutral,1.0,N/A - No targets detected
91a9f6a15fb12a4e_p010,91a9f6a15fb12a4e,EVT_00031,ndtv,Neutral/Factual Background,,Neutral,1.0,N/A - No targets detected
af9c233c50341db7_p001,af9c233c50341db7,EVT_00031,india_today,Neutral/Factual Background,,Neutral,1.0,N/A - No targets detected
af9c233c50341db7_p002,af9c233c50341db7,EVT_00031,india_today,Neutral/Factual Background,,Neutral,1.0,N/A - No targets detected
af9c233c50341db7_p003,af9c233c50341db7,EVT_00031,india_today,Neutral/Factual Background,,Neutral,1.0,N/A - No targets detected
af9c233c50341db7_p004,af9c233c50341db7,EVT_00031,india_today,Neutral/Factual Background,,Neutral,1.0,N/A - No targets detected
af9c233c50341db7_p005,af9c233c50341db7,EVT_00031,india_today,Neutral/Factual Background,,Neutral,1.0,N/A - No targets detected
af9c233c50341db7_p006,af9c233c50341db7,EVT_00031,india_today,Neutral/Factual Background,,Neutral,1.0,N/A - No targets detected
af9c233c50341db7_p007,af9c233c50341db7,EVT_00031,india_today,Neutral/Factual Background,,Neutral,1.0,N/A - No targets detected
af9c233c50341db7_p008,af9c233c50341db7,EVT_00031,india_today,Neutral/Factual Background,,Neutral,1.0,N/A - No targets detected
af9c233c50341db7_p009,af9c233c50341db7,EVT_00031,india_today,Neutral/Factual Background,,Neutral,1.0,N/A - No targets detected
af9c233c50341db7_p010,af9c233c50341db7,EVT_00031,india_today,Neutral/Factual Background,,Neutral,1.0,N/A - No targets detected
af9c233c50341db7_p011,af9c233c50341db7,EVT_00031,india_today,Neutral/Factual Background,,Neutral,1.0,N/A - No targets detected
af9c233c50341db7_p012,af9c233c50341db7,EVT_00031,india_today,Governance,WB,Negative,0.9,accused the poll body of acting unilaterally and undermining the authority of the elected administration.
af9c233c50341db7_p012,af9c233c50341db7,EVT_00031,india_today,Governance,EC,Negative,0.9,accused the poll body of acting unilaterally and undermining the authority of the elected administration.
b6174bbcd1ffe6a4_p001,b6174bbcd1ffe6a4,EVT_00031,ndtv,Attack/Defence,Mamata Banerjee,Negative,0.9,BJP leader Suvendu Adhikari positioned himself as the face of the party's campaign against the Trinamool Congress and Chief Minister Mamata Banerjee.
b6174bbcd1ffe6a4_p001,b6174bbcd1ffe6a4,EVT_00031,ndtv,Attack/Defence,BJP,Negative,0.9,Suvendu Adhikari positioned himself as the face of the party's campaign against the Trinamool Congress and Chief Minister Mamata Banerjee.
b6174bbcd1ffe6a4_p001,b6174bbcd1ffe6a4,EVT_00031,ndtv,Attack/Defence,Trinamool Congress,Negative,0.9,Suvendu Adhikari positioned himself as the face of the party's campaign against the Trinamool Congress and Chief Minister Mamata Banerjee.
b6174bbcd1ffe6a4_p002,b6174bbcd1ffe6a4,EVT_00031,ndtv,Neutral/Factual Background,,Neutral,1.0,N/A - No targets detected
b6174bbcd1ffe6a4_p003,b6174bbcd1ffe6a4,EVT_00031,ndtv,Attack/Defence,BJP,Negative,0.9,accused the government of bulldozing
b6174bbcd1ffe6a4_p004,b6174bbcd1ffe6a4,EVT_00031,ndtv,Governance,Suvendu Adhikari,Neutral,0.9,we promised to create jobs
b6174bbcd1ffe6a4_p004,b6174bbcd1ffe6a4,EVT_00031,ndtv,Governance,Mamata Banerjee,Negative,0.8,"Along with the welfare scheme, we promised to create jobs."
b6174bbcd1ffe6a4_p004,b6174bbcd1ffe6a4,EVT_00031,ndtv,Governance,BJP,Neutral,0.9,"Every central scheme will be implemented to build Bengal economically and to make it a cultural and spiritual capital of the country,"
b6174bbcd1ffe6a4_p005,b6174bbcd1ffe6a4,EVT_00031,ndtv,Neutral/Factual Background,,Neutral,1.0,N/A - No targets detected
b6174bbcd1ffe6a4_p006,b6174bbcd1ffe6a4,EVT_00031,ndtv,Nationalism,BJP,Neutral,0.8,He stressed that the BJP is neither a regional party nor a personal party.
b6174bbcd1ffe6a4_p007,b6174bbcd1ffe6a4,EVT_00031,ndtv,Attack/Defence,BJP,Negative,0.9,"Under the supervision of Narendra Modi, in his guidance, Delhi, UP, Bihar, Maharashtra, Gujarat, Odisha, Andhra Pradesh, wherever the BJP government comes, the way it is running"
b6174bbcd1ffe6a4_p007,b6174bbcd1ffe6a4,EVT_00031,ndtv,Attack/Defence,Mamata Banerjee,Neutral,0.5,The passage does not mention Mamata Banerjee in any negative or positive context.
b6174bbcd1ffe6a4_p007,b6174bbcd1ffe6a4,EVT_00031,ndtv,Attack/Defence,Suvendu Adhikari,Positive,1.0,Adhikari declared.
b6174bbcd1ffe6a4_p008,b6174bbcd1ffe6a4,EVT_00031,ndtv,Neutral/Factual Background,,Neutral,1.0,N/A - No targets detected
b6174bbcd1ffe6a4_p009,b6174bbcd1ffe6a4,EVT_00031,ndtv,Attack/Defence,BJP,Negative,0.9,Adhikari dismissed Mamata Banerjee's claim that a BJP victory would direct all contracts to Gujaratis.
b6174bbcd1ffe6a4_p010,b6174bbcd1ffe6a4,EVT_00031,ndtv,Neutral/Factual Background,,Neutral,1.0,N/A - No targets detected
b6174bbcd1ffe6a4_p011,b6174bbcd1ffe6a4,EVT_00031,ndtv,Neutral/Factual Background,,Neutral,1.0,N/A - No targets detected
b6174bbcd1ffe6a4_p012,b6174bbcd1ffe6a4,EVT_00031,ndtv,Neutral/Factual Background,,Neutral,1.0,N/A - No targets detected
b6174bbcd1ffe6a4_p013,b6174bbcd1ffe6a4,EVT_00031,ndtv,Neutral/Factual Background,,Neutral,1.0,N/A - No targets detected
b6174bbcd1ffe6a4_p014,b6174bbcd1ffe6a4,EVT_00031,ndtv,Attack/Defence,Suvendu Adhikari,Neutral,0.5,Adhikari argued that the bhadralok class in Bengal is ready to move away from the TMC
b6174bbcd1ffe6a4_p014,b6174bbcd1ffe6a4,EVT_00031,ndtv,Attack/Defence,Mamata Banerjee,Negative,0.8,"He cited Lok Sabha election results in urban areas, noting that in North Kolkata, which has 50 or 60 wards, the BJP won 28 wards."
e30f5bc104189ee4_p001,e30f5bc104189ee4,EVT_00031,the_times_of_india,Neutral/Factual Background,,Neutral,1.0,N/A - No targets detected
e30f5bc104189ee4_p002,e30f5bc104189ee4,EVT_00031,the_times_of_india,Neutral/Factual Background,,Neutral,1.0,N/A - No targets detected
e30f5bc104189ee4_p003,e30f5bc104189ee4,EVT_00031,the_times_of_india,Neutral/Factual Background,,Neutral,1.0,N/A - No targets detected
e30f5bc104189ee4_p004,e30f5bc104189ee4,EVT_00031,the_times_of_india,Neutral/Factual Background,,Neutral,1.0,N/A - No targets detected
e30f5bc104189ee4_p005,e30f5bc104189ee4,EVT_00031,the_times_of_india,Neutral/Factual Background,,Neutral,1.0,N/A - No targets detected
e30f5bc104189ee4_p006,e30f5bc104189ee4,EVT_00031,the_times_of_india,Neutral/Factual Background,,Neutral,1.0,N/A - No targets detected
e30f5bc104189ee4_p007,e30f5bc104189ee4,EVT_00031,the_times_of_india,Neutral/Factual Background,,Neutral,1.0,N/A - No targets detected
7ab24c88bd556e0c_p001,7ab24c88bd556e0c,EVT_00033,theprint,Governance,Naseer,Negative,1.0,"has ordered the ‘removal’ of his lone surviving political secretary, Naseer Ahmed"
7ab24c88bd556e0c_p001,7ab24c88bd556e0c,EVT_00033,theprint,Governance,Siddaramaiah,Neutral,1.0,"Karnataka CM Siddaramaiah has ordered the ‘removal’ of his lone surviving political secretary, Naseer Ahmed"
7ab24c88bd556e0c_p001,7ab24c88bd556e0c,EVT_00033,theprint,Governance,Congress,Negative,1.0,over allegations of anti-party activities and alleged funding of rebel candidates to help defeat the Congress candidate in the 9 April Davanagere South assembly bypoll.
7ab24c88bd556e0c_p002,7ab24c88bd556e0c,EVT_00033,theprint,Neutral/Factual Background,,Neutral,1.0,N/A - No targets detected
7ab24c88bd556e0c_p003,7ab24c88bd556e0c,EVT_00033,theprint,Neutral/Factual Background,,Neutral,1.0,N/A - No targets detected
7ab24c88bd556e0c_p004,7ab24c88bd556e0c,EVT_00033,theprint,Neutral/Factual Background,,Neutral,1.0,N/A - No targets detected
7ab24c88bd556e0c_p005,7ab24c88bd556e0c,EVT_00033,theprint,Neutral/Factual Background,,Neutral,1.0,N/A - No targets detected
7ab24c88bd556e0c_p006,7ab24c88bd556e0c,EVT_00033,theprint,Neutral/Factual Background,,Neutral,1.0,N/A - No targets detected
7ab24c88bd556e0c_p007,7ab24c88bd556e0c,EVT_00033,theprint,Neutral/Factual Background,,Neutral,1.0,N/A - No targets detected
7ab24c88bd556e0c_p008,7ab24c88bd556e0c,EVT_00033,theprint,Neutral/Factual Background,,Neutral,1.0,N/A - No targets detected
7ab24c88bd556e0c_p009,7ab24c88bd556e0c,EVT_00033,theprint,Governance,Siddaramaiah,Negative,0.8,"However, a chain of events including poor crowd management and ineffective communication led to a stampede that led to the death of 11 people near the Chinnaswamy Cricket Stadium a few hours later."
7ab24c88bd556e0c_p009,7ab24c88bd556e0c,EVT_00033,theprint,Governance,Congress,Negative,0.8,"However, a chain of events including poor crowd management and ineffective communication led to a stampede that led to the death of 11 people near the Chinnaswamy Cricket Stadium a few hours later."
7ab24c88bd556e0c_p010,7ab24c88bd556e0c,EVT_00033,theprint,Neutral/Factual Background,,Neutral,1.0,N/A - No targets detected
7ab24c88bd556e0c_p011,7ab24c88bd556e0c,EVT_00033,theprint,Neutral/Factual Background,,Neutral,1.0,N/A - No targets detected
7ab24c88bd556e0c_p012,7ab24c88bd556e0c,EVT_00033,theprint,Neutral/Factual Background,,Neutral,1.0,N/A - No targets detected
7ab24c88bd556e0c_p013,7ab24c88bd556e0c,EVT_00033,theprint,Communal Tension,BJP,Negative,0.9,accused the government of bulldozing
7ab24c88bd556e0c_p013,7ab24c88bd556e0c,EVT_00033,theprint,Communal Tension,Jagadish Shettar,Neutral,0.5,
7ab24c88bd556e0c_p014,7ab24c88bd556e0c,EVT_00033,theprint,Communal Tension,Ahmed,Negative,0.9,"Led by Housing Minister Zameer Ahmed Khan, the Muslim community demanded that a member of their community be the party candidate."
7ab24c88bd556e0c_p015,7ab24c88bd556e0c,EVT_00033,theprint,Neutral/Factual Background,,Neutral,1.0,N/A - No targets detected
7ab24c88bd556e0c_p016,7ab24c88bd556e0c,EVT_00033,theprint,Communal Tension,Congress,Negative,0.9,cited it as a ‘betrayal’ of their continued support.
7ab24c88bd556e0c_p017,7ab24c88bd556e0c,EVT_00033,theprint,Neutral/Factual Background,,Neutral,1.0,N/A - No targets detected
7ab24c88bd556e0c_p018,7ab24c88bd556e0c,EVT_00033,theprint,Neutral/Factual Background,,Neutral,1.0,N/A - No targets detected
7ab24c88bd556e0c_p019,7ab24c88bd556e0c,EVT_00033,theprint,Law-and-Order,Congress,Neutral,0.9,the party will not tolerate indiscipline
7ab24c88bd556e0c_p020,7ab24c88bd556e0c,EVT_00033,theprint,Attack/Defence,BJP,Negative,0.9,(Edited by Nardeep Singh Dahiya)
1e90ef59b5041d03_p001,1e90ef59b5041d03,EVT_00033,the_new_indian_express,Neutral/Factual Background,,Neutral,1.0,N/A - No targets detected
1e90ef59b5041d03_p002,1e90ef59b5041d03,EVT_00033,the_new_indian_express,Neutral/Factual Background,,Neutral,1.0,N/A - No targets detected
1e90ef59b5041d03_p003,1e90ef59b5041d03,EVT_00033,the_new_indian_express,Neutral/Factual Background,,Neutral,1.0,N/A - No targets detected
1e90ef59b5041d03_p004,1e90ef59b5041d03,EVT_00033,the_new_indian_express,Neutral/Factual Background,,Neutral,1.0,N/A - No targets detected
1e90ef59b5041d03_p005,1e90ef59b5041d03,EVT_00033,the_new_indian_express,Neutral/Factual Background,,Neutral,1.0,N/A - No targets detected
1e90ef59b5041d03_p006,1e90ef59b5041d03,EVT_00033,the_new_indian_express,Neutral/Factual Background,,Neutral,1.0,N/A - No targets detected
1e90ef59b5041d03_p007,1e90ef59b5041d03,EVT_00033,the_new_indian_express,Neutral/Factual Background,,Neutral,1.0,N/A - No targets detected
1e90ef59b5041d03_p008,1e90ef59b5041d03,EVT_00033,the_new_indian_express,Neutral/Factual Background,,Neutral,1.0,N/A - No targets detected
1e90ef59b5041d03_p009,1e90ef59b5041d03,EVT_00033,the_new_indian_express,Neutral/Factual Background,,Neutral,1.0,N/A - No targets detected
1e90ef59b5041d03_p010,1e90ef59b5041d03,EVT_00033,the_new_indian_express,Neutral/Factual Background,,Neutral,1.0,N/A - No targets detected
1e90ef59b5041d03_p011,1e90ef59b5041d03,EVT_00033,the_new_indian_express,Neutral/Factual Background,,Neutral,1.0,N/A - No targets detected
1e90ef59b5041d03_p012,1e90ef59b5041d03,EVT_00033,the_new_indian_express,Neutral/Factual Background,,Neutral,1.0,N/A - No targets detected
1e90ef59b5041d03_p013,1e90ef59b5041d03,EVT_00033,the_new_indian_express,Neutral/Factual Background,,Neutral,1.0,N/A - No targets detected
1e90ef59b5041d03_p014,1e90ef59b5041d03,EVT_00033,the_new_indian_express,Neutral/Factual Background,,Neutral,1.0,N/A - No targets detected
1e90ef59b5041d03_p015,1e90ef59b5041d03,EVT_00033,the_new_indian_express,Neutral/Factual Background,,Neutral,1.0,N/A - No targets detected
1e90ef59b5041d03_p016,1e90ef59b5041d03,EVT_00033,the_new_indian_express,Neutral/Factual Background,,Neutral,1.0,N/A - No targets detected
1e90ef59b5041d03_p017,1e90ef59b5041d03,EVT_00033,the_new_indian_express,Neutral/Factual Background,,Neutral,1.0,N/A - No targets detected
1e90ef59b5041d03_p018,1e90ef59b5041d03,EVT_00033,the_new_indian_express,Neutral/Factual Background,,Neutral,1.0,N/A - No targets detected
1e90ef59b5041d03_p019,1e90ef59b5041d03,EVT_00033,the_new_indian_express,Neutral/Factual Background,,Neutral,1.0,N/A - No targets detected
1e90ef59b5041d03_p020,1e90ef59b5041d03,EVT_00033,the_new_indian_express,Neutral/Factual Background,,Neutral,1.0,N/A - No targets detected
1e90ef59b5041d03_p021,1e90ef59b5041d03,EVT_00033,the_new_indian_express,Neutral/Factual Background,,Neutral,1.0,N/A - No targets detected
1e90ef59b5041d03_p022,1e90ef59b5041d03,EVT_00033,the_new_indian_express,Neutral/Factual Background,,Neutral,1.0,N/A - No targets detected
1e90ef59b5041d03_p023,1e90ef59b5041d03,EVT_00033,the_new_indian_express,Neutral/Factual Background,,Neutral,1.0,N/A - No targets detected
1e90ef59b5041d03_p024,1e90ef59b5041d03,EVT_00033,the_new_indian_express,Neutral/Factual Background,,Neutral,1.0,N/A - No targets detected
1e90ef59b5041d03_p025,1e90ef59b5041d03,EVT_00033,the_new_indian_express,Neutral/Factual Background,,Neutral,1.0,N/A - No targets detected
1e90ef59b5041d03_p026,1e90ef59b5041d03,EVT_00033,the_new_indian_express,Neutral/Factual Background,,Neutral,1.0,N/A - No targets detected
f9db550e4b90f6ac_p001,f9db550e4b90f6ac,EVT_00042,indian_express,Neutral/Factual Background,,Neutral,1.0,N/A - No targets detected
f9db550e4b90f6ac_p002,f9db550e4b90f6ac,EVT_00042,indian_express,Attack/Defence,Congress,Negative,0.9,national Congress leaders and the actor-politician have been conspicuous by their near absence.
f9db550e4b90f6ac_p003,f9db550e4b90f6ac,EVT_00042,indian_express,Neutral/Factual Background,,Neutral,1.0,N/A - No targets detected
f9db550e4b90f6ac_p004,f9db550e4b90f6ac,EVT_00042,indian_express,Governance,Congress,Negative,0.8,describing the “lukewarm response” from Delhi
f9db550e4b90f6ac_p005,f9db550e4b90f6ac,EVT_00042,indian_express,Neutral/Factual Background,,Neutral,1.0,N/A - No targets detected
f9db550e4b90f6ac_p006,f9db550e4b90f6ac,EVT_00042,indian_express,Attack/Defence,Congress,Neutral,0.8,
f9db550e4b90f6ac_p006,f9db550e4b90f6ac,EVT_00042,indian_express,Attack/Defence,Amit Shah,Negative,0.9,the absence of Prime Minister Narendra Modi and Union Home Minister Amit Shah
f9db550e4b90f6ac_p006,f9db550e4b90f6ac,EVT_00042,indian_express,Attack/Defence,PM Modi,Neutral,0.8,
f9db550e4b90f6ac_p007,f9db550e4b90f6ac,EVT_00042,indian_express,Neutral/Factual Background,,Neutral,1.0,N/A - No targets detected
f9db550e4b90f6ac_p008,f9db550e4b90f6ac,EVT_00042,indian_express,Neutral/Factual Background,,Neutral,1.0,N/A - No targets detected
f9db550e4b90f6ac_p009,f9db550e4b90f6ac,EVT_00042,indian_express,Neutral/Factual Background,,Neutral,1.0,N/A - No targets detected
f9db550e4b90f6ac_p010,f9db550e4b90f6ac,EVT_00042,indian_express,Neutral/Factual Background,,Neutral,1.0,N/A - No targets detected
f9db550e4b90f6ac_p011,f9db550e4b90f6ac,EVT_00042,indian_express,Procedural Fairness,Congress,Neutral,0.9,prompted questions: if the party was dissatisfied with seat-sharing or strategy
f9db550e4b90f6ac_p012,f9db550e4b90f6ac,EVT_00042,indian_express,Neutral/Factual Background,,Neutral,1.0,N/A - No targets detected
f9db550e4b90f6ac_p013,f9db550e4b90f6ac,EVT_00042,indian_express,Communal Tension,Congress,Neutral,0.8,"A senior Congress leader draws parallels with actor-politician Vijay, whose party TVK is also facing questions about campaign visibility."
f9db550e4b90f6ac_p013,f9db550e4b90f6ac,EVT_00042,indian_express,Communal Tension,TVK,Negative,0.95,"Despite launching his party as an alternative to both Dravidian majors and the BJP, Vijay’s campaign has been sparse, with large parts of the state remaining untouched even in the final stretch."
f9db550e4b90f6ac_p014,f9db550e4b90f6ac,EVT_00042,indian_express,Attack/Defence,TVK,Negative,0.9,"In Virudhunagar (seven seats), Ramanathapuram (four), Pudukkottai (six), Theni (four), and the Nilgiris (three), there has been little or no direct engagement."
f9db550e4b90f6ac_p014,f9db550e4b90f6ac,EVT_00042,indian_express,Attack/Defence,Rahul Gandhi,Neutral,0.5,
f9db550e4b90f6ac_p015,f9db550e4b90f6ac,EVT_00042,indian_express,Neutral/Factual Background,,Neutral,1.0,N/A - No targets detected
f9db550e4b90f6ac_p016,f9db550e4b90f6ac,EVT_00042,indian_express,Attack/Defence,Palaniswami,Neutral,1.0,AIADMK leader Edappadi K Palaniswami is maintaining a high tempo
f9db550e4b90f6ac_p017,f9db550e4b90f6ac,EVT_00042,indian_express,Neutral/Factual Background,,Neutral,1.0,N/A - No targets detected
f9db550e4b90f6ac_p018,f9db550e4b90f6ac,EVT_00042,indian_express,Neutral/Factual,Vijay,Neutral,0.7,the relative absence of both Rahul Gandhi and Vijay
f9db550e4b90f6ac_p018,f9db550e4b90f6ac,EVT_00042,indian_express,Neutral/Factual,Gandhi,Negative,0.85,particularly among younger voters who might otherwise have been drawn to their campaigns.
f9db550e4b90f6ac_p019,f9db550e4b90f6ac,EVT_00042,indian_express,Nationalism,BJP,Neutral,0.8,"For the BJP, the campaign has unfolded differently."
f9db550e4b90f6ac_p019,f9db550e4b90f6ac,EVT_00042,indian_express,Nationalism,AIADMK,Neutral,0.8,"While its second-level national leaders have been active in the state and seniormost faces were expected to make only limited appearances — Modi and Shah are likely to address rallies in Coimbatore and Kanyakumari, — the party has aligned itself with the AIADMK’s state-led strategy."
f9db550e4b90f6ac_p020,f9db550e4b90f6ac,EVT_00042,indian_express,Neutral/Factual Background,,Neutral,1.0,N/A - No targets detected
f9db550e4b90f6ac_p021,f9db550e4b90f6ac,EVT_00042,indian_express,Neutral/Factual Background,,Neutral,1.0,N/A - No targets detected
bb11c7da1413f9e1_p001,bb11c7da1413f9e1,EVT_00042,india_today,Neutral/Factual Background,,Neutral,1.0,N/A - No targets detected
bb11c7da1413f9e1_p002,bb11c7da1413f9e1,EVT_00042,india_today,Neutral/Factual Background,,Neutral,1.0,N/A - No targets detected
bb11c7da1413f9e1_p003,bb11c7da1413f9e1,EVT_00042,india_today,Governance,Parliament,Neutral,0.9,Parliament debates the proposed legislation
bb11c7da1413f9e1_p003,bb11c7da1413f9e1,EVT_00042,india_today,Governance,DMK,Negative,0.95,the government on Thursday accused the DMK of indulging in a “political stunt” over delimitation of Tamil Nadu's Lok Sabha seats
bb11c7da1413f9e1_p004,bb11c7da1413f9e1,EVT_00042,india_today,Neutral/Factual Background,,Neutral,1.0,N/A - No targets detected
bb11c7da1413f9e1_p005,bb11c7da1413f9e1,EVT_00042,india_today,Attack/Defence,BJP,Negative,0.9,"The government has rejected the claims, saying no one will face injustice, with BJP MP Tejasvi Surya, calling the move a ""best deal"" for South."
bb11c7da1413f9e1_p006,bb11c7da1413f9e1,EVT_00042,india_today,Neutral/Factual Background,,Neutral,1.0,N/A - No targets detected
bb11c7da1413f9e1_p007,bb11c7da1413f9e1,EVT_00042,india_today,Neutral/Factual Background,,Neutral,1.0,N/A - No targets detected
bb11c7da1413f9e1_p008,bb11c7da1413f9e1,EVT_00042,india_today,Neutral/Factual Background,,Neutral,1.0,N/A - No targets detected
bb11c7da1413f9e1_p009,bb11c7da1413f9e1,EVT_00042,india_today,Neutral/Factual Background,,Neutral,1.0,N/A - No targets detected
bb11c7da1413f9e1_p010,bb11c7da1413f9e1,EVT_00042,india_today,Neutral/Factual Background,,Neutral,1.0,N/A - No targets detected
bb11c7da1413f9e1_p011,bb11c7da1413f9e1,EVT_00042,india_today,Neutral/Factual Background,,Neutral,1.0,N/A - No targets detected
bb11c7da1413f9e1_p012,bb11c7da1413f9e1,EVT_00042,india_today,Attack/Defence,Kerala,Neutral,0.8,Kerala from 20 to 30.
bb11c7da1413f9e1_p012,bb11c7da1413f9e1,EVT_00042,india_today,Attack/Defence,Telangana,Positive,0.9,Telangana from 17 to 26.
bb11c7da1413f9e1_p012,bb11c7da1413f9e1,EVT_00042,india_today,Attack/Defence,Karnataka,Neutral,0.8,Karnataka’s seats will rise from 28 to 42.
bb11c7da1413f9e1_p012,bb11c7da1413f9e1,EVT_00042,india_today,Attack/Defence,Andhra Pradesh,Neutral,0.8,Andhra Pradesh from 25 to 38.
bb11c7da1413f9e1_p012,bb11c7da1413f9e1,EVT_00042,india_today,Attack/Defence,Amit Shah,Positive,1.0,"He said Karnataka’s seats will rise from 28 to 42, Andhra Pradesh from 25 to 38, Telangana from 17 to 26, Tamil Nadu from 39 to 59 and Kerala from 20 to 30."
bb11c7da1413f9e1_p013,bb11c7da1413f9e1,EVT_00042,india_today,Neutral/Factual Background,,Neutral,1.0,N/A - No targets detected
bb11c7da1413f9e1_p014,bb11c7da1413f9e1,EVT_00042,india_today,Neutral/Factual Background,,Neutral,1.0,N/A - No targets detected
bb11c7da1413f9e1_p015,bb11c7da1413f9e1,EVT_00042,india_today,Neutral/Factual Background,,Neutral,1.0,N/A - No targets detected
bb11c7da1413f9e1_p016,bb11c7da1413f9e1,EVT_00042,india_today,Neutral/Factual Background,,Neutral,1.0,N/A - No targets detected
fceb5de2f2e09c9f_p001,fceb5de2f2e09c9f,EVT_00043,theprint,Neutral/Factual Background,,Neutral,1.0,N/A - No targets detected
fceb5de2f2e09c9f_p002,fceb5de2f2e09c9f,EVT_00043,theprint,Neutral/Factual Background,,Neutral,1.0,N/A - No targets detected
fceb5de2f2e09c9f_p003,fceb5de2f2e09c9f,EVT_00043,theprint,Neutral/Factual Background,,Neutral,1.0,N/A - No targets detected
fceb5de2f2e09c9f_p004,fceb5de2f2e09c9f,EVT_00043,theprint,Neutral/Factual Background,,Neutral,1.0,N/A - No targets detected
fceb5de2f2e09c9f_p005,fceb5de2f2e09c9f,EVT_00043,theprint,Victimhood,BJP,Negative,0.9,OBC face of BJP
fceb5de2f2e09c9f_p006,fceb5de2f2e09c9f,EVT_00043,theprint,Neutral/Factual Background,,Neutral,1.0,N/A - No targets detected
fceb5de2f2e09c9f_p007,fceb5de2f2e09c9f,EVT_00043,theprint,Neutral/Factual Background,,Neutral,1.0,N/A - No targets detected
fceb5de2f2e09c9f_p008,fceb5de2f2e09c9f,EVT_00043,theprint,Neutral/Factual Background,,Neutral,1.0,N/A - No targets detected
fceb5de2f2e09c9f_p009,fceb5de2f2e09c9f,EVT_00043,theprint,Neutral/Factual Background,,Neutral,1.0,N/A - No targets detected
fceb5de2f2e09c9f_p010,fceb5de2f2e09c9f,EVT_00043,theprint,Neutral/Factual Background,,Neutral,1.0,N/A - No targets detected
fceb5de2f2e09c9f_p011,fceb5de2f2e09c9f,EVT_00043,theprint,Neutral/Factual Background,,Neutral,1.0,N/A - No targets detected
fceb5de2f2e09c9f_p012,fceb5de2f2e09c9f,EVT_00043,theprint,Governance,Nitish Kumar,Neutral,1.0,had decided to step down from the position of Chief Minister
fceb5de2f2e09c9f_p013,fceb5de2f2e09c9f,EVT_00043,theprint,Neutral/Factual Background,,Neutral,1.0,N/A - No targets detected
fceb5de2f2e09c9f_p014,fceb5de2f2e09c9f,EVT_00043,theprint,Neutral/Factual Background,,Neutral,1.0,N/A - No targets detected
fceb5de2f2e09c9f_p015,fceb5de2f2e09c9f,EVT_00043,theprint,Neutral/Factual Background,,Neutral,1.0,N/A - No targets detected
fceb5de2f2e09c9f_p016,fceb5de2f2e09c9f,EVT_00043,theprint,Neutral/Factual Background,,Neutral,1.0,N/A - No targets detected
fceb5de2f2e09c9f_p017,fceb5de2f2e09c9f,EVT_00043,theprint,Governance,BJP,Negative,0.8,considering it won most assembly seats–89 out of 243–in the 2025 elections.
fceb5de2f2e09c9f_p017,fceb5de2f2e09c9f,EVT_00043,theprint,Governance,Nitish Kumar,Neutral,0.5,
fceb5de2f2e09c9f_p018,fceb5de2f2e09c9f,EVT_00043,theprint,Neutral/Factual Background,,Neutral,1.0,N/A - No targets detected
fceb5de2f2e09c9f_p019,fceb5de2f2e09c9f,EVT_00043,theprint,Neutral/Factual Background,,Neutral,1.0,N/A - No targets detected
fceb5de2f2e09c9f_p020,fceb5de2f2e09c9f,EVT_00043,theprint,Attack/Defence,PM Modi,Neutral,0.9,reserved particular thanks for Prime Minister Narendra Modi
fceb5de2f2e09c9f_p020,fceb5de2f2e09c9f,EVT_00043,theprint,Attack/Defence,Centre,Positive,0.9,and the Centre.
fceb5de2f2e09c9f_p021,fceb5de2f2e09c9f,EVT_00043,theprint,Neutral/Factual Background,,Neutral,1.0,N/A - No targets detected
079dc3924a4e4b1f_p001,079dc3924a4e4b1f,EVT_00043,theprint,Neutral/Factual Background,,Neutral,1.0,N/A - No targets detected
079dc3924a4e4b1f_p002,079dc3924a4e4b1f,EVT_00043,theprint,Governance,JD(U),Neutral,0.9,party tried to persuade Nishant Kumar
079dc3924a4e4b1f_p002,079dc3924a4e4b1f,EVT_00043,theprint,Governance,NishantKumar,Negative,0.85,but he refused.
079dc3924a4e4b1f_p002,079dc3924a4e4b1f,EVT_00043,theprint,Governance,BijendraYadav,Neutral,0.9,
079dc3924a4e4b1f_p002,079dc3924a4e4b1f,EVT_00043,theprint,Governance,VijayChaudhary,Neutral,0.9,
079dc3924a4e4b1f_p003,079dc3924a4e4b1f,EVT_00043,theprint,Neutral/Factual Background,,Neutral,1.0,N/A - No targets detected
079dc3924a4e4b1f_p004,079dc3924a4e4b1f,EVT_00043,theprint,Attack/Defence,NishantKumar,Negative,0.9,Sources further said that Nishant (44) has conveyed to the party that he is unlikely to accept any position for the next six months.
079dc3924a4e4b1f_p004,079dc3924a4e4b1f,EVT_00043,theprint,Attack/Defence,BijendraYadav,Neutral,0.7,
079dc3924a4e4b1f_p005,079dc3924a4e4b1f,EVT_00043,theprint,Neutral/Factual Background,,Neutral,1.0,N/A - No targets detected
079dc3924a4e4b1f_p006,079dc3924a4e4b1f,EVT_00043,theprint,Neutral/Factual Background,,Neutral,1.0,N/A - No targets detected
079dc3924a4e4b1f_p007,079dc3924a4e4b1f,EVT_00043,theprint,Neutral/Factual Background,,Neutral,1.0,N/A - No targets detected
079dc3924a4e4b1f_p008,079dc3924a4e4b1f,EVT_00043,theprint,Communal Tension,JD(U),Negative,0.8,neither would play ‘big brother’
079dc3924a4e4b1f_p008,079dc3924a4e4b1f,EVT_00043,theprint,Communal Tension,BJP,Negative,0.9,accused the government of bulldozing
079dc3924a4e4b1f_p009,079dc3924a4e4b1f,EVT_00043,theprint,Neutral/Factual Background,,Neutral,1.0,N/A - No targets detected
079dc3924a4e4b1f_p010,079dc3924a4e4b1f,EVT_00043,theprint,Neutral/Factual Background,,Neutral,1.0,N/A - No targets detected
079dc3924a4e4b1f_p011,079dc3924a4e4b1f,EVT_00043,theprint,Neutral/Factual Background,,Neutral,1.0,N/A - No targets detected
079dc3924a4e4b1f_p012,079dc3924a4e4b1f,EVT_00043,theprint,Neutral/Factual Background,,Neutral,1.0,N/A - No targets detected
079dc3924a4e4b1f_p013,079dc3924a4e4b1f,EVT_00043,theprint,Neutral/Factual Background,,Neutral,1.0,N/A - No targets detected
079dc3924a4e4b1f_p014,079dc3924a4e4b1f,EVT_00043,theprint,Neutral/Factual Background,,Neutral,1.0,N/A - No targets detected
079dc3924a4e4b1f_p015,079dc3924a4e4b1f,EVT_00043,theprint,Neutral/Factual Background,,Neutral,1.0,N/A - No targets detected
079dc3924a4e4b1f_p016,079dc3924a4e4b1f,EVT_00043,theprint,Attack/Defence,JD(U),Neutral,0.8,
079dc3924a4e4b1f_p016,079dc3924a4e4b1f,EVT_00043,theprint,Attack/Defence,NishantKumar,Negative,0.9,something the BJP does not want
079dc3924a4e4b1f_p017,079dc3924a4e4b1f,EVT_00043,theprint,Neutral/Factual Background,,Neutral,1.0,N/A - No targets detected
079dc3924a4e4b1f_p018,079dc3924a4e4b1f,EVT_00043,theprint,Neutral/Factual Background,,Neutral,1.0,N/A - No targets detected
079dc3924a4e4b1f_p019,079dc3924a4e4b1f,EVT_00043,theprint,Neutral/Factual Background,,Neutral,1.0,N/A - No targets detected
079dc3924a4e4b1f_p020,079dc3924a4e4b1f,EVT_00043,theprint,Neutral/Factual Background,,Neutral,1.0,N/A - No targets detected
aa6859d0074c37d4_p001,aa6859d0074c37d4,EVT_00043,theprint,Neutral/Factual Background,,Neutral,1.0,N/A - No targets detected
aa6859d0074c37d4_p002,aa6859d0074c37d4,EVT_00043,theprint,Neutral/Factual,Nitish Kumar,Neutral,1.0,tendered his resignation at Lok Bhavan in Patna after chairing his last Cabinet meeting as the CM.
aa6859d0074c37d4_p003,aa6859d0074c37d4,EVT_00043,theprint,Neutral/Factual Background,,Neutral,1.0,N/A - No targets detected
aa6859d0074c37d4_p004,aa6859d0074c37d4,EVT_00043,theprint,Neutral/Factual Background,,Neutral,1.0,N/A - No targets detected
aa6859d0074c37d4_p005,aa6859d0074c37d4,EVT_00043,theprint,Neutral/Factual Background,,Neutral,1.0,N/A - No targets detected
aa6859d0074c37d4_p006,aa6859d0074c37d4,EVT_00043,theprint,Neutral/Factual Background,,Neutral,1.0,N/A - No targets detected
aa6859d0074c37d4_p007,aa6859d0074c37d4,EVT_00043,theprint,Neutral/Factual Background,,Neutral,1.0,N/A - No targets detected
aa6859d0074c37d4_p008,aa6859d0074c37d4,EVT_00043,theprint,Neutral/Factual Background,,Neutral,1.0,N/A - No targets detected
aa6859d0074c37d4_p009,aa6859d0074c37d4,EVT_00043,theprint,Neutral/Factual Background,,Neutral,1.0,N/A - No targets detected
aa6859d0074c37d4_p010,aa6859d0074c37d4,EVT_00043,theprint,Neutral/Factual Background,,Neutral,1.0,N/A - No targets detected
aa6859d0074c37d4_p011,aa6859d0074c37d4,EVT_00043,theprint,Victimhood,RJD,Negative,0.9,"Rashtriya Janata Dal leader Tejashwi Yadav took to X, claiming that over 1,300 people have died due to spurious liquor since 2016"
aa6859d0074c37d4_p012,aa6859d0074c37d4,EVT_00043,theprint,Neutral/Factual Background,,Neutral,1.0,N/A - No targets detected
aa6859d0074c37d4_p013,aa6859d0074c37d4,EVT_00043,theprint,Neutral/Factual Background,,Neutral,1.0,N/A - No targets detected
aa6859d0074c37d4_p014,aa6859d0074c37d4,EVT_00043,theprint,Neutral/Factual Background,,Neutral,1.0,N/A - No targets detected
aa6859d0074c37d4_p015,aa6859d0074c37d4,EVT_00043,theprint,Neutral/Factual Background,,Neutral,1.0,N/A - No targets detected
aa6859d0074c37d4_p016,aa6859d0074c37d4,EVT_00043,theprint,Neutral/Factual Background,,Neutral,1.0,N/A - No targets detected
aa6859d0074c37d4_p017,aa6859d0074c37d4,EVT_00043,theprint,Neutral/Factual Background,,Neutral,1.0,N/A - No targets detected
aa6859d0074c37d4_p018,aa6859d0074c37d4,EVT_00043,theprint,Neutral/Factual Background,,Neutral,1.0,N/A - No targets detected
aa6859d0074c37d4_p019,aa6859d0074c37d4,EVT_00043,theprint,Attack/Defence,BJP,Negative,0.9,(Edited by Nardeep Singh Dahiya)
aa6859d0074c37d4_p019,aa6859d0074c37d4,EVT_00043,theprint,Attack/Defence,Nitish Kumar,Neutral,0.5,
ed8e3934c6061d95_p001,ed8e3934c6061d95,EVT_00043,theprint,Neutral/Factual Background,,Neutral,1.0,N/A - No targets detected
ed8e3934c6061d95_p002,ed8e3934c6061d95,EVT_00043,theprint,Governance,Chaudhary,Neutral,1.0,"arrived at, the Governor’s residence"
ed8e3934c6061d95_p002,ed8e3934c6061d95,EVT_00043,theprint,Governance,BJP,Negative,0.8,who had served as leader of the state for over a decade before deciding to go to the Rajya Sabha.
ed8e3934c6061d95_p002,ed8e3934c6061d95,EVT_00043,theprint,Governance,Nitish Kumar,Neutral,1.0,who had served as leader of the state for over a decade
ed8e3934c6061d95_p003,ed8e3934c6061d95,EVT_00043,theprint,Neutral/Factual Background,,Neutral,1.0,N/A - No targets detected
ed8e3934c6061d95_p004,ed8e3934c6061d95,EVT_00043,theprint,Governance,Nitish Kumar,Neutral,0.8,who was sworn in as CM
ed8e3934c6061d95_p005,ed8e3934c6061d95,EVT_00043,theprint,Neutral/Factual Background,,Neutral,1.0,N/A - No targets detected
ed8e3934c6061d95_p006,ed8e3934c6061d95,EVT_00043,theprint,Neutral/Factual Background,,Neutral,1.0,N/A - No targets detected
ed8e3934c6061d95_p007,ed8e3934c6061d95,EVT_00043,theprint,Neutral/Factual Background,,Neutral,1.0,N/A - No targets detected
ed8e3934c6061d95_p008,ed8e3934c6061d95,EVT_00043,theprint,Attack/Defence,Chaudhary,Negative,0.9,was the sharpest critic of Nitish Kumar
ed8e3934c6061d95_p008,ed8e3934c6061d95,EVT_00043,theprint,Attack/Defence,JD(U),Neutral,0.85,
ed8e3934c6061d95_p008,ed8e3934c6061d95,EVT_00043,theprint,Attack/Defence,BJP,Negative,0.9,Chaudhary was the sharpest critic of Nitish Kumar
ed8e3934c6061d95_p008,ed8e3934c6061d95,EVT_00043,theprint,Attack/Defence,Nitish Kumar,Negative,0.95,
ed8e3934c6061d95_p009,ed8e3934c6061d95,EVT_00043,theprint,Governance,Samrat Choudhary,Neutral,1.0,He was appointed as the BJP’s state president in 2023
ed8e3934c6061d95_p009,ed8e3934c6061d95,EVT_00043,theprint,Governance,BJP,Positive,0.9,he became the Deputy Chief Minister of Bihar in 2024
ed8e3934c6061d95_p010,ed8e3934c6061d95,EVT_00043,theprint,Attack/Defence,BJP,Negative,0.9,NDA successfully defended its rule in the 2025 assembly election
ed8e3934c6061d95_p010,ed8e3934c6061d95,EVT_00043,theprint,Attack/Defence,Nitish Kumar,Neutral,0.8,speculations about Nitish Kumar’s move away from state politics grew stronger and stronger.
ed8e3934c6061d95_p011,ed8e3934c6061d95,EVT_00043,theprint,Neutral/Factual Background,,Neutral,1.0,N/A - No targets detected
ed8e3934c6061d95_p012,ed8e3934c6061d95,EVT_00043,theprint,Development,NDP,Positive,0.9,"under your leadership, Bihar will reach new heights of development"
ed8e3934c6061d95_p012,ed8e3934c6061d95,EVT_00043,theprint,Development,Chaudhary,Positive,0.9,"congratulated him on being elected as the leader of the NDA legislature party, extending my best wishes."
ed8e3934c6061d95_p013,ed8e3934c6061d95,EVT_00043,theprint,Communal Tension,BJP,Neutral,0.9,Chaudhary’s appointment is seen as a strategic move to strengthen the party’s outreach
ed8e3934c6061d95_p014,ed8e3934c6061d95,EVT_00043,theprint,Neutral/Factual Background,,Neutral,1.0,N/A - No targets detected
fda519ceb89fc0e4_p001,fda519ceb89fc0e4,EVT_00043,news18,Neutral/Factual Background,,Neutral,1.0,N/A - No targets detected
fda519ceb89fc0e4_p002,fda519ceb89fc0e4,EVT_00043,news18,Attack/Defence,BJP,Negative,0.9,accused the government of bulldozing
fda519ceb89fc0e4_p002,fda519ceb89fc0e4,EVT_00043,news18,Attack/Defence,Nitish Kumar,Neutral,1.0,
fda519ceb89fc0e4_p003,fda519ceb89fc0e4,EVT_00043,news18,Neutral/Factual Background,,Neutral,1.0,N/A - No targets detected
fda519ceb89fc0e4_p004,fda519ceb89fc0e4,EVT_00043,news18,Neutral/Factual Background,,Neutral,1.0,N/A - No targets detected
fda519ceb89fc0e4_p005,fda519ceb89fc0e4,EVT_00043,news18,Governance,Nitish Kumar,Neutral,0.8,"'New Govt Will Have My Full Cooperation, Guidance': Nitish Kumar In His Farewell Post"
fda519ceb89fc0e4_p006,fda519ceb89fc0e4,EVT_00043,news18,Governance,Nitish Kumar,Negative,0.9,resigns as Bihar Chief Minister
fda519ceb89fc0e4_p006,fda519ceb89fc0e4,EVT_00043,news18,Governance,BJP,Negative,0.9,accused the government of bulldozing
fda519ceb89fc0e4_p007,fda519ceb89fc0e4,EVT_00043,news18,Neutral/Factual Background,,Neutral,1.0,N/A - No targets detected
fda519ceb89fc0e4_p008,fda519ceb89fc0e4,EVT_00043,news18,Neutral/Factual Background,,Neutral,1.0,N/A - No targets detected
fda519ceb89fc0e4_p009,fda519ceb89fc0e4,EVT_00043,news18,Neutral/Factual Background,,Neutral,1.0,N/A - No targets detected
fda519ceb89fc0e4_p010,fda519ceb89fc0e4,EVT_00043,news18,Neutral/Factual Background,,Neutral,1.0,N/A - No targets detected
fda519ceb89fc0e4_p011,fda519ceb89fc0e4,EVT_00043,news18,Neutral/Factual Background,,Neutral,1.0,N/A - No targets detected
fda519ceb89fc0e4_p012,fda519ceb89fc0e4,EVT_00043,news18,Neutral/Factual Background,,Neutral,1.0,N/A - No targets detected
fda519ceb89fc0e4_p013,fda519ceb89fc0e4,EVT_00043,news18,Communal Tension,Chaudhary,Neutral,0.7,Bhumihar upper-caste leader Vijay Chaudhary
fda519ceb89fc0e4_p013,fda519ceb89fc0e4,EVT_00043,news18,Communal Tension,Yadav,Neutral,0.7,Bhimar upper-caste leader Vijay Chaudhary and Yadav leader Bijendra Prasad Yadav
fda519ceb89fc0e4_p014,fda519ceb89fc0e4,EVT_00043,news18,Neutral/Factual Background,,Neutral,1.0,N/A - No targets detected
fda519ceb89fc0e4_p015,fda519ceb89fc0e4,EVT_00043,news18,Communal Tension,JD(U),Neutral,0.5,the real caste balance of power in Bihar still runs through JD(U)
fda519ceb89fc0e4_p015,fda519ceb89fc0e4,EVT_00043,news18,Communal Tension,BJP,Negative,0.9,"For the BJP, accepting these two deputies alongside its own CM means that the real caste balance of power"
fda519ceb89fc0e4_p015,fda519ceb89fc0e4,EVT_00043,news18,Communal Tension,Yadav,Neutral,0.5,the traditional Yadav-RJD ecosystem
fda519ceb89fc0e4_p016,fda519ceb89fc0e4,EVT_00043,news18,Neutral/Factual Background,,Neutral,1.0,N/A - No targets detected
fda519ceb89fc0e4_p017,fda519ceb89fc0e4,EVT_00043,news18,Neutral/Factual Background,,Neutral,1.0,N/A - No targets detected
fda519ceb89fc0e4_p018,fda519ceb89fc0e4,EVT_00043,news18,Neutral/Factual Background,,Neutral,1.0,N/A - No targets detected
fda519ceb89fc0e4_p019,fda519ceb89fc0e4,EVT_00043,news18,Neutral/Factual Background,,Neutral,1.0,N/A - No targets detected
fda519ceb89fc0e4_p020,fda519ceb89fc0e4,EVT_00043,news18,Neutral/Factual Background,,Neutral,1.0,N/A - No targets detected
0fc1c0c556ba1a0e_p001,0fc1c0c556ba1a0e,EVT_00045,theprint,Governance,MK Stalin,Negative,1.0,M. K. Stalin Wednesday announced a black flag protest against the Centre’s proposed delimitation exercise
0fc1c0c556ba1a0e_p001,0fc1c0c556ba1a0e,EVT_00045,theprint,Governance,DMK,Positive,1.0,Tamil Nadu Chief Minister and DMK president M. K. Stalin announced a black flag protest against the Centre’s proposed delimitation exercise
0fc1c0c556ba1a0e_p002,0fc1c0c556ba1a0e,EVT_00045,theprint,Neutral/Factual,BJP,Neutral,1.0,"AIADMK, which is contesting the upcoming 23 April state polls in alliance with the BJP"
0fc1c0c556ba1a0e_p003,0fc1c0c556ba1a0e,EVT_00045,theprint,Neutral/Factual Background,,Neutral,1.0,N/A - No targets detected
0fc1c0c556ba1a0e_p004,0fc1c0c556ba1a0e,EVT_00045,theprint,Governance,Vijay,Neutral,0.8,Tamilaga Vettri Kazhagam chief and actor Vijay
0fc1c0c556ba1a0e_p005,0fc1c0c556ba1a0e,EVT_00045,theprint,Neutral/Factual Background,,Neutral,1.0,N/A - No targets detected
0fc1c0c556ba1a0e_p006,0fc1c0c556ba1a0e,EVT_00045,theprint,Neutral/Factual Background,,Neutral,1.0,N/A - No targets detected
0fc1c0c556ba1a0e_p007,0fc1c0c556ba1a0e,EVT_00045,theprint,Neutral/Factual Background,,Neutral,1.0,N/A - No targets detected
0fc1c0c556ba1a0e_p008,0fc1c0c556ba1a0e,EVT_00045,theprint,Attack/Defence,BJP,Negative,0.9,"""the BJP is playing with fire"" by proceeding with a population-based exercise that would unfairly penalise southern states for successfully implementing family planning measures, reducing their relative parliamentary representation"
0fc1c0c556ba1a0e_p008,0fc1c0c556ba1a0e,EVT_00045,theprint,Attack/Defence,Vindhyas,Neutral,0.8,"""Every South Indian living south of the Vindhyas is seething with anger"""
0fc1c0c556ba1a0e_p009,0fc1c0c556ba1a0e,EVT_00045,theprint,Victimhood,MK Stalin,Negative,0.9,this is my stern warning
0fc1c0c556ba1a0e_p009,0fc1c0c556ba1a0e,EVT_00045,theprint,Victimhood,DMK,Positive,1.0,"As President of the DMK, and above all as a self-respecting Tamil"
0fc1c0c556ba1a0e_p010,0fc1c0c556ba1a0e,EVT_00045,theprint,Victimhood,MK Stalin,Positive,0.9,"Stalin discussed delimitation in detail, strategy for the black flag protest, and preparation for larger agitations"
0fc1c0c556ba1a0e_p011,0fc1c0c556ba1a0e,EVT_00045,theprint,Neutral/Factual Background,,Neutral,1.0,N/A - No targets detected
0fc1c0c556ba1a0e_p012,0fc1c0c556ba1a0e,EVT_00045,theprint,Neutral/Factual Background,,Neutral,1.0,N/A - No targets detected
0fc1c0c556ba1a0e_p013,0fc1c0c556ba1a0e,EVT_00045,theprint,Neutral/Factual Background,,Neutral,1.0,N/A - No targets detected
0fc1c0c556ba1a0e_p014,0fc1c0c556ba1a0e,EVT_00045,theprint,Neutral/Factual Background,,Neutral,1.0,N/A - No targets detected
0fc1c0c556ba1a0e_p015,0fc1c0c556ba1a0e,EVT_00045,theprint,Communal Tension,TN,Negative,0.9,"the demands of the people of southern states, particularly the voice of the people of Tamil Nadu"
0fc1c0c556ba1a0e_p015,0fc1c0c556ba1a0e,EVT_00045,theprint,Communal Tension,TVK,Negative,0.9,"TVK said the Bill was “discriminatory” and that if the Bill was passed, the demands of the people of southern states"
0fc1c0c556ba1a0e_p016,0fc1c0c556ba1a0e,EVT_00045,theprint,Neutral/Factual Background,,Neutral,1.0,N/A - No targets detected
0fc1c0c556ba1a0e_p017,0fc1c0c556ba1a0e,EVT_00045,theprint,Neutral/Factual Background,,Neutral,1.0,N/A - No targets detected
0fc1c0c556ba1a0e_p018,0fc1c0c556ba1a0e,EVT_00045,theprint,Neutral/Factual Background,,Neutral,1.0,N/A - No targets detected
0fc1c0c556ba1a0e_p019,0fc1c0c556ba1a0e,EVT_00045,theprint,Neutral/Factual Background,,Neutral,1.0,N/A - No targets detected
0fc1c0c556ba1a0e_p020,0fc1c0c556ba1a0e,EVT_00045,theprint,Neutral/Factual Background,,Neutral,1.0,N/A - No targets detected
0fc1c0c556ba1a0e_p021,0fc1c0c556ba1a0e,EVT_00045,theprint,Attack/Defence,MK Stalin,Neutral,0.9,"and Telangana CM, Karnataka CM, and other opposition CMs put a request to the Prime Minister and to the BJP government"
0fc1c0c556ba1a0e_p021,0fc1c0c556ba1a0e,EVT_00045,theprint,Attack/Defence,BJP,Negative,0.9,accused the government of bulldozing
0fc1c0c556ba1a0e_p022,0fc1c0c556ba1a0e,EVT_00045,theprint,Attack/Defence,MK Stalin,Negative,0.9,"“The mothers and sisters of Tamil Nadu want 33 per cent reservation to be implemented as soon as possible. TN CM is seeing defeat staring at him, and this is why he is making politics out of it,” he said."
0fc1c0c556ba1a0e_p023,0fc1c0c556ba1a0e,EVT_00045,theprint,Development,Revanth Reddy,Neutral,0.8,"Telangana’s Revanth Reddy and Karnataka’s Siddaramaiah, have also voiced strong opposition"
0fc1c0c556ba1a0e_p023,0fc1c0c556ba1a0e,EVT_00045,theprint,Development,Siddaramaiah,Neutral,0.8,Karnataka’s Siddaramaiah
0fc1c0c556ba1a0e_p024,0fc1c0c556ba1a0e,EVT_00045,theprint,Neutral/Factual Background,,Neutral,1.0,N/A - No targets detected
70a8fcca9b1be0e4_p001,70a8fcca9b1be0e4,EVT_00045,theprint,Neutral/Factual Background,,Neutral,1.0,N/A - No targets detected
70a8fcca9b1be0e4_p002,70a8fcca9b1be0e4,EVT_00045,theprint,Neutral/Factual Background,,Neutral,1.0,N/A - No targets detected
70a8fcca9b1be0e4_p003,70a8fcca9b1be0e4,EVT_00045,theprint,Governance,Lok Sabha,Neutral,0.5,operationalisation of the Nari Shakti Vandan Adhiniyam
70a8fcca9b1be0e4_p003,70a8fcca9b1be0e4,EVT_00045,theprint,Governance,Nari Shakti Vadan Adhiyiyan,Negative,0.9,"despite it being linked to the operationalisation of the Nari Shakti Vandan Adhiniyam, which seeks to reserve one-third of seats in the Lok Sabha and state legislative assemblies for women"
70a8fcca9b1be0e4_p004,70a8fcca9b1be0e4,EVT_00045,theprint,Procedural Fairness,Left,Neutral,0.8,did not mention any party by name
70a8fcca9b1be0e4_p004,70a8fcca9b1be0e4,EVT_00045,theprint,Procedural Fairness,RJD,Neutral,0.8,did not mention any party by name
70a8fcca9b1be0e4_p004,70a8fcca9b1be0e4,EVT_00045,theprint,Procedural Fairness,DMK,Neutral,0.8,did not mention any party by name
70a8fcca9b1be0e4_p004,70a8fcca9b1be0e4,EVT_00045,theprint,Procedural Fairness,Trinamool Congress,Negative,0.7,did not mention any party by name
70a8fcca9b1be0e4_p004,70a8fcca9b1be0e4,EVT_00045,theprint,Procedural Fairness,Samajwadi Party,Neutral,0.8,did not mention any party by name
70a8fcca9b1be0e4_p004,70a8fcca9b1be0e4,EVT_00045,theprint,Procedural Fairness,JMM,Negative,0.7,did not mention any party by name
70a8fcca9b1be0e4_p004,70a8fcca9b1be0e4,EVT_00045,theprint,Procedural Fairness,AAP,Neutral,0.8,did not mention any party by name
70a8fcca9b1be0e4_p005,70a8fcca9b1be0e4,EVT_00045,theprint,Neutral/Factual Background,,Neutral,1.0,N/A - No targets detected
70a8fcca9b1be0e4_p006,70a8fcca9b1be0e4,EVT_00045,theprint,Neutral/Factual Background,,Neutral,1.0,N/A - No targets detected
70a8fcca9b1be0e4_p007,70a8fcca9b1be0e4,EVT_00045,theprint,Neutral/Factual Background,,Neutral,1.0,N/A - No targets detected
70a8fcca9b1be0e4_p008,70a8fcca9b1be0e4,EVT_00045,theprint,Procedural Fairness,Lok Sabha,Neutral,1.0,"in the Lok Sabha, where it will be introduced first, in the presence of all 540 members"
70a8fcca9b1be0e4_p009,70a8fcca9b1be0e4,EVT_00045,theprint,Attack/Defence,Congress,Negative,0.8,"Just the top four Opposition parties (Congress, SP, TMC and DMK) having 185 MPs collectively can effectively derail it."
70a8fcca9b1be0e4_p009,70a8fcca9b1be0e4,EVT_00045,theprint,Attack/Defence,Trinamool Congress,Negative,0.9,"Just the top four Opposition parties (Congress, SP, TMC and DMK) having 185 MPs collectively can effectively derail it."
70a8fcca9b1be0e4_p009,70a8fcca9b1be0e4,EVT_00045,theprint,Attack/Defence,Samajwadi Party,Negative,0.9,"Just the top four Opposition parties (Congress, SP, TMC and DMK) having 185 MPs collectively can effectively derail it."
70a8fcca9b1be0e4_p010,70a8fcca9b1be0e4,EVT_00045,theprint,Neutral/Factual Background,,Neutral,1.0,N/A - No targets detected
70a8fcca9b1be0e4_p011,70a8fcca9b1be0e4,EVT_00045,theprint,Procedural Fairness,Lok Sabha,Neutral,0.8,where the Bill will be taken up only after it clears the Lok Sabha
70a8fcca9b1be0e4_p011,70a8fcca9b1be0e4,EVT_00045,theprint,Procedural Fairness,NDA,Positive,0.95,the numbers are relatively favourable to the ruling NDA
70a8fcca9b1be0e4_p012,70a8fcca9b1be0e4,EVT_00045,theprint,Neutral/Factual Background,,Neutral,1.0,N/A - No targets detected
70a8fcca9b1be0e4_p013,70a8fcca9b1be0e4,EVT_00045,theprint,Neutral/Factual Background,,Neutral,1.0,N/A - No targets detected
70a8fcca9b1be0e4_p014,70a8fcca9b1be0e4,EVT_00045,theprint,Attack/Defence,Yadav,Negative,0.9,Yadav called it a cover to push through delimitation
70a8fcca9b1be0e4_p014,70a8fcca9b1be0e4,EVT_00045,theprint,Attack/Defence,Samajwadi Party,Negative,0.9,"The Samajwadi Party, which is the second-largest Opposition party in the Lok Sabha, has also voiced its reservations against the Bill"
70a8fcca9b1be0e4_p015,70a8fcca9b1be0e4,EVT_00045,theprint,Attack/Defence,Lok Sabha,Negative,0.8,ranked third among the Opposition parties in terms of strength
70a8fcca9b1be0e4_p015,70a8fcca9b1be0e4,EVT_00045,theprint,Attack/Defence,'O'Brien',Neutral,0.95,Rajya Sabha MP Derek O’Brien wrote on X.
70a8fcca9b1be0e4_p015,70a8fcca9b1be0e4,EVT_00045,theprint,Attack/Defence,Trinamool Congress,Negative,0.85,"'This govt plots a cheap stunt to mock the Constitution, mock Parliament and mock the women of this great nation.'"
70a8fcca9b1be0e4_p016,70a8fcca9b1be0e4,EVT_00045,theprint,Neutral/Factual Background,,Neutral,1.0,N/A - No targets detected
3ca2a4ff3aaa399c_p001,3ca2a4ff3aaa399c,EVT_00045,the_hindu,Neutral/Factual Background,,Neutral,1.0,N/A - No targets detected
3ca2a4ff3aaa399c_p002,3ca2a4ff3aaa399c,EVT_00045,the_hindu,Neutral/Factual Background,,Neutral,1.0,N/A - No targets detected
3ca2a4ff3aaa399c_p003,3ca2a4ff3aaa399c,EVT_00045,the_hindu,Neutral/Factual Background,,Neutral,1.0,N/A - No targets detected
795ac3f60182634b_p001,795ac3f60182634b,EVT_00045,the_new_indian_express,Neutral/Factual Background,,Neutral,1.0,N/A - No targets detected
795ac3f60182634b_p002,795ac3f60182634b,EVT_00045,the_new_indian_express,Neutral/Factual Background,,Neutral,1.0,N/A - No targets detected
795ac3f60182634b_p003,795ac3f60182634b,EVT_00045,the_new_indian_express,Neutral/Factual Background,,Neutral,1.0,N/A - No targets detected
795ac3f60182634b_p004,795ac3f60182634b,EVT_00045,the_new_indian_express,Governance,Meghwal,Neutral,1.0,Union Law Minister Arjun Ram Meghwal said
795ac3f60182634b_p005,795ac3f60182634b,EVT_00045,the_new_indian_express,Neutral/Factual Background,,Neutral,1.0,N/A - No targets detected
795ac3f60182634b_p006,795ac3f60182634b,EVT_00045,the_new_indian_express,Neutral/Factual Background,,Neutral,1.0,N/A - No targets detected
795ac3f60182634b_p007,795ac3f60182634b,EVT_00045,the_new_indian_express,Neutral/Factual Background,,Neutral,1.0,N/A - No targets detected
795ac3f60182634b_p008,795ac3f60182634b,EVT_00045,the_new_indian_express,Neutral/Factual Background,,Neutral,1.0,N/A - No targets detected
795ac3f60182634b_p009,795ac3f60182634b,EVT_00045,the_new_indian_express,Neutral/Factual Background,,Neutral,1.0,N/A - No targets detected
795ac3f60182634b_p010,795ac3f60182634b,EVT_00045,the_new_indian_express,Neutral/Factual Background,,Neutral,1.0,N/A - No targets detected
795ac3f60182634b_p011,795ac3f60182634b,EVT_00045,the_new_indian_express,Neutral/Factual Background,,Neutral,1.0,N/A - No targets detected
795ac3f60182634b_p012,795ac3f60182634b,EVT_00045,the_new_indian_express,Neutral/Factual Background,,Neutral,1.0,N/A - No targets detected
795ac3f60182634b_p013,795ac3f60182634b,EVT_00045,the_new_indian_express,Neutral/Factual Background,,Neutral,1.0,N/A - No targets detected
795ac3f60182634b_p014,795ac3f60182634b,EVT_00045,the_new_indian_express,Procedural Fairness,Lok Sabha,Neutral,1.0,seats reserved for women in the Lok Sabha and state assemblies
795ac3f60182634b_p015,795ac3f60182634b,EVT_00045,the_new_indian_express,Neutral/Factual Background,,Neutral,1.0,N/A - No targets detected
7e2bb107629bb73c_p001,7e2bb107629bb73c,EVT_00045,the_hindu,Neutral/Factual Background,,Neutral,1.0,N/A - No targets detected
7e2bb107629bb73c_p002,7e2bb107629bb73c,EVT_00045,the_hindu,Neutral/Factual Background,,Neutral,1.0,N/A - No targets detected
7e2bb107629bb73c_p003,7e2bb107629bb73c,EVT_00045,the_hindu,Neutral/Factual Background,,Neutral,1.0,N/A - No targets detected
adff8304d8670d07_p001,adff8304d8670d07,EVT_00045,the_hindu,Neutral/Factual Background,,Neutral,1.0,N/A - No targets detected
adff8304d8670d07_p002,adff8304d8670d07,EVT_00045,the_hindu,Neutral/Factual Background,,Neutral,1.0,N/A - No targets detected
adff8304d8670d07_p003,adff8304d8670d07,EVT_00045,the_hindu,Neutral/Factual Background,,Neutral,1.0,N/A - No targets detected
ffdfada494eb4174_p001,ffdfada494eb4174,EVT_00045,the_hindu,Attack/Defence,TDP,Positive,0.9,described the Delimitation Bill as a ‘historic corrective’
ffdfada494eb4174_p001,ffdfada494eb4174,EVT_00045,the_hindu,Attack/Defence,Srinivasa Rao,Positive,0.9,dismissed apprehensions that the proposed exercise would disadvantage southern States
ffdfada494eb4174_p002,ffdfada494eb4174,EVT_00045,the_hindu,Neutral/Factual Background,,Neutral,1.0,N/A - No targets detected
ffdfada494eb4174_p003,ffdfada494eb4174,EVT_00045,the_hindu,Neutral/Factual Background,,Neutral,1.0,N/A - No targets detected
1d25f29aa7fbc84b_p001,1d25f29aa7fbc84b,EVT_00046,news18,Neutral/Factual Background,,Neutral,1.0,N/A - No targets detected
1d25f29aa7fbc84b_p002,1d25f29aa7fbc84b,EVT_00046,news18,Neutral/Factual Background,,Neutral,1.0,N/A - No targets detected
1d25f29aa7fbc84b_p003,1d25f29aa7fbc84b,EVT_00046,news18,Neutral/Factual Background,,Neutral,1.0,N/A - No targets detected
1d25f29aa7fbc84b_p004,1d25f29aa7fbc84b,EVT_00046,news18,Neutral/Factual Background,,Neutral,1.0,N/A - No targets detected
1d25f29aa7fbc84b_p005,1d25f29aa7fbc84b,EVT_00046,news18,Neutral/Factual Background,,Neutral,1.0,N/A - No targets detected
1d25f29aa7fbc84b_p006,1d25f29aa7fbc84b,EVT_00046,news18,Neutral/Factual Background,,Neutral,1.0,N/A - No targets detected
1d25f29aa7fbc84b_p007,1d25f29aa7fbc84b,EVT_00046,news18,Neutral/Factual Background,,Neutral,1.0,N/A - No targets detected
1d25f29aa7fbc84b_p008,1d25f29aa7fbc84b,EVT_00046,news18,Neutral/Factual Background,,Neutral,1.0,N/A - No targets detected
1d25f29aa7fbc84b_p009,1d25f29aa7fbc84b,EVT_00046,news18,Neutral/Factual Background,,Neutral,1.0,N/A - No targets detected
1d25f29aa7fbc84b_p010,1d25f29aa7fbc84b,EVT_00046,news18,Neutral/Factual Background,,Neutral,1.0,N/A - No targets detected
1d25f29aa7fbc84b_p011,1d25f29aa7fbc84b,EVT_00046,news18,Attack/Defence,Congress,Negative,0.9,The allegations of working against the official candidate and supporting a rival have led to strict disciplinary action.
1d25f29aa7fbc84b_p012,1d25f29aa7fbc84b,EVT_00046,news18,Attack/Defence,Jabbar,Neutral,1.0,Abdul Jabbar said he would first review the order before making any detailed response.
1d25f29aa7fbc84b_p012,1d25f29aa7fbc84b,EVT_00046,news18,Attack/Defence,Congress,Negative,0.8,"He said those who suspended him would have provided reasons, and he would examine them"
1d25f29aa7fbc84b_p013,1d25f29aa7fbc84b,EVT_00046,news18,Attack/Defence,Congress,Neutral,0.7,expressing confidence that the party would win.
1d25f29aa7fbc84b_p014,1d25f29aa7fbc84b,EVT_00046,news18,Neutral/Factual Background,,Neutral,1.0,N/A - No targets detected
5d189fbdbe97a770_p001,5d189fbdbe97a770,EVT_00046,hindustan_times,Neutral/Factual Background,,Neutral,1.0,N/A - No targets detected
5d189fbdbe97a770_p002,5d189fbdbe97a770,EVT_00046,hindustan_times,Neutral/Factual Background,,Neutral,1.0,N/A - No targets detected
5d189fbdbe97a770_p003,5d189fbdbe97a770,EVT_00046,hindustan_times,Neutral/Factual Background,,Neutral,1.0,N/A - No targets detected
5d189fbdbe97a770_p004,5d189fbdbe97a770,EVT_00046,hindustan_times,Governance,Congress,Negative,0.9,accused Jabbar of failing to back the official nominee during the campaign.
5d189fbdbe97a770_p004,5d189fbdbe97a770,EVT_00046,hindustan_times,Governance,Samsher Shamashankarappa,Neutral,1.0,
5d189fbdbe97a770_p005,5d189fbdbe97a770,EVT_00046,hindustan_times,Neutral/Factual Background,,Neutral,1.0,N/A - No targets detected
5d189fbdbe97a770_p006,5d189fbdbe97a770,EVT_00046,hindustan_times,Neutral/Factual Background,,Neutral,1.0,N/A - No targets detected
5d189fbdbe97a770_p007,5d189fbdbe97a770,EVT_00046,hindustan_times,Neutral/Factual Background,,Neutral,1.0,N/A - No targets detected
5d189fbdbe97a770_p008,5d189fbdbe97a770,EVT_00046,hindustan_times,Neutral/Factual,Congress,Neutral,0.8,
5d189fbdbe97a770_p009,5d189fbdbe97a770,EVT_00046,hindustan_times,Neutral/Factual Background,,Neutral,1.0,N/A - No targets detected
5d189fbdbe97a770_p010,5d189fbdbe97a770,EVT_00046,hindustan_times,Neutral/Factual Background,,Neutral,1.0,N/A - No targets detected
5d189fbdbe97a770_p011,5d189fbdbe97a770,EVT_00046,hindustan_times,Neutral/Factual Background,,Neutral,1.0,N/A - No targets detected
5d189fbdbe97a770_p012,5d189fbdbe97a770,EVT_00046,hindustan_times,Neutral/Factual Background,,Neutral,1.0,N/A - No targets detected
68cdfb4cbb128166_p001,68cdfb4cbb128166,EVT_00046,hindustan_times,Neutral/Factual Background,,Neutral,1.0,N/A - No targets detected
68cdfb4cbb128166_p002,68cdfb4cbb128166,EVT_00046,hindustan_times,Neutral/Factual Background,,Neutral,1.0,N/A - No targets detected
68cdfb4cbb128166_p003,68cdfb4cbb128166,EVT_00046,hindustan_times,Neutral/Factual Background,,Neutral,1.0,N/A - No targets detected
68cdfb4cbb128166_p004,68cdfb4cbb128166,EVT_00046,hindustan_times,Neutral/Factual Background,,Neutral,1.0,N/A - No targets detected
68cdfb4cbb128166_p005,68cdfb4cbb128166,EVT_00046,hindustan_times,Neutral/Factual Background,,Neutral,1.0,N/A - No targets detected
68cdfb4cbb128166_p006,68cdfb4cbb128166,EVT_00046,hindustan_times,Neutral/Factual Background,,Neutral,1.0,N/A - No targets detected
68cdfb4cbb128166_p007,68cdfb4cbb128166,EVT_00046,hindustan_times,Neutral/Factual Background,,Neutral,1.0,N/A - No targets detected
68cdfb4cbb128166_p008,68cdfb4cbb128166,EVT_00046,hindustan_times,Neutral/Factual Background,,Neutral,1.0,N/A - No targets detected
68cdfb4cbb128166_p009,68cdfb4cbb128166,EVT_00046,hindustan_times,Neutral/Factual Background,,Neutral,1.0,N/A - No targets detected
68cdfb4cbb128166_p010,68cdfb4cbb128166,EVT_00046,hindustan_times,Neutral/Factual Background,,Neutral,1.0,N/A - No targets detected
68cdfb4cbb128166_p011,68cdfb4cbb128166,EVT_00046,hindustan_times,Neutral/Factual Background,,Neutral,1.0,N/A - No targets detected
68cdfb4cbb128166_p012,68cdfb4cbb128166,EVT_00046,hindustan_times,Neutral/Factual Background,,Neutral,1.0,N/A - No targets detected
68cdfb4cbb128166_p013,68cdfb4cbb128166,EVT_00046,hindustan_times,Neutral/Factual Background,,Neutral,1.0,N/A - No targets detected
68cdfb4cbb128166_p014,68cdfb4cbb128166,EVT_00046,hindustan_times,Neutral/Factual Background,,Neutral,1.0,N/A - No targets detected
68cdfb4cbb128166_p015,68cdfb4cbb128166,EVT_00046,hindustan_times,Neutral/Factual Background,,Neutral,1.0,N/A - No targets detected
418d0e4274fa3db9_p001,418d0e4274fa3db9,EVT_00045,firstpost,Neutral/Factual Background,,Neutral,1.0,N/A - No targets detected
418d0e4274fa3db9_p002,418d0e4274fa3db9,EVT_00045,firstpost,Neutral/Factual Background,,Neutral,1.0,N/A - No targets detected
418d0e4274fa3db9_p003,418d0e4274fa3db9,EVT_00045,firstpost,Neutral/Factual Background,,Neutral,1.0,N/A - No targets detected
418d0e4274fa3db9_p004,418d0e4274fa3db9,EVT_00045,firstpost,Neutral/Factual Background,,Neutral,1.0,N/A - No targets detected
418d0e4274fa3db9_p005,418d0e4274fa3db9,EVT_00045,firstpost,Neutral/Factual Background,,Neutral,1.0,N/A - No targets detected
418d0e4274fa3db9_p006,418d0e4274fa3db9,EVT_00045,firstpost,Neutral/Factual Background,,Neutral,1.0,N/A - No targets detected
418d0e4274fa3db9_p007,418d0e4274fa3db9,EVT_00045,firstpost,Neutral/Factual Background,,Neutral,1.0,N/A - No targets detected
418d0e4274fa3db9_p008,418d0e4274fa3db9,EVT_00045,firstpost,Neutral/Factual Background,,Neutral,1.0,N/A - No targets detected
418d0e4274fa3db9_p009,418d0e4274fa3db9,EVT_00045,firstpost,Neutral/Factual Background,,Neutral,1.0,N/A - No targets detected
418d0e4274fa3db9_p010,418d0e4274fa3db9,EVT_00045,firstpost,Neutral/Factual Background,,Neutral,1.0,N/A - No targets detected
418d0e4274fa3db9_p011,418d0e4274fa3db9,EVT_00045,firstpost,Neutral/Factual Background,,Neutral,1.0,N/A - No targets detected
418d0e4274fa3db9_p012,418d0e4274fa3db9,EVT_00045,firstpost,Neutral/Factual Background,,Neutral,1.0,N/A - No targets detected
418d0e4274fa3db9_p013,418d0e4274fa3db9,EVT_00045,firstpost,Neutral/Factual Background,,Neutral,1.0,N/A - No targets detected
418d0e4274fa3db9_p014,418d0e4274fa3db9,EVT_00045,firstpost,Neutral/Factual Background,,Neutral,1.0,N/A - No targets detected
418d0e4274fa3db9_p015,418d0e4274fa3db9,EVT_00045,firstpost,Neutral/Factual Background,,Neutral,1.0,N/A - No targets detected
418d0e4274fa3db9_p016,418d0e4274fa3db9,EVT_00045,firstpost,Neutral/Factual Background,,Neutral,1.0,N/A - No targets detected
418d0e4274fa3db9_p017,418d0e4274fa3db9,EVT_00045,firstpost,Neutral/Factual Background,,Neutral,1.0,N/A - No targets detected
418d0e4274fa3db9_p018,418d0e4274fa3db9,EVT_00045,firstpost,Neutral/Factual Background,,Neutral,1.0,N/A - No targets detected
418d0e4274fa3db9_p019,418d0e4274fa3db9,EVT_00045,firstpost,Neutral/Factual Background,,Neutral,1.0,N/A - No targets detected
418d0e4274fa3db9_p020,418d0e4274fa3db9,EVT_00045,firstpost,Neutral/Factual Background,,Neutral,1.0,N/A - No targets detected
418d0e4274fa3db9_p021,418d0e4274fa3db9,EVT_00045,firstpost,Neutral/Factual Background,,Neutral,1.0,N/A - No targets detected
418d0e4274fa3db9_p022,418d0e4274fa3db9,EVT_00045,firstpost,Neutral/Factual Background,,Neutral,1.0,N/A - No targets detected
418d0e4274fa3db9_p023,418d0e4274fa3db9,EVT_00045,firstpost,Neutral/Factual Background,,Neutral,1.0,N/A - No targets detected
418d0e4274fa3db9_p024,418d0e4274fa3db9,EVT_00045,firstpost,Neutral/Factual Background,,Neutral,1.0,N/A - No targets detected
418d0e4274fa3db9_p025,418d0e4274fa3db9,EVT_00045,firstpost,Neutral/Factual Background,,Neutral,1.0,N/A - No targets detected
418d0e4274fa3db9_p026,418d0e4274fa3db9,EVT_00045,firstpost,Neutral/Factual Background,,Neutral,1.0,N/A - No targets detected
418d0e4274fa3db9_p027,418d0e4274fa3db9,EVT_00045,firstpost,Neutral/Factual Background,,Neutral,1.0,N/A - No targets detected
418d0e4274fa3db9_p028,418d0e4274fa3db9,EVT_00045,firstpost,Neutral/Factual Background,,Neutral,1.0,N/A - No targets detected
418d0e4274fa3db9_p029,418d0e4274fa3db9,EVT_00045,firstpost,Neutral/Factual Background,,Neutral,1.0,N/A - No targets detected
418d0e4274fa3db9_p030,418d0e4274fa3db9,EVT_00045,firstpost,Neutral/Factual Background,,Neutral,1.0,N/A - No targets detected
6325e202019df937_p001,6325e202019df937,EVT_00055,firstpost,Neutral/Factual Background,,Neutral,1.0,N/A - No targets detected
6325e202019df937_p002,6325e202019df937,EVT_00055,firstpost,Neutral/Factual Background,,Neutral,1.0,N/A - No targets detected
6325e202019df937_p003,6325e202019df937,EVT_00055,firstpost,Neutral/Factual Background,,Neutral,1.0,N/A - No targets detected
6325e202019df937_p004,6325e202019df937,EVT_00055,firstpost,Neutral/Factual Background,,Neutral,1.0,N/A - No targets detected
6325e202019df937_p005,6325e202019df937,EVT_00055,firstpost,Neutral/Factual Background,,Neutral,1.0,N/A - No targets detected
6325e202019df937_p006,6325e202019df937,EVT_00055,firstpost,Neutral/Factual Background,,Neutral,1.0,N/A - No targets detected
6325e202019df937_p007,6325e202019df937,EVT_00055,firstpost,Neutral/Factual Background,,Neutral,1.0,N/A - No targets detected
6325e202019df937_p008,6325e202019df937,EVT_00055,firstpost,Neutral/Factual Background,,Neutral,1.0,N/A - No targets detected
6325e202019df937_p009,6325e202019df937,EVT_00055,firstpost,Neutral/Factual Background,,Neutral,1.0,N/A - No targets detected
6325e202019df937_p010,6325e202019df937,EVT_00055,firstpost,Neutral/Factual Background,,Neutral,1.0,N/A - No targets detected
6325e202019df937_p011,6325e202019df937,EVT_00055,firstpost,Neutral/Factual Background,,Neutral,1.0,N/A - No targets detected
6325e202019df937_p012,6325e202019df937,EVT_00055,firstpost,Neutral/Factual Background,,Neutral,1.0,N/A - No targets detected
6325e202019df937_p013,6325e202019df937,EVT_00055,firstpost,Neutral/Factual Background,,Neutral,1.0,N/A - No targets detected
6325e202019df937_p014,6325e202019df937,EVT_00055,firstpost,Neutral/Factual Background,,Neutral,1.0,N/A - No targets detected
6325e202019df937_p015,6325e202019df937,EVT_00055,firstpost,Neutral/Factual Background,,Neutral,1.0,N/A - No targets detected
6325e202019df937_p016,6325e202019df937,EVT_00055,firstpost,Neutral/Factual Background,,Neutral,1.0,N/A - No targets detected
6325e202019df937_p017,6325e202019df937,EVT_00055,firstpost,Neutral/Factual Background,,Neutral,1.0,N/A - No targets detected
6325e202019df937_p018,6325e202019df937,EVT_00055,firstpost,Neutral/Factual Background,,Neutral,1.0,N/A - No targets detected
6325e202019df937_p019,6325e202019df937,EVT_00055,firstpost,Neutral/Factual Background,,Neutral,1.0,N/A - No targets detected
6325e202019df937_p020,6325e202019df937,EVT_00055,firstpost,Neutral/Factual Background,,Neutral,1.0,N/A - No targets detected
6325e202019df937_p021,6325e202019df937,EVT_00055,firstpost,Neutral/Factual Background,,Neutral,1.0,N/A - No targets detected
6325e202019df937_p022,6325e202019df937,EVT_00055,firstpost,Neutral/Factual Background,,Neutral,1.0,N/A - No targets detected
d7165df58588b578_p001,d7165df58588b578,EVT_00055,firstpost,Neutral/Factual Background,,Neutral,1.0,N/A - No targets detected
d7165df58588b578_p002,d7165df58588b578,EVT_00055,firstpost,Neutral/Factual Background,,Neutral,1.0,N/A - No targets detected
d7165df58588b578_p003,d7165df58588b578,EVT_00055,firstpost,Neutral/Factual Background,,Neutral,1.0,N/A - No targets detected
d7165df58588b578_p004,d7165df58588b578,EVT_00055,firstpost,Neutral/Factual Background,,Neutral,1.0,N/A - No targets detected
d7165df58588b578_p005,d7165df58588b578,EVT_00055,firstpost,Neutral/Factual Background,,Neutral,1.0,N/A - No targets detected
d7165df58588b578_p006,d7165df58588b578,EVT_00055,firstpost,Neutral/Factual Background,,Neutral,1.0,N/A - No targets detected
d7165df58588b578_p007,d7165df58588b578,EVT_00055,firstpost,Neutral/Factual Background,,Neutral,1.0,N/A - No targets detected
d7165df58588b578_p008,d7165df58588b578,EVT_00055,firstpost,Neutral/Factual Background,,Neutral,1.0,N/A - No targets detected
d7165df58588b578_p009,d7165df58588b578,EVT_00055,firstpost,Neutral/Factual Background,,Neutral,1.0,N/A - No targets detected
d7165df58588b578_p010,d7165df58588b578,EVT_00055,firstpost,Neutral/Factual Background,,Neutral,1.0,N/A - No targets detected
d7165df58588b578_p011,d7165df58588b578,EVT_00055,firstpost,Neutral/Factual Background,,Neutral,1.0,N/A - No targets detected
d7165df58588b578_p012,d7165df58588b578,EVT_00055,firstpost,Neutral/Factual Background,,Neutral,1.0,N/A - No targets detected
d7165df58588b578_p013,d7165df58588b578,EVT_00055,firstpost,Neutral/Factual Background,,Neutral,1.0,N/A - No targets detected
d7165df58588b578_p014,d7165df58588b578,EVT_00055,firstpost,Neutral/Factual Background,,Neutral,1.0,N/A - No targets detected
15287ed7946ed7f4_p001,15287ed7946ed7f4,EVT_00055,india_today,Neutral/Factual Background,,Neutral,1.0,N/A - No targets detected
15287ed7946ed7f4_p002,15287ed7946ed7f4,EVT_00055,india_today,Neutral/Factual Background,,Neutral,1.0,N/A - No targets detected
15287ed7946ed7f4_p003,15287ed7946ed7f4,EVT_00055,india_today,Neutral/Factual Background,,Neutral,1.0,N/A - No targets detected
15287ed7946ed7f4_p004,15287ed7946ed7f4,EVT_00055,india_today,Neutral/Factual Background,,Neutral,1.0,N/A - No targets detected
15287ed7946ed7f4_p005,15287ed7946ed7f4,EVT_00055,india_today,Neutral/Factual Background,,Neutral,1.0,N/A - No targets detected
15287ed7946ed7f4_p006,15287ed7946ed7f4,EVT_00055,india_today,Neutral/Factual Background,,Neutral,1.0,N/A - No targets detected
15287ed7946ed7f4_p007,15287ed7946ed7f4,EVT_00055,india_today,Neutral/Factual Background,,Neutral,1.0,N/A - No targets detected
15287ed7946ed7f4_p008,15287ed7946ed7f4,EVT_00055,india_today,Neutral/Factual Background,,Neutral,1.0,N/A - No targets detected
15287ed7946ed7f4_p009,15287ed7946ed7f4,EVT_00055,india_today,Neutral/Factual Background,,Neutral,1.0,N/A - No targets detected
15287ed7946ed7f4_p010,15287ed7946ed7f4,EVT_00055,india_today,Neutral/Factual Background,,Neutral,1.0,N/A - No targets detected
15287ed7946ed7f4_p011,15287ed7946ed7f4,EVT_00055,india_today,Neutral/Factual Background,,Neutral,1.0,N/A - No targets detected
15287ed7946ed7f4_p012,15287ed7946ed7f4,EVT_00055,india_today,Neutral/Factual Background,,Neutral,1.0,N/A - No targets detected
15287ed7946ed7f4_p013,15287ed7946ed7f4,EVT_00055,india_today,Neutral/Factual Background,,Neutral,1.0,N/A - No targets detected
15287ed7946ed7f4_p014,15287ed7946ed7f4,EVT_00055,india_today,Neutral/Factual Background,,Neutral,1.0,N/A - No targets detected
15287ed7946ed7f4_p015,15287ed7946ed7f4,EVT_00055,india_today,Neutral/Factual Background,,Neutral,1.0,N/A - No targets detected
15287ed7946ed7f4_p016,15287ed7946ed7f4,EVT_00055,india_today,Neutral/Factual Background,,Neutral,1.0,N/A - No targets detected
15287ed7946ed7f4_p017,15287ed7946ed7f4,EVT_00055,india_today,Neutral/Factual Background,,Neutral,1.0,N/A - No targets detected
15287ed7946ed7f4_p018,15287ed7946ed7f4,EVT_00055,india_today,Neutral/Factual Background,,Neutral,1.0,N/A - No targets detected
5a606cfb5e5491d0_p001,5a606cfb5e5491d0,EVT_00055,hindustan_times,Neutral/Factual Background,,Neutral,1.0,N/A - No targets detected
5a606cfb5e5491d0_p002,5a606cfb5e5491d0,EVT_00055,hindustan_times,Neutral/Factual Background,,Neutral,1.0,N/A - No targets detected
5a606cfb5e5491d0_p003,5a606cfb5e5491d0,EVT_00055,hindustan_times,Neutral/Factual Background,,Neutral,1.0,N/A - No targets detected
5a606cfb5e5491d0_p004,5a606cfb5e5491d0,EVT_00055,hindustan_times,Neutral/Factual Background,,Neutral,1.0,N/A - No targets detected
5a606cfb5e5491d0_p005,5a606cfb5e5491d0,EVT_00055,hindustan_times,Neutral/Factual Background,,Neutral,1.0,N/A - No targets detected
5a606cfb5e5491d0_p006,5a606cfb5e5491d0,EVT_00055,hindustan_times,Neutral/Factual Background,,Neutral,1.0,N/A - No targets detected
5a606cfb5e5491d0_p007,5a606cfb5e5491d0,EVT_00055,hindustan_times,Neutral/Factual Background,,Neutral,1.0,N/A - No targets detected
5a606cfb5e5491d0_p008,5a606cfb5e5491d0,EVT_00055,hindustan_times,Neutral/Factual Background,,Neutral,1.0,N/A - No targets detected
5a606cfb5e5491d0_p009,5a606cfb5e5491d0,EVT_00055,hindustan_times,Neutral/Factual Background,,Neutral,1.0,N/A - No targets detected
5a606cfb5e5491d0_p010,5a606cfb5e5491d0,EVT_00055,hindustan_times,Neutral/Factual Background,,Neutral,1.0,N/A - No targets detected
c30c017e7e757c99_p001,c30c017e7e757c99,EVT_00055,india_today,Neutral/Factual Background,,Neutral,1.0,N/A - No targets detected
c30c017e7e757c99_p002,c30c017e7e757c99,EVT_00055,india_today,Neutral/Factual Background,,Neutral,1.0,N/A - No targets detected
c30c017e7e757c99_p003,c30c017e7e757c99,EVT_00055,india_today,Neutral/Factual Background,,Neutral,1.0,N/A - No targets detected
c30c017e7e757c99_p004,c30c017e7e757c99,EVT_00055,india_today,Neutral/Factual Background,,Neutral,1.0,N/A - No targets detected
c30c017e7e757c99_p005,c30c017e7e757c99,EVT_00055,india_today,Neutral/Factual Background,,Neutral,1.0,N/A - No targets detected
c30c017e7e757c99_p006,c30c017e7e757c99,EVT_00055,india_today,Neutral/Factual Background,,Neutral,1.0,N/A - No targets detected
c30c017e7e757c99_p007,c30c017e7e757c99,EVT_00055,india_today,Neutral/Factual Background,,Neutral,1.0,N/A - No targets detected
c30c017e7e757c99_p008,c30c017e7e757c99,EVT_00055,india_today,Neutral/Factual Background,,Neutral,1.0,N/A - No targets detected
c30c017e7e757c99_p009,c30c017e7e757c99,EVT_00055,india_today,Neutral/Factual Background,,Neutral,1.0,N/A - No targets detected
c30c017e7e757c99_p010,c30c017e7e757c99,EVT_00055,india_today,Neutral/Factual Background,,Neutral,1.0,N/A - No targets detected
c30c017e7e757c99_p011,c30c017e7e757c99,EVT_00055,india_today,Neutral/Factual Background,,Neutral,1.0,N/A - No targets detected
c30c017e7e757c99_p012,c30c017e7e757c99,EVT_00055,india_today,Neutral/Factual Background,,Neutral,1.0,N/A - No targets detected
c30c017e7e757c99_p013,c30c017e7e757c99,EVT_00055,india_today,Neutral/Factual Background,,Neutral,1.0,N/A - No targets detected
c30c017e7e757c99_p014,c30c017e7e757c99,EVT_00055,india_today,Neutral/Factual Background,,Neutral,1.0,N/A - No targets detected
c30c017e7e757c99_p015,c30c017e7e757c99,EVT_00055,india_today,Neutral/Factual Background,,Neutral,1.0,N/A - No targets detected
c30c017e7e757c99_p016,c30c017e7e757c99,EVT_00055,india_today,Neutral/Factual Background,,Neutral,1.0,N/A - No targets detected
c30c017e7e757c99_p017,c30c017e7e757c99,EVT_00055,india_today,Neutral/Factual Background,,Neutral,1.0,N/A - No targets detected
f4cb9f11fa29d790_p001,f4cb9f11fa29d790,EVT_00060,deccan_herald,Neutral/Factual Background,,Neutral,1.0,N/A - No targets detected
f4cb9f11fa29d790_p002,f4cb9f11fa29d790,EVT_00060,deccan_herald,Attack/Defence,Chidambaram,Negative,0.9,claimed that the voice of southern states will be “suppressed and stifled” while demanding that the bill be “opposed unanimously and defeated”.
f4cb9f11fa29d790_p003,f4cb9f11fa29d790,EVT_00060,deccan_herald,Neutral/Factual Background,,Neutral,1.0,N/A - No targets detected
f4cb9f11fa29d790_p004,f4cb9f11fa29d790,EVT_00060,deccan_herald,Neutral/Factual Background,,Neutral,1.0,N/A - No targets detected
60fbfc3511927142_p001,60fbfc3511927142,EVT_00060,hindustan_times,Neutral/Factual Background,,Neutral,1.0,N/A - No targets detected
60fbfc3511927142_p002,60fbfc3511927142,EVT_00060,hindustan_times,Neutral/Factual Background,,Neutral,1.0,N/A - No targets detected
60fbfc3511927142_p003,60fbfc3511927142,EVT_00060,hindustan_times,Attack/Defence,Lok Sabha,Negative,0.9,Legislative proposals to expand the strength of the Lok Sabha
60fbfc3511927142_p003,60fbfc3511927142,EVT_00060,hindustan_times,Attack/Defence,Gandhi,Negative,1.0,called the bills “anti-national” a day ahead of Parliament’s special sitting.
60fbfc3511927142_p004,60fbfc3511927142,EVT_00060,hindustan_times,Neutral/Factual Background,,Neutral,1.0,N/A - No targets detected
60fbfc3511927142_p005,60fbfc3511927142,EVT_00060,hindustan_times,Neutral/Factual Background,,Neutral,1.0,N/A - No targets detected
60fbfc3511927142_p006,60fbfc3511927142,EVT_00060,hindustan_times,Neutral/Factual Background,,Neutral,1.0,N/A - No targets detected
60fbfc3511927142_p007,60fbfc3511927142,EVT_00060,hindustan_times,Neutral/Factual Background,,Neutral,1.0,N/A - No targets detected
60fbfc3511927142_p008,60fbfc3511927142,EVT_00060,hindustan_times,Neutral/Factual Background,,Neutral,1.0,N/A - No targets detected
60fbfc3511927142_p009,60fbfc3511927142,EVT_00060,hindustan_times,Neutral/Factual Background,,Neutral,1.0,N/A - No targets detected
60fbfc3511927142_p010,60fbfc3511927142,EVT_00060,hindustan_times,Procedural Fairness,Lok Sabha,Neutral,0.8,The constitution amendment bill must be passed in each House by a majority of the total membership of that chamber
60fbfc3511927142_p010,60fbfc3511927142,EVT_00060,hindustan_times,Procedural Fairness,Govt,Negative,0.95,the government says the increase will be proportional – a word not mentioned in the version of the bill circulated to lawmakers on Tuesday.
60fbfc3511927142_p011,60fbfc3511927142,EVT_00060,hindustan_times,Neutral/Factual Background,,Neutral,1.0,N/A - No targets detected
60fbfc3511927142_p012,60fbfc3511927142,EVT_00060,hindustan_times,Neutral/Factual Background,,Neutral,1.0,N/A - No targets detected
60fbfc3511927142_p013,60fbfc3511927142,EVT_00060,hindustan_times,Attack/Defence,Trinamool Congress,Negative,0.8,"which has 28 Lok Sabha MPs, told the Opposition that it could spare only 10 lawmakers for voting in the Lok Sabha as others were busy with the West Bengal poll campaign."
60fbfc3511927142_p014,60fbfc3511927142,EVT_00060,hindustan_times,Neutral/Factual Background,,Neutral,1.0,N/A - No targets detected
60fbfc3511927142_p015,60fbfc3511927142,EVT_00060,hindustan_times,Neutral/Factual Background,,Neutral,1.0,N/A - No targets detected
60fbfc3511927142_p016,60fbfc3511927142,EVT_00060,hindustan_times,Attack/Defence,PM Modi,Negative,0.9,But you are worried about the Epstein files. 35 lakh files are locked in the US and the keys are with Trump ji. And you are scared.
60fbfc3511927142_p017,60fbfc3511927142,EVT_00060,hindustan_times,Neutral/Factual Background,,Neutral,1.0,N/A - No targets detected
60fbfc3511927142_p018,60fbfc3511927142,EVT_00060,hindustan_times,Neutral/Factual Background,,Neutral,1.0,N/A - No targets detected
60fbfc3511927142_p019,60fbfc3511927142,EVT_00060,hindustan_times,Neutral/Factual Background,,Neutral,1.0,N/A - No targets detected
60fbfc3511927142_p020,60fbfc3511927142,EVT_00060,hindustan_times,Neutral/Factual Background,,Neutral,1.0,N/A - No targets detected
60fbfc3511927142_p021,60fbfc3511927142,EVT_00060,hindustan_times,Nationalism,MK Stalin,Positive,0.9,"""Let the black flag fly tomorrow in the homes, streets, and shops of Tamil Nadu! Let it stand as our symbols of resistance at the doorsteps! This is not the struggle of an individual movement; it is the struggle of Tamil Nadu!"""
60fbfc3511927142_p022,60fbfc3511927142,EVT_00060,hindustan_times,Neutral/Factual Background,,Neutral,1.0,N/A - No targets detected
60fbfc3511927142_p023,60fbfc3511927142,EVT_00060,hindustan_times,Neutral/Factual Background,,Neutral,1.0,N/A - No targets detected
60fbfc3511927142_p024,60fbfc3511927142,EVT_00060,hindustan_times,Neutral/Factual Background,,Neutral,1.0,N/A - No targets detected
714faae515f69bb3_p001,714faae515f69bb3,EVT_00060,hindustan_times,Neutral/Factual Background,,Neutral,1.0,N/A - No targets detected
714faae515f69bb3_p002,714faae515f69bb3,EVT_00060,hindustan_times,Attack/Defence,Lok Sabha,Negative,0.8,"proposes an expansion of the Lok Sabha from 545 to 850 seats, has met a wall of resistance from a unified Opposition."
714faae515f69bb3_p002,714faae515f69bb3,EVT_00060,hindustan_times,Attack/Defence,Delimitation bill,Negative,0.8,"proposes an expansion of the Lok Sabha from 545 to 850 seats, has met a wall of resistance from a unified Opposition."
714faae515f69bb3_p003,714faae515f69bb3,EVT_00060,hindustan_times,Neutral/Factual Background,,Neutral,1.0,N/A - No targets detected
714faae515f69bb3_p004,714faae515f69bb3,EVT_00060,hindustan_times,Neutral/Factual Background,,Neutral,1.0,N/A - No targets detected
714faae515f69bb3_p005,714faae515f69bb3,EVT_00060,hindustan_times,Neutral/Factual Background,,Neutral,1.0,N/A - No targets detected
714faae515f69bb3_p006,714faae515f69bb3,EVT_00060,hindustan_times,Neutral/Factual Background,,Neutral,1.0,N/A - No targets detected
714faae515f69bb3_p007,714faae515f69bb3,EVT_00060,hindustan_times,Neutral/Factual Background,,Neutral,1.0,N/A - No targets detected
714faae515f69bb3_p008,714faae515f69bb3,EVT_00060,hindustan_times,Neutral/Factual Background,,Neutral,1.0,N/A - No targets detected
714faae515f69bb3_p009,714faae515f69bb3,EVT_00060,hindustan_times,Neutral/Factual Background,,Neutral,1.0,N/A - No targets detected
714faae515f69bb3_p010,714faae515f69bb3,EVT_00060,hindustan_times,Neutral/Factual Background,,Neutral,1.0,N/A - No targets detected
714faae515f69bb3_p011,714faae515f69bb3,EVT_00060,hindustan_times,Neutral/Factual Background,,Neutral,1.0,N/A - No targets detected
714faae515f69bb3_p012,714faae515f69bb3,EVT_00060,hindustan_times,Neutral/Factual Background,,Neutral,1.0,N/A - No targets detected
714faae515f69bb3_p013,714faae515f69bb3,EVT_00060,hindustan_times,Procedural Fairness,Lok Sabha,Neutral,1.0,the bill will be taken up after clearing the Lok Sabha
714faae515f69bb3_p013,714faae515f69bb3,EVT_00060,hindustan_times,Procedural Fairness,NDA,Negative,0.95,ruling NDA is in a relatively stronger position but still short of the required two-thirds majority.
714faae515f69bb3_p014,714faae515f69bb3,EVT_00060,hindustan_times,Attack/Defence,NDA,Neutral,1.0,The NDA’s strength is 141.
714faae515f69bb3_p015,714faae515f69bb3,EVT_00060,hindustan_times,Neutral/Factual Background,,Neutral,1.0,N/A - No targets detected
714faae515f69bb3_p016,714faae515f69bb3,EVT_00060,hindustan_times,Neutral/Factual Background,,Neutral,1.0,N/A - No targets detected
714faae515f69bb3_p017,714faae515f69bb3,EVT_00060,hindustan_times,Neutral/Factual Background,,Neutral,1.0,N/A - No targets detected
714faae515f69bb3_p018,714faae515f69bb3,EVT_00060,hindustan_times,Neutral/Factual Background,,Neutral,1.0,N/A - No targets detected
714faae515f69bb3_p019,714faae515f69bb3,EVT_00060,hindustan_times,Attack/Defence,Delimitation bill,Negative,0.9,"""politically motivated"" link to delimitation"
714faae515f69bb3_p019,714faae515f69bb3,EVT_00060,hindustan_times,Attack/Defence,Kharge,Neutral,0.5,
714faae515f69bb3_p020,714faae515f69bb3,EVT_00060,hindustan_times,Neutral/Factual Background,,Neutral,1.0,N/A - No targets detected
714faae515f69bb3_p021,714faae515f69bb3,EVT_00060,hindustan_times,Attack/Defence,Yadav,Negative,0.9,Congress leader Rahul Gandhi and Samajwadi Party’s Akhilesh Yadav have both termed this a 'conspiracy'.
714faae515f69bb3_p021,714faae515f69bb3,EVT_00060,hindustan_times,Attack/Defence,Gandhi,Negative,0.9,Congress leader Rahul Gandhi and Samajwadi Party’s Akhilesh Yadav have both termed this a 'conspiracy'.
714faae515f69bb3_p022,714faae515f69bb3,EVT_00060,hindustan_times,Neutral/Factual Background,,Neutral,1.0,N/A - No targets detected
714faae515f69bb3_p023,714faae515f69bb3,EVT_00060,hindustan_times,Neutral/Factual Background,,Neutral,1.0,N/A - No targets detected
714faae515f69bb3_p024,714faae515f69bb3,EVT_00060,hindustan_times,Neutral/Factual Background,,Neutral,1.0,N/A - No targets detected
714faae515f69bb3_p025,714faae515f69bb3,EVT_00060,hindustan_times,Neutral/Factual Background,,Neutral,1.0,N/A - No targets detected
714faae515f69bb3_p026,714faae515f69bb3,EVT_00060,hindustan_times,Procedural Fairness,NDA,Neutral,0.8,
714faae515f69bb3_p026,714faae515f69bb3,EVT_00060,hindustan_times,Procedural Fairness,delimitation bill,Positive,0.9,"the government has defended the bill, maintaining that it is a historic step towards women’s empowerment."
714faae515f69bb3_p026,714faae515f69bb3,EVT_00060,hindustan_times,Procedural Fairness,support,Neutral,0.8,
714faae515f69bb3_p026,714faae515f69bb3,EVT_00060,hindustan_times,Procedural Fairness,Rajeev Chandrakhundri,Negative,0.75,accused the government of bulldozing
714faae515f69bb3_p026,714faae515f69bb3,EVT_00060,hindustan_times,Procedural Fairness,reservation for women,Positive,1.0,there was wide agreement in principle on women’s reservation and seemed confident that the required support would be secured.
714faae515f69bb3_p027,714faae515f69bb3,EVT_00060,hindustan_times,Neutral/Factual Background,,Neutral,1.0,N/A - No targets detected
714faae515f69bb3_p028,714faae515f69bb3,EVT_00060,hindustan_times,Neutral/Factual Background,,Neutral,1.0,N/A - No targets detected
714faae515f69bb3_p029,714faae515f69bb3,EVT_00060,hindustan_times,Neutral/Factual Background,,Neutral,1.0,N/A - No targets detected
714faae515f69bb3_p030,714faae515f69bb3,EVT_00060,hindustan_times,Neutral/Factual Background,,Neutral,1.0,N/A - No targets detected
714faae515f69bb3_p031,714faae515f69bb3,EVT_00060,hindustan_times,Neutral/Factual Background,,Neutral,1.0,N/A - No targets detected
714faae515f69bb3_p032,714faae515f69bb3,EVT_00060,hindustan_times,Neutral/Factual Background,,Neutral,1.0,N/A - No targets detected
714faae515f69bb3_p033,714faae515f69bb3,EVT_00060,hindustan_times,Neutral/Factual Background,,Neutral,1.0,N/A - No targets detected
714faae515f69bb3_p034,714faae515f69bb3,EVT_00060,hindustan_times,Neutral/Factual Background,,Neutral,1.0,N/A - No targets detected
714faae515f69bb3_p035,714faae515f69bb3,EVT_00060,hindustan_times,Neutral/Factual Background,,Neutral,1.0,N/A - No targets detected
714faae515f69bb3_p036,714faae515f69bb3,EVT_00060,hindustan_times,Neutral/Factual Background,,Neutral,1.0,N/A - No targets detected
9ae0e353b9f731f1_p001,9ae0e353b9f731f1,EVT_00060,news18,Neutral/Factual Background,,Neutral,1.0,N/A - No targets detected
9ae0e353b9f731f1_p002,9ae0e353b9f731f1,EVT_00060,news18,Neutral/Factual Background,,Neutral,1.0,N/A - No targets detected
9ae0e353b9f731f1_p003,9ae0e353b9f731f1,EVT_00060,news18,Neutral/Factual Background,,Neutral,1.0,N/A - No targets detected
9ae0e353b9f731f1_p004,9ae0e353b9f731f1,EVT_00060,news18,Governance,BR,Negative,0.8,"High-growth states in the north, such as Uttar Pradesh and Bihar, are projected to see substantial increases in their tallies"
9ae0e353b9f731f1_p004,9ae0e353b9f731f1,EVT_00060,news18,Governance,TN,Neutral,0.5,"Tamil Nadu and Kerala, which successfully implemented population control measures, face a relative decline in their share of the House."
9ae0e353b9f731f1_p004,9ae0e353b9f731f1,EVT_00060,news18,Governance,UP,Negative,0.9,"High-growth states in the north, such as Uttar Pradesh and Bihar"
9ae0e353b9f731f1_p004,9ae0e353b9f731f1,EVT_00060,news18,Governance,KA,Neutral,0.5,"Kerala, which successfully implemented population control measures"
9ae0e353b9f731f1_p005,9ae0e353b9f731f1,EVT_00060,news18,Neutral/Factual Background,,Neutral,1.0,N/A - No targets detected
9ae0e353b9f731f1_p006,9ae0e353b9f731f1,EVT_00060,news18,Neutral/Factual Background,,Neutral,1.0,N/A - No targets detected
9ae0e353b9f731f1_p007,9ae0e353b9f731f1,EVT_00060,news18,Neutral/Factual Background,,Neutral,1.0,N/A - No targets detected
9ae0e353b9f731f1_p008,9ae0e353b9f731f1,EVT_00060,news18,Neutral/Factual Background,,Neutral,1.0,N/A - No targets detected
9ae0e353b9f731f1_p009,9ae0e353b9f731f1,EVT_00060,news18,Neutral/Factual Background,,Neutral,1.0,N/A - No targets detected
9ae0e353b9f731f1_p010,9ae0e353b9f731f1,EVT_00060,news18,Neutral/Factual Background,,Neutral,1.0,N/A - No targets detected
aa7427ed919fa400_p001,aa7427ed919fa400,EVT_00060,news18,Neutral/Factual Background,,Neutral,1.0,N/A - No targets detected
aa7427ed919fa400_p002,aa7427ed919fa400,EVT_00060,news18,Neutral/Factual Background,,Neutral,1.0,N/A - No targets detected
aa7427ed919fa400_p003,aa7427ed919fa400,EVT_00060,news18,Governance,Delimitation,Neutral,0.8,The passage does not explicitly mention 'Delimitation' nor Amit Shah's stance on it.
aa7427ed919fa400_p003,aa7427ed919fa400,EVT_00060,news18,Governance,Amit Shah,Positive,0.75,"Shah emphasised that the proposed framework is designed as a ""no-loss"" model, ensuring no region faces a reduction in political representation."
aa7427ed919fa400_p004,aa7427ed919fa400,EVT_00060,news18,Neutral/Factual Background,,Neutral,1.0,N/A - No targets detected
aa7427ed919fa400_p005,aa7427ed919fa400,EVT_00060,news18,Neutral/Factual Background,,Neutral,1.0,N/A - No targets detected
aa7427ed919fa400_p006,aa7427ed919fa400,EVT_00060,news18,Neutral/Factual Background,,Neutral,1.0,N/A - No targets detected
aa7427ed919fa400_p007,aa7427ed919fa400,EVT_00060,news18,Neutral/Factual Background,,Neutral,1.0,N/A - No targets detected
aa7427ed919fa400_p008,aa7427ed919fa400,EVT_00060,news18,Neutral/Factual Background,,Neutral,1.0,N/A - No targets detected
aa7427ed919fa400_p009,aa7427ed919fa400,EVT_00060,news18,Parse Error,Heartland,Neutral,0.0,LLM Parse Error
aa7427ed919fa400_p009,aa7427ed919fa400,EVT_00060,news18,Parse Error,Delimitation,Neutral,0.0,LLM Parse Error
aa7427ed919fa400_p009,aa7427ed919fa400,EVT_00060,news18,Parse Error,Amit Shah,Neutral,0.0,LLM Parse Error
aa7427ed919fa400_p010,aa7427ed919fa400,EVT_00060,news18,Neutral/Factual Background,,Neutral,1.0,N/A - No targets detected
fe0d612d0169dfc1_p001,fe0d612d0169dfc1,EVT_00062,firstpost,Neutral/Factual Background,,Neutral,1.0,N/A - No targets detected
fe0d612d0169dfc1_p002,fe0d612d0169dfc1,EVT_00062,firstpost,Neutral/Factual Background,,Neutral,1.0,N/A - No targets detected
fe0d612d0169dfc1_p003,fe0d612d0169dfc1,EVT_00062,firstpost,Neutral/Factual Background,,Neutral,1.0,N/A - No targets detected
fe0d612d0169dfc1_p004,fe0d612d0169dfc1,EVT_00062,firstpost,Neutral/Factual Background,,Neutral,1.0,N/A - No targets detected
fe0d612d0169dfc1_p005,fe0d612d0169dfc1,EVT_00062,firstpost,Neutral/Factual Background,,Neutral,1.0,N/A - No targets detected
fe0d612d0169dfc1_p006,fe0d612d0169dfc1,EVT_00062,firstpost,Neutral/Factual Background,,Neutral,1.0,N/A - No targets detected
fe0d612d0169dfc1_p007,fe0d612d0169dfc1,EVT_00062,firstpost,Neutral/Factual Background,,Neutral,1.0,N/A - No targets detected
fe0d612d0169dfc1_p008,fe0d612d0169dfc1,EVT_00062,firstpost,Neutral/Factual Background,,Neutral,1.0,N/A - No targets detected
fe0d612d0169dfc1_p009,fe0d612d0169dfc1,EVT_00062,firstpost,Neutral/Factual Background,,Neutral,1.0,N/A - No targets detected
fe0d612d0169dfc1_p010,fe0d612d0169dfc1,EVT_00062,firstpost,Neutral/Factual Background,,Neutral,1.0,N/A - No targets detected
fe0d612d0169dfc1_p011,fe0d612d0169dfc1,EVT_00062,firstpost,Neutral/Factual Background,,Neutral,1.0,N/A - No targets detected
fe0d612d0169dfc1_p012,fe0d612d0169dfc1,EVT_00062,firstpost,Neutral/Factual Background,,Neutral,1.0,N/A - No targets detected
fe0d612d0169dfc1_p013,fe0d612d0169dfc1,EVT_00062,firstpost,Neutral/Factual Background,,Neutral,1.0,N/A - No targets detected
fe0d612d0169dfc1_p014,fe0d612d0169dfc1,EVT_00062,firstpost,Neutral/Factual Background,,Neutral,1.0,N/A - No targets detected
fe0d612d0169dfc1_p015,fe0d612d0169dfc1,EVT_00062,firstpost,Neutral/Factual Background,,Neutral,1.0,N/A - No targets detected
fe0d612d0169dfc1_p016,fe0d612d0169dfc1,EVT_00062,firstpost,Neutral/Factual Background,,Neutral,1.0,N/A - No targets detected
fe0d612d0169dfc1_p017,fe0d612d0169dfc1,EVT_00062,firstpost,Neutral/Factual Background,,Neutral,1.0,N/A - No targets detected
fe0d612d0169dfc1_p018,fe0d612d0169dfc1,EVT_00062,firstpost,Neutral/Factual Background,,Neutral,1.0,N/A - No targets detected
fe0d612d0169dfc1_p019,fe0d612d0169dfc1,EVT_00062,firstpost,Neutral/Factual Background,,Neutral,1.0,N/A - No targets detected
46510ab70edbf818_p001,46510ab70edbf818,EVT_00062,the_times_of_india,Neutral/Factual Background,,Neutral,1.0,N/A - No targets detected
46510ab70edbf818_p002,46510ab70edbf818,EVT_00062,the_times_of_india,Neutral/Factual,S Jaishankar,Neutral,1.0,The minister gave vent to India's concerns related to merchant shipping disruptions in Strait of Hormuz
46510ab70edbf818_p003,46510ab70edbf818,EVT_00062,the_times_of_india,Neutral/Factual Background,,Neutral,1.0,N/A - No targets detected
46510ab70edbf818_p004,46510ab70edbf818,EVT_00062,the_times_of_india,Neutral/Factual Background,,Neutral,1.0,N/A - No targets detected
46510ab70edbf818_p005,46510ab70edbf818,EVT_00062,the_times_of_india,Neutral/Factual Background,,Neutral,1.0,N/A - No targets detected
997917a009e175a8_p001,997917a009e175a8,EVT_00062,hindustan_times,Neutral/Factual Background,,Neutral,1.0,N/A - No targets detected
997917a009e175a8_p002,997917a009e175a8,EVT_00062,hindustan_times,Neutral/Factual Background,,Neutral,1.0,N/A - No targets detected
997917a009e175a8_p003,997917a009e175a8,EVT_00062,hindustan_times,Neutral/Factual Background,,Neutral,1.0,N/A - No targets detected
997917a009e175a8_p004,997917a009e175a8,EVT_00062,hindustan_times,Neutral/Factual Background,,Neutral,1.0,N/A - No targets detected
997917a009e175a8_p005,997917a009e175a8,EVT_00062,hindustan_times,Neutral/Factual Background,,Neutral,1.0,N/A - No targets detected
997917a009e175a8_p006,997917a009e175a8,EVT_00062,hindustan_times,Neutral/Factual Background,,Neutral,1.0,N/A - No targets detected
997917a009e175a8_p007,997917a009e175a8,EVT_00062,hindustan_times,Neutral/Factual Background,,Neutral,1.0,N/A - No targets detected
997917a009e175a8_p008,997917a009e175a8,EVT_00062,hindustan_times,Neutral/Factual Background,,Neutral,1.0,N/A - No targets detected
997917a009e175a8_p009,997917a009e175a8,EVT_00062,hindustan_times,Neutral/Factual Background,,Neutral,1.0,N/A - No targets detected
997917a009e175a8_p010,997917a009e175a8,EVT_00062,hindustan_times,Neutral/Factual Background,,Neutral,1.0,N/A - No targets detected
997917a009e175a8_p011,997917a009e175a8,EVT_00062,hindustan_times,Neutral/Factual Background,,Neutral,1.0,N/A - No targets detected
997917a009e175a8_p012,997917a009e175a8,EVT_00062,hindustan_times,Neutral/Factual Background,,Neutral,1.0,N/A - No targets detected
997917a009e175a8_p013,997917a009e175a8,EVT_00062,hindustan_times,Neutral/Factual Background,,Neutral,1.0,N/A - No targets detected
997917a009e175a8_p014,997917a009e175a8,EVT_00062,hindustan_times,Neutral/Factual Background,,Neutral,1.0,N/A - No targets detected
06be4ffdd05a777c_p001,06be4ffdd05a777c,EVT_00064,indian_express,Neutral/Factual Background,,Neutral,1.0,N/A - No targets detected
06be4ffdd05a777c_p002,06be4ffdd05a777c,EVT_00064,indian_express,Neutral/Factual Background,,Neutral,1.0,N/A - No targets detected
06be4ffdd05a777c_p003,06be4ffdd05a777c,EVT_00064,indian_express,Neutral/Factual Background,,Neutral,1.0,N/A - No targets detected
06be4ffdd05a777c_p004,06be4ffdd05a777c,EVT_00064,indian_express,Attack/Defence,BJP,Negative,0.9,"If by passing these Bills, the BJP wanted to influence women voters, it would get only three days of canvassing in Tamil Nadu and a little over a week in Bengal."
06be4ffdd05a777c_p005,06be4ffdd05a777c,EVT_00064,indian_express,Neutral/Factual Background,,Neutral,1.0,N/A - No targets detected
06be4ffdd05a777c_p006,06be4ffdd05a777c,EVT_00064,indian_express,Neutral/Factual Background,,Neutral,1.0,N/A - No targets detected
06be4ffdd05a777c_p007,06be4ffdd05a777c,EVT_00064,indian_express,Attack/Defence,BJP,Negative,0.9,This indicated that the opposition to the Narendra Modi government’s move may have a ground level resonance in the South.
06be4ffdd05a777c_p008,06be4ffdd05a777c,EVT_00064,indian_express,Neutral/Factual Background,,Neutral,1.0,N/A - No targets detected
06be4ffdd05a777c_p009,06be4ffdd05a777c,EVT_00064,indian_express,Neutral/Factual Background,,Neutral,1.0,N/A - No targets detected
06be4ffdd05a777c_p010,06be4ffdd05a777c,EVT_00064,indian_express,Attack/Defence,BJP,Negative,0.9,Every vote counts and women are an important segment of Mamata’s support base.
06be4ffdd05a777c_p010,06be4ffdd05a777c,EVT_00064,indian_express,Attack/Defence,Mamata Banerjee,Neutral,0.7,every vote counts and women are an important segment of Mamata’s support base.
06be4ffdd05a777c_p011,06be4ffdd05a777c,EVT_00064,indian_express,Neutral/Factual Background,,Neutral,1.0,N/A - No targets detected
06be4ffdd05a777c_p012,06be4ffdd05a777c,EVT_00064,indian_express,Attack/Defence,BJP,Negative,0.9,"suspects that the government has advanced the implementation of the women’s quota legislation, passed in September 2023, only as a “ploy”. It believes"
06be4ffdd05a777c_p013,06be4ffdd05a777c,EVT_00064,indian_express,Neutral/Factual Background,,Neutral,1.0,N/A - No targets detected
06be4ffdd05a777c_p014,06be4ffdd05a777c,EVT_00064,indian_express,Governance,Mamata Banerjee,Neutral,0.9,"For those who have tracked the trajectory of the Women’s Reservation Bill, know that it could not be passed for three decades"
06be4ffdd05a777c_p015,06be4ffdd05a777c,EVT_00064,indian_express,Neutral/Factual,Mamata Banerjee,Neutral,1.0,
06be4ffdd05a777c_p016,06be4ffdd05a777c,EVT_00064,indian_express,Neutral/Factual Background,,Neutral,1.0,N/A - No targets detected
06be4ffdd05a777c_p017,06be4ffdd05a777c,EVT_00064,indian_express,Neutral/Factual Background,,Neutral,1.0,N/A - No targets detected
06be4ffdd05a777c_p018,06be4ffdd05a777c,EVT_00064,indian_express,Neutral/Factual Background,,Neutral,1.0,N/A - No targets detected
06be4ffdd05a777c_p019,06be4ffdd05a777c,EVT_00064,indian_express,Neutral/Factual Background,,Neutral,1.0,N/A - No targets detected
06be4ffdd05a777c_p020,06be4ffdd05a777c,EVT_00064,indian_express,Neutral/Factual Background,,Neutral,1.0,N/A - No targets detected
06be4ffdd05a777c_p021,06be4ffdd05a777c,EVT_00064,indian_express,Neutral/Factual Background,,Neutral,1.0,N/A - No targets detected
06be4ffdd05a777c_p022,06be4ffdd05a777c,EVT_00064,indian_express,Neutral/Factual Background,,Neutral,1.0,N/A - No targets detected
06be4ffdd05a777c_p023,06be4ffdd05a777c,EVT_00064,indian_express,Neutral/Factual Background,,Neutral,1.0,N/A - No targets detected
06be4ffdd05a777c_p024,06be4ffdd05a777c,EVT_00064,indian_express,Neutral/Factual Background,,Neutral,1.0,N/A - No targets detected
06be4ffdd05a777c_p025,06be4ffdd05a777c,EVT_00064,indian_express,Neutral/Factual Background,,Neutral,1.0,N/A - No targets detected
06be4ffdd05a777c_p026,06be4ffdd05a777c,EVT_00064,indian_express,Neutral/Factual Background,,Neutral,1.0,N/A - No targets detected
06be4ffdd05a777c_p027,06be4ffdd05a777c,EVT_00064,indian_express,Neutral/Factual Background,,Neutral,1.0,N/A - No targets detected
77f94c465dbddb5a_p001,77f94c465dbddb5a,EVT_00064,hindustan_times,Neutral/Factual Background,,Neutral,1.0,N/A - No targets detected
77f94c465dbddb5a_p002,77f94c465dbddb5a,EVT_00064,hindustan_times,Neutral/Factual Background,,Neutral,1.0,N/A - No targets detected
77f94c465dbddb5a_p003,77f94c465dbddb5a,EVT_00064,hindustan_times,Attack/Defence,MK Stalin,Neutral,0.8,"In Tamil Nadu, chief minister MK Stalin was seen burning copies of the delimitation bill."
77f94c465dbddb5a_p004,77f94c465dbddb5a,EVT_00064,hindustan_times,Attack/Defence,DMK,Negative,0.9,"This faced strong resistance from major Opposition parties, including the Dravida Munnetra Kazhagam (DMK)"
77f94c465dbddb5a_p004,77f94c465dbddb5a,EVT_00064,hindustan_times,Attack/Defence,Congress,Negative,0.9,"This faced strong resistance from major Opposition parties, including the Congress"
77f94c465dbddb5a_p004,77f94c465dbddb5a,EVT_00064,hindustan_times,Attack/Defence,Trinamool Congress,Negative,0.9,"This faced strong resistance from major Opposition parties, including the Trinamool Congress (TMC)"
77f94c465dbddb5a_p004,77f94c465dbddb5a,EVT_00064,hindustan_times,Attack/Defence,Samajwadi Party,Negative,0.9,"This faced strong resistance from major Opposition parties, including the Samajwadi Party (SP), Trinamool Congress (TMC), and Dravida Munnetra Kazhagam (DMK)"
77f94c465dbddb5a_p005,77f94c465dbddb5a,EVT_00064,hindustan_times,Neutral/Factual Background,,Neutral,1.0,N/A - No targets detected
77f94c465dbddb5a_p006,77f94c465dbddb5a,EVT_00064,hindustan_times,Neutral/Factual Background,,Neutral,1.0,N/A - No targets detected
77f94c465dbddb5a_p007,77f94c465dbddb5a,EVT_00064,hindustan_times,Neutral/Factual Background,,Neutral,1.0,N/A - No targets detected
77f94c465dbddb5a_p008,77f94c465dbddb5a,EVT_00064,hindustan_times,Neutral/Factual Background,,Neutral,1.0,N/A - No targets detected
77f94c465dbddb5a_p009,77f94c465dbddb5a,EVT_00064,hindustan_times,Neutral/Factual Background,,Neutral,1.0,N/A - No targets detected
77f94c465dbddb5a_p010,77f94c465dbddb5a,EVT_00064,hindustan_times,Attack/Defence,Venugopal,Negative,0.9,Senior leader KC Venugopal called it a “fundamental attack on Indian federal structure”
77f94c465dbddb5a_p010,77f94c465dbddb5a,EVT_00064,hindustan_times,Attack/Defence,Congress,Neutral,0.5,
77f94c465dbddb5a_p011,77f94c465dbddb5a,EVT_00064,hindustan_times,Neutral/Factual Background,,Neutral,1.0,N/A - No targets detected
77f94c465dbddb5a_p012,77f94c465dbddb5a,EVT_00064,hindustan_times,Neutral/Factual Background,,Neutral,1.0,N/A - No targets detected
77f94c465dbddb5a_p013,77f94c465dbddb5a,EVT_00064,hindustan_times,Neutral/Factual Background,,Neutral,1.0,N/A - No targets detected
77f94c465dbddb5a_p014,77f94c465dbddb5a,EVT_00064,hindustan_times,Neutral/Factual Background,,Neutral,1.0,N/A - No targets detected
77f94c465dbddb5a_p015,77f94c465dbddb5a,EVT_00064,hindustan_times,Neutral/Factual Background,,Neutral,1.0,N/A - No targets detected
77f94c465dbddb5a_p016,77f94c465dbddb5a,EVT_00064,hindustan_times,Neutral/Factual Background,,Neutral,1.0,N/A - No targets detected
77f94c465dbddb5a_p017,77f94c465dbddb5a,EVT_00064,hindustan_times,Neutral/Factual Background,,Neutral,1.0,N/A - No targets detected
77f94c465dbddb5a_p018,77f94c465dbddb5a,EVT_00064,hindustan_times,Communal Tension,BJP,Negative,0.9,May the arrogance of the fascist BJP collapse
77f94c465dbddb5a_p019,77f94c465dbddb5a,EVT_00064,hindustan_times,Neutral/Factual Background,,Neutral,1.0,N/A - No targets detected
77f94c465dbddb5a_p020,77f94c465dbddb5a,EVT_00064,hindustan_times,Attack/Defence,Delimitation provisions in the bill,Negative,0.9,We are against the delimitation provisions in the bill.
77f94c465dbddb5a_p020,77f94c465dbddb5a,EVT_00064,hindustan_times,Attack/Defence,Mallikarjug Kharge,Neutral,0.5,
77f94c465dbddb5a_p020,77f94c465dbddb5a,EVT_00064,hindustan_times,Attack/Defence,Congress,Negative,0.9,We have decided to oppose this bill but we are not against women’s reservation. We are against the delimitation provisions in the bill.
77f94c465dbddb5a_p020,77f94c465dbddb5a,EVT_00064,hindustan_times,Attack/Defence,Women's reservation,Neutral,0.5,
77f94c465dbddb5a_p021,77f94c465dbddb5a,EVT_00064,hindustan_times,Neutral/Factual Background,,Neutral,1.0,N/A - No targets detected
77f94c465dbddb5a_p022,77f94c465dbddb5a,EVT_00064,hindustan_times,Neutral/Factual Background,,Neutral,1.0,N/A - No targets detected
77f94c465dbddb5a_p023,77f94c465dbddb5a,EVT_00064,hindustan_times,Neutral/Factual Background,,Neutral,1.0,N/A - No targets detected
77f94c465dbddb5a_p024,77f94c465dbddb5a,EVT_00064,hindustan_times,Neutral/Factual Background,,Neutral,1.0,N/A - No targets detected
77f94c465dbddb5a_p025,77f94c465dbddb5a,EVT_00064,hindustan_times,Neutral/Factual Background,,Neutral,1.0,N/A - No targets detected
77f94c465dbddb5a_p026,77f94c465dbddb5a,EVT_00064,hindustan_times,Neutral/Factual Background,,Neutral,1.0,N/A - No targets detected
77f94c465dbddb5a_p027,77f94c465dbddb5a,EVT_00064,hindustan_times,Neutral/Factual Background,,Neutral,1.0,N/A - No targets detected
77f94c465dbddb5a_p028,77f94c465dbddb5a,EVT_00064,hindustan_times,Neutral/Factual Background,,Neutral,1.0,N/A - No targets detected
77f94c465dbddb5a_p029,77f94c465dbddb5a,EVT_00064,hindustan_times,Neutral/Factual Background,,Neutral,1.0,N/A - No targets detected
77f94c465dbddb5a_p030,77f94c465dbddb5a,EVT_00064,hindustan_times,Neutral/Factual Background,,Neutral,1.0,N/A - No targets detected
77f94c465dbddb5a_p031,77f94c465dbddb5a,EVT_00064,hindustan_times,Neutral/Factual Background,,Neutral,1.0,N/A - No targets detected
77f94c465dbddb5a_p032,77f94c465dbddb5a,EVT_00064,hindustan_times,Neutral/Factual Background,,Neutral,1.0,N/A - No targets detected
77f1c8cf3c0f63b4_p001,77f1c8cf3c0f63b4,EVT_00064,news18,Neutral/Factual Background,,Neutral,1.0,N/A - No targets detected
77f1c8cf3c0f63b4_p002,77f1c8cf3c0f63b4,EVT_00064,news18,Neutral/Factual Background,,Neutral,1.0,N/A - No targets detected
77f1c8cf3c0f63b4_p003,77f1c8cf3c0f63b4,EVT_00064,news18,Neutral/Factual Background,,Neutral,1.0,N/A - No targets detected
77f1c8cf3c0f63b4_p004,77f1c8cf3c0f63b4,EVT_00064,news18,Neutral/Factual Background,,Neutral,1.0,N/A - No targets detected
77f1c8cf3c0f63b4_p005,77f1c8cf3c0f63b4,EVT_00064,news18,Neutral/Factual Background,,Neutral,1.0,N/A - No targets detected
77f1c8cf3c0f63b4_p006,77f1c8cf3c0f63b4,EVT_00064,news18,Neutral/Factual Background,,Neutral,1.0,N/A - No targets detected
77f1c8cf3c0f63b4_p007,77f1c8cf3c0f63b4,EVT_00064,news18,Neutral/Factual Background,,Neutral,1.0,N/A - No targets detected
77f1c8cf3c0f63b4_p008,77f1c8cf3c0f63b4,EVT_00064,news18,Neutral/Factual Background,,Neutral,1.0,N/A - No targets detected
77f1c8cf3c0f63b4_p009,77f1c8cf3c0f63b4,EVT_00064,news18,Neutral/Factual Background,,Neutral,1.0,N/A - No targets detected
77f1c8cf3c0f63b4_p010,77f1c8cf3c0f63b4,EVT_00064,news18,Neutral/Factual Background,,Neutral,1.0,N/A - No targets detected
77f1c8cf3c0f63b4_p011,77f1c8cf3c0f63b4,EVT_00064,news18,Neutral/Factual Background,,Neutral,1.0,N/A - No targets detected
77f1c8cf3c0f63b4_p012,77f1c8cf3c0f63b4,EVT_00064,news18,Governance,government,Negative,0.9,brought in by the government so that the women quota could be implemented in 2029.
77f1c8cf3c0f63b4_p013,77f1c8cf3c0f63b4,EVT_00064,news18,Neutral/Factual Background,,Neutral,1.0,N/A - No targets detected
77f1c8cf3c0f63b4_p014,77f1c8cf3c0f63b4,EVT_00064,news18,Neutral/Factual Background,,Neutral,1.0,N/A - No targets detected
77f1c8cf3c0f63b4_p015,77f1c8cf3c0f63b4,EVT_00064,news18,Neutral/Factual Background,,Neutral,1.0,N/A - No targets detected
0d8449891529e10d_p001,0d8449891529e10d,EVT_00065,india_today,Neutral/Factual Background,,Neutral,1.0,N/A - No targets detected
0d8449891529e10d_p002,0d8449891529e10d,EVT_00065,india_today,Neutral/Factual Background,,Neutral,1.0,N/A - No targets detected
0d8449891529e10d_p003,0d8449891529e10d,EVT_00065,india_today,Neutral/Factual Background,,Neutral,1.0,N/A - No targets detected
0d8449891529e10d_p004,0d8449891529e10d,EVT_00065,india_today,Governance,PM Modi,Positive,0.8,mixed conviction with provocation
0d8449891529e10d_p005,0d8449891529e10d,EVT_00065,india_today,Neutral/Factual Background,,Neutral,1.0,N/A - No targets detected
0d8449891529e10d_p006,0d8449891529e10d,EVT_00065,india_today,Welfare,Congress,Neutral,0.5,
0d8449891529e10d_p006,0d8449891529e10d,EVT_00065,india_today,Welfare,PM Modi,Positive,1.0,PM Modi is well aware of this.
0d8449891529e10d_p007,0d8449891529e10d,EVT_00065,india_today,Neutral/Factual Background,,Neutral,1.0,N/A - No targets detected
0d8449891529e10d_p008,0d8449891529e10d,EVT_00065,india_today,Governance,PM Modi,Negative,0.8,The Prime Minister stressed that the legislation was already 30 years too late.
0d8449891529e10d_p009,0d8449891529e10d,EVT_00065,india_today,Neutral/Factual Background,,Neutral,1.0,N/A - No targets detected
0d8449891529e10d_p010,0d8449891529e10d,EVT_00065,india_today,Neutral/Factual Background,,Neutral,1.0,N/A - No targets detected
0d8449891529e10d_p011,0d8449891529e10d,EVT_00065,india_today,Neutral/Factual Background,,Neutral,1.0,N/A - No targets detected
0d8449891529e10d_p012,0d8449891529e10d,EVT_00065,india_today,Neutral/Factual Background,,Neutral,1.0,N/A - No targets detected
0d8449891529e10d_p013,0d8449891529e10d,EVT_00065,india_today,Neutral/Factual Background,,Neutral,1.0,N/A - No targets detected
0d8449891529e10d_p014,0d8449891529e10d,EVT_00065,india_today,Neutral/Factual Background,,Neutral,1.0,N/A - No targets detected
0d8449891529e10d_p015,0d8449891529e10d,EVT_00065,india_today,Neutral/Factual Background,,Neutral,1.0,N/A - No targets detected
0d8449891529e10d_p016,0d8449891529e10d,EVT_00065,india_today,Neutral/Factual Background,,Neutral,1.0,N/A - No targets detected
0d8449891529e10d_p017,0d8449891529e10d,EVT_00065,india_today,Neutral/Factual Background,,Neutral,1.0,N/A - No targets detected
0d8449891529e10d_p018,0d8449891529e10d,EVT_00065,india_today,Neutral/Factual Background,,Neutral,1.0,N/A - No targets detected
0d8449891529e10d_p019,0d8449891529e10d,EVT_00065,india_today,Neutral/Factual Background,,Neutral,1.0,N/A - No targets detected
0d8449891529e10d_p020,0d8449891529e10d,EVT_00065,india_today,Neutral/Factual Background,,Neutral,1.0,N/A - No targets detected
0d8449891529e10d_p021,0d8449891529e10d,EVT_00065,india_today,Procedural Fairness,PM Modi,Neutral,0.8,"However, PM Modi argued that using the 2011 Census as a baseline was a mathematical necessity to implement it before 2029."
0d8449891529e10d_p022,0d8449891529e10d,EVT_00065,india_today,Neutral/Factual Background,,Neutral,1.0,N/A - No targets detected
0d8449891529e10d_p023,0d8449891529e10d,EVT_00065,india_today,Procedural Fairness,Congress,Neutral,0.8,
0d8449891529e10d_p023,0d8449891529e10d,EVT_00065,india_today,Procedural Fairness,PM Modi,Positive,0.95,"He also asserted that he was willing to offer a ""guarantee"""
0d8449891529e10d_p024,0d8449891529e10d,EVT_00065,india_today,Neutral/Factual Background,,Neutral,1.0,N/A - No targets detected
0d8449891529e10d_p025,0d8449891529e10d,EVT_00065,india_today,Attack/Defence,PM Modi,Negative,0.9,raised the stakes for the opposition
2128a0043c15e573_p001,2128a0043c15e573,EVT_00065,news18,Neutral/Factual Background,,Neutral,1.0,N/A - No targets detected
2128a0043c15e573_p002,2128a0043c15e573,EVT_00065,news18,Governance,PM Modi,Negative,0.9,"Addressing the Lok Sabha, the PM said"
2128a0043c15e573_p003,2128a0043c15e573,EVT_00065,news18,Neutral/Factual Background,,Neutral,1.0,N/A - No targets detected
2128a0043c15e573_p004,2128a0043c15e573,EVT_00065,news18,Neutral/Factual Background,,Neutral,1.0,N/A - No targets detected
2128a0043c15e573_p005,2128a0043c15e573,EVT_00065,news18,Neutral/Factual Background,,Neutral,1.0,N/A - No targets detected
2128a0043c15e573_p006,2128a0043c15e573,EVT_00065,news18,Neutral/Factual Background,,Neutral,1.0,N/A - No targets detected
2128a0043c15e573_p007,2128a0043c15e573,EVT_00065,news18,Neutral/Factual Background,,Neutral,1.0,N/A - No targets detected
2128a0043c15e573_p008,2128a0043c15e573,EVT_00065,news18,Neutral/Factual Background,,Neutral,1.0,N/A - No targets detected
2128a0043c15e573_p009,2128a0043c15e573,EVT_00065,news18,Neutral/Factual Background,,Neutral,1.0,N/A - No targets detected
2128a0043c15e573_p010,2128a0043c15e573,EVT_00065,news18,Neutral/Factual Background,,Neutral,1.0,N/A - No targets detected
2128a0043c15e573_p011,2128a0043c15e573,EVT_00065,news18,Neutral/Factual Background,,Neutral,1.0,N/A - No targets detected
2128a0043c15e573_p012,2128a0043c15e573,EVT_00065,news18,Neutral/Factual Background,,Neutral,1.0,N/A - No targets detected
2128a0043c15e573_p013,2128a0043c15e573,EVT_00065,news18,Neutral/Factual Background,,Neutral,1.0,N/A - No targets detected
b03b0d527cced07b_p001,b03b0d527cced07b,EVT_00065,hindustan_times,Neutral/Factual Background,,Neutral,1.0,N/A - No targets detected
b03b0d527cced07b_p002,b03b0d527cced07b,EVT_00065,hindustan_times,Neutral/Factual Background,,Neutral,1.0,N/A - No targets detected
b03b0d527cced07b_p003,b03b0d527cced07b,EVT_00065,hindustan_times,Welfare,reservation bill,Positive,0.8,benefits of the women's reservation bill
b03b0d527cced07b_p003,b03b0d527cced07b,EVT_00065,hindustan_times,Welfare,PM Modi,Neutral,0.7,
b03b0d527cced07b_p004,b03b0d527cced07b,EVT_00065,hindustan_times,Governance,women's reservation and delimitation bill,Positive,0.8,PM Modi addressed the Lok Sabha special session to introduce the women's reservation and delimitation bill.
b03b0d527cced07b_p004,b03b0d527cced07b,EVT_00065,hindustan_times,Governance,PM Modi,Neutral,0.9,PM Modi addressed the Lok Sabha special session to introduce the women's reservation and delimitation bill.
b03b0d527cced07b_p005,b03b0d527cced07b,EVT_00065,hindustan_times,Neutral/Factual Background,,Neutral,1.0,N/A - No targets detected
b03b0d527cced07b_p006,b03b0d527cced07b,EVT_00065,hindustan_times,Neutral/Factual Background,,Neutral,1.0,N/A - No targets detected
b03b0d527cced07b_p007,b03b0d527cced07b,EVT_00065,hindustan_times,Neutral/Factual Background,,Neutral,1.0,N/A - No targets detected
b03b0d527cced07b_p008,b03b0d527cced07b,EVT_00065,hindustan_times,Neutral/Factual Background,,Neutral,1.0,N/A - No targets detected
b03b0d527cced07b_p009,b03b0d527cced07b,EVT_00065,hindustan_times,Neutral/Factual Background,,Neutral,1.0,N/A - No targets detected
b03b0d527cced07b_p010,b03b0d527cced07b,EVT_00065,hindustan_times,Governance,women's reservation and delimitation bill,Neutral,0.8,The women's reservation bill was first introduced in 2023 and was passed unanimously.
b03b0d527cced07b_p010,b03b0d527cced07b,EVT_00065,hindustan_times,Governance,reservation bill,Positive,0.9,It pushes for the reservation bill to be implemented on the basis of the 2011 census.
b03b0d527cced07b_p010,b03b0d527cced07b,EVT_00065,hindustan_times,Governance,PM Modi,Neutral,0.7,
b9757cd076fcfca2_p001,b9757cd076fcfca2,EVT_00065,news18,Neutral/Factual Background,,Neutral,1.0,N/A - No targets detected
b9757cd076fcfca2_p002,b9757cd076fcfca2,EVT_00065,news18,Procedural Fairness,Delimitation,Neutral,0.9,"but said it is his guarantee that there will be ""no discrimination, no injustice"""
b9757cd076fcfca2_p003,b9757cd076fcfca2,EVT_00065,news18,Neutral/Factual Background,,Neutral,1.0,N/A - No targets detected
b9757cd076fcfca2_p004,b9757cd076fcfca2,EVT_00065,news18,Neutral/Factual Background,,Neutral,1.0,N/A - No targets detected
b9757cd076fcfca2_p005,b9757cd076fcfca2,EVT_00065,news18,Neutral/Factual Background,,Neutral,1.0,N/A - No targets detected
b9757cd076fcfca2_p006,b9757cd076fcfca2,EVT_00065,news18,Neutral/Factual Background,,Neutral,1.0,N/A - No targets detected
b9757cd076fcfca2_p007,b9757cd076fcfca2,EVT_00065,news18,Neutral/Factual Background,,Neutral,1.0,N/A - No targets detected
b9757cd076fcfca2_p008,b9757cd076fcfca2,EVT_00065,news18,Neutral/Factual Background,,Neutral,1.0,N/A - No targets detected
b9757cd076fcfca2_p009,b9757cd076fcfca2,EVT_00065,news18,Neutral/Factual Background,,Neutral,1.0,N/A - No targets detected
b9757cd076fcfca2_p010,b9757cd076fcfca2,EVT_00065,news18,Nationalism,Delimitation,Neutral,0.8,"I rise in this House with a sense of responsibility to say from this sacred place that, whether it is the South, North, East, or West;"
b9757cd076fcfca2_p010,b9757cd076fcfca2,EVT_00065,news18,Nationalism,PM Modi,Positive,0.9,"Prime Minister Narendra Modi says,"
b9757cd076fcfca2_p011,b9757cd076fcfca2,EVT_00065,news18,Procedural Fairness,Delimitation,Neutral,0.8,"Whatever delimitation was carried out in the past, and the proportions that have been followed since then, will remain unchanged."
b9757cd076fcfca2_p011,b9757cd076fcfca2,EVT_00065,news18,Procedural Fairness,PM Modi,Positive,0.75,He said this decision-making process will not do injustice to any region or section.
b9757cd076fcfca2_p012,b9757cd076fcfca2,EVT_00065,news18,Neutral/Factual Background,,Neutral,1.0,N/A - No targets detected
b9757cd076fcfca2_p013,b9757cd076fcfca2,EVT_00065,news18,Neutral/Factual Background,,Neutral,1.0,N/A - No targets detected
b9757cd076fcfca2_p014,b9757cd076fcfca2,EVT_00065,news18,Neutral/Factual Background,,Neutral,1.0,N/A - No targets detected
b9757cd076fcfca2_p015,b9757cd076fcfca2,EVT_00065,news18,Attack/Defence,Delimitation,Neutral,0.9,"he said if all sides support the bills, it will not go in favour of politics of any one side but would be in favor of the country."
b9757cd076fcfca2_p015,b9757cd076fcfca2,EVT_00065,news18,Attack/Defence,PM Modi,Neutral,0.9,"he said if all sides support the bills, it will not go in favour of politics of any one side but would be in favor of the country."
b9757cd076fcfca2_p016,b9757cd076fcfca2,EVT_00065,news18,Neutral/Factual Background,,Neutral,1.0,N/A - No targets detected
b9757cd076fcfca2_p017,b9757cd076fcfca2,EVT_00065,news18,Neutral/Factual Background,,Neutral,1.0,N/A - No targets detected
b9757cd076fcfca2_p018,b9757cd076fcfca2,EVT_00065,news18,Neutral/Factual Background,,Neutral,1.0,N/A - No targets detected
b9757cd076fcfca2_p019,b9757cd076fcfca2,EVT_00065,news18,Governance,Delimitation Bill,Neutral,0.9,"Two ordinary bills – the Delimitation Bill and the Union Territories Laws (Amendment) Bill to implement the proposed amended women’s quota law in Union territories of Delhi, Puducherry and Jammu and Kashmir – were also introduced in the House."
b9757cd076fcfca2_p019,b9757cd076fcfca2,EVT_00065,news18,Governance,Women's quota law,Positive,0.8,to implement the proposed amended women’s quota law
b9757cd076fcfca2_p019,b9757cd076fcfca2,EVT_00065,news18,Governance,PM Modi,Neutral,0.9,The opposition pressed for the division of votes to introduce the Constitutional (131st Amendment) Bill.
b9757cd076fcfca2_p020,b9757cd076fcfca2,EVT_00065,news18,Neutral/Factual Background,,Neutral,1.0,N/A - No targets detected
bdf9e32579c4639a_p001,bdf9e32579c4639a,EVT_00065,news18,Neutral/Factual Background,,Neutral,1.0,N/A - No targets detected
bdf9e32579c4639a_p002,bdf9e32579c4639a,EVT_00065,news18,Neutral/Factual Background,,Neutral,1.0,N/A - No targets detected
bdf9e32579c4639a_p003,bdf9e32579c4639a,EVT_00065,news18,Parse Error,Akhilesh,Neutral,0.0,LLM Parse Error
bdf9e32579c4639a_p003,bdf9e32579c4639a,EVT_00065,news18,Parse Error,PM Modi,Neutral,0.0,LLM Parse Error
bdf9e32579c4639a_p004,bdf9e32579c4639a,EVT_00065,news18,Neutral/Factual Background,,Neutral,1.0,N/A - No targets detected
bdf9e32579c4639a_p005,bdf9e32579c4639a,EVT_00065,news18,Neutral/Factual Background,,Neutral,1.0,N/A - No targets detected
bdf9e32579c4639a_p006,bdf9e32579c4639a,EVT_00065,news18,Neutral/Factual Background,,Neutral,1.0,N/A - No targets detected
bdf9e32579c4639a_p007,bdf9e32579c4639a,EVT_00065,news18,Neutral/Factual Background,,Neutral,1.0,N/A - No targets detected
bdf9e32579c4639a_p008,bdf9e32579c4639a,EVT_00065,news18,Neutral/Factual Background,,Neutral,1.0,N/A - No targets detected
bdf9e32579c4639a_p009,bdf9e32579c4639a,EVT_00065,news18,Neutral/Factual Background,,Neutral,1.0,N/A - No targets detected
bdf9e32579c4639a_p010,bdf9e32579c4639a,EVT_00065,news18,Neutral/Factual Background,,Neutral,1.0,N/A - No targets detected
bdf9e32579c4639a_p011,bdf9e32579c4639a,EVT_00065,news18,Neutral/Factual Background,,Neutral,1.0,N/A - No targets detected
bdf9e32579c4639a_p012,bdf9e32579c4639a,EVT_00065,news18,Neutral/Factual Background,,Neutral,1.0,N/A - No targets detected
bdf9e32579c4639a_p013,bdf9e32579c4639a,EVT_00065,news18,Neutral/Factual Background,,Neutral,1.0,N/A - No targets detected
bdf9e32579c4639a_p014,bdf9e32579c4639a,EVT_00065,news18,Neutral/Factual Background,,Neutral,1.0,N/A - No targets detected
bdf9e32579c4639a_p015,bdf9e32579c4639a,EVT_00065,news18,Neutral/Factual Background,,Neutral,1.0,N/A - No targets detected
bdf9e32579c4639a_p016,bdf9e32579c4639a,EVT_00065,news18,Victimhood,Akhilesh,Negative,0.8,Opposition also gains confidence from their demand for a “caste-based census” and an OBC sub-quota
bdf9e32579c4639a_p016,bdf9e32579c4639a,EVT_00065,news18,Victimhood,PM Modi,Negative,0.75,"positioning themselves as defenders of the South and the marginalised, calculated to reap rewards in the upcoming 2029 state and national contests"
c2764c087dd68eb5_p001,c2764c087dd68eb5,EVT_00065,hindustan_times,Neutral/Factual Background,,Neutral,1.0,N/A - No targets detected
c2764c087dd68eb5_p002,c2764c087dd68eb5,EVT_00065,hindustan_times,Neutral/Factual Background,,Neutral,1.0,N/A - No targets detected
c2764c087dd68eb5_p003,c2764c087dd68eb5,EVT_00065,hindustan_times,Communal Tension,PM Modi,Negative,0.9,took a jibe at SP chief Akhilesh Yadav
c2764c087dd68eb5_p003,c2764c087dd68eb5,EVT_00065,hindustan_times,Communal Tension,Akhilesh Yadav,Negative,0.9,"calling him a “friend”, even as he highlighted that he comes from the most backward community."
c2764c087dd68eb5_p004,c2764c087dd68eb5,EVT_00065,hindustan_times,Neutral/Factual Background,,Neutral,1.0,N/A - No targets detected
c2764c087dd68eb5_p005,c2764c087dd68eb5,EVT_00065,hindustan_times,Neutral/Factual Background,,Neutral,1.0,N/A - No targets detected
c2764c087dd68eb5_p006,c2764c087dd68eb5,EVT_00065,hindustan_times,Neutral/Factual Background,,Neutral,1.0,N/A - No targets detected
c2764c087dd68eb5_p007,c2764c087dd68eb5,EVT_00065,hindustan_times,Neutral/Factual Background,,Neutral,1.0,N/A - No targets detected
c2764c087dd68eb5_p008,c2764c087dd68eb5,EVT_00065,hindustan_times,Neutral/Factual Background,,Neutral,1.0,N/A - No targets detected
c2764c087dd68eb5_p009,c2764c087dd68eb5,EVT_00065,hindustan_times,Neutral/Factual Background,,Neutral,1.0,N/A - No targets detected
c2764c087dd68eb5_p010,c2764c087dd68eb5,EVT_00065,hindustan_times,Neutral/Factual Background,,Neutral,1.0,N/A - No targets detected
c2764c087dd68eb5_p011,c2764c087dd68eb5,EVT_00065,hindustan_times,Neutral/Factual Background,,Neutral,1.0,N/A - No targets detected
c2764c087dd68eb5_p012,c2764c087dd68eb5,EVT_00065,hindustan_times,Neutral/Factual Background,,Neutral,1.0,N/A - No targets detected
c2764c087dd68eb5_p013,c2764c087dd68eb5,EVT_00065,hindustan_times,Neutral/Factual Background,,Neutral,1.0,N/A - No targets detected
c2764c087dd68eb5_p014,c2764c087dd68eb5,EVT_00065,hindustan_times,Neutral/Factual Background,,Neutral,1.0,N/A - No targets detected
c2764c087dd68eb5_p015,c2764c087dd68eb5,EVT_00065,hindustan_times,Governance,Samajwadi Party,Neutral,0.8,
c2764c087dd68eb5_p015,c2764c087dd68eb5,EVT_00065,hindustan_times,Governance,AkhileshYadav,Negative,0.9,"It is true that I come from an extremely backward section of society, but my responsibility is to take everyone along."
c2764c087dd68eb5_p015,c2764c087dd68eb5,EVT_00065,hindustan_times,Governance,PM Modi,Positive,0.85,"I come from an extremely backward section of society, but my responsibility is to take everyone along."
c2764c087dd68eb5_p016,c2764c087dd68eb5,EVT_00065,hindustan_times,Neutral/Factual Background,,Neutral,1.0,N/A - No targets detected
c2764c087dd68eb5_p017,c2764c087dd68eb5,EVT_00065,hindustan_times,Neutral/Factual Background,,Neutral,1.0,N/A - No targets detected
ffb5e55df68aa954_p001,ffb5e55df68aa954,EVT_00065,india_today,Neutral/Factual Background,,Neutral,1.0,N/A - No targets detected
ffb5e55df68aa954_p002,ffb5e55df68aa954,EVT_00065,india_today,Neutral/Factual Background,,Neutral,1.0,N/A - No targets detected
ffb5e55df68aa954_p003,ffb5e55df68aa954,EVT_00065,india_today,Neutral/Factual Background,,Neutral,1.0,N/A - No targets detected
ffb5e55df68aa954_p004,ffb5e55df68aa954,EVT_00065,india_today,Attack/Defence,Priya Gandhi Vadra,Negative,0.9,striking to see both Prime Minister Narendra Modi and Priyanka Gandhi Vadra wearing blue
ffb5e55df68aa954_p004,ffb5e55df68aa954,EVT_00065,india_today,Attack/Defence,PM Modi,Neutral,0.85,
ffb5e55df68aa954_p005,ffb5e55df68aa954,EVT_00065,india_today,Neutral/Factual Background,,Neutral,1.0,N/A - No targets detected
ffb5e55df68aa954_p006,ffb5e55df68aa954,EVT_00065,india_today,Neutral/Factual Background,,Neutral,1.0,N/A - No targets detected
ffb5e55df68aa954_p007,ffb5e55df68aa954,EVT_00065,india_today,Neutral/Factual Background,,Neutral,1.0,N/A - No targets detected
ffb5e55df68aa954_p008,ffb5e55df68aa954,EVT_00065,india_today,Neutral/Factual Background,,Neutral,1.0,N/A - No targets detected
ffb5e55df68aa954_p009,ffb5e55df68aa954,EVT_00065,india_today,Nationalism,BJP,Neutral,1.0,"Within moments, BJP MP Nishikant Dubey approached him."
ffb5e55df68aa954_p010,ffb5e55df68aa954,EVT_00065,india_today,Neutral/Factual Background,,Neutral,1.0,N/A - No targets detected
ffb5e55df68aa954_p011,ffb5e55df68aa954,EVT_00065,india_today,Neutral/Factual Background,,Neutral,1.0,N/A - No targets detected
ffb5e55df68aa954_p012,ffb5e55df68aa954,EVT_00065,india_today,Neutral/Factual Background,,Neutral,1.0,N/A - No targets detected
ffb5e55df68aa954_p013,ffb5e55df68aa954,EVT_00065,india_today,Neutral/Factual Background,,Neutral,1.0,N/A - No targets detected
ffb5e55df68aa954_p014,ffb5e55df68aa954,EVT_00065,india_today,Neutral/Factual Background,,Neutral,1.0,N/A - No targets detected
ffb5e55df68aa954_p015,ffb5e55df68aa954,EVT_00065,india_today,Neutral/Factual Background,,Neutral,1.0,N/A - No targets detected
ffb5e55df68aa954_p016,ffb5e55df68aa954,EVT_00065,india_today,Neutral/Factual Background,,Neutral,1.0,N/A - No targets detected
ffb5e55df68aa954_p017,ffb5e55df68aa954,EVT_00065,india_today,Neutral/Factual Background,,Neutral,1.0,N/A - No targets detected
ffb5e55df68aa954_p018,ffb5e55df68aa954,EVT_00065,india_today,Neutral/Factual Background,,Neutral,1.0,N/A - No targets detected
ffb5e55df68aa954_p019,ffb5e55df68aa954,EVT_00065,india_today,Attack/Defence,Congress,Negative,0.9,"PM Modi opened on a lighter note, taking a subtle swipe at the Congress"
ffb5e55df68aa954_p019,ffb5e55df68aa954,EVT_00065,india_today,Attack/Defence,PM Modi,Neutral,1.0,
ffb5e55df68aa954_p020,ffb5e55df68aa954,EVT_00065,india_today,Neutral/Factual Background,,Neutral,1.0,N/A - No targets detected
ffb5e55df68aa954_p021,ffb5e55df68aa954,EVT_00065,india_today,Attack/Defence,PM Modi,Negative,0.9,"the Prime Minister seized the moment, identifying himself as an OBC and turning the argument into a political counterpoint."
ffb5e55df68aa954_p022,ffb5e55df68aa954,EVT_00065,india_today,Neutral/Factual Background,,Neutral,1.0,N/A - No targets detected
ffb5e55df68aa954_p023,ffb5e55df68aa954,EVT_00065,india_today,Neutral/Factual Background,,Neutral,1.0,N/A - No targets detected
ffb5e55df68aa954_p024,ffb5e55df68aa954,EVT_00065,india_today,Neutral/Factual Background,,Neutral,1.0,N/A - No targets detected
ffb5e55df68aa954_p025,ffb5e55df68aa954,EVT_00065,india_today,Neutral/Factual Background,,Neutral,1.0,N/A - No targets detected
ffb5e55df68aa954_p026,ffb5e55df68aa954,EVT_00065,india_today,Neutral/Factual Background,,Neutral,1.0,N/A - No targets detected
ffb5e55df68aa954_p027,ffb5e55df68aa954,EVT_00065,india_today,Neutral/Factual Background,,Neutral,1.0,N/A - No targets detected
ffb5e55df68aa954_p028,ffb5e55df68aa954,EVT_00065,india_today,Procedural Fairness,PM Modi,Neutral,1.0,"the Prime Minister, in a lighter vein"
ffb5e55df68aa954_p029,ffb5e55df68aa954,EVT_00065,india_today,Neutral/Factual Background,,Neutral,1.0,N/A - No targets detected
ffb5e55df68aa954_p030,ffb5e55df68aa954,EVT_00065,india_today,Neutral/Factual,PM Modi,Positive,0.8,He offered the Opposition full credit for the Women’s Reservation Bill
ffb5e55df68aa954_p031,ffb5e55df68aa954,EVT_00065,india_today,Neutral/Factual Background,,Neutral,1.0,N/A - No targets detected
ffb5e55df68aa954_p032,ffb5e55df68aa954,EVT_00065,india_today,Neutral/Factual Background,,Neutral,1.0,N/A - No targets detected
ffb5e55df68aa954_p033,ffb5e55df68aa954,EVT_00065,india_today,Neutral/Factual Background,,Neutral,1.0,N/A - No targets detected
ffb5e55df68aa954_p034,ffb5e55df68aa954,EVT_00065,india_today,Neutral/Factual Background,,Neutral,1.0,N/A - No targets detected
ffb5e55df68aa954_p035,ffb5e55df68aa954,EVT_00065,india_today,Neutral/Factual Background,,Neutral,1.0,N/A - No targets detected
ffb5e55df68aa954_p036,ffb5e55df68aa954,EVT_00065,india_today,Neutral/Factual Background,,Neutral,1.0,N/A - No targets detected
ffb5e55df68aa954_p037,ffb5e55df68aa954,EVT_00065,india_today,Neutral/Factual Background,,Neutral,1.0,N/A - No targets detected
ffb5e55df68aa954_p038,ffb5e55df68aa954,EVT_00065,india_today,Neutral/Factual Background,,Neutral,1.0,N/A - No targets detected
0e539d038bb244ee_p001,0e539d038bb244ee,EVT_00066,the_times_of_india,Neutral/Factual Background,,Neutral,1.0,N/A - No targets detected
0e539d038bb244ee_p002,0e539d038bb244ee,EVT_00066,the_times_of_india,Neutral/Factual Background,,Neutral,1.0,N/A - No targets detected
0e539d038bb244ee_p003,0e539d038bb244ee,EVT_00066,the_times_of_india,Neutral/Factual Background,,Neutral,1.0,N/A - No targets detected
26703c93ac27e376_p001,26703c93ac27e376,EVT_00066,the_hindu,Neutral/Factual Background,,Neutral,1.0,N/A - No targets detected
26703c93ac27e376_p002,26703c93ac27e376,EVT_00066,the_hindu,Neutral/Factual Background,,Neutral,1.0,N/A - No targets detected
26703c93ac27e376_p003,26703c93ac27e376,EVT_00066,the_hindu,Neutral/Factual Background,,Neutral,1.0,N/A - No targets detected
0e912ba37dc01642_p001,0e912ba37dc01642,EVT_00067,news18,Neutral/Factual Background,,Neutral,1.0,N/A - No targets detected
0e912ba37dc01642_p002,0e912ba37dc01642,EVT_00067,news18,Attack/Defence,BJP,Negative,0.9,strengthening the foundation of their party by damaging the Constitution of India
0e912ba37dc01642_p003,0e912ba37dc01642,EVT_00067,news18,Governance,INDIA,Neutral,1.0,
0e912ba37dc01642_p003,0e912ba37dc01642,EVT_00067,news18,Governance,NDA,Negative,0.95,"has since gone viral, highlighting the deep-seated rivalry between the INDIA bloc and the NDA over the true intent behind the 131st Constitutional Amendment."
0e912ba37dc01642_p004,0e912ba37dc01642,EVT_00067,news18,Neutral/Factual Background,,Neutral,1.0,N/A - No targets detected
0e912ba37dc01642_p005,0e912ba37dc01642,EVT_00067,news18,Nationalism,Amit Shah,Positive,0.9,Amit Shah's ‘No-Loss’ Guarantee For Southern States To Quell 'Federal Friction'
0e912ba37dc01642_p006,0e912ba37dc01642,EVT_00067,news18,Neutral/Factual Background,,Neutral,1.0,N/A - No targets detected
0e912ba37dc01642_p007,0e912ba37dc01642,EVT_00067,news18,Neutral/Factual Background,,Neutral,1.0,N/A - No targets detected
0e912ba37dc01642_p008,0e912ba37dc01642,EVT_00067,news18,Neutral/Factual Background,,Neutral,1.0,N/A - No targets detected
0e912ba37dc01642_p009,0e912ba37dc01642,EVT_00067,news18,Neutral/Factual Background,,Neutral,1.0,N/A - No targets detected
0e912ba37dc01642_p010,0e912ba37dc01642,EVT_00067,news18,Neutral/Factual Background,,Neutral,1.0,N/A - No targets detected
0e912ba37dc01642_p011,0e912ba37dc01642,EVT_00067,news18,Neutral/Factual Background,,Neutral,1.0,N/A - No targets detected
0e912ba37dc01642_p012,0e912ba37dc01642,EVT_00067,news18,Neutral/Factual Background,,Neutral,1.0,N/A - No targets detected
0e912ba37dc01642_p013,0e912ba37dc01642,EVT_00067,news18,Attack/Defence,BJP,Negative,0.9,"For Gandhi and her colleagues, it is a subversion of federal principles under the guise of gender justice."
0e912ba37dc01642_p013,0e912ba37dc01642,EVT_00067,news18,Attack/Defence,NDA,Neutral,0.8,
0e912ba37dc01642_p013,0e912ba37dc01642,EVT_00067,news18,Attack/Defence,Amit Shah,Negative,0.9,"For Gandhi and her colleagues, it is a subversion of federal principles under the guise of gender justice."
0e912ba37dc01642_p014,0e912ba37dc01642,EVT_00067,news18,Neutral/Factual Background,,Neutral,1.0,N/A - No targets detected
0e912ba37dc01642_p015,0e912ba37dc01642,EVT_00067,news18,Neutral/Factual Background,,Neutral,1.0,N/A - No targets detected
2ca87d575006a16e_p001,2ca87d575006a16e,EVT_00067,india_today,Neutral/Factual Background,,Neutral,1.0,N/A - No targets detected
2ca87d575006a16e_p002,2ca87d575006a16e,EVT_00067,india_today,Neutral/Factual Background,,Neutral,1.0,N/A - No targets detected
2ca87d575006a16e_p003,2ca87d575006a16e,EVT_00067,india_today,Neutral/Factual Background,,Neutral,1.0,N/A - No targets detected
2ca87d575006a16e_p004,2ca87d575006a16e,EVT_00067,india_today,Neutral/Factual Background,,Neutral,1.0,N/A - No targets detected
2ca87d575006a16e_p005,2ca87d575006a16e,EVT_00067,india_today,Neutral/Factual Background,,Neutral,1.0,N/A - No targets detected
2ca87d575006a16e_p006,2ca87d575006a16e,EVT_00067,india_today,Nationalism,BJP,Positive,0.9,"drew massive laughter from Amit Shah, Kiren Rijiju and other BJP MPs"
2ca87d575006a16e_p007,2ca87d575006a16e,EVT_00067,india_today,Neutral/Factual Background,,Neutral,1.0,N/A - No targets detected
2ca87d575006a16e_p008,2ca87d575006a16e,EVT_00067,india_today,Neutral/Factual Background,,Neutral,1.0,N/A - No targets detected
2ca87d575006a16e_p009,2ca87d575006a16e,EVT_00067,india_today,Neutral/Factual Background,,Neutral,1.0,N/A - No targets detected
2ca87d575006a16e_p010,2ca87d575006a16e,EVT_00067,india_today,Communal Tension,Congress,Negative,0.9,veiled dig at Congress
2ca87d575006a16e_p011,2ca87d575006a16e,EVT_00067,india_today,Neutral/Factual Background,,Neutral,1.0,N/A - No targets detected
2ca87d575006a16e_p012,2ca87d575006a16e,EVT_00067,india_today,Neutral/Factual Background,,Neutral,1.0,N/A - No targets detected
2ca87d575006a16e_p013,2ca87d575006a16e,EVT_00067,india_today,Neutral/Factual Background,,Neutral,1.0,N/A - No targets detected
2ca87d575006a16e_p014,2ca87d575006a16e,EVT_00067,india_today,Neutral/Factual Background,,Neutral,1.0,N/A - No targets detected
2ca87d575006a16e_p015,2ca87d575006a16e,EVT_00067,india_today,Neutral/Factual Background,,Neutral,1.0,N/A - No targets detected
2ca87d575006a16e_p016,2ca87d575006a16e,EVT_00067,india_today,Neutral/Factual Background,,Neutral,1.0,N/A - No targets detected
2ca87d575006a16e_p017,2ca87d575006a16e,EVT_00067,india_today,Neutral/Factual Background,,Neutral,1.0,N/A - No targets detected
2ca87d575006a16e_p018,2ca87d575006a16e,EVT_00067,india_today,Neutral/Factual Background,,Neutral,1.0,N/A - No targets detected
2ca87d575006a16e_p019,2ca87d575006a16e,EVT_00067,india_today,Neutral/Factual Background,,Neutral,1.0,N/A - No targets detected
2ca87d575006a16e_p020,2ca87d575006a16e,EVT_00067,india_today,Neutral/Factual Background,,Neutral,1.0,N/A - No targets detected
2ca87d575006a16e_p021,2ca87d575006a16e,EVT_00067,india_today,Neutral/Factual Background,,Neutral,1.0,N/A - No targets detected
2ca87d575006a16e_p022,2ca87d575006a16e,EVT_00067,india_today,Governance,Congress,Neutral,0.9,the Congress government under her late father
2ca87d575006a16e_p022,2ca87d575006a16e,EVT_00067,india_today,Governance,Gandhi,Positive,0.85,under her late father and PM Rajiv Gandhi
2ca87d575006a16e_p023,2ca87d575006a16e,EVT_00067,india_today,Attack/Defence,Congress,Negative,0.9,"had to suffer, indirectly jabbing the Congress."
2ca87d575006a16e_p023,2ca87d575006a16e,EVT_00067,india_today,Attack/Defence,PM Modi,Neutral,0.5,
2ca87d575006a16e_p024,2ca87d575006a16e,EVT_00067,india_today,Attack/Defence,BJP,Negative,0.9,"However, the southern states – mostly ruled by the opposition parties – have vehemently opposed it, arguing that the delimitation exercise would significantly advantage the Hindi heartland, BJP's stronghold."
a54d45f54c0b3a1c_p001,a54d45f54c0b3a1c,EVT_00067,indian_express,Neutral/Factual Background,,Neutral,1.0,N/A - No targets detected
a54d45f54c0b3a1c_p002,a54d45f54c0b3a1c,EVT_00067,indian_express,Neutral/Factual Background,,Neutral,1.0,N/A - No targets detected
a54d45f54c0b3a1c_p003,a54d45f54c0b3a1c,EVT_00067,indian_express,Neutral/Factual Background,,Neutral,1.0,N/A - No targets detected
a54d45f54c0b3a1c_p004,a54d45f54c0b3a1c,EVT_00067,indian_express,Neutral/Factual Background,,Neutral,1.0,N/A - No targets detected
a54d45f54c0b3a1c_p005,a54d45f54c0b3a1c,EVT_00067,indian_express,Attack/Defence,Amit Shah,Neutral,0.8,
a54d45f54c0b3a1c_p006,a54d45f54c0b3a1c,EVT_00067,indian_express,Neutral/Factual Background,,Neutral,1.0,N/A - No targets detected
a54d45f54c0b3a1c_p007,a54d45f54c0b3a1c,EVT_00067,indian_express,Neutral/Factual Background,,Neutral,1.0,N/A - No targets detected
a54d45f54c0b3a1c_p008,a54d45f54c0b3a1c,EVT_00067,indian_express,Governance,Amit Shah,Neutral,1.0,"will see the number of MPs go up from 39 to 59, increasing its share in the House from 7.18% to 7.23%"
a54d45f54c0b3a1c_p009,a54d45f54c0b3a1c,EVT_00067,indian_express,Neutral/Factual Background,,Neutral,1.0,N/A - No targets detected
a54d45f54c0b3a1c_p010,a54d45f54c0b3a1c,EVT_00067,indian_express,Neutral/Factual Background,,Neutral,1.0,N/A - No targets detected
a54d45f54c0b3a1c_p011,a54d45f54c0b3a1c,EVT_00067,indian_express,Nationalism,Amit Shah,Neutral,0.9,"Shah said, the southern states have 129 MPs in the 543-member Lok Sabha"
a54d45f54c0b3a1c_p012,a54d45f54c0b3a1c,EVT_00067,indian_express,Attack/Defence,Amit Shah,Neutral,1.0,"""I, Amit Shah, the Home Minister, the minister who has piloted the Bill, am saying this."""
a54d45f54c0b3a1c_p013,a54d45f54c0b3a1c,EVT_00067,indian_express,Nationalism,Amit Shah,Neutral,0.9,The Union Home Minister said the narrative that the government does not want to conduct a caste census was not true.
a54d45f54c0b3a1c_p014,a54d45f54c0b3a1c,EVT_00067,indian_express,Neutral/Factual Background,,Neutral,1.0,N/A - No targets detected
a54d45f54c0b3a1c_p015,a54d45f54c0b3a1c,EVT_00067,indian_express,Procedural Fairness,Samajwadi Party,Neutral,0.9,"So Akhilesh Yadav should not worry,” Shah said, responding to the Samajwadi Party president’s remarks."
a54d45f54c0b3a1c_p015,a54d45f54c0b3a1c,EVT_00067,indian_express,Procedural Fairness,Amit Shah,Negative,0.9,"""So Akhilesh Yadav should not worry,” Shah said, responding to the Samajwadi Party president’s remarks."
a54d45f54c0b3a1c_p015,a54d45f54c0b3a1c,EVT_00067,indian_express,Procedural Fairness,Akhilesh Yadav,Neutral,0.9,"So Akhilesh Yadav should not worry,” Shah said, responding to the Samajwadi Party president’s remarks."
e7832fb86b117644_p001,e7832fb86b117644,EVT_00067,hindustan_times,Neutral/Factual Background,,Neutral,1.0,N/A - No targets detected
e7832fb86b117644_p002,e7832fb86b117644,EVT_00067,hindustan_times,Neutral/Factual Background,,Neutral,1.0,N/A - No targets detected
e7832fb86b117644_p003,e7832fb86b117644,EVT_00067,hindustan_times,Neutral/Factual Background,,Neutral,1.0,N/A - No targets detected
e7832fb86b117644_p004,e7832fb86b117644,EVT_00067,hindustan_times,Attack/Defence,BJP,Negative,0.9,accused the government of bulldozing
e7832fb86b117644_p005,e7832fb86b117644,EVT_00067,hindustan_times,Attack/Defence,BJP,Negative,0.9,"The current government is once again trying to deceive the nation, launching a major attack on the country’s integrity."
e7832fb86b117644_p006,e7832fb86b117644,EVT_00067,hindustan_times,Neutral/Factual Background,,Neutral,1.0,N/A - No targets detected
e7832fb86b117644_p007,e7832fb86b117644,EVT_00067,hindustan_times,Neutral/Factual Background,,Neutral,1.0,N/A - No targets detected
e7832fb86b117644_p008,e7832fb86b117644,EVT_00067,hindustan_times,Nationalism,Amit Shah,Positive,0.9,assurance to southern states
e7832fb86b117644_p009,e7832fb86b117644,EVT_00067,hindustan_times,Neutral/Factual Background,,Neutral,1.0,N/A - No targets detected
e7832fb86b117644_p010,e7832fb86b117644,EVT_00067,hindustan_times,Neutral/Factual Background,,Neutral,1.0,N/A - No targets detected
e7832fb86b117644_p011,e7832fb86b117644,EVT_00067,hindustan_times,Neutral/Factual Background,,Neutral,1.0,N/A - No targets detected
e7832fb86b117644_p012,e7832fb86b117644,EVT_00067,hindustan_times,Neutral/Factual Background,,Neutral,1.0,N/A - No targets detected
e7832fb86b117644_p013,e7832fb86b117644,EVT_00067,hindustan_times,Neutral/Factual Background,,Neutral,1.0,N/A - No targets detected
e7832fb86b117644_p014,e7832fb86b117644,EVT_00067,hindustan_times,Neutral/Factual Background,,Neutral,1.0,N/A - No targets detected
e7832fb86b117644_p015,e7832fb86b117644,EVT_00067,hindustan_times,Neutral/Factual Background,,Neutral,1.0,N/A - No targets detected
e7832fb86b117644_p016,e7832fb86b117644,EVT_00067,hindustan_times,Neutral/Factual Background,,Neutral,1.0,N/A - No targets detected
e7832fb86b117644_p017,e7832fb86b117644,EVT_00067,hindustan_times,Neutral/Factual Background,,Neutral,1.0,N/A - No targets detected
e7832fb86b117644_p018,e7832fb86b117644,EVT_00067,hindustan_times,Neutral/Factual Background,,Neutral,1.0,N/A - No targets detected
e7832fb86b117644_p019,e7832fb86b117644,EVT_00067,hindustan_times,Neutral/Factual Background,,Neutral,1.0,N/A - No targets detected
e7832fb86b117644_p020,e7832fb86b117644,EVT_00067,hindustan_times,Neutral/Factual Background,,Neutral,1.0,N/A - No targets detected
e7832fb86b117644_p021,e7832fb86b117644,EVT_00067,hindustan_times,Neutral/Factual Background,,Neutral,1.0,N/A - No targets detected
e7832fb86b117644_p022,e7832fb86b117644,EVT_00067,hindustan_times,Neutral/Factual Background,,Neutral,1.0,N/A - No targets detected
e7832fb86b117644_p023,e7832fb86b117644,EVT_00067,hindustan_times,Neutral/Factual Background,,Neutral,1.0,N/A - No targets detected
e7832fb86b117644_p024,e7832fb86b117644,EVT_00067,hindustan_times,Neutral/Factual Background,,Neutral,1.0,N/A - No targets detected
e7832fb86b117644_p025,e7832fb86b117644,EVT_00067,hindustan_times,Neutral/Factual Background,,Neutral,1.0,N/A - No targets detected
e7832fb86b117644_p026,e7832fb86b117644,EVT_00067,hindustan_times,Neutral/Factual Background,,Neutral,1.0,N/A - No targets detected
e7832fb86b117644_p027,e7832fb86b117644,EVT_00067,hindustan_times,Neutral/Factual Background,,Neutral,1.0,N/A - No targets detected
18bcd62e445c0f8f_p001,18bcd62e445c0f8f,EVT_00068,the_times_of_india,Neutral/Factual Background,,Neutral,1.0,N/A - No targets detected
18bcd62e445c0f8f_p002,18bcd62e445c0f8f,EVT_00068,the_times_of_india,Neutral/Factual Background,,Neutral,1.0,N/A - No targets detected
18bcd62e445c0f8f_p003,18bcd62e445c0f8f,EVT_00068,the_times_of_india,Neutral/Factual Background,,Neutral,1.0,N/A - No targets detected
18bcd62e445c0f8f_p004,18bcd62e445c0f8f,EVT_00068,the_times_of_india,Neutral/Factual Background,,Neutral,1.0,N/A - No targets detected
18bcd62e445c0f8f_p005,18bcd62e445c0f8f,EVT_00068,the_times_of_india,Neutral/Factual Background,,Neutral,1.0,N/A - No targets detected
18bcd62e445c0f8f_p006,18bcd62e445c0f8f,EVT_00068,the_times_of_india,Neutral/Factual Background,,Neutral,1.0,N/A - No targets detected
18bcd62e445c0f8f_p007,18bcd62e445c0f8f,EVT_00068,the_times_of_india,Neutral/Factual Background,,Neutral,1.0,N/A - No targets detected
eeddd5d514b5c927_p001,eeddd5d514b5c927,EVT_00068,the_new_indian_express,Neutral/Factual Background,,Neutral,1.0,N/A - No targets detected
eeddd5d514b5c927_p002,eeddd5d514b5c927,EVT_00068,the_new_indian_express,Neutral/Factual Background,,Neutral,1.0,N/A - No targets detected
eeddd5d514b5c927_p003,eeddd5d514b5c927,EVT_00068,the_new_indian_express,Neutral/Factual Background,,Neutral,1.0,N/A - No targets detected
eeddd5d514b5c927_p004,eeddd5d514b5c927,EVT_00068,the_new_indian_express,Neutral/Factual Background,,Neutral,1.0,N/A - No targets detected
eeddd5d514b5c927_p005,eeddd5d514b5c927,EVT_00068,the_new_indian_express,Neutral/Factual Background,,Neutral,1.0,N/A - No targets detected
eeddd5d514b5c927_p006,eeddd5d514b5c927,EVT_00068,the_new_indian_express,Neutral/Factual Background,,Neutral,1.0,N/A - No targets detected
eeddd5d514b5c927_p007,eeddd5d514b5c927,EVT_00068,the_new_indian_express,Neutral/Factual Background,,Neutral,1.0,N/A - No targets detected
eeddd5d514b5c927_p008,eeddd5d514b5c927,EVT_00068,the_new_indian_express,Neutral/Factual Background,,Neutral,1.0,N/A - No targets detected
18ebef6da99ddb0c_p001,18ebef6da99ddb0c,EVT_00062,india_today,Neutral/Factual Background,,Neutral,1.0,N/A - No targets detected
18ebef6da99ddb0c_p002,18ebef6da99ddb0c,EVT_00062,india_today,Neutral/Factual Background,,Neutral,1.0,N/A - No targets detected
18ebef6da99ddb0c_p003,18ebef6da99ddb0c,EVT_00062,india_today,Neutral/Factual Background,,Neutral,1.0,N/A - No targets detected
18ebef6da99ddb0c_p004,18ebef6da99ddb0c,EVT_00062,india_today,Neutral/Factual Background,,Neutral,1.0,N/A - No targets detected
18ebef6da99ddb0c_p005,18ebef6da99ddb0c,EVT_00062,india_today,Neutral/Factual Background,,Neutral,1.0,N/A - No targets detected
18ebef6da99ddb0c_p006,18ebef6da99ddb0c,EVT_00062,india_today,Neutral/Factual Background,,Neutral,1.0,N/A - No targets detected
18ebef6da99ddb0c_p007,18ebef6da99ddb0c,EVT_00062,india_today,Neutral/Factual Background,,Neutral,1.0,N/A - No targets detected
18ebef6da99ddb0c_p008,18ebef6da99ddb0c,EVT_00062,india_today,Neutral/Factual Background,,Neutral,1.0,N/A - No targets detected
18ebef6da99ddb0c_p009,18ebef6da99ddb0c,EVT_00062,india_today,Neutral/Factual Background,,Neutral,1.0,N/A - No targets detected
18ebef6da99ddb0c_p010,18ebef6da99ddb0c,EVT_00062,india_today,Neutral/Factual Background,,Neutral,1.0,N/A - No targets detected
18ebef6da99ddb0c_p011,18ebef6da99ddb0c,EVT_00062,india_today,Neutral/Factual Background,,Neutral,1.0,N/A - No targets detected
18ebef6da99ddb0c_p012,18ebef6da99ddb0c,EVT_00062,india_today,Neutral/Factual Background,,Neutral,1.0,N/A - No targets detected
18ebef6da99ddb0c_p013,18ebef6da99ddb0c,EVT_00062,india_today,Neutral/Factual Background,,Neutral,1.0,N/A - No targets detected
18ebef6da99ddb0c_p014,18ebef6da99ddb0c,EVT_00062,india_today,Neutral/Factual Background,,Neutral,1.0,N/A - No targets detected
18ebef6da99ddb0c_p015,18ebef6da99ddb0c,EVT_00062,india_today,Neutral/Factual Background,,Neutral,1.0,N/A - No targets detected
18ebef6da99ddb0c_p016,18ebef6da99ddb0c,EVT_00062,india_today,Neutral/Factual Background,,Neutral,1.0,N/A - No targets detected
4d8a0c94a3b4bb62_p001,4d8a0c94a3b4bb62,EVT_00062,india_today,Neutral/Factual Background,,Neutral,1.0,N/A - No targets detected
4d8a0c94a3b4bb62_p002,4d8a0c94a3b4bb62,EVT_00062,india_today,Neutral/Factual Background,,Neutral,1.0,N/A - No targets detected
4d8a0c94a3b4bb62_p003,4d8a0c94a3b4bb62,EVT_00062,india_today,Neutral/Factual Background,,Neutral,1.0,N/A - No targets detected
4d8a0c94a3b4bb62_p004,4d8a0c94a3b4bb62,EVT_00062,india_today,Neutral/Factual Background,,Neutral,1.0,N/A - No targets detected
4d8a0c94a3b4bb62_p005,4d8a0c94a3b4bb62,EVT_00062,india_today,Neutral/Factual Background,,Neutral,1.0,N/A - No targets detected
4d8a0c94a3b4bb62_p006,4d8a0c94a3b4bb62,EVT_00062,india_today,Neutral/Factual Background,,Neutral,1.0,N/A - No targets detected
4d8a0c94a3b4bb62_p007,4d8a0c94a3b4bb62,EVT_00062,india_today,Neutral/Factual Background,,Neutral,1.0,N/A - No targets detected
4d8a0c94a3b4bb62_p008,4d8a0c94a3b4bb62,EVT_00062,india_today,Neutral/Factual Background,,Neutral,1.0,N/A - No targets detected
4d8a0c94a3b4bb62_p009,4d8a0c94a3b4bb62,EVT_00062,india_today,Neutral/Factual Background,,Neutral,1.0,N/A - No targets detected
4d8a0c94a3b4bb62_p010,4d8a0c94a3b4bb62,EVT_00062,india_today,Neutral/Factual Background,,Neutral,1.0,N/A - No targets detected
4d8a0c94a3b4bb62_p011,4d8a0c94a3b4bb62,EVT_00062,india_today,Neutral/Factual Background,,Neutral,1.0,N/A - No targets detected
4d8a0c94a3b4bb62_p012,4d8a0c94a3b4bb62,EVT_00062,india_today,Neutral/Factual Background,,Neutral,1.0,N/A - No targets detected
4d8a0c94a3b4bb62_p013,4d8a0c94a3b4bb62,EVT_00062,india_today,Neutral/Factual Background,,Neutral,1.0,N/A - No targets detected
4d8a0c94a3b4bb62_p014,4d8a0c94a3b4bb62,EVT_00062,india_today,Neutral/Factual Background,,Neutral,1.0,N/A - No targets detected
4d8a0c94a3b4bb62_p015,4d8a0c94a3b4bb62,EVT_00062,india_today,Neutral/Factual Background,,Neutral,1.0,N/A - No targets detected
4d8a0c94a3b4bb62_p016,4d8a0c94a3b4bb62,EVT_00062,india_today,Neutral/Factual Background,,Neutral,1.0,N/A - No targets detected
4d8a0c94a3b4bb62_p017,4d8a0c94a3b4bb62,EVT_00062,india_today,Neutral/Factual Background,,Neutral,1.0,N/A - No targets detected
4d8a0c94a3b4bb62_p018,4d8a0c94a3b4bb62,EVT_00062,india_today,Neutral/Factual Background,,Neutral,1.0,N/A - No targets detected
4d8a0c94a3b4bb62_p019,4d8a0c94a3b4bb62,EVT_00062,india_today,Neutral/Factual Background,,Neutral,1.0,N/A - No targets detected
4d8a0c94a3b4bb62_p020,4d8a0c94a3b4bb62,EVT_00062,india_today,Neutral/Factual Background,,Neutral,1.0,N/A - No targets detected
294a5225a8301673_p001,294a5225a8301673,EVT_00073,the_new_indian_express,Neutral/Factual Background,,Neutral,1.0,N/A - No targets detected
294a5225a8301673_p002,294a5225a8301673,EVT_00073,the_new_indian_express,Neutral/Factual Background,,Neutral,1.0,N/A - No targets detected
294a5225a8301673_p003,294a5225a8301673,EVT_00073,the_new_indian_express,Neutral/Factual Background,,Neutral,1.0,N/A - No targets detected
294a5225a8301673_p004,294a5225a8301673,EVT_00073,the_new_indian_express,Neutral/Factual Background,,Neutral,1.0,N/A - No targets detected
294a5225a8301673_p005,294a5225a8301673,EVT_00073,the_new_indian_express,Neutral/Factual Background,,Neutral,1.0,N/A - No targets detected
294a5225a8301673_p006,294a5225a8301673,EVT_00073,the_new_indian_express,Attack/Defence,BJP,Negative,0.9,MP Kangana Ranaut attacked the Congress
294a5225a8301673_p006,294a5225a8301673,EVT_00073,the_new_indian_express,Attack/Defence,Congress,Positive,0.85,attacked the Congress for questioning the government's intention
294a5225a8301673_p007,294a5225a8301673,EVT_00073,the_new_indian_express,Neutral/Factual Background,,Neutral,1.0,N/A - No targets detected
294a5225a8301673_p008,294a5225a8301673,EVT_00073,the_new_indian_express,Neutral/Factual Background,,Neutral,1.0,N/A - No targets detected
294a5225a8301673_p009,294a5225a8301673,EVT_00073,the_new_indian_express,Neutral/Factual Background,,Neutral,1.0,N/A - No targets detected
294a5225a8301673_p010,294a5225a8301673,EVT_00073,the_new_indian_express,Neutral/Factual Background,,Neutral,1.0,N/A - No targets detected
294a5225a8301673_p011,294a5225a8301673,EVT_00073,the_new_indian_express,Attack/Defence,SRINIVAS,Positive,0.9,"said ""this is not a change in words, this is a change in direction, vision"""
294a5225a8301673_p012,294a5225a8301673,EVT_00073,the_new_indian_express,Neutral/Factual Background,,Neutral,1.0,N/A - No targets detected
294a5225a8301673_p013,294a5225a8301673,EVT_00073,the_new_indian_express,Neutral/Factual Background,,Neutral,1.0,N/A - No targets detected
294a5225a8301673_p014,294a5225a8301673,EVT_00073,the_new_indian_express,Neutral/Factual Background,,Neutral,1.0,N/A - No targets detected
294a5225a8301673_p015,294a5225a8301673,EVT_00073,the_new_indian_express,Neutral/Factual Background,,Neutral,1.0,N/A - No targets detected
294a5225a8301673_p016,294a5225a8301673,EVT_00073,the_new_indian_express,Neutral/Factual Background,,Neutral,1.0,N/A - No targets detected
294a5225a8301673_p017,294a5225a8301673,EVT_00073,the_new_indian_express,Neutral/Factual Background,,Neutral,1.0,N/A - No targets detected
294a5225a8301673_p018,294a5225a8301673,EVT_00073,the_new_indian_express,Nationalism,Swaraj,Negative,0.9,accused the opposition leaders of attempting to divide the country into north and south for political gains
294a5225a8301673_p019,294a5225a8301673,EVT_00073,the_new_indian_express,Neutral/Factual Background,,Neutral,1.0,N/A - No targets detected
294a5225a8301673_p020,294a5225a8301673,EVT_00073,the_new_indian_express,Neutral/Factual Background,,Neutral,1.0,N/A - No targets detected
294a5225a8301673_p021,294a5225a8301673,EVT_00073,the_new_indian_express,Neutral/Factual Background,,Neutral,1.0,N/A - No targets detected
294a5225a8301673_p022,294a5225a8301673,EVT_00073,the_new_indian_express,Attack/Defence,Lok Sabha,Negative,0.9,representation of southern states will go down in the Lok Sabha
294a5225a8301673_p022,294a5225a8301673,EVT_00073,the_new_indian_express,Attack/Defence,Amit Shah,Neutral,1.0,
294a5225a8301673_p023,294a5225a8301673,EVT_00073,the_new_indian_express,Neutral/Factual Background,,Neutral,1.0,N/A - No targets detected
294a5225a8301673_p024,294a5225a8301673,EVT_00073,the_new_indian_express,Neutral/Factual Background,,Neutral,1.0,N/A - No targets detected
294a5225a8301673_p025,294a5225a8301673,EVT_00073,the_new_indian_express,Neutral/Factual,Congress,Neutral,1.0,Congress MP Priyanka Gandhi Vadra on Thursday said the party supports women’s reservation
294a5225a8301673_p026,294a5225a8301673,EVT_00073,the_new_indian_express,Neutral/Factual Background,,Neutral,1.0,N/A - No targets detected
294a5225a8301673_p027,294a5225a8301673,EVT_00073,the_new_indian_express,Neutral/Factual Background,,Neutral,1.0,N/A - No targets detected
294a5225a8301673_p028,294a5225a8301673,EVT_00073,the_new_indian_express,Neutral/Factual Background,,Neutral,1.0,N/A - No targets detected
294a5225a8301673_p029,294a5225a8301673,EVT_00073,the_new_indian_express,Attack/Defence,Congress,Negative,0.9,"the prime minister addressed every issue except delimitation and showed ""willful blindness"" to the concerns of several states in the South, East, Northeast and North."
294a5225a8301673_p029,294a5225a8301673,EVT_00073,the_new_indian_express,Attack/Defence,PM Modi,Negative,0.9,"the prime minister addressed every issue except delimitation and showed ""willful blindness"" to the concerns of several states in the South, East, Northeast and North."
294a5225a8301673_p030,294a5225a8301673,EVT_00073,the_new_indian_express,Neutral/Factual Background,,Neutral,1.0,N/A - No targets detected
294a5225a8301673_p031,294a5225a8301673,EVT_00073,the_new_indian_express,Neutral/Factual Background,,Neutral,1.0,N/A - No targets detected
294a5225a8301673_p032,294a5225a8301673,EVT_00073,the_new_indian_express,Neutral/Factual Background,,Neutral,1.0,N/A - No targets detected
294a5225a8301673_p033,294a5225a8301673,EVT_00073,the_new_indian_express,Neutral/Factual Background,,Neutral,1.0,N/A - No targets detected
294a5225a8301673_p034,294a5225a8301673,EVT_00073,the_new_indian_express,Neutral/Factual Background,,Neutral,1.0,N/A - No targets detected
294a5225a8301673_p035,294a5225a8301673,EVT_00073,the_new_indian_express,Neutral/Factual Background,,Neutral,1.0,N/A - No targets detected
294a5225a8301673_p036,294a5225a8301673,EVT_00073,the_new_indian_express,Governance,NDA,Negative,1.0,The ruling NDA lacks the numbers in Parliament to pass the women’s reservation bills with the required two-thirds majority
294a5225a8301673_p037,294a5225a8301673,EVT_00073,the_new_indian_express,Attack/Defence,Lok Sabha,Neutral,1.0,accounting for 54 per cent of the House
294a5225a8301673_p037,294a5225a8301673,EVT_00073,the_new_indian_express,Attack/Defence,NDA,Negative,0.9,while the opposition holds 233 MPs.
294a5225a8301673_p038,294a5225a8301673,EVT_00073,the_new_indian_express,Neutral/Factual Background,,Neutral,1.0,N/A - No targets detected
294a5225a8301673_p039,294a5225a8301673,EVT_00073,the_new_indian_express,Neutral/Factual Background,,Neutral,1.0,N/A - No targets detected
294a5225a8301673_p040,294a5225a8301673,EVT_00073,the_new_indian_express,Neutral/Factual Background,,Neutral,1.0,N/A - No targets detected
294a5225a8301673_p041,294a5225a8301673,EVT_00073,the_new_indian_express,Neutral/Factual Background,,Neutral,1.0,N/A - No targets detected
294a5225a8301673_p042,294a5225a8301673,EVT_00073,the_new_indian_express,Neutral/Factual Background,,Neutral,1.0,N/A - No targets detected
294a5225a8301673_p043,294a5225a8301673,EVT_00073,the_new_indian_express,Nationalism,PM Modi,Positive,0.9,warned that those opposing the bill now would pay a political price for a long time.
294a5225a8301673_p044,294a5225a8301673,EVT_00073,the_new_indian_express,Neutral/Factual Background,,Neutral,1.0,N/A - No targets detected
294a5225a8301673_p045,294a5225a8301673,EVT_00073,the_new_indian_express,Attack/Defence,PM Modi,Negative,0.9,I give you a blank cheque for claiming credit on passage of the women's quota bill
294a5225a8301673_p046,294a5225a8301673,EVT_00073,the_new_indian_express,Neutral/Factual,PM Modi,Neutral,0.8,urged MPs not to miss the opportunity to implement the quota
294a5225a8301673_p047,294a5225a8301673,EVT_00073,the_new_indian_express,Neutral/Factual,Amit Shah,Neutral,0.8,
294a5225a8301673_p048,294a5225a8301673,EVT_00073,the_new_indian_express,Communal Tension,PM Modi,Negative,0.9,said that he thanks them for putting 'Kala Tika' on bills to ward off evil eye.
294a5225a8301673_p048,294a5225a8301673,EVT_00073,the_new_indian_express,Communal Tension,DMK,Negative,0.9,"the DMK for the black attire protest, Modi said that he thanks them"
294a5225a8301673_p049,294a5225a8301673,EVT_00073,the_new_indian_express,Neutral/Factual Background,,Neutral,1.0,N/A - No targets detected
294a5225a8301673_p050,294a5225a8301673,EVT_00073,the_new_indian_express,Governance,Lok Sabha,Neutral,0.8,"This is an important moment for India's democracy. This should have been implemented long ago, and it will provide an opportunity for half the population to participate in policy-making: PM #NarendraModi in #LokSabha."
294a5225a8301673_p050,294a5225a8301673,EVT_00073,the_new_indian_express,Governance,PM Modi,Positive,0.9,"This is an important moment for India's democracy. This should have been implemented long ago, and it will provide an opportunity for half the population to participate in policy-making: PM #NarendraModi in #LokSabha."
294a5225a8301673_p051,294a5225a8301673,EVT_00073,the_new_indian_express,Neutral/Factual Background,,Neutral,1.0,N/A - No targets detected
294a5225a8301673_p052,294a5225a8301673,EVT_00073,the_new_indian_express,Neutral/Factual Background,,Neutral,1.0,N/A - No targets detected
294a5225a8301673_p053,294a5225a8301673,EVT_00073,the_new_indian_express,Communal Tension,Amit Shah,Negative,0.9,Shah said a caste census will be carried out along with population enumeration during the ongoing census exercise.
294a5225a8301673_p054,294a5225a8301673,EVT_00073,the_new_indian_express,Neutral/Factual Background,,Neutral,1.0,N/A - No targets detected
294a5225a8301673_p055,294a5225a8301673,EVT_00073,the_new_indian_express,Neutral/Factual Background,,Neutral,1.0,N/A - No targets detected
294a5225a8301673_p056,294a5225a8301673,EVT_00073,the_new_indian_express,Communal Tension,Amit Shah,Negative,0.9,Shah also said
294a5225a8301673_p056,294a5225a8301673,EVT_00073,the_new_indian_express,Communal Tension,Samajwadi Party,Positive,0.8,"""if the Samajwadi Party gives all its tickets to Muslim women, where do we have any objection, we have no objections at all"""
294a5225a8301673_p057,294a5225a8301673,EVT_00073,the_new_indian_express,Neutral/Factual Background,,Neutral,1.0,N/A - No targets detected
294a5225a8301673_p058,294a5225a8301673,EVT_00073,the_new_indian_express,Neutral/Factual Background,,Neutral,1.0,N/A - No targets detected
294a5225a8301673_p059,294a5225a8301673,EVT_00073,the_new_indian_express,Attack/Defence,BJP,Negative,0.9,"said, 'BJP has made ‘Nari’ (women) their ‘Nara’ (slogan).'"
294a5225a8301673_p060,294a5225a8301673,EVT_00073,the_new_indian_express,Victimhood,BJP,Negative,0.9,said the party would not succeed
294a5225a8301673_p061,294a5225a8301673,EVT_00073,the_new_indian_express,Neutral/Factual Background,,Neutral,1.0,N/A - No targets detected
294a5225a8301673_p062,294a5225a8301673,EVT_00073,the_new_indian_express,Attack/Defence,BJP,Negative,0.9,accusing the government of bulldozing
294a5225a8301673_p063,294a5225a8301673,EVT_00073,the_new_indian_express,Neutral/Factual Background,,Neutral,1.0,N/A - No targets detected
294a5225a8301673_p064,294a5225a8301673,EVT_00073,the_new_indian_express,Neutral/Factual Background,,Neutral,1.0,N/A - No targets detected
294a5225a8301673_p065,294a5225a8301673,EVT_00073,the_new_indian_express,Neutral/Factual Background,,Neutral,1.0,N/A - No targets detected
294a5225a8301673_p066,294a5225a8301673,EVT_00073,the_new_indian_express,Neutral/Factual Background,,Neutral,1.0,N/A - No targets detected
294a5225a8301673_p067,294a5225a8301673,EVT_00073,the_new_indian_express,Neutral/Factual Background,,Neutral,1.0,N/A - No targets detected
294a5225a8301673_p068,294a5225a8301673,EVT_00073,the_new_indian_express,Neutral/Factual Background,,Neutral,1.0,N/A - No targets detected
294a5225a8301673_p069,294a5225a8301673,EVT_00073,the_new_indian_express,Attack/Defence,Lok Sabha,Neutral,1.0,"the House that the government’s bills were not aimed at women’s reservation, but were intended to"
294a5225a8301673_p069,294a5225a8301673,EVT_00073,the_new_indian_express,Attack/Defence,delimitation,Negative,0.9,push delimitation through the backdoor.
294a5225a8301673_p069,294a5225a8301673,EVT_00073,the_new_indian_express,Attack/Defence,BJP,Negative,0.9,"Gaurav Gogoi, the Congress' Deputy leader in Lok Sabha"
294a5225a8301673_p069,294a5225a8301673,EVT_00073,the_new_indian_express,Attack/Defence,Congress,Neutral,1.0,"the House that the government’s bills were not aimed at women’s reservation, but were intended to 'push delimitation through the backdoor'"
294a5225a8301673_p070,294a5225a8301673,EVT_00073,the_new_indian_express,Neutral/Factual Background,,Neutral,1.0,N/A - No targets detected
294a5225a8301673_p071,294a5225a8301673,EVT_00073,the_new_indian_express,Attack/Defence,NDA,Negative,0.9,accused it of not being in favour of women's reservation and caste census.
294a5225a8301673_p072,294a5225a8301673,EVT_00073,the_new_indian_express,Victimhood,Meghwal,Negative,0.9,You are again and again creating hurdles for women's reservation.
294a5225a8301673_p072,294a5225a8301673,EVT_00073,the_new_indian_express,Victimhood,Amit Shah,Negative,0.8,You are again and again creating hurdles for women's reservation.
294a5225a8301673_p072,294a5225a8301673,EVT_00073,the_new_indian_express,Victimhood,Gogoi,Positive,0.9,"This bill is not for women's reservation, but it is for delimitation through the back door,"
294a5225a8301673_p073,294a5225a8301673,EVT_00073,the_new_indian_express,Governance,Lok Sabha,Neutral,0.8,there would be an equal increase in the strength of the Lok Sabha to 815 seats
294a5225a8301673_p073,294a5225a8301673,EVT_00073,the_new_indian_express,Governance,Meghwal,Positive,0.9,Union Law Minister Arjun Ram Meghwal said there would be an equal increase in the strength of the Lok Sabha to 815 seats
294a5225a8301673_p074,294a5225a8301673,EVT_00073,the_new_indian_express,Neutral/Factual Background,,Neutral,1.0,N/A - No targets detected
294a5225a8301673_p075,294a5225a8301673,EVT_00073,the_new_indian_express,Neutral/Factual Background,,Neutral,1.0,N/A - No targets detected
294a5225a8301673_p076,294a5225a8301673,EVT_00073,the_new_indian_express,Neutral/Factual Background,,Neutral,1.0,N/A - No targets detected
294a5225a8301673_p077,294a5225a8301673,EVT_00073,the_new_indian_express,Neutral/Factual Background,,Neutral,1.0,N/A - No targets detected
294a5225a8301673_p078,294a5225a8301673,EVT_00073,the_new_indian_express,Governance,quota law,Neutral,1.0,Constitution amendment bill to tweak women quota law
294a5225a8301673_p078,294a5225a8301673,EVT_00073,the_new_indian_express,Governance,Lok Sabha,Negative,0.9,"officially known as the Constitution (One Hundred and Sixth Amendment) Act, 2023 -- introduced in Lok Sabha after division of votes"
294a5225a8301673_p079,294a5225a8301673,EVT_00073,the_new_indian_express,Governance,Lok Sabha,Neutral,1.0,"allowed the introduction of the Constitution (One Hundred and Thirty-First Amendment) Bill, 2026"
294a5225a8301673_p079,294a5225a8301673,EVT_00073,the_new_indian_express,Governance,NDA,Negative,0.9,Opposition pressed for division of votes to introduce bill to tweak women quota law.
294a5225a8301673_p079,294a5225a8301673,EVT_00073,the_new_indian_express,Governance,quota law,Neutral,1.0,to tweak women quota law
294a5225a8301673_p080,294a5225a8301673,EVT_00073,the_new_indian_express,Neutral/Factual Background,,Neutral,1.0,N/A - No targets detected
294a5225a8301673_p081,294a5225a8301673,EVT_00073,the_new_indian_express,Neutral/Factual Background,,Neutral,1.0,N/A - No targets detected
294a5225a8301673_p082,294a5225a8301673,EVT_00073,the_new_indian_express,Neutral/Factual Background,,Neutral,1.0,N/A - No targets detected
294a5225a8301673_p083,294a5225a8301673,EVT_00073,the_new_indian_express,Neutral/Factual Background,,Neutral,1.0,N/A - No targets detected
294a5225a8301673_p084,294a5225a8301673,EVT_00073,the_new_indian_express,Neutral/Factual Background,,Neutral,1.0,N/A - No targets detected
294a5225a8301673_p085,294a5225a8301673,EVT_00073,the_new_indian_express,Neutral/Factual Background,,Neutral,1.0,N/A - No targets detected
294a5225a8301673_p086,294a5225a8301673,EVT_00073,the_new_indian_express,Attack/Defence,BJP,Negative,0.9,Karamvir Singh Boudh (Congress) and Sanjay Bhatia (BJP)
294a5225a8301673_p086,294a5225a8301673,EVT_00073,the_new_indian_express,Attack/Defence,Congress,Neutral,0.7,Anurag Sharma of Congress has been elected from Himachal Pradesh.
294a5225a8301673_p087,294a5225a8301673,EVT_00073,the_new_indian_express,Neutral/Factual Background,,Neutral,1.0,N/A - No targets detected
294a5225a8301673_p088,294a5225a8301673,EVT_00073,the_new_indian_express,Neutral/Factual Background,,Neutral,1.0,N/A - No targets detected
294a5225a8301673_p089,294a5225a8301673,EVT_00073,the_new_indian_express,Attack/Defence,Baalu,Negative,0.9,opposing the bills introduced by the Centre
294a5225a8301673_p090,294a5225a8301673,EVT_00073,the_new_indian_express,Neutral/Factual Background,,Neutral,1.0,N/A - No targets detected
294a5225a8301673_p091,294a5225a8301673,EVT_00073,the_new_indian_express,Neutral/Factual Background,,Neutral,1.0,N/A - No targets detected
294a5225a8301673_p092,294a5225a8301673,EVT_00073,the_new_indian_express,Procedural Fairness,CPI,Negative,0.9,Rajya Sabha MP John Brittas said parliamentary assemblies could become “dysfunctional” if the number of members increases following delimitation.
294a5225a8301673_p093,294a5225a8301673,EVT_00073,the_new_indian_express,Neutral/Factual Background,,Neutral,1.0,N/A - No targets detected
294a5225a8301673_p094,294a5225a8301673,EVT_00073,the_new_indian_express,Neutral/Factual Background,,Neutral,1.0,N/A - No targets detected
294a5225a8301673_p095,294a5225a8301673,EVT_00073,the_new_indian_express,Neutral/Factual Background,,Neutral,1.0,N/A - No targets detected
294a5225a8301673_p096,294a5225a8301673,EVT_00073,the_new_indian_express,Neutral/Factual Background,,Neutral,1.0,N/A - No targets detected
294a5225a8301673_p097,294a5225a8301673,EVT_00073,the_new_indian_express,Neutral/Factual Background,,Neutral,1.0,N/A - No targets detected
294a5225a8301673_p098,294a5225a8301673,EVT_00073,the_new_indian_express,Communal Tension,Yadav,Negative,0.9,Dharmendra Yadav spoke about giving reservations to Muslim women
294a5225a8301673_p098,294a5225a8301673,EVT_00073,the_new_indian_express,Communal Tension,Samajwadi Party,Negative,0.9,This is unconstitutional. Reservation based on religion is unconstitutional
294a5225a8301673_p099,294a5225a8301673,EVT_00073,the_new_indian_express,Neutral/Factual Background,,Neutral,1.0,N/A - No targets detected
294a5225a8301673_p100,294a5225a8301673,EVT_00073,the_new_indian_express,Neutral/Factual Background,,Neutral,1.0,N/A - No targets detected
294a5225a8301673_p101,294a5225a8301673,EVT_00073,the_new_indian_express,Neutral/Factual Background,,Neutral,1.0,N/A - No targets detected
294a5225a8301673_p102,294a5225a8301673,EVT_00073,the_new_indian_express,Nationalism,Amit Shah,Neutral,0.9,
294a5225a8301673_p102,294a5225a8301673,EVT_00073,the_new_indian_express,Nationalism,Meghwal,Neutral,0.9,
294a5225a8301673_p103,294a5225a8301673,EVT_00073,the_new_indian_express,Neutral/Factual Background,,Neutral,1.0,N/A - No targets detected
294a5225a8301673_p104,294a5225a8301673,EVT_00073,the_new_indian_express,Governance,Lok Sabha,Neutral,0.9,aiming to expand the Lok Sabha's strength from 543 to 850 members.
294a5225a8301673_p104,294a5225a8301673,EVT_00073,the_new_indian_express,Governance,Constitution131AmendmentBill2026,Neutral,0.9,"proposed to introduce the Constitution (One Hundred and Thirty-First Amendment) Bill, 2026"
294a5225a8301673_p105,294a5225a8301673,EVT_00073,the_new_indian_express,Neutral/Factual Background,,Neutral,1.0,N/A - No targets detected
294a5225a8301673_p106,294a5225a8301673,EVT_00073,the_new_indian_express,Neutral/Factual Background,,Neutral,1.0,N/A - No targets detected
294a5225a8301673_p107,294a5225a8301673,EVT_00073,the_new_indian_express,Neutral/Factual Background,,Neutral,1.0,N/A - No targets detected
294a5225a8301673_p108,294a5225a8301673,EVT_00073,the_new_indian_express,Neutral/Factual Background,,Neutral,1.0,N/A - No targets detected
294a5225a8301673_p109,294a5225a8301673,EVT_00073,the_new_indian_express,Neutral/Factual Background,,Neutral,1.0,N/A - No targets detected
294a5225a8301673_p110,294a5225a8301673,EVT_00073,the_new_indian_express,Neutral/Factual Background,,Neutral,1.0,N/A - No targets detected
294a5225a8301673_p111,294a5225a8301673,EVT_00073,the_new_indian_express,Neutral/Factual Background,,Neutral,1.0,N/A - No targets detected
294a5225a8301673_p112,294a5225a8301673,EVT_00073,the_new_indian_express,Neutral/Factual Background,,Neutral,1.0,N/A - No targets detected
294a5225a8301673_p113,294a5225a8301673,EVT_00073,the_new_indian_express,Neutral/Factual Background,,Neutral,1.0,N/A - No targets detected
294a5225a8301673_p114,294a5225a8301673,EVT_00073,the_new_indian_express,Neutral/Factual Background,,Neutral,1.0,N/A - No targets detected
294a5225a8301673_p115,294a5225a8301673,EVT_00073,the_new_indian_express,Neutral/Factual Background,,Neutral,1.0,N/A - No targets detected
294a5225a8301673_p116,294a5225a8301673,EVT_00073,the_new_indian_express,Neutral/Factual Background,,Neutral,1.0,N/A - No targets detected
294a5225a8301673_p117,294a5225a8301673,EVT_00073,the_new_indian_express,Neutral/Factual Background,,Neutral,1.0,N/A - No targets detected
294a5225a8301673_p118,294a5225a8301673,EVT_00073,the_new_indian_express,Neutral/Factual Background,,Neutral,1.0,N/A - No targets detected
294a5225a8301673_p119,294a5225a8301673,EVT_00073,the_new_indian_express,Neutral/Factual Background,,Neutral,1.0,N/A - No targets detected
294a5225a8301673_p120,294a5225a8301673,EVT_00073,the_new_indian_express,Neutral/Factual Background,,Neutral,1.0,N/A - No targets detected
294a5225a8301673_p121,294a5225a8301673,EVT_00073,the_new_indian_express,Neutral/Factual Background,,Neutral,1.0,N/A - No targets detected
294a5225a8301673_p122,294a5225a8301673,EVT_00073,the_new_indian_express,Neutral/Factual Background,,Neutral,1.0,N/A - No targets detected
294a5225a8301673_p123,294a5225a8301673,EVT_00073,the_new_indian_express,Neutral/Factual Background,,Neutral,1.0,N/A - No targets detected
294a5225a8301673_p124,294a5225a8301673,EVT_00073,the_new_indian_express,Neutral/Factual Background,,Neutral,1.0,N/A - No targets detected
294a5225a8301673_p125,294a5225a8301673,EVT_00073,the_new_indian_express,Neutral/Factual Background,,Neutral,1.0,N/A - No targets detected
294a5225a8301673_p126,294a5225a8301673,EVT_00073,the_new_indian_express,Neutral/Factual Background,,Neutral,1.0,N/A - No targets detected
294a5225a8301673_p127,294a5225a8301673,EVT_00073,the_new_indian_express,Attack/Defence,Gogoi,Negative,0.9,Chief Minister and others present
294a5225a8301673_p128,294a5225a8301673,EVT_00073,the_new_indian_express,Neutral/Factual Background,,Neutral,1.0,N/A - No targets detected
294a5225a8301673_p129,294a5225a8301673,EVT_00073,the_new_indian_express,Neutral/Factual Background,,Neutral,1.0,N/A - No targets detected
294a5225a8301673_p130,294a5225a8301673,EVT_00073,the_new_indian_express,Neutral/Factual Background,,Neutral,1.0,N/A - No targets detected
294a5225a8301673_p131,294a5225a8301673,EVT_00073,the_new_indian_express,Neutral/Factual Background,,Neutral,1.0,N/A - No targets detected
294a5225a8301673_p132,294a5225a8301673,EVT_00073,the_new_indian_express,Neutral/Factual Background,,Neutral,1.0,N/A - No targets detected
294a5225a8301673_p133,294a5225a8301673,EVT_00073,the_new_indian_express,Governance,NDA,Negative,0.8,The opposition to the proposed delimitation bill has been mounting for a long time and has escalated
294a5225a8301673_p133,294a5225a8301673,EVT_00073,the_new_indian_express,Governance,Congress,Negative,0.9,The opposition has also objected to haste in convening a special Parliament sitting amid the election season.
294a5225a8301673_p134,294a5225a8301673,EVT_00073,the_new_indian_express,Neutral/Factual Background,,Neutral,1.0,N/A - No targets detected
294a5225a8301673_p135,294a5225a8301673,EVT_00073,the_new_indian_express,Neutral/Factual Background,,Neutral,1.0,N/A - No targets detected
294a5225a8301673_p136,294a5225a8301673,EVT_00073,the_new_indian_express,Neutral/Factual Background,,Neutral,1.0,N/A - No targets detected
294a5225a8301673_p137,294a5225a8301673,EVT_00073,the_new_indian_express,Neutral/Factual Background,,Neutral,1.0,N/A - No targets detected
294a5225a8301673_p138,294a5225a8301673,EVT_00073,the_new_indian_express,Neutral/Factual Background,,Neutral,1.0,N/A - No targets detected
294a5225a8301673_p139,294a5225a8301673,EVT_00073,the_new_indian_express,Neutral/Factual Background,,Neutral,1.0,N/A - No targets detected
294a5225a8301673_p140,294a5225a8301673,EVT_00073,the_new_indian_express,Neutral/Factual Background,,Neutral,1.0,N/A - No targets detected
294a5225a8301673_p141,294a5225a8301673,EVT_00073,the_new_indian_express,Neutral/Factual Background,,Neutral,1.0,N/A - No targets detected
294a5225a8301673_p142,294a5225a8301673,EVT_00073,the_new_indian_express,Neutral/Factual Background,,Neutral,1.0,N/A - No targets detected
294a5225a8301673_p143,294a5225a8301673,EVT_00073,the_new_indian_express,Neutral/Factual Background,,Neutral,1.0,N/A - No targets detected
294a5225a8301673_p144,294a5225a8301673,EVT_00073,the_new_indian_express,Neutral/Factual Background,,Neutral,1.0,N/A - No targets detected
294a5225a8301673_p145,294a5225a8301673,EVT_00073,the_new_indian_express,Neutral/Factual Background,,Neutral,1.0,N/A - No targets detected
294a5225a8301673_p146,294a5225a8301673,EVT_00073,the_new_indian_express,Neutral/Factual Background,,Neutral,1.0,N/A - No targets detected
294a5225a8301673_p147,294a5225a8301673,EVT_00073,the_new_indian_express,Neutral/Factual Background,,Neutral,1.0,N/A - No targets detected
9cbc3a7b463b109c_p001,9cbc3a7b463b109c,EVT_00073,ndtv,Nationalism,Amit Shah,Negative,0.9,spun a false narrative on delimitation and presented data
9cbc3a7b463b109c_p001,9cbc3a7b463b109c,EVT_00073,ndtv,Nationalism,Southern States,Neutral,0.5,"presented data, which, he said, proves that even the south will gain after delimitation"
9cbc3a7b463b109c_p002,9cbc3a7b463b109c,EVT_00073,ndtv,Neutral/Factual Background,,Neutral,1.0,N/A - No targets detected
9cbc3a7b463b109c_p003,9cbc3a7b463b109c,EVT_00073,ndtv,Governance,Lok Sabha,Neutral,1.0,the second highest number of MPs in the Lok Sabha
9cbc3a7b463b109c_p003,9cbc3a7b463b109c,EVT_00073,ndtv,Governance,Amit Shah,Positive,0.8,"said Tamil Nadu will get 20 more seats, Kerala 10, Telangana 9 and Andhra Pradesh 13 seats."
9cbc3a7b463b109c_p004,9cbc3a7b463b109c,EVT_00073,ndtv,Neutral/Factual Background,,Neutral,1.0,N/A - No targets detected
9cbc3a7b463b109c_p005,9cbc3a7b463b109c,EVT_00073,ndtv,Neutral/Factual Background,,Neutral,1.0,N/A - No targets detected
9cbc3a7b463b109c_p006,9cbc3a7b463b109c,EVT_00073,ndtv,Neutral/Factual Background,,Neutral,1.0,N/A - No targets detected
9cbc3a7b463b109c_p007,9cbc3a7b463b109c,EVT_00073,ndtv,Neutral/Factual Background,,Neutral,1.0,N/A - No targets detected
9cbc3a7b463b109c_p008,9cbc3a7b463b109c,EVT_00073,ndtv,Neutral/Factual Background,,Neutral,1.0,N/A - No targets detected
9cbc3a7b463b109c_p009,9cbc3a7b463b109c,EVT_00073,ndtv,Neutral/Factual,Amit Shah,Neutral,1.0,Shah said
9cbc3a7b463b109c_p010,9cbc3a7b463b109c,EVT_00073,ndtv,Neutral/Factual Background,,Neutral,1.0,N/A - No targets detected
9cbc3a7b463b109c_p011,9cbc3a7b463b109c,EVT_00073,ndtv,Neutral/Factual Background,,Neutral,1.0,N/A - No targets detected
9cbc3a7b463b109c_p012,9cbc3a7b463b109c,EVT_00073,ndtv,Neutral/Factual Background,,Neutral,1.0,N/A - No targets detected
9cbc3a7b463b109c_p013,9cbc3a7b463b109c,EVT_00073,ndtv,Neutral/Factual Background,,Neutral,1.0,N/A - No targets detected
9cbc3a7b463b109c_p014,9cbc3a7b463b109c,EVT_00073,ndtv,Neutral/Factual Background,,Neutral,1.0,N/A - No targets detected
9cbc3a7b463b109c_p015,9cbc3a7b463b109c,EVT_00073,ndtv,Neutral/Factual Background,,Neutral,1.0,N/A - No targets detected
9cbc3a7b463b109c_p016,9cbc3a7b463b109c,EVT_00073,ndtv,Neutral/Factual Background,,Neutral,1.0,N/A - No targets detected
9cbc3a7b463b109c_p017,9cbc3a7b463b109c,EVT_00073,ndtv,Neutral/Factual Background,,Neutral,1.0,N/A - No targets detected
b15b01acc3e4ca81_p001,b15b01acc3e4ca81,EVT_00073,the_hindu,Nationalism,Amit Shah,Neutral,0.8,
b15b01acc3e4ca81_p001,b15b01acc3e4ca81,EVT_00073,the_hindu,Nationalism,PM Modi,Positive,0.95,told the Lok Sabha
b15b01acc3e4ca81_p002,b15b01acc3e4ca81,EVT_00073,the_hindu,Neutral/Factual Background,,Neutral,1.0,N/A - No targets detected
b15b01acc3e4ca81_p003,b15b01acc3e4ca81,EVT_00073,the_hindu,Neutral/Factual Background,,Neutral,1.0,N/A - No targets detected
cb1ecc0fc88ddbef_p001,cb1ecc0fc88ddbef,EVT_00073,theprint,Neutral/Factual Background,,Neutral,1.0,N/A - No targets detected
cb1ecc0fc88ddbef_p002,cb1ecc0fc88ddbef,EVT_00073,theprint,Neutral/Factual Background,,Neutral,1.0,N/A - No targets detected
cb1ecc0fc88ddbef_p003,cb1ecc0fc88ddbef,EVT_00073,theprint,Procedural Fairness,Delimitation Commission,Neutral,0.9,Let me clearly state that the Delimitation Commission’s report will come into effect only when it is accepted by Parliament and receives the President’s approval.
cb1ecc0fc88ddbef_p003,cb1ecc0fc88ddbef,EVT_00073,theprint,Procedural Fairness,Amit Shah,Positive,0.9,"Even Akhilesh ji (Yadav) to be worried,” Amit Shah added."
cb1ecc0fc88ddbef_p004,cb1ecc0fc88ddbef,EVT_00073,theprint,Neutral/Factual Background,,Neutral,1.0,N/A - No targets detected
cb1ecc0fc88ddbef_p005,cb1ecc0fc88ddbef,EVT_00073,theprint,Neutral/Factual Background,,Neutral,1.0,N/A - No targets detected
cb1ecc0fc88ddbef_p006,cb1ecc0fc88ddbef,EVT_00073,theprint,Communal Tension,Amit Shah,Negative,1.0,said Shah.
cb1ecc0fc88ddbef_p007,cb1ecc0fc88ddbef,EVT_00073,theprint,Neutral/Factual Background,,Neutral,1.0,N/A - No targets detected
cb1ecc0fc88ddbef_p008,cb1ecc0fc88ddbef,EVT_00073,theprint,Neutral/Factual Background,,Neutral,1.0,N/A - No targets detected
cb1ecc0fc88ddbef_p009,cb1ecc0fc88ddbef,EVT_00073,theprint,Neutral/Factual Background,,Neutral,1.0,N/A - No targets detected
cb1ecc0fc88ddbef_p010,cb1ecc0fc88ddbef,EVT_00073,theprint,Parse Error,Telangana,Neutral,0.0,LLM Parse Error
cb1ecc0fc88ddbef_p011,cb1ecc0fc88ddbef,EVT_00073,theprint,Neutral/Factual Background,,Neutral,1.0,N/A - No targets detected
cb1ecc0fc88ddbef_p012,cb1ecc0fc88ddbef,EVT_00073,theprint,Neutral/Factual Background,,Neutral,1.0,N/A - No targets detected
cb1ecc0fc88ddbef_p013,cb1ecc0fc88ddbef,EVT_00073,theprint,Neutral/Factual Background,,Neutral,1.0,N/A - No targets detected
cb1ecc0fc88ddbef_p014,cb1ecc0fc88ddbef,EVT_00073,theprint,Neutral/Factual Background,,Neutral,1.0,N/A - No targets detected
cb1ecc0fc88ddbef_p015,cb1ecc0fc88ddbef,EVT_00073,theprint,Neutral/Factual Background,,Neutral,1.0,N/A - No targets detected
cb1ecc0fc88ddbef_p016,cb1ecc0fc88ddbef,EVT_00073,theprint,Neutral/Factual Background,,Neutral,1.0,N/A - No targets detected
cb1ecc0fc88ddbef_p017,cb1ecc0fc88ddbef,EVT_00073,theprint,Neutral/Factual Background,,Neutral,1.0,N/A - No targets detected
cb1ecc0fc88ddbef_p018,cb1ecc0fc88ddbef,EVT_00073,theprint,Neutral/Factual Background,,Neutral,1.0,N/A - No targets detected
ced6eb3dc1554a5c_p001,ced6eb3dc1554a5c,EVT_00073,the_hindu,Neutral/Factual Background,,Neutral,1.0,N/A - No targets detected
ced6eb3dc1554a5c_p002,ced6eb3dc1554a5c,EVT_00073,the_hindu,Neutral/Factual Background,,Neutral,1.0,N/A - No targets detected
ced6eb3dc1554a5c_p003,ced6eb3dc1554a5c,EVT_00073,the_hindu,Neutral/Factual Background,,Neutral,1.0,N/A - No targets detected
669554057b4a4f44_p001,669554057b4a4f44,EVT_00087,ndtv,Neutral/Factual Background,,Neutral,1.0,N/A - No targets detected
669554057b4a4f44_p002,669554057b4a4f44,EVT_00087,ndtv,Neutral/Factual Background,,Neutral,1.0,N/A - No targets detected
669554057b4a4f44_p003,669554057b4a4f44,EVT_00087,ndtv,Neutral/Factual Background,,Neutral,1.0,N/A - No targets detected
669554057b4a4f44_p004,669554057b4a4f44,EVT_00087,ndtv,Neutral/Factual Background,,Neutral,1.0,N/A - No targets detected
669554057b4a4f44_p005,669554057b4a4f44,EVT_00087,ndtv,Neutral/Factual Background,,Neutral,1.0,N/A - No targets detected
669554057b4a4f44_p006,669554057b4a4f44,EVT_00087,ndtv,Neutral/Factual Background,,Neutral,1.0,N/A - No targets detected
669554057b4a4f44_p007,669554057b4a4f44,EVT_00087,ndtv,Neutral/Factual Background,,Neutral,1.0,N/A - No targets detected
669554057b4a4f44_p008,669554057b4a4f44,EVT_00087,ndtv,Neutral/Factual Background,,Neutral,1.0,N/A - No targets detected
669554057b4a4f44_p009,669554057b4a4f44,EVT_00087,ndtv,Neutral/Factual Background,,Neutral,1.0,N/A - No targets detected
669554057b4a4f44_p010,669554057b4a4f44,EVT_00087,ndtv,Neutral/Factual Background,,Neutral,1.0,N/A - No targets detected
669554057b4a4f44_p011,669554057b4a4f44,EVT_00087,ndtv,Neutral/Factual Background,,Neutral,1.0,N/A - No targets detected
669554057b4a4f44_p012,669554057b4a4f44,EVT_00087,ndtv,Neutral/Factual Background,,Neutral,1.0,N/A - No targets detected
669554057b4a4f44_p013,669554057b4a4f44,EVT_00087,ndtv,Neutral/Factual Background,,Neutral,1.0,N/A - No targets detected
669554057b4a4f44_p014,669554057b4a4f44,EVT_00087,ndtv,Neutral/Factual Background,,Neutral,1.0,N/A - No targets detected
669554057b4a4f44_p015,669554057b4a4f44,EVT_00087,ndtv,Neutral/Factual Background,,Neutral,1.0,N/A - No targets detected
669554057b4a4f44_p016,669554057b4a4f44,EVT_00087,ndtv,Neutral/Factual Background,,Neutral,1.0,N/A - No targets detected
669554057b4a4f44_p017,669554057b4a4f44,EVT_00087,ndtv,Neutral/Factual Background,,Neutral,1.0,N/A - No targets detected
669554057b4a4f44_p018,669554057b4a4f44,EVT_00087,ndtv,Neutral/Factual Background,,Neutral,1.0,N/A - No targets detected
669554057b4a4f44_p019,669554057b4a4f44,EVT_00087,ndtv,Neutral/Factual Background,,Neutral,1.0,N/A - No targets detected
669554057b4a4f44_p020,669554057b4a4f44,EVT_00087,ndtv,Neutral/Factual Background,,Neutral,1.0,N/A - No targets detected
669554057b4a4f44_p021,669554057b4a4f44,EVT_00087,ndtv,Neutral/Factual Background,,Neutral,1.0,N/A - No targets detected
669554057b4a4f44_p022,669554057b4a4f44,EVT_00087,ndtv,Neutral/Factual Background,,Neutral,1.0,N/A - No targets detected
669554057b4a4f44_p023,669554057b4a4f44,EVT_00087,ndtv,Neutral/Factual Background,,Neutral,1.0,N/A - No targets detected
669554057b4a4f44_p024,669554057b4a4f44,EVT_00087,ndtv,Neutral/Factual Background,,Neutral,1.0,N/A - No targets detected
669554057b4a4f44_p025,669554057b4a4f44,EVT_00087,ndtv,Neutral/Factual Background,,Neutral,1.0,N/A - No targets detected
8ae438ad0be3762a_p001,8ae438ad0be3762a,EVT_00087,india_today,Neutral/Factual Background,,Neutral,1.0,N/A - No targets detected
8ae438ad0be3762a_p002,8ae438ad0be3762a,EVT_00087,india_today,Neutral/Factual Background,,Neutral,1.0,N/A - No targets detected
8ae438ad0be3762a_p003,8ae438ad0be3762a,EVT_00087,india_today,Neutral/Factual Background,,Neutral,1.0,N/A - No targets detected
8ae438ad0be3762a_p004,8ae438ad0be3762a,EVT_00087,india_today,Neutral/Factual Background,,Neutral,1.0,N/A - No targets detected
8ae438ad0be3762a_p005,8ae438ad0be3762a,EVT_00087,india_today,Neutral/Factual Background,,Neutral,1.0,N/A - No targets detected
8ae438ad0be3762a_p006,8ae438ad0be3762a,EVT_00087,india_today,Neutral/Factual Background,,Neutral,1.0,N/A - No targets detected
8ae438ad0be3762a_p007,8ae438ad0be3762a,EVT_00087,india_today,Neutral/Factual Background,,Neutral,1.0,N/A - No targets detected
8ae438ad0be3762a_p008,8ae438ad0be3762a,EVT_00087,india_today,Neutral/Factual Background,,Neutral,1.0,N/A - No targets detected
8ae438ad0be3762a_p009,8ae438ad0be3762a,EVT_00087,india_today,Neutral/Factual,Shariat,Neutral,0.9,"""You will have to add the affected women as party/intervenors so that it doesn’t appear to be an issue of other persons challenging a faith,"" he said, noting that Article 25 concerns may arise later."
8ae438ad0be3762a_p010,8ae438ad0be3762a,EVT_00087,india_today,Neutral/Factual Background,,Neutral,1.0,N/A - No targets detected
8ae438ad0be3762a_p011,8ae438ad0be3762a,EVT_00087,india_today,Attack/Defence,Shariat,Negative,0.9,"“In the absence of uniform civil law, 100 million Muslim women [are] being discriminated against women receive half or even less of what male counterparts receive,”"
8ae438ad0be3762a_p011,8ae438ad0be3762a,EVT_00087,india_today,Attack/Defence,1937,Negative,0.9,"“In the absence of uniform civil law, 100 million Muslim women [are] being discriminated against women receive half or even less of what male counterparts receive,”"
8ae438ad0be3762a_p012,8ae438ad0be3762a,EVT_00087,india_today,Neutral/Factual Background,,Neutral,1.0,N/A - No targets detected
8ae438ad0be3762a_p013,8ae438ad0be3762a,EVT_00087,india_today,Neutral/Factual Background,,Neutral,1.0,N/A - No targets detected
8ae438ad0be3762a_p014,8ae438ad0be3762a,EVT_00087,india_today,Neutral/Factual Background,,Neutral,1.0,N/A - No targets detected
8ae438ad0be3762a_p015,8ae438ad0be3762a,EVT_00087,india_today,Neutral/Factual Background,,Neutral,1.0,N/A - No targets detected
8ae438ad0be3762a_p016,8ae438ad0be3762a,EVT_00087,india_today,Neutral/Factual Background,,Neutral,1.0,N/A - No targets detected
8ae438ad0be3762a_p017,8ae438ad0be3762a,EVT_00087,india_today,Neutral/Factual Background,,Neutral,1.0,N/A - No targets detected
788e5ebf161efe3f_p001,788e5ebf161efe3f,EVT_00073,firstpost,Neutral/Factual Background,,Neutral,1.0,N/A - No targets detected
788e5ebf161efe3f_p002,788e5ebf161efe3f,EVT_00073,firstpost,Neutral/Factual Background,,Neutral,1.0,N/A - No targets detected
788e5ebf161efe3f_p003,788e5ebf161efe3f,EVT_00073,firstpost,Neutral/Factual Background,,Neutral,1.0,N/A - No targets detected
788e5ebf161efe3f_p004,788e5ebf161efe3f,EVT_00073,firstpost,Neutral/Factual Background,,Neutral,1.0,N/A - No targets detected
788e5ebf161efe3f_p005,788e5ebf161efe3f,EVT_00073,firstpost,Neutral/Factual Background,,Neutral,1.0,N/A - No targets detected
788e5ebf161efe3f_p006,788e5ebf161efe3f,EVT_00073,firstpost,Governance,PTI,Neutral,1.0,"“According to the women’s reservation bill, the strength of the Lok Sabha will be increased to 815, of which women’s quota will be of 272 seats,” PTI quoted the minister as saying."
788e5ebf161efe3f_p007,788e5ebf161efe3f,EVT_00073,firstpost,Neutral/Factual Background,,Neutral,1.0,N/A - No targets detected
788e5ebf161efe3f_p008,788e5ebf161efe3f,EVT_00073,firstpost,Neutral/Factual Background,,Neutral,1.0,N/A - No targets detected
788e5ebf161efe3f_p009,788e5ebf161efe3f,EVT_00073,firstpost,Neutral/Factual Background,,Neutral,1.0,N/A - No targets detected
788e5ebf161efe3f_p010,788e5ebf161efe3f,EVT_00073,firstpost,Neutral/Factual Background,,Neutral,1.0,N/A - No targets detected
788e5ebf161efe3f_p011,788e5ebf161efe3f,EVT_00073,firstpost,Neutral/Factual Background,,Neutral,1.0,N/A - No targets detected
788e5ebf161efe3f_p012,788e5ebf161efe3f,EVT_00073,firstpost,Neutral/Factual Background,,Neutral,1.0,N/A - No targets detected
788e5ebf161efe3f_p013,788e5ebf161efe3f,EVT_00073,firstpost,Neutral/Factual Background,,Neutral,1.0,N/A - No targets detected
788e5ebf161efe3f_p014,788e5ebf161efe3f,EVT_00073,firstpost,Neutral/Factual Background,,Neutral,1.0,N/A - No targets detected
788e5ebf161efe3f_p015,788e5ebf161efe3f,EVT_00073,firstpost,Neutral/Factual Background,,Neutral,1.0,N/A - No targets detected
788e5ebf161efe3f_p016,788e5ebf161efe3f,EVT_00073,firstpost,Neutral/Factual Background,,Neutral,1.0,N/A - No targets detected
788e5ebf161efe3f_p017,788e5ebf161efe3f,EVT_00073,firstpost,Neutral/Factual Background,,Neutral,1.0,N/A - No targets detected
788e5ebf161efe3f_p018,788e5ebf161efe3f,EVT_00073,firstpost,Neutral/Factual Background,,Neutral,1.0,N/A - No targets detected
788e5ebf161efe3f_p019,788e5ebf161efe3f,EVT_00073,firstpost,Neutral/Factual Background,,Neutral,1.0,N/A - No targets detected
788e5ebf161efe3f_p020,788e5ebf161efe3f,EVT_00073,firstpost,Neutral/Factual Background,,Neutral,1.0,N/A - No targets detected
788e5ebf161efe3f_p021,788e5ebf161efe3f,EVT_00073,firstpost,Neutral/Factual Background,,Neutral,1.0,N/A - No targets detected
788e5ebf161efe3f_p022,788e5ebf161efe3f,EVT_00073,firstpost,Neutral/Factual Background,,Neutral,1.0,N/A - No targets detected
788e5ebf161efe3f_p023,788e5ebf161efe3f,EVT_00073,firstpost,Neutral/Factual Background,,Neutral,1.0,N/A - No targets detected
788e5ebf161efe3f_p024,788e5ebf161efe3f,EVT_00073,firstpost,Neutral/Factual Background,,Neutral,1.0,N/A - No targets detected
788e5ebf161efe3f_p025,788e5ebf161efe3f,EVT_00073,firstpost,Neutral/Factual Background,,Neutral,1.0,N/A - No targets detected
788e5ebf161efe3f_p026,788e5ebf161efe3f,EVT_00073,firstpost,Neutral/Factual Background,,Neutral,1.0,N/A - No targets detected
788e5ebf161efe3f_p027,788e5ebf161efe3f,EVT_00073,firstpost,Neutral/Factual Background,,Neutral,1.0,N/A - No targets detected
788e5ebf161efe3f_p028,788e5ebf161efe3f,EVT_00073,firstpost,Neutral/Factual Background,,Neutral,1.0,N/A - No targets detected
788e5ebf161efe3f_p029,788e5ebf161efe3f,EVT_00073,firstpost,Neutral/Factual Background,,Neutral,1.0,N/A - No targets detected
788e5ebf161efe3f_p030,788e5ebf161efe3f,EVT_00073,firstpost,Neutral/Factual Background,,Neutral,1.0,N/A - No targets detected
788e5ebf161efe3f_p031,788e5ebf161efe3f,EVT_00073,firstpost,Neutral/Factual Background,,Neutral,1.0,N/A - No targets detected
788e5ebf161efe3f_p032,788e5ebf161efe3f,EVT_00073,firstpost,Neutral/Factual Background,,Neutral,1.0,N/A - No targets detected
788e5ebf161efe3f_p033,788e5ebf161efe3f,EVT_00073,firstpost,Neutral/Factual Background,,Neutral,1.0,N/A - No targets detected
788e5ebf161efe3f_p034,788e5ebf161efe3f,EVT_00073,firstpost,Neutral/Factual Background,,Neutral,1.0,N/A - No targets detected
788e5ebf161efe3f_p035,788e5ebf161efe3f,EVT_00073,firstpost,Neutral/Factual Background,,Neutral,1.0,N/A - No targets detected
788e5ebf161efe3f_p036,788e5ebf161efe3f,EVT_00073,firstpost,Neutral/Factual Background,,Neutral,1.0,N/A - No targets detected
788e5ebf161efe3f_p037,788e5ebf161efe3f,EVT_00073,firstpost,Victimhood,Akhilesh Yadav,Positive,0.9,"you don’t need to worry even though you are not going to win the elections in Uttar Pradesh,” he said."
788e5ebf161efe3f_p038,788e5ebf161efe3f,EVT_00073,firstpost,Neutral/Factual Background,,Neutral,1.0,N/A - No targets detected
788e5ebf161efe3f_p039,788e5ebf161efe3f,EVT_00073,firstpost,Neutral/Factual Background,,Neutral,1.0,N/A - No targets detected
788e5ebf161efe3f_p040,788e5ebf161efe3f,EVT_00073,firstpost,Neutral/Factual Background,,Neutral,1.0,N/A - No targets detected
788e5ebf161efe3f_p041,788e5ebf161efe3f,EVT_00073,firstpost,Neutral/Factual Background,,Neutral,1.0,N/A - No targets detected
788e5ebf161efe3f_p042,788e5ebf161efe3f,EVT_00073,firstpost,Neutral/Factual Background,,Neutral,1.0,N/A - No targets detected
94b32dde0f551020_p001,94b32dde0f551020,EVT_00103,the_hindu,Neutral/Factual Background,,Neutral,1.0,N/A - No targets detected
94b32dde0f551020_p002,94b32dde0f551020,EVT_00103,the_hindu,Neutral/Factual Background,,Neutral,1.0,N/A - No targets detected
94b32dde0f551020_p003,94b32dde0f551020,EVT_00103,the_hindu,Neutral/Factual Background,,Neutral,1.0,N/A - No targets detected
ad82f180799ca4e6_p001,ad82f180799ca4e6,EVT_00103,the_new_indian_express,Neutral/Factual Background,,Neutral,1.0,N/A - No targets detected
ad82f180799ca4e6_p002,ad82f180799ca4e6,EVT_00103,the_new_indian_express,Neutral/Factual Background,,Neutral,1.0,N/A - No targets detected
ad82f180799ca4e6_p003,ad82f180799ca4e6,EVT_00103,the_new_indian_express,Neutral/Factual Background,,Neutral,1.0,N/A - No targets detected
ad82f180799ca4e6_p004,ad82f180799ca4e6,EVT_00103,the_new_indian_express,Neutral/Factual Background,,Neutral,1.0,N/A - No targets detected
ad82f180799ca4e6_p005,ad82f180799ca4e6,EVT_00103,the_new_indian_express,Neutral/Factual Background,,Neutral,1.0,N/A - No targets detected
ad82f180799ca4e6_p006,ad82f180799ca4e6,EVT_00103,the_new_indian_express,Neutral/Factual Background,,Neutral,1.0,N/A - No targets detected
ad82f180799ca4e6_p007,ad82f180799ca4e6,EVT_00103,the_new_indian_express,Neutral/Factual Background,,Neutral,1.0,N/A - No targets detected
ad82f180799ca4e6_p008,ad82f180799ca4e6,EVT_00103,the_new_indian_express,Neutral/Factual Background,,Neutral,1.0,N/A - No targets detected
ad82f180799ca4e6_p009,ad82f180799ca4e6,EVT_00103,the_new_indian_express,Neutral/Factual Background,,Neutral,1.0,N/A - No targets detected
ad82f180799ca4e6_p010,ad82f180799ca4e6,EVT_00103,the_new_indian_express,Neutral/Factual Background,,Neutral,1.0,N/A - No targets detected
ad82f180799ca4e6_p011,ad82f180799ca4e6,EVT_00103,the_new_indian_express,Neutral/Factual Background,,Neutral,1.0,N/A - No targets detected
e9cd49ce4ca0c176_p001,e9cd49ce4ca0c176,EVT_00103,the_hindu,Neutral/Factual Background,,Neutral,1.0,N/A - No targets detected
e9cd49ce4ca0c176_p002,e9cd49ce4ca0c176,EVT_00103,the_hindu,Neutral/Factual Background,,Neutral,1.0,N/A - No targets detected
e9cd49ce4ca0c176_p003,e9cd49ce4ca0c176,EVT_00103,the_hindu,Neutral/Factual Background,,Neutral,1.0,N/A - No targets detected
ae4757bb96c0dc20_p001,ae4757bb96c0dc20,EVT_00110,hindustan_times,Neutral/Factual Background,,Neutral,1.0,N/A - No targets detected
ae4757bb96c0dc20_p002,ae4757bb96c0dc20,EVT_00110,hindustan_times,Procedural Fairness,YCP,Neutral,0.8,support constituency delimitation
ae4757bb96c0dc20_p002,ae4757bb96c0dc20,EVT_00110,hindustan_times,Procedural Fairness,BJR,Negative,0.95,urge the Centre to ensure fair representation for southern states
ae4757bb96c0dc20_p003,ae4757bb96c0dc20,EVT_00110,hindustan_times,Neutral/Factual Background,,Neutral,1.0,N/A - No targets detected
ae4757bb96c0dc20_p004,ae4757bb96c0dc20,EVT_00110,hindustan_times,Attack/Defence,YCP,Neutral,0.9,trigger a widespread public agitation across south India
ae4757bb96c0dc20_p004,ae4757bb96c0dc20,EVT_00110,hindustan_times,Attack/Defence,BJP,Negative,0.85,"if the delimitation process results in reduced representation for southern states in Parliament, it would trigger a widespread public agitation across south India."
ae4757bb96c0dc20_p005,ae4757bb96c0dc20,EVT_00110,hindustan_times,Governance,BRS,Negative,0.9,"has been demanding an increase in the number of assembly and Lok Sabha seats as promised in the AP Reorganisation Act, 2014."
ae4757bb96c0dc20_p006,ae4757bb96c0dc20,EVT_00110,hindustan_times,Victimhood,KTSSR,Negative,0.9,would not tolerate any attempt to suppress their voice and representation
ae4757bb96c0dc20_p007,ae4757bb96c0dc20,EVT_00110,hindustan_times,Neutral/Factual Background,,Neutral,1.0,N/A - No targets detected
ae4757bb96c0dc20_p008,ae4757bb96c0dc20,EVT_00110,hindustan_times,Neutral/Factual Background,,Neutral,1.0,N/A - No targets detected
ae4757bb96c0dc20_p009,ae4757bb96c0dc20,EVT_00110,hindustan_times,Neutral/Factual Background,,Neutral,1.0,N/A - No targets detected
ae4757bb96c0dc20_p010,ae4757bb96c0dc20,EVT_00110,hindustan_times,Neutral/Factual Background,,Neutral,1.0,N/A - No targets detected
ae4757bb96c0dc20_p011,ae4757bb96c0dc20,EVT_00110,hindustan_times,Procedural Fairness,Reddy,Positive,0.9,"""Any changes to constituency boundaries should be carried out in a manner that does not inconvenience local populations,"" said Reddy, adding that a scientific and systematic resolution of public grievances was necessary."
ae4757bb96c0dc20_p011,ae4757bb96c0dc20,EVT_00110,hindustan_times,Procedural Fairness,YCP,Positive,0.9,"""The YSRCP urged the Centre to take into account public concerns and objections that may arise during the delimitation exercise. """
ae4757bb96c0dc20_p012,ae4757bb96c0dc20,EVT_00110,hindustan_times,Neutral/Factual Background,,Neutral,1.0,N/A - No targets detected
ae4757bb96c0dc20_p013,ae4757bb96c0dc20,EVT_00110,hindustan_times,Neutral/Factual Background,,Neutral,1.0,N/A - No targets detected
ae4757bb96c0dc20_p014,ae4757bb96c0dc20,EVT_00110,hindustan_times,Neutral/Factual Background,,Neutral,1.0,N/A - No targets detected
c0c30a245169d134_p001,c0c30a245169d134,EVT_00110,india_today,Neutral/Factual Background,,Neutral,1.0,N/A - No targets detected
c0c30a245169d134_p002,c0c30a245169d134,EVT_00110,india_today,Neutral/Factual Background,,Neutral,1.0,N/A - No targets detected
c0c30a245169d134_p003,c0c30a245169d134,EVT_00110,india_today,Neutral/Factual Background,,Neutral,1.0,N/A - No targets detected
c0c30a245169d134_p004,c0c30a245169d134,EVT_00110,india_today,Attack/Defence,AAP,Negative,0.9,"launched a strong attack, saying the exercise was not a routine democratic step but a targeted action against certain states."
c0c30a245169d134_p004,c0c30a245169d134,EVT_00110,india_today,Attack/Defence,Malvinder Singh Kang,Positive,0.9,"Punjab AAP MP Malvinder Singh Kang launched a strong attack, saying the exercise was not a routine democratic step but a targeted action against certain states."
c0c30a245169d134_p005,c0c30a245169d134,EVT_00110,india_today,Neutral/Factual Background,,Neutral,1.0,N/A - No targets detected
c0c30a245169d134_p006,c0c30a245169d134,EVT_00110,india_today,Neutral/Factual Background,,Neutral,1.0,N/A - No targets detected
c0c30a245169d134_p007,c0c30a245169d134,EVT_00110,india_today,Neutral/Factual Background,,Neutral,1.0,N/A - No targets detected
c0c30a245169d134_p008,c0c30a245169d134,EVT_00110,india_today,Neutral/Factual Background,,Neutral,1.0,N/A - No targets detected
c0c30a245169d134_p009,c0c30a245169d134,EVT_00110,india_today,Neutral/Factual Background,,Neutral,1.0,N/A - No targets detected
c0c30a245169d134_p010,c0c30a245169d134,EVT_00110,india_today,Attack/Defence,AAP,Negative,0.9,The AAP leader said the proposed changes risk weakening the federal structure of the country.
c0c30a245169d134_p011,c0c30a245169d134,EVT_00110,india_today,Neutral/Factual Background,,Neutral,1.0,N/A - No targets detected
c0c30a245169d134_p012,c0c30a245169d134,EVT_00110,india_today,Neutral/Factual Background,,Neutral,1.0,N/A - No targets detected
b7c606c657fcb489_p001,b7c606c657fcb489,EVT_00092,the_hindu,Neutral/Factual Background,,Neutral,1.0,N/A - No targets detected
b7c606c657fcb489_p002,b7c606c657fcb489,EVT_00092,the_hindu,Neutral/Factual Background,,Neutral,1.0,N/A - No targets detected
b7c606c657fcb489_p003,b7c606c657fcb489,EVT_00092,the_hindu,Neutral/Factual Background,,Neutral,1.0,N/A - No targets detected
a3f79ed48e50d444_p001,a3f79ed48e50d444,EVT_00092,ndtv,Neutral/Factual Background,,Neutral,1.0,N/A - No targets detected
a3f79ed48e50d444_p002,a3f79ed48e50d444,EVT_00092,ndtv,Neutral/Factual Background,,Neutral,1.0,N/A - No targets detected
a3f79ed48e50d444_p003,a3f79ed48e50d444,EVT_00092,ndtv,Neutral/Factual Background,,Neutral,1.0,N/A - No targets detected
a3f79ed48e50d444_p004,a3f79ed48e50d444,EVT_00092,ndtv,Neutral/Factual Background,,Neutral,1.0,N/A - No targets detected
a3f79ed48e50d444_p005,a3f79ed48e50d444,EVT_00092,ndtv,Neutral/Factual Background,,Neutral,1.0,N/A - No targets detected
a3f79ed48e50d444_p006,a3f79ed48e50d444,EVT_00092,ndtv,Neutral/Factual Background,,Neutral,1.0,N/A - No targets detected
dccb3abe32082c03_p001,dccb3abe32082c03,EVT_00122,the_times_of_india,Neutral/Factual Background,,Neutral,1.0,N/A - No targets detected
dccb3abe32082c03_p002,dccb3abe32082c03,EVT_00122,the_times_of_india,Neutral/Factual Background,,Neutral,1.0,N/A - No targets detected
dccb3abe32082c03_p003,dccb3abe32082c03,EVT_00122,the_times_of_india,Neutral/Factual Background,,Neutral,1.0,N/A - No targets detected
dccb3abe32082c03_p004,dccb3abe32082c03,EVT_00122,the_times_of_india,Neutral/Factual Background,,Neutral,1.0,N/A - No targets detected
dccb3abe32082c03_p005,dccb3abe32082c03,EVT_00122,the_times_of_india,Neutral/Factual Background,,Neutral,1.0,N/A - No targets detected
dccb3abe32082c03_p006,dccb3abe32082c03,EVT_00122,the_times_of_india,Neutral/Factual Background,,Neutral,1.0,N/A - No targets detected
dccb3abe32082c03_p007,dccb3abe32082c03,EVT_00122,the_times_of_india,Neutral/Factual Background,,Neutral,1.0,N/A - No targets detected
dccb3abe32082c03_p008,dccb3abe32082c03,EVT_00122,the_times_of_india,Neutral/Factual Background,,Neutral,1.0,N/A - No targets detected
dccb3abe32082c03_p009,dccb3abe32082c03,EVT_00122,the_times_of_india,Neutral/Factual Background,,Neutral,1.0,N/A - No targets detected
dccb3abe32082c03_p010,dccb3abe32082c03,EVT_00122,the_times_of_india,Neutral/Factual Background,,Neutral,1.0,N/A - No targets detected
fb5f316c252d8765_p001,fb5f316c252d8765,EVT_00122,ndtv,Neutral/Factual Background,,Neutral,1.0,N/A - No targets detected
fb5f316c252d8765_p002,fb5f316c252d8765,EVT_00122,ndtv,Neutral/Factual Background,,Neutral,1.0,N/A - No targets detected
fb5f316c252d8765_p003,fb5f316c252d8765,EVT_00122,ndtv,Neutral/Factual Background,,Neutral,1.0,N/A - No targets detected
fb5f316c252d8765_p004,fb5f316c252d8765,EVT_00122,ndtv,Neutral/Factual Background,,Neutral,1.0,N/A - No targets detected
fb5f316c252d8765_p005,fb5f316c252d8765,EVT_00122,ndtv,Neutral/Factual Background,,Neutral,1.0,N/A - No targets detected
fb5f316c252d8765_p006,fb5f316c252d8765,EVT_00122,ndtv,Neutral/Factual Background,,Neutral,1.0,N/A - No targets detected
8ce738470035c289_p001,8ce738470035c289,EVT_00067,theprint,Attack/Defence,Amit Shah,Negative,0.9,BJP chief Amit Shah
8ce738470035c289_p001,8ce738470035c289,EVT_00067,theprint,Attack/Defence,Rahul Gandhi,Positive,0.8,a lot of catching up to do when compared to BJP chief Amit Shah.
8ce738470035c289_p002,8ce738470035c289,EVT_00067,theprint,Neutral/Factual Background,,Neutral,1.0,N/A - No targets detected
8ce738470035c289_p003,8ce738470035c289,EVT_00067,theprint,Neutral/Factual Background,,Neutral,1.0,N/A - No targets detected
8ce738470035c289_p004,8ce738470035c289,EVT_00067,theprint,Neutral/Factual Background,,Neutral,1.0,N/A - No targets detected
8ce738470035c289_p005,8ce738470035c289,EVT_00067,theprint,Neutral/Factual Background,,Neutral,1.0,N/A - No targets detected
8ce738470035c289_p006,8ce738470035c289,EVT_00067,theprint,Neutral/Factual Background,,Neutral,1.0,N/A - No targets detected
8ce738470035c289_p007,8ce738470035c289,EVT_00067,theprint,Neutral/Factual Background,,Neutral,1.0,N/A - No targets detected
8ce738470035c289_p008,8ce738470035c289,EVT_00067,theprint,Neutral/Factual Background,,Neutral,1.0,N/A - No targets detected
8ce738470035c289_p009,8ce738470035c289,EVT_00067,theprint,Neutral/Factual Background,,Neutral,1.0,N/A - No targets detected
da935e9808d3e636_p001,da935e9808d3e636,EVT_00043,theprint,Governance,BJP,Neutral,0.8,Choudhary is the first BJP CM of Bihar.
da935e9808d3e636_p001,da935e9808d3e636,EVT_00043,theprint,Governance,Nitish Kumar,Negative,0.9,His elevation marks the end of an era dominated by Nitish Kumar's 'sushasan'
da935e9808d3e636_p002,da935e9808d3e636,EVT_00043,theprint,Governance,Bihar,Negative,0.9,state still lags behind on key human indicators.
da935e9808d3e636_p002,da935e9808d3e636,EVT_00043,theprint,Governance,Nitish Kumar,Neutral,1.0,
da935e9808d3e636_p003,da935e9808d3e636,EVT_00043,theprint,Neutral/Factual Background,,Neutral,1.0,N/A - No targets detected
da935e9808d3e636_p004,da935e9808d3e636,EVT_00043,theprint,Neutral/Factual Background,,Neutral,1.0,N/A - No targets detected
da935e9808d3e636_p005,da935e9808d3e636,EVT_00043,theprint,Neutral/Factual Background,,Neutral,1.0,N/A - No targets detected
da935e9808d3e636_p006,da935e9808d3e636,EVT_00043,theprint,Neutral/Factual Background,,Neutral,1.0,N/A - No targets detected
da935e9808d3e636_p007,da935e9808d3e636,EVT_00043,theprint,Neutral/Factual Background,,Neutral,1.0,N/A - No targets detected
da935e9808d3e636_p008,da935e9808d3e636,EVT_00043,theprint,Neutral/Factual Background,,Neutral,1.0,N/A - No targets detected
da935e9808d3e636_p009,da935e9808d3e636,EVT_00043,theprint,Neutral/Factual Background,,Neutral,1.0,N/A - No targets detected
154645f6e086a44b_p001,154645f6e086a44b,EVT_00024,indian_express,Voter Registration and Management,Bengal voter deletions,Neutral,0.8,"Malda, Murshidabad seats dominate Bengal voter deletions list"
154645f6e086a44b_p002,154645f6e086a44b,EVT_00024,indian_express,Development,Assembly elections,Neutral,0.9,"Poll panel releases Assembly constituency-level numbers; in top 10, seven seats from Murshidabad, two from Malda, and one from South 24 Parganas."
154645f6e086a44b_p003,154645f6e086a44b,EVT_00024,indian_express,Policy,Election Commission,Neutral,0.9,"The top 10 Assembly constituencies in West Bengal where voters were deleted from the electoral rolls after the adjudication process are in the Muslim-dominated border districts of Murshidabad and Malda, Election Commission (EC) data shows."
154645f6e086a44b_p004,154645f6e086a44b,EVT_00024,indian_express,Development,Trinamool Congress (TMC),Positive,0.9,All the top 10 constituencies with the highest deletions are currently held by the Trinamool Congress (TMC).
154645f6e086a44b_p005,154645f6e086a44b,EVT_00024,indian_express,Development,Local Elections in Samserganj (Murshidabad district),Negative,0.9,"74,775 deletions, or 29.57% of its pre-SIR electorate"
154645f6e086a44b_p006,154645f6e086a44b,EVT_00024,indian_express,Election Strategy,Lalgola,Neutral,0.8,"55,420, or 21.96%"
154645f6e086a44b_p007,154645f6e086a44b,EVT_00024,indian_express,Election Strategy,Bhagabangola,Neutral,0.8,"47,493, or 16.85%"
154645f6e086a44b_p008,154645f6e086a44b,EVT_00024,indian_express,Development,Raghunathganj,Neutral,0.85,"46,100, or 17.29%"
154645f6e086a44b_p009,154645f6e086a44b,EVT_00024,indian_express,Violence,Politicians in South 24 Parganas,Negative,0.8,"Metiaburuz (South 24 Parganas): 39,579, or 15.04"
154645f6e086a44b_p010,154645f6e086a44b,EVT_00024,indian_express,Development,Farakka,Neutral,0.7,"38,222, or 15.99%"
154645f6e086a44b_p011,154645f6e086a44b,EVT_00024,indian_express,Development,Suti (Murshidabad),Neutral,0.8,"37,965 deletions, or 13.42%"
154645f6e086a44b_p012,154645f6e086a44b,EVT_00024,indian_express,Development,Mothabari (Malda),Neutral,0.8,"37,255 deletions"
154645f6e086a44b_p013,154645f6e086a44b,EVT_00024,indian_express,Development,Government,Negative,0.9,"36,581 deletions, or 13.65%"
154645f6e086a44b_p014,154645f6e086a44b,EVT_00024,indian_express,Election Strategy,Ratua,Negative,0.8,"35,573 deletions, or 11.9%"
154645f6e086a44b_p015,154645f6e086a44b,EVT_00024,indian_express,Development,Election Commission,Neutral,0.8,You can see the trend of major deletion also continued in the adjudication process.
154645f6e086a44b_p016,154645f6e086a44b,EVT_00024,indian_express,Corruption,EC (Election Commission),Negative,0.85,"The EC data shows 12 Assembly constituencies recorded deletions of over 30,000 names"
154645f6e086a44b_p017,154645f6e086a44b,EVT_00024,indian_express,Voter Suppression,Political Parties and Candidates,Negative,0.9,Constituencies with a high percentage of Matua and Muslim voters have also seen significant deletions
154645f6e086a44b_p018,154645f6e086a44b,EVT_00024,indian_express,Law & Order,Political Processes,Negative,0.9,The lowest levels of deletions in adjudication cases were in the Adivasi belt of Bankura and Purulia.
154645f6e086a44b_p018,154645f6e086a44b,EVT_00024,indian_express,Law & Order,Political Processes,Negative,0.9,"In the Manbazar Assembly seat in Purulia district, only 71 electors were struck off the rolls."
154645f6e086a44b_p018,154645f6e086a44b,EVT_00024,indian_express,Law & Order,Political Processes,Negative,0.9,The Onda constituency in Bankura saw 114 deletions.
154645f6e086a44b_p019,154645f6e086a44b,EVT_00024,indian_express,Violence,Protests,Negative,0.9,"During the rescue, the protesters pelted stones at the police, injuring two constables."
154645f6e086a44b_p019,154645f6e086a44b,EVT_00024,indian_express,Violence,Police and Judicial Officers,Negative,0.9,The police arrested at least 35 people in connection with the protests.
4751e4daf0a5d054_p001,4751e4daf0a5d054,EVT_00051,firstpost,Development,India,Neutral,0.9,The visit comes at a time when both countries are working to finalise the framework for a bilateral trade agreement.
4751e4daf0a5d054_p002,4751e4daf0a5d054,EVT_00051,firstpost,Development,India and US Trade Negotiations,Neutral,0.8,The visit comes at a time when both countries are working to finalise the framework for a bilateral trade agreement that has been under discussion for several months.
4751e4daf0a5d054_p003,4751e4daf0a5d054,EVT_00051,firstpost,Development,India,Neutral,0.8,renewed efforts to move forward with the trade discussions
4751e4daf0a5d054_p004,4751e4daf0a5d054,EVT_00051,firstpost,Development,Trade Pact,Positive,0.9,The proposed trade pact has gained importance amid changes in the global tariff environment.
4751e4daf0a5d054_p005,4751e4daf0a5d054,EVT_00051,firstpost,Policy,Trade Negotiators,Positive,0.85,Framework for interim trade agreement
4751e4daf0a5d054_p006,4751e4daf0a5d054,EVT_00051,firstpost,Development,India-US Trade Relations,Positive,0.9,"In February, India and the US had announced the completion of a framework for an interim trade agreement."
4751e4daf0a5d054_p007,4751e4daf0a5d054,EVT_00051,firstpost,Policy,US Tariff Structure,Neutral,0.8,"The situation changed after shifts in the US tariff structure, which affected the timeline for final approval."
4751e4daf0a5d054_p008,4751e4daf0a5d054,EVT_00051,firstpost,Policy,United States,Neutral,0.8,agreement would be signed only after clarity emerges on the new global tariff system being developed by the United States.
4751e4daf0a5d054_p009,4751e4daf0a5d054,EVT_00051,firstpost,Development,US Administration,Neutral,0.8,"delay comes after significant changes in US trade policy following a Supreme Court ruling related to President Donald Trump’s reciprocal tariff measures. In response, the US administration introduced a 10 per cent tariff on all countries for a period of 150 days starting February 24."
4751e4daf0a5d054_p010,4751e4daf0a5d054,EVT_00051,firstpost,Development,Trade Framework,Negative,0.8,"changes have impacted ongoing trade negotiations with multiple partners, including India."
4751e4daf0a5d054_p011,4751e4daf0a5d054,EVT_00051,firstpost,Policy,India & US,Neutral,0.8,"Due to these developments, a scheduled meeting between chief negotiators from India and the US was postponed last month."
4751e4daf0a5d054_p012,4751e4daf0a5d054,EVT_00051,firstpost,Policy,US officials,Neutral,0.8,revised meeting is aimed at reassessing terms and ensuring that the agreement aligns with the updated US tariff policy.
4751e4daf0a5d054_p013,4751e4daf0a5d054,EVT_00051,firstpost,Trade Policy,U.S. Government,Neutral,0.8,Section 301 investigations add complexity
4751e4daf0a5d054_p014,4751e4daf0a5d054,EVT_00051,firstpost,Policy,United States Trade Representative,Neutral,0.9,The United States Trade Representative (USTR)
4751e4daf0a5d054_p015,4751e4daf0a5d054,EVT_00051,firstpost,Development,USTR (United States Trade Representative),Neutral,1.0,"On March 11, the USTR launched an investigation into policies and industrial practices of 16 economies, including India and China."
4751e4daf0a5d054_p015,4751e4daf0a5d054,EVT_00051,firstpost,Development,USTR (United States Trade Representative),Neutral,1.0,"A second probe on March 12 expanded the scope to 60 countries, examining issues related to forced labour and trade restrictions."
4751e4daf0a5d054_p016,4751e4daf0a5d054,EVT_00051,firstpost,Policy,US Government,Neutral,0.9,investigations will assess whether certain practices in partner countries are unreasonable or discriminatory and whether they place a burden on US commerce.
7e38dc167299a4da_p001,7e38dc167299a4da,EVT_00051,hindustan_times,Trade Relations,India,Neutral,0.8,China surpasses US as India's largest trading partner in FY26
7e38dc167299a4da_p001,7e38dc167299a4da,EVT_00051,hindustan_times,Economic Impact,India,Negative,0.75,trade gap swells to $112 billion
7e38dc167299a4da_p002,7e38dc167299a4da,EVT_00051,hindustan_times,Election Strategy,US,Neutral,0.8,The US was India's largest trading partner for four consecutive years till 2024-25.
7e38dc167299a4da_p003,7e38dc167299a4da,EVT_00051,hindustan_times,Trade Relations,India,Neutral,0.9,"China has overtaken the US to emerge as India's largest trading partner in 2025-26, with bilateral trade reaching USD 151.1 billion"
7e38dc167299a4da_p003,7e38dc167299a4da,EVT_00051,hindustan_times,Trade Relations,India,Neutral,0.9,while the country's trade deficit with Beijing widened to USD 112.16 billion during the period
7e38dc167299a4da_p004,7e38dc167299a4da,EVT_00051,hindustan_times,Election Strategy,US and India,Neutral,0.8,The US was India's largest trading partner for four consecutive years till 2024-25.
7e38dc167299a4da_p005,7e38dc167299a4da,EVT_00051,hindustan_times,Economic Policy,India,Neutral,1.0,exports to China rose 36.66 per cent to USD 19.47 billion
7e38dc167299a4da_p005,7e38dc167299a4da,EVT_00051,hindustan_times,Economic Policy,China,Neutral,1.0,exports to China rose 36.66 per cent to USD 19.47 billion
7e38dc167299a4da_p005,7e38dc167299a4da,EVT_00051,hindustan_times,Economic Policy,India,Neutral,1.0,imports increased 16 per cent to USD 131.63 billion
7e38dc167299a4da_p006,7e38dc167299a4da,EVT_00051,hindustan_times,Trade Balance,Economic Policies and Data,Neutral,1.0,The trade surplus declined to USD 34.4 billion in 2025-26 from USD 40.89 billion in 2024-25.
7e38dc167299a4da_p007,7e38dc167299a4da,EVT_00051,hindustan_times,Development,India,Neutral,0.9,"According to commerce ministry data, China was India's top trading partner from 2013-14 till 2017-18 and also in 2020-21."
7e38dc167299a4da_p007,7e38dc167299a4da,EVT_00051,hindustan_times,Development,India,Neutral,0.9,The US has been the largest partner since 2021-22.
7e38dc167299a4da_p008,7e38dc167299a4da,EVT_00051,hindustan_times,Economic Relations,India,Negative,1.0,"The major trading partners with which India recorded negative exports growth in 2025-26 include the Netherlands, the UK, Singapore, Bangladesh, Saudi Arabia, Australia, France, South Africa, and Malaysia."
7e38dc167299a4da_p009,7e38dc167299a4da,EVT_00051,hindustan_times,Economic Growth,Government or Trade Policies,Neutral,0.8,"exports to the UAE, Germany, Hong Kong, Italy, Nepal, Brazil, Spain, Belgium, and Vietnam registered positive growth last fiscal year."
7e38dc167299a4da_p010,7e38dc167299a4da,EVT_00051,hindustan_times,Trade Disruption,India,Negative,1.0,"The major trading partners with which India recorded negative imports growth in 2025-26 include Russia, Iraq, Indonesia, Australia, Qatar, and Taiwan."
7e38dc167299a4da_p011,7e38dc167299a4da,EVT_00051,hindustan_times,Economic Development,Growth Statistics,Neutral,0.8,"However, imports from the UAE, Saudi Arabia, Hong Kong, Switzerland, Singapore, Japan, Korea, Germany, Thailand, and Malaysia registered positive growth in the last fiscal year."
68c82184ffaf1a33_p001,68c82184ffaf1a33,EVT_00088,ndtv,Safety,Aircraft Accidents and Air Traffic,Neutral,1.0,No one was injured in the accident.
68c82184ffaf1a33_p002,68c82184ffaf1a33,EVT_00088,ndtv,Law & Order,DGCA (Directorate General of Civil Aviation),Neutral,1.0,"The Directorate General of Civil Aviation (DGCA) in a statement said that the SpiceJet pilots involved in the incident and the concerned Air Traffic Control officer have been de-rostered, pending investigation."
68c82184ffaf1a33_p003,68c82184ffaf1a33,EVT_00088,ndtv,Accident Investigation,DGCA (Directorate General of Civil Aviation),Neutral,0.95,DGCA is carrying out further investigation.
68c82184ffaf1a33_p004,68c82184ffaf1a33,EVT_00088,ndtv,Transportation Disruption,Akasa Air,Negative,0.9,The right winglet of SpiceJet was damaged and the left-hand horizontal stabilizer of Akasa was hit.
68c82184ffaf1a33_p004,68c82184ffaf1a33,EVT_00088,ndtv,Operational Disruption,Akasa Air,Negative,0.9,Akasa Air's plane was to operate flight QP-1406 from Delhi to Hyderabad
68c82184ffaf1a33_p005,68c82184ffaf1a33,EVT_00088,ndtv,Safety and Maintenance,Airlines/Airport Authorities,Neutral,0.9,"Both aircraft have been grounded due to damages suffered in the accident, according to officials."
68c82184ffaf1a33_p006,68c82184ffaf1a33,EVT_00088,ndtv,Safety,Akasa airline,Neutral,0.9,Preliminary information indicates that Akasa's aircraft was stationary when another airline's aircraft made contact with it. All passengers and crew were safely disembarked
68c82184ffaf1a33_p007,68c82184ffaf1a33,EVT_00088,ndtv,Law & Order,relevant authorities,Neutral,1.0,"In line with established protocols, the relevant authorities have been informed"
68c82184ffaf1a33_p008,68c82184ffaf1a33,EVT_00088,ndtv,Safety & Security,Akasa Air,Positive,0.9,"""the safety and security of our passengers and crew remain our highest priority"""
68c82184ffaf1a33_p009,68c82184ffaf1a33,EVT_00088,ndtv,Development,DGCA (Directorate General Of Civil Aviation),Neutral,0.8,Aviation regulator DGCA (Directorate General Of Civil Aviation) is investigating the matter.
68c82184ffaf1a33_p010,68c82184ffaf1a33,EVT_00088,ndtv,Accident Investigation,DGCA (Directorate General of Civil Aviation),Neutral,1.0,"On 16.04.2026 Spicejet winglet of B-737-700 aircraft, VT-SLB taxiing in the allocated parking bay after operating flight SG-124 (Leh-Delhi) at Terminal 1 has hit Horizontal tail surface (HTS) of Akasa B-737 aircraft positioned on the apron after push back for operating flight on sector (Delhi-Hyderabad)."
d13af8bda50777c2_p001,d13af8bda50777c2,EVT_00088,hindustan_times,Transportation,Akasa,Neutral,0.8,"Akasa, SpiceJet aircraft involved in minor collision at Delhi airport"
d13af8bda50777c2_p002,d13af8bda50777c2,EVT_00088,hindustan_times,Incident,Akasa flight,Neutral,0.9,"The incident took place at around 2.15 pm near Terminal 1, when the Akasa flight was being taxied out from the stand."
d13af8bda50777c2_p003,d13af8bda50777c2,EVT_00088,hindustan_times,Safety and Infrastructure,Indira Gandhi International Airport,Neutral,0.8,A SpiceJet aircraft was involved in a minor collision with an Akasa Air plane on the runway at the Indira Gandhi International Airport in Delhi.
d13af8bda50777c2_p004,d13af8bda50777c2,EVT_00088,hindustan_times,Law & Order,DGCA (Directorate General of Civil Aviation),Negative,0.8,The DGCA said in a statement.
d13af8bda50777c2_p005,d13af8bda50777c2,EVT_00088,hindustan_times,Development,Government,Neutral,0.8,Information regarding the incident was conveyed to all concerned officials.
d13af8bda50777c2_p006,d13af8bda50777c2,EVT_00088,hindustan_times,Law & Order,Government of India,Neutral,0.8,The Directorate General of Civil Aviation
d13af8bda50777c2_p007,d13af8bda50777c2,EVT_00088,hindustan_times,Safety,Akasa,Neutral,0.8,"Passengers, crew safely disembarked"
d13af8bda50777c2_p008,d13af8bda50777c2,EVT_00088,hindustan_times,Safety and Regulation,Akasa Air,Neutral,0.9,"""was stationary when another airline’s aircraft made contact with it"""
d13af8bda50777c2_p009,d13af8bda50777c2,EVT_00088,hindustan_times,Service Interruption/Reliability,Akasa Air,Neutral,0.9,"""Aircraft operating flight QP 1406 from Delhi to Hyderabad had to return to the bay on April 16, 2026..."""
d13af8bda50777c2_p010,d13af8bda50777c2,EVT_00088,hindustan_times,Safety & Order,Akasa Air,Neutral,0.9,safety and security of our passengers and crew remain our highest priority
d13af8bda50777c2_p011,d13af8bda50777c2,EVT_00088,hindustan_times,Incident Frequency,Unknown,Neutral,0.9,Second such incident in two months
d13af8bda50777c2_p012,d13af8bda50777c2,EVT_00088,hindustan_times,Safety Violation,Indian Government/Airports,Negative,0.9,This is the second such incident in over two months
d13af8bda50777c2_p013,d13af8bda50777c2,EVT_00088,hindustan_times,Aircraft Accident/Incident,Indian Airlines and Air India,Neutral,0.9,"According to ground reports, the wing tips of both planes brushed against each other"
d13af8bda50777c2_p014,d13af8bda50777c2,EVT_00088,hindustan_times,Safety & Transport,Air India,Neutral,1.0,all passengers were safely disembarked
d13af8bda50777c2_p015,d13af8bda50777c2,EVT_00088,hindustan_times,Safety Violation,Air India,Negative,0.8,"'the wingtips of the two aircraft made contact, resulting in damage to our aircraft’s wingtip,”"
d13af8bda50777c2_p015,d13af8bda50777c2,EVT_00088,hindustan_times,Investigation,IndiGo,Neutral,0.7,an investigation had been launched.
d13af8bda50777c2_p016,d13af8bda50777c2,EVT_00088,hindustan_times,Development,Arya Mishra,Positive,0.9,"Arya covers high-impact crime incidents, public safety and justice issues, political developments, education policy and international affairs"
d13af8bda50777c2_p017,d13af8bda50777c2,EVT_00088,hindustan_times,Policy,Arya,Positive,0.9,"thrives in fast-paced environments – running live blogs, crafting in-depth explainers and real-time news coverage that keeps readers informed as stories evolve."
d13af8bda50777c2_p017,d13af8bda50777c2,EVT_00088,hindustan_times,Development,Arya,Positive,0.9,"detailed coverage of serious criminal cases, politics as well as analyses of national education reforms and international diplomatic moves."
d13af8bda50777c2_p017,d13af8bda50777c2,EVT_00088,hindustan_times,Policy,Arya,Positive,0.9,writing about global trade policy changes
d13af8bda50777c2_p018,d13af8bda50777c2,EVT_00088,hindustan_times,Professional Development,Arya,Neutral,0.9,"With more than three years of experience in dynamic newsrooms, Arya brings curiosity, clarity and commitment to every story she covers."
3e81f4a2055350c0_p001,3e81f4a2055350c0,EVT_00088,india_today,Safety & Accidents,Delhi Airport Management,Negative,0.95,SpiceJet plane hits stationary Akasa Air plane at Delhi airport
3e81f4a2055350c0_p002,3e81f4a2055350c0,EVT_00088,india_today,Safety Incident,Indira Gandhi International Airport,Neutral,1.0,A major aviation incident occurred at the Indira Gandhi International Airport in Delhi
3e81f4a2055350c0_p003,3e81f4a2055350c0,EVT_00088,india_today,Corruption,Tata Consultancy Services,Negative,0.85,The national racket has shaken the conscience of the country.
3e81f4a2055350c0_p003,3e81f4a2055350c0,EVT_00088,india_today,Sexual Harassment,Employees (female),Negative,0.75,"allegedly targeted young women in financial need, passing inappropriate and indecent remarks about Hindu deities and the Hindu religion."
3e81f4a2055350c0_p004,3e81f4a2055350c0,EVT_00088,india_today,Corruption,Human Resources Manager,Negative,0.8,alleged won the trust of the affected women but failed to take any actionable steps to address their grievances.
3e81f4a2055350c0_p005,3e81f4a2055350c0,EVT_00088,india_today,Safety Incident,Indian Aviation Industry,Neutral,0.95,A major aviation incident occurred at the Indira Gandhi International Airport in Delhi when a taxiing SpiceJet Boeing 737 aircraft collided with a stationary Akasa Air plane.
3e81f4a2055350c0_p006,3e81f4a2055350c0,EVT_00088,india_today,Policy,Prime Minister Narendra Modi,Positive,0.9,urged the opposition not to politicise the women's reservation bill and assured that the proposed legislation will not lead to any injustice or discrimination against any state.
3e81f4a2055350c0_p007,3e81f4a2055350c0,EVT_00088,india_today,Policy,PM Modi,Negative,0.9,Prime Minister Narendra Modi on Thursday urged the opposition not to give political color to the women's reservation bill and warned that women won't forgive those who oppose the proposed 33 percent reservation for women.
3e81f4a2055350c0_p008,3e81f4a2055350c0,EVT_00088,india_today,Violence,Mamata Banerjee,Negative,0.9,He was swiftly intercepted and removed by her security personnel.
05e1d2b1b0789e0b_p001,05e1d2b1b0789e0b,EVT_00062,firstpost,Supply Disruption & Economic Impact,Gulf Infrastructure,Negative,0.8,damaged Gulf infrastructure
05e1d2b1b0789e0b_p001,05e1d2b1b0789e0b,EVT_00062,firstpost,Economic Impact & Political Strategy,India's LPG supply disruption,Negative,0.75,India’s LPG supply disruption could take up to four years
05e1d2b1b0789e0b_p002,05e1d2b1b0789e0b,EVT_00062,firstpost,Economic Development,Workers,Neutral,0.8,A worker unloads liquefied petroleum gas (LPG) cooking cylinders from a supply truck outside a distribution centre in the western Indian city of Ahmedabad.
05e1d2b1b0789e0b_p003,05e1d2b1b0789e0b,EVT_00062,firstpost,Development,India,Neutral,0.9,The restoration of India’s disrupted Liquefied Petroleum Gas (LPG) supply chains may take between three to four years
05e1d2b1b0789e0b_p004,05e1d2b1b0789e0b,EVT_00062,firstpost,Violence,Iranian Strikes,Negative,0.9,"The crisis stems from the ongoing blockade of the Strait of Hormuz and Iranian strikes on regional energy infrastructure, which have severely choked the flow of cooking gas to South Asia."
05e1d2b1b0789e0b_p005,05e1d2b1b0789e0b,EVT_00062,firstpost,Uncertainty/Market Conditions,Global Suppliers,Neutral,0.8,inputs from global suppliers suggest a prolonged recovery period
05e1d2b1b0789e0b_p005,05e1d2b1b0789e0b,EVT_00062,firstpost,Business/Economic Instability,Key Production Wells and Processing Units in the Gulf,Negative,0.7,the ambiguity surrounding the status of key production wells and processing units in the Gulf
05e1d2b1b0789e0b_p006,05e1d2b1b0789e0b,EVT_00062,firstpost,Development,"LPG (producers, distributors)",Negative,0.9,“What ‘shut’ exactly means is not fully clear—whether entire wells have been exhausted or production has stopped—but suppliers themselves are saying it will take at least three years.”
05e1d2b1b0789e0b_p007,05e1d2b1b0789e0b,EVT_00062,firstpost,Strategic Vulnerability,India,Negative,1.0,strategic vulnerability
05e1d2b1b0789e0b_p008,05e1d2b1b0789e0b,EVT_00062,firstpost,Strategic Vulnerability,India,Negative,0.9,strategic vulnerability has come sharply into focus
05e1d2b1b0789e0b_p009,05e1d2b1b0789e0b,EVT_00062,firstpost,Security and Energy Dependence,The geopolitical situation involving the Strait of Hormuz,Neutral,0.9,"Nearly 60% of the country’s LPG consumption is sourced from overseas, and until recently, about 90% of these supplies passed through the Strait of Hormuz, making it a critical chokepoint."
05e1d2b1b0789e0b_p010,05e1d2b1b0789e0b,EVT_00062,firstpost,Development,India,Negative,0.9,"Compounding the risk is India’s limited storage capacity, which covers barely 15 days of consumption against an annual demand of 33 million tonnes."
05e1d2b1b0789e0b_p011,05e1d2b1b0789e0b,EVT_00062,firstpost,Economy & Finance,Government/Central Government,Negative,0.9,"The impact is already being felt on the ground, with prices of a 14.2 kg domestic cylinder rising by Rs 60 since mid-March, while commercial cylinders have become costlier by Rs 115."
05e1d2b1b0789e0b_p012,05e1d2b1b0789e0b,EVT_00062,firstpost,Supply Disruption,government,Neutral,0.8,effective supply disruption is still estimated at 40 per cent to 50 per cent.
d81822ba62c864e4_p001,d81822ba62c864e4,EVT_00024,theprint,Development,Mamata Banerjee,Negative,0.9,where some decisions by Mamata haven't gone down well
d81822ba62c864e4_p002,d81822ba62c864e4,EVT_00024,theprint,Law & Order,Kejriwal,Negative,0.9,The agency rejected Kejriwal’s allegation of ‘ideological bias’
d81822ba62c864e4_p002,d81822ba62c864e4,EVT_00024,theprint,Corruption,Agency/Judge,Negative,0.85,called his plea for the judge’s recusal in the excise policy case hearing ‘wholly vexatious’
d81822ba62c864e4_p003,d81822ba62c864e4,EVT_00024,theprint,Corruption,Dravidian leaders,Negative,0.8,"Chennai: The Dravidian leaders prefer to call them as ‘social investments’, or ‘personalised gifts’."
d81822ba62c864e4_p004,d81822ba62c864e4,EVT_00024,theprint,Development,Gogoi,Positive,0.85,A victory here would not only mark Gogoi’s first entry into Assam assembly
d81822ba62c864e4_p005,d81822ba62c864e4,EVT_00024,theprint,Development,Government (Assuming reference to development projects),Positive,0.8,"While the Godavari and the Krishna rivers were already linked in 2015, the current plan will also connect their tributaries as well as some major rivers in northern Andhra Pradesh."
d81822ba62c864e4_p006,d81822ba62c864e4,EVT_00024,theprint,Development,Siliguri corridor,Neutral,1.0,"This special edition of Cut The Clutter, straight from the Siliguri corridor"
d81822ba62c864e4_p007,d81822ba62c864e4,EVT_00024,theprint,Development,India,Positive,0.9,This also means we remain disciplined enough not to be knee-jerked into reacting to what Pakistan sees as its moment in the sun.
9b421ea7b314a812_p001,9b421ea7b314a812,EVT_00208,indian_express,Protest,DMK,Negative,0.9,Why DMK has hit the streets over TVK minister’s two-year-old video
9b421ea7b314a812_p002,9b421ea7b314a812,EVT_00208,indian_express,Drug Trafficking/Corruption,Sarath Kumar,Negative,0.9,"The video shows Sarath Kumar seated among spectators during an IPL match while handling a small quantity of white, powder-like substance on the screen of a smartphone."
9b421ea7b314a812_p003,9b421ea7b314a812,EVT_00208,indian_express,Protest,C Joseph Vijay (Chief Minister),Negative,0.9,“demanding the dismissal and arrest of Human Resources Management Minister D Sarath Kumar over a resurfaced viral video that many allege depicts conduct resembling drug use.”
9b421ea7b314a812_p004,9b421ea7b314a812,EVT_00208,indian_express,Violence,police and DMK (Dravida Munnetra Kazhagam),Negative,0.9,"Officers detained more than 50 protesters, including party functionaries, before dispersing the gathering, citing prohibitory orders."
9b421ea7b314a812_p005,9b421ea7b314a812,EVT_00208,indian_express,Protest,Opposition party,Negative,0.95,protest was all about the Opposition party’s attempt to turn a social media controversy into a political issue
9b421ea7b314a812_p006,9b421ea7b314a812,EVT_00208,indian_express,Protest,Sarathkumar,Negative,0.95,staging protest against Minister Sarathkumar and seeking his dismissal
9b421ea7b314a812_p006,9b421ea7b314a812,EVT_00208,indian_express,Law & Order,Police,Neutral,0.85,detained by police for staging protest
9b421ea7b314a812_p007,9b421ea7b314a812,EVT_00208,indian_express,Promotion of Content,Unknown,Neutral,1.0,(Full video available on PTI Videos – https://t.co/n147TvrpG7)
9b421ea7b314a812_p008,9b421ea7b314a812,EVT_00208,indian_express,Violence,Unknown Politician or Party,Negative,0.8,"@PTI_News: Press Trust of India (@PTI_News) June 29, 2026"
9b421ea7b314a812_p009,9b421ea7b314a812,EVT_00208,indian_express,Corruption,Sarath Kumar,Negative,0.9,"""Thug Life"""
9b421ea7b314a812_p010,9b421ea7b314a812,EVT_00208,indian_express,Protest,Vijay,Negative,0.85,"Interestingly, the video surfaced on the same day Vijay ran a “Start Run, Stop Drugs” anti-drug awareness marathon in Chennai last week, adding a strong edge to the controversy around his minister."
9b421ea7b314a812_p011,9b421ea7b314a812,EVT_00208,indian_express,Corruption,Sarath Kumar,Negative,0.9,"In the footage, Sarath Kumar appears to use an ATM card to press, scrape and gather the substance into a finer powder. A Rs 500 currency note is visible nearby"
9b421ea7b314a812_p012,9b421ea7b314a812,EVT_00208,indian_express,Corruption,minister,Negative,0.85,"Many online argued that the sequence bears a resemblance to familiar visual depictions of narcotics being prepared, prompting allegations on social media that the minister was using drugs."
9b421ea7b314a812_p013,9b421ea7b314a812,EVT_00208,indian_express,Criticism and Opposition,Opposition parties,Negative,0.9,political criticism
9b421ea7b314a812_p014,9b421ea7b314a812,EVT_00208,indian_express,Corruption,Sarath Kumar,Negative,0.9,The minister said the clip had been stripped of its context and was being deliberately misrepresented on social media.
9b421ea7b314a812_p015,9b421ea7b314a812,EVT_00208,indian_express,Investigation/Evidence Interpretation,Various Politicians/Officials,Neutral,0.75,"The allegation, therefore, remains based on interpretations of the visuals in the video."
9b421ea7b314a812_p016,9b421ea7b314a812,EVT_00208,indian_express,Protest,Sarath Kumar,Negative,0.95,Its students wing announced a statewide agitation demanding Sarath Kumar’s immediate dismissal from the Cabinet
9b421ea7b314a812_p017,9b421ea7b314a812,EVT_00208,indian_express,Protest,minister,Negative,0.9,It further accused him of “hiding behind a child to play politics”.
9b421ea7b314a812_p018,9b421ea7b314a812,EVT_00208,indian_express,Protest,M A Subramanian,Negative,0.8,accused the government of suppressing democratic protests
9b421ea7b314a812_p018,9b421ea7b314a812,EVT_00208,indian_express,Violence and Law & Order,The Government/Police Action,Negative,0.7,alleged that party workers attempting to make arrangements for the protest had been detained overnight
9b421ea7b314a812_p019,9b421ea7b314a812,EVT_00208,indian_express,Protest,DMDK general secretary Premalatha Vijayakanth and Woman Advocate Saranya,Negative,0.9,"""highly condemnable', saying public representatives should maintain proper conduct and that the emergence of the video during an anti-drug campaign was unfortunate. Separately, a woman advocate, Saranya, submitted a complaint to the Chennai City Police Commissioner seeking legal action against the minister."
9b421ea7b314a812_p020,9b421ea7b314a812,EVT_00208,indian_express,Election Strategy,Sarath Kumar,Negative,0.9,"His party, the TVK, has since sought to distance itself from the episode as political pressure over the viral video continues to grow."
01424f0f5da0a0f6_p001,01424f0f5da0a0f6,EVT_00211,theprint,Policy,Cockroach Janta Party (CJP),Neutral,0.9,"even as its founder Abhijeet Dipke maintains the CJP has no electoral ambitions, and its only agenda is seeking reform."
01424f0f5da0a0f6_p002,01424f0f5da0a0f6,EVT_00211,theprint,Protest,Dipke,Neutral,0.9,"has repeatedly rejected the CJP’s comparisons with the Aam Aadmi Party (AAP), which emerged from the India Against Corruption movement"
01424f0f5da0a0f6_p002,01424f0f5da0a0f6,EVT_00211,theprint,Protest,CJP (Campaign for Justice and Peace),Negative,0.9,"repeatedly rejected the CJP’s comparisons with the Aam Aadmi Party (AAP), which emerged from the India Against Corruption movement"
01424f0f5da0a0f6_p002,01424f0f5da0a0f6,EVT_00211,theprint,Development,India Against Corruption movement,Positive,0.9,emerged from the India Against Corruption movement before entering electoral politics
01424f0f5da0a0f6_p003,01424f0f5da0a0f6,EVT_00211,theprint,Political Strategy/Alignment,Movement,Neutral,0.85,"However, the movement’s latest outreach to political parties has fuelled speculation over whether it is acquiring a political color."
01424f0f5da0a0f6_p004,01424f0f5da0a0f6,EVT_00211,theprint,Protest,Dipke (student leader),Positive,0.9,“We are not relying on any political parties to carry this movement forward; this movement is by the students.”
01424f0f5da0a0f6_p005,01424f0f5da0a0f6,EVT_00211,theprint,Protest,the politician (implied as He mentioned),Positive,0.9,His latest appeal to all parties to join his protest
01424f0f5da0a0f6_p006,01424f0f5da0a0f6,EVT_00211,theprint,Protest,BJP (Bharatiya Janata Party),Negative,0.9,"Dipke has invited all political parties, including BJP members, to join the agitation"
01424f0f5da0a0f6_p007,01424f0f5da0a0f6,EVT_00211,theprint,Election Strategy,Nitin Yadav (BJP),Negative,0.9,took an indirect swipe at the movement during a speech in Telangana.
01424f0f5da0a0f6_p008,01424f0f5da0a0f6,EVT_00211,theprint,Violence,BJP (Indian political party),Negative,0.9,"“They are the ones who want to break the country into pieces, and BJP workers will teach them a lesson,” he said."
01424f0f5da0a0f6_p009,01424f0f5da0a0f6,EVT_00211,theprint,Lack of Support or Engagement,Major Political Parties,Negative,0.8,"Despite its growing online popularity, the movement has not received formal backing from any major political party."
01424f0f5da0a0f6_p010,01424f0f5da0a0f6,EVT_00211,theprint,Protest,CPI leader Annie Raja,Positive,0.9,The CJP’s first protest at Jantar Mantar on 6 June was attended by CPI leader Annie Raja
01424f0f5da0a0f6_p010,01424f0f5da0a0f6,EVT_00211,theprint,Protest,CPI(ML) Liberation General Secretary Dipankar Bhattacharya,Positive,0.9,"The CJP’s first protest at Jantar Mantar on 6 June was attended by CPI leader Annie Raja, CPI(ML) Liberation General Secretary Dipankar Bhattacharya and climate activist Sonam Wangchuk."
01424f0f5da0a0f6_p010,01424f0f5da0a0f6,EVT_00211,theprint,Protest,Climate Activist Sonam Wangchuk,Positive,0.9,"The CJP’s first protest at Jantar Mantar on 6 June was attended by CPI leader Annie Raja, CPI(ML) Liberation General Secretary Dipankar Bhattacharya and climate activist Sonam Wangchuk."
01424f0f5da0a0f6_p011,01424f0f5da0a0f6,EVT_00211,theprint,Protest,CPI (M) leaders,Negative,0.9,"CPI general secretary D. Raja, CPI(M) general secretary M.A. Baby and senior CPI(M) leader Brinda Karat also attended the protest at Jantar Mantar."
01424f0f5da0a0f6_p012,01424f0f5da0a0f6,EVT_00211,theprint,Protest,Opposition leaders,Neutral,0.9,Several Opposition leaders have also publicly endorsed the movement’s demands without formally joining the agitation.
01424f0f5da0a0f6_p013,01424f0f5da0a0f6,EVT_00211,theprint,Protest,Arvind Kejriwal (AAP national convener),Positive,0.9,"AAP national convener Arvind Kejriwal backed the CJP’s central demand of Union Education Minister Dharmendra Pradhan's resignation, saying the movement reflected widespread anger among students over repeated examination controversies and incidents of paper leaks."
01424f0f5da0a0f6_p014,01424f0f5da0a0f6,EVT_00211,theprint,Notice or Alert,Various,Neutral,0.9,Please note.
01424f0f5da0a0f6_p015,01424f0f5da0a0f6,EVT_00211,theprint,Protest,Abhijeet Dipke,Neutral,0.8,@abhijeet_dipke: #IndiaProtests continue with thousands of protesters demanding justice and better living conditions.
01424f0f5da0a0f6_p016,01424f0f5da0a0f6,EVT_00211,theprint,Support,Akhilesh Yadav,Positive,0.9,Samajwadi Party chief Akhilesh Yadav
01424f0f5da0a0f6_p016,01424f0f5da0a0f6,EVT_00211,theprint,Support,Shiv Sena (UBT) chief Uddhav Thackeray,Positive,0.9,Shiv Sena (UBT) chief Uddhav Thackeray
01424f0f5da0a0f6_p016,01424f0f5da0a0f6,EVT_00211,theprint,Support,NCP (Sharadchandra Pawar) leader Rohit Pawar,Positive,0.9,NCP (Sharadchandra Pawar) leader Rohit Pawar
01424f0f5da0a0f6_p017,01424f0f5da0a0f6,EVT_00211,theprint,Protest,Congress,Positive,0.9,"The Congress, too, has supported the issues raised by the movement while maintaining organisational distance from the protest."
01424f0f5da0a0f6_p018,01424f0f5da0a0f6,EVT_00211,theprint,Violence,Delhi Police,Neutral,0.8,"Also Read: Why Delhi Police photographers at Cockroach Party protest wore orange vests, body cameras"
01424f0f5da0a0f6_p019,01424f0f5da0a0f6,EVT_00211,theprint,Protest,General Public/Crowd,Positive,0.85,‘Crowd not only measure of success’
01424f0f5da0a0f6_p020,01424f0f5da0a0f6,EVT_00211,theprint,Protest,Abhishek Manu Singhvi,Neutral,0.8,Rajya Sabha MP Abhishek Manu Singhvi told ThePrint that the success of a protest should not be measured solely by the size of the crowd.
01424f0f5da0a0f6_p021,01424f0f5da0a0f6,EVT_00211,theprint,Development,Singhvi,Positive,0.9,"""Times have changed,"" Singhvi said, arguing that the movement had generated significant traction online and reflected genuine dissatisfaction among young people over the education system."
01424f0f5da0a0f6_p022,01424f0f5da0a0f6,EVT_00211,theprint,Protest,Congress,Negative,0.9,"However, the Congress has not officially endorsed the Cockroach Janta Party’s agitation."
01424f0f5da0a0f6_p022,01424f0f5da0a0f6,EVT_00211,theprint,Protest,Cockroach Janta Party,Negative,0.9,"However, the Congress has not officially endorsed the Cockroach Janta Party’s agitation."
01424f0f5da0a0f6_p022,01424f0f5da0a0f6,EVT_00211,theprint,Protest,National Students’ Union of India (NSUI),Positive,0.9,"Instead, its student wing, the National Students' Union of India (NSUI), and the Indian Youth Congress have organised separate protests"
01424f0f5da0a0f6_p022,01424f0f5da0a0f6,EVT_00211,theprint,Protest,Indian Youth Congress,Positive,0.9,"Instead, its student wing, the National Students' Union of India (NSUI), and the Indian Youth Congress have organised separate protests"
01424f0f5da0a0f6_p023,01424f0f5da0a0f6,EVT_00211,theprint,Protest,Chandrachur Singh,Neutral,0.9,Political scientist Chandrachur Singh said the movement’s outreach to political parties should not automatically be interpreted as evidence of electoral ambitions.
01424f0f5da0a0f6_p024,01424f0f5da0a0f6,EVT_00211,theprint,Political Affiliations,Student organizations (SFI and AISA),Neutral,0.8,"“If the movement wants this demand to be raised inside Parliament, it is only natural that it will seek support from political parties,” he said."
01424f0f5da0a0f6_p025,01424f0f5da0a0f6,EVT_00211,theprint,Policy,Singh,Negative,0.9,Singh also said that the movement’s objective appeared to be securing political backing for its demands rather than transforming itself into a political party.
01424f0f5da0a0f6_p026,01424f0f5da0a0f6,EVT_00211,theprint,Protest,They,Neutral,0.8,They may want legislators to raise the issue inside Parliament.
01424f0f5da0a0f6_p027,01424f0f5da0a0f6,EVT_00211,theprint,Protest,Cockroach Janta Party,Negative,0.9,"But with some political leaders turning up at its protests, parties across the Opposition backing its demands"
01424f0f5da0a0f6_p027,01424f0f5da0a0f6,EVT_00211,theprint,Political Strategy,Cockroach Janta Party,Negative,0.8,Dipke himself inviting all parties to join the agitation
01424f0f5da0a0f6_p028,01424f0f5da0a0f6,EVT_00211,theprint,Protest,Cockroach Janata Party,Negative,0.9,"At Jantar Mantar, Cockroach Janata Party protest settles into a simmer as demands stay unchanged"
508fc06fff56540b_p001,508fc06fff56540b,EVT_00213,indian_express,Protest,VHP,Negative,0.9,Will VHP's campaign to 'free' temples be hit?
508fc06fff56540b_p002,508fc06fff56540b,EVT_00213,indian_express,Election Strategy,initiative,Negative,0.8,"""next few months are critical"""
508fc06fff56540b_p002,508fc06fff56540b,EVT_00213,indian_express,Public Perception,public's 'short memory',Positive,0.7,others bank on public's ‘short memory’ to overcome setback
508fc06fff56540b_p003,508fc06fff56540b,EVT_00213,indian_express,Corruption,Sangh Parivar,Negative,0.8,The recent alleged embezzlement of donations at the Ram Janmabhoomi Temple in Ayodhya
508fc06fff56540b_p004,508fc06fff56540b,EVT_00213,indian_express,Protest,Sangh Ecosystem,Negative,0.8,"While the VHP has officially maintained that the alleged theft will not derail its efforts, several voices within the broader Sangh ecosystem believe the campaign has suffered a significant setback."
508fc06fff56540b_p005,508fc06fff56540b,EVT_00213,indian_express,Protest,VHP leader,Negative,0.9,it seems like the campaign has derailed
508fc06fff56540b_p006,508fc06fff56540b,EVT_00213,indian_express,Corruption,VHP (Vinayak Damodar Savarkar Phule Committee),Negative,0.9,"""to enact a legislation handing over Hindu temples and religious institutions to Hindu society"""
508fc06fff56540b_p007,508fc06fff56540b,EVT_00213,indian_express,Development,Religious Temples,Neutral,0.8,"""temples should not be treated as government property"""
508fc06fff56540b_p008,508fc06fff56540b,EVT_00213,indian_express,Development,VHP functionaries and religious leaders,Positive,0.9,donations worth Rs 1.86 lakh crore from temples were flowing into government coffers.
508fc06fff56540b_p009,508fc06fff56540b,EVT_00213,indian_express,Religion & Secularism,VHP (Vinayak Damodar Savarkar Parivar),Neutral,0.9,"In July last year, the VHP’s Governing Council meeting in Jalgaon, Maharashtra, reiterated that temples must be managed by Hindus and their funds used exclusively for the benefit of Hindu society."
508fc06fff56540b_p010,508fc06fff56540b,EVT_00213,indian_express,Development,VHP president Alok Kumar,Neutral,0.8,"""We have already held meetings with Governors and chief ministers of several states. The next course of action will be decided in the Board of Trustees meeting scheduled for July 19-20 in Delhi,"" he said."
508fc06fff56540b_p011,508fc06fff56540b,EVT_00213,indian_express,Protest,RSS pracharaks,Negative,0.9,"""The latest episode in Ayodhya has weakened the ‘free Hindu temples’ campaign. Our failure to properly manage offerings and donations at the Ram Temple has exposed shortcomings in selecting the right people for the job. We must restore people’s faith before pushing ahead. 
"
508fc06fff56540b_p012,508fc06fff56540b,EVT_00213,indian_express,Corruption,Various political figures,Negative,0.9,"""If we have failed here, people will naturally question our ability to manage other temples."""
508fc06fff56540b_p012,508fc06fff56540b,EVT_00213,indian_express,Violence,Various political figures,Negative,0.85,"""Those temples, from time to time, have suffered more mismanagement of funds and other related allegations."""
508fc06fff56540b_p013,508fc06fff56540b,EVT_00213,indian_express,Development,VHP (Vinayak Damodar Savarkar Parishad),Neutral,0.8,"""It is a setback, but people’s memory is short. Even after these allegations, offerings, donations, and devotee footfall in Ayodhya have not declined. In a few months, this will be forgotten."""
508fc06fff56540b_p014,508fc06fff56540b,EVT_00213,indian_express,Law & Order,Another office-bearer,Positive,0.9,"""We must restore public faith urgently. The next few months are critical. The FIR registered in Ayodhya should be investigated promptly and tried in a fast-track court. Everything depends on how effectively we rebuild trust."""
508fc06fff56540b_p015,508fc06fff56540b,EVT_00213,indian_express,Development,Religious Institutions,Neutral,0.8,"The country is estimated to have around 10 lakh temples, though no official comprehensive count exists."
508fc06fff56540b_p015,508fc06fff56540b,EVT_00213,indian_express,Development,Government Administration of Religious Institutions,Neutral,0.8,"While most are small and community-managed, the administration of major temples has long been contentious"
508fc06fff56540b_p015,508fc06fff56540b,EVT_00213,indian_express,Development,Legislation Governing Religious Institutions,Neutral,0.8,with many governed by state-specific legislation that places them under government control.
508fc06fff56540b_p016,508fc06fff56540b,EVT_00213,indian_express,Development,Swami Parmatmananda and the All India Acharya Sabha,Neutral,0.8,"A committee headed by Swami Parmatmananda, General Secretary of the All India Acharya Sabha, was formed with representation from various organisations, including the VHP, to address these issues."
508fc06fff56540b_p017,508fc06fff56540b,EVT_00213,indian_express,Development,VHP (Vinayak Damodar Savarkar Party),Positive,0.85,"There were conferences organised in this regard, of which a few were attended by former RSS sarkaryavah Bhaiyaji Joshi."
dd8acdcce507c12d_p001,dd8acdcce507c12d,EVT_00208,theprint,Corruption,R Nirmal Kumar (TVK leader and Tamil Nadu minister),Negative,0.9,horse trading attempt by DMK leadership to lure his party legislators
dd8acdcce507c12d_p001,dd8acdcce507c12d,EVT_00208,theprint,Protest,R Nirmal Kumar (TVK leader and Tamil Nadu minister),Negative,0.8,said that three persons have been arrested by police in this connection
dd8acdcce507c12d_p002,dd8acdcce507c12d,EVT_00208,theprint,Corruption,Naresh,Negative,0.9,"""includes a person identified as Naresh, who is in ‘close touch’ with 'DMK leader V Senthilbalaji and his brother Ashok,’ has been arrested in connection with 'horse-trading’"""
dd8acdcce507c12d_p003,dd8acdcce507c12d,EVT_00208,theprint,Policy,Minister for Energy Resources (likely referring to Kumar),Negative,0.9,"Kumar, Minister for Energy Resources, told reporters"
dd8acdcce507c12d_p003,dd8acdcce507c12d,EVT_00208,theprint,Protest or Policy (Forming Government Attempt),MK Stalin and Edappadi K Palaniswami,Neutral,0.8,"""have been trying to form the government through “short-cut.”"""
dd8acdcce507c12d_p004,dd8acdcce507c12d,EVT_00208,theprint,Corruption,Senthilbalaji,Negative,0.9,"The minister claimed that on the behest of DMK leaders such as Stalin and leader of opposition Udhayanidhi, people like Senthilbalaji have contacted several TVK MLAs and offered inducement ranging between Rs 10 and Rs 50 crore."
dd8acdcce507c12d_p005,dd8acdcce507c12d,EVT_00208,theprint,Election Strategy,Speaker,Negative,0.8,seeking his “cooperation” over an Assembly resolution against the Speaker.
dd8acdcce507c12d_p006,dd8acdcce507c12d,EVT_00208,theprint,Violence,MLA (likely referring to a Member of Legislative Assembly),Negative,0.9,"Thirunavukkarasu allegedly threatened that if the conversation was disclosed, both the MLA and his family would face serious consequences"
dd8acdcce507c12d_p007,dd8acdcce507c12d,EVT_00208,theprint,Protest,"Thirunavukkarasu, Naresh and Thiyagarajan",Negative,0.8,For their alleged involvement in the case
dd8acdcce507c12d_p008,dd8acdcce507c12d,EVT_00208,theprint,Corruption,V Senthil Balaji,Negative,0.9,"Inquiry disclosed that V Ashok Kumar, younger brother of former DMK Minister and current Coimbatore South MLA V Senthil Balaji met accused Naresh in Chennai."
dd8acdcce507c12d_p009,dd8acdcce507c12d,EVT_00208,theprint,Corruption,PTI,Neutral,0.9,This report is auto-generated from PTI news service.
a183ac4a8a66cdce_p001,a183ac4a8a66cdce,EVT_00252,india_today,Election Strategy,PM Takaichi,Positive,0.9,Highlights: PM Takaichi bats for stronger India-Japan partnership amid global uncertainty
a183ac4a8a66cdce_p002,a183ac4a8a66cdce,EVT_00252,india_today,Content Cessation,Blog,Neutral,0.9,All live updates to this blog has ended
a183ac4a8a66cdce_p003,a183ac4a8a66cdce,EVT_00252,india_today,Development,India,Neutral,0.9,The countries to mark 75 years of diplomatic ties with special events in 2027
a183ac4a8a66cdce_p004,a183ac4a8a66cdce,EVT_00252,india_today,Development,India and Japan,Positive,0.9,"India and Japan will celebrate 2027 as the India-Japan Year of Shared Horizons to mark 75 years of diplomatic ties, the Ministry of External Affairs said."
a183ac4a8a66cdce_p004,a183ac4a8a66cdce,EVT_00252,india_today,Election Strategy,Japan,Positive,0.8,Japanese Prime Minister Sanae Takaichi has invited Prime Minister Narendra Modi to Japan for next year's annual summit.
a183ac4a8a66cdce_p005,a183ac4a8a66cdce,EVT_00252,india_today,Economic Cooperation,India,Positive,0.8,Both the countries agree to strengthen crude oil partnership
a183ac4a8a66cdce_p006,a183ac4a8a66cdce,EVT_00252,india_today,Development,Indian officials,Positive,0.9,strengthen cooperation on strategic crude oil reserves and maritime energy transportation as part of efforts to bolster energy security and resilient supply chains.
a183ac4a8a66cdce_p007,a183ac4a8a66cdce,EVT_00252,india_today,Policy,Sanae Takaichi,Neutral,0.8,Sanae Takaichi India Visit: Renewable Energy Secy signs hydrogen pact
a183ac4a8a66cdce_p008,a183ac4a8a66cdce,EVT_00252,india_today,Development,ACME Cleantech,Positive,0.9,green hydrogen agreements
a183ac4a8a66cdce_p008,a183ac4a8a66cdce,EVT_00252,india_today,Election Strategy,India-Japan Annual Summit 2026,Neutral,0.75,
a183ac4a8a66cdce_p009,a183ac4a8a66cdce,EVT_00252,india_today,Development,Future Creation Co. CEO,Neutral,0.8,Future Creation Co. CEO
a183ac4a8a66cdce_p009,a183ac4a8a66cdce,EVT_00252,india_today,Development,India,Positive,0.75,both the countries have complementary strengths
a183ac4a8a66cdce_p010,a183ac4a8a66cdce,EVT_00252,india_today,Development,Future Creation Company CEO and CCO Haruyuki Hiratani,Positive,0.9,"Speaking at the India-Japan Annual Summit 2026, Future Creation Company CEO and CCO Haruyuki Hiratani said closer collaboration between the two countries could accelerate the development and manufacturing of Internet of Things (IoT) solutions"
a183ac4a8a66cdce_p011,a183ac4a8a66cdce,EVT_00252,india_today,Development,Japan Press Secretary,Positive,0.9,says both the nations see significant scope for cooperation
a183ac4a8a66cdce_p012,a183ac4a8a66cdce,EVT_00252,india_today,Policy,Japan,Neutral,0.8,"Speaking during Japanese Prime Minister Sanae Takaichi's visit to India, Press Secretary and Official Spokesperson Toshihiro Kitamura said both India and Japan are facing challenges arising from the weaponisation of economic relations, including difficulties in importing dual-use items from neighbouring countries. He said the two nations see significant scope for cooperation in addressing these challenges and have identified five priority areas for joint projects aimed at strengthening resilient and secure supply chains."
a183ac4a8a66cdce_p013,a183ac4a8a66cdce,EVT_00252,india_today,Development,Akiba Farm Holdings CEO,Positive,0.9,plans to help local Indian farmers
a183ac4a8a66cdce_p014,a183ac4a8a66cdce,EVT_00252,india_today,Development,Akiba Farm Holdings,Positive,0.9,He said the firm's focus is on helping local farmers increase their income and improve milk production through its proprietary animal feed.
a183ac4a8a66cdce_p014,a183ac4a8a66cdce,EVT_00252,india_today,Development,Akiba Farm Holdings,Positive,0.9,"The company has begun operations in Karnataka and Bengaluru and plans to expand its business to northern, southern and western India."
a183ac4a8a66cdce_p015,a183ac4a8a66cdce,EVT_00252,india_today,Election Strategy,Tata Chemicals,Positive,0.8,"""the two country should deepen EV cooperation"""
a183ac4a8a66cdce_p016,a183ac4a8a66cdce,EVT_00252,india_today,Development,Tata Chemicals,Positive,0.9,"Speaking at the India-Japan Joint Economic Forum, Tata Chemicals Managing Director R. Mukundan said India and Japan should deepen cooperation in electric vehicles, green hydrogen and battery storage to strengthen the clean energy transition."
a183ac4a8a66cdce_p017,a183ac4a8a66cdce,EVT_00252,india_today,Development,Japan PM,Positive,0.9,Foreign Secy calls Japan PM's visit a significant step
a183ac4a8a66cdce_p018,a183ac4a8a66cdce,EVT_00252,india_today,Election Strategy,Prime Minister Narendra Modi,Positive,0.9,held restricted and delegation-level talks
a183ac4a8a66cdce_p018,a183ac4a8a66cdce,EVT_00252,india_today,Development,Japanese Prime Minister Sanae Takaichi,Positive,0.85,marked a significant step in strengthening the India-Japan Special Strategic and Global Partnership.
a183ac4a8a66cdce_p019,a183ac4a8a66cdce,EVT_00252,india_today,Election Strategy,Prime Minister Modi,Positive,0.9,Prime Minister Modi will host Takaichi for a private dinner.
a183ac4a8a66cdce_p020,a183ac4a8a66cdce,EVT_00252,india_today,Development,Japan Prime Minister,Positive,0.9,explains why strengthening regional autonomy and resilience is essential
a183ac4a8a66cdce_p021,a183ac4a8a66cdce,EVT_00252,india_today,Development,Japanese Prime Minister Sanae Takaichi,Positive,0.9,"""proposed advancing a vision of ""Growing Stronger and More Prosperous Together,"" founded on the twin principles of autonomy and resilience"""
a183ac4a8a66cdce_p021,a183ac4a8a66cdce,EVT_00252,india_today,Development,Narendra Modi's MAHASAGAR initiative,Positive,0.9,"""the approach closely aligns with Prime Minister Narendra Modi's MAHASAGAR initiative"""
a183ac4a8a66cdce_p022,a183ac4a8a66cdce,EVT_00252,india_today,Development,Japan Prime Minister,Positive,0.9,Japan PM says the two countries will further strengthen cooperation
a183ac4a8a66cdce_p023,a183ac4a8a66cdce,EVT_00252,india_today,Development,Japanese Prime Minister Sanae Takaichi,Positive,0.9,"Addressing the forum, Japanese Prime Minister Sanae Takaichi said Japan and India, as two of the region's largest democracies, would further strengthen cooperation to uphold the rule of law, resist coercion, safeguard freedom, promote prosperity and shape the future together."
a183ac4a8a66cdce_p024,a183ac4a8a66cdce,EVT_00252,india_today,Development,PM Modi,Positive,0.9,PM Modi believes Japan and India together can build resilient global supply chains
a183ac4a8a66cdce_p025,a183ac4a8a66cdce,EVT_00252,india_today,Development,Prime Minister Narendra Modi,Positive,0.9,"he said Japan's technology and India's market potential could together build resilient global supply chains in semiconductors, pharmaceuticals and critical minerals."
a183ac4a8a66cdce_p025,a183ac4a8a66cdce,EVT_00252,india_today,Development,Prime Minister Narendra Modi,Positive,0.9,"He said Japan's capital and India's ambition could drive global leadership in shipbuilding, mobility and clean energy"
a183ac4a8a66cdce_p025,a183ac4a8a66cdce,EVT_00252,india_today,Development,Prime Minister Narendra Modi,Positive,0.9,"startups from both countries could develop next-generation solutions in artificial intelligence, quantum technology and biotechnology."
a183ac4a8a66cdce_p025,a183ac4a8a66cdce,EVT_00252,india_today,Development,Prime Minister Narendra Modi,Positive,0.9,Modi also highlighted the potential for expanded cooperation in aerospace and defence to strengthen global security
a183ac4a8a66cdce_p026,a183ac4a8a66cdce,EVT_00252,india_today,Development,PM Modi,Positive,0.9,calls for Japanese investment in India
a183ac4a8a66cdce_p027,a183ac4a8a66cdce,EVT_00252,india_today,Development,Prime Minister Narendra Modi,Positive,0.9,"called for deeper economic engagement between the two countries, urging businesses to ensure that Japanese investment in India exceeds 10 trillion yen over the next decade and that the number of Japanese companies operating in the country doubles during the same period."
a183ac4a8a66cdce_p028,a183ac4a8a66cdce,EVT_00252,india_today,Development,PM Modi,Positive,0.9,assures that India is world's fastest-growing economy
a183ac4a8a66cdce_p029,a183ac4a8a66cdce,EVT_00252,india_today,Economic Strategy,Prime Minister Narendra Modi,Positive,0.9,"By embracing Japan's Kaizen philosophy of continuous improvement over the past 12 years, India has been transforming its economic DNA."
a183ac4a8a66cdce_p030,a183ac4a8a66cdce,EVT_00252,india_today,Development,PM Modi,Positive,0.9,inaugurate
a183ac4a8a66cdce_p030,a183ac4a8a66cdce,EVT_00252,india_today,Development,Maruti Suzuki's 4th manufacturing unit,Positive,0.9,4th manufacturing unit
a183ac4a8a66cdce_p031,a183ac4a8a66cdce,EVT_00252,india_today,Election Strategy,Prime Minister Narendra Modi,Neutral,0.8,"At the India-Japan Joint Economic Forum, Prime Minister Narendra Modi and Japanese Prime Minister Sanae Takaichi jointly inaugurate Maruti Suzuki's fourth vehicle manufacturing facility at Kharkhoda in Haryana via video conferencing."
a183ac4a8a66cdce_p032,a183ac4a8a66cdce,EVT_00252,india_today,Election Strategy,PM Modi,Positive,0.9,PM Modi calls India-Japan ties 'very special'
a183ac4a8a66cdce_p033,a183ac4a8a66cdce,EVT_00252,india_today,Development,Prime Minister Narendra Modi,Positive,0.9,"Referring to the inauguration of the new Maruti Suzuki plant in Haryana's Kharkhoda, he said nearly two-thirds of Suzuki cars sold globally are manufactured in India and exported to more than 100 countries."
a183ac4a8a66cdce_p033,a183ac4a8a66cdce,EVT_00252,india_today,Economic Strategy,Prime Minister Narendra Modi,Positive,0.9,Modi said the combination of Japan's expertise and investment with India's speed and scale benefits not only the two nations but the entire world.
a183ac4a8a66cdce_p034,a183ac4a8a66cdce,EVT_00252,india_today,Development,PM Modi,Positive,0.9,PM Modi says India-Japan business ties span over 100 years
a183ac4a8a66cdce_p035,a183ac4a8a66cdce,EVT_00252,india_today,Election Strategy,Prime Minister Narendra Modi,Positive,0.9,"Addressing the India-Japan Joint Economic Forum, Prime Minister Narendra Modi said several Japanese companies have maintained business ties with India for decades, with some partnerships spanning more than a century. He welcomed the new companies joining the forum and said their participation would further strengthen the India-Japan success story."
a183ac4a8a66cdce_p036,a183ac4a8a66cdce,EVT_00252,india_today,Policy,PM Modi,Positive,0.9,visits exhibition
a183ac4a8a66cdce_p037,a183ac4a8a66cdce,EVT_00252,india_today,Development,Prime Minister Narendra Modi,Neutral,0.8,Prime Minister Narendra Modi and Japanese Prime Minister Sanae Takaichi visit an exhibition at the India-Japan Joint Economic Forum.
a183ac4a8a66cdce_p038,a183ac4a8a66cdce,EVT_00252,india_today,Economic Cooperation,Prime Minister Narendra Modi,Neutral,0.9,#WATCH | Delhi: Prime Minister Narendra Modi and Japanese PM Sanae Takaichi watch an exhibition at the India-Japan Joint Economic Forum.
a183ac4a8a66cdce_p039,a183ac4a8a66cdce,EVT_00252,india_today,Media Coverage,DD News,Neutral,0.9,(Video Source: DD News)
a183ac4a8a66cdce_p040,a183ac4a8a66cdce,EVT_00252,india_today,Election Strategy,PM Modi,Positive,0.9,to attend Joint Economic Forum shortyly with Japanese PM
a183ac4a8a66cdce_p041,a183ac4a8a66cdce,EVT_00252,india_today,Development,Prime Minister Narendra Modi,Positive,0.9,"Prime Minister Narendra Modi, along with Japanese Prime Minister Sanae Takaichi, will attend the India-Japan Joint Economic Forum shortly."
a183ac4a8a66cdce_p042,a183ac4a8a66cdce,EVT_00252,india_today,Development,Prime Minister Narendra Modi,Neutral,0.9,"#WATCH | Delhi: Prime Minister Narendra Modi and Japanese PM Japanese Prime Minister Sanae Takaichi to attend the India-Japan Joint Economic Forum, shortly."
a183ac4a8a66cdce_p043,a183ac4a8a66cdce,EVT_00252,india_today,Corruption,PoliticianX,Negative,0.85,@PoliticianX is seen in meetings with officials who are accused of embezzling public funds.
a183ac4a8a66cdce_p043,a183ac4a8a66cdce,EVT_00252,india_today,Violence,Government Party,Negative,0.75,The government party is criticized for not taking enough action to control the riots in the city.
a183ac4a8a66cdce_p044,a183ac4a8a66cdce,EVT_00252,india_today,Election Strategy,PM Modi,Positive,0.9,calls Japan's Takaichi his 'younger sister'
a183ac4a8a66cdce_p045,a183ac4a8a66cdce,EVT_00252,india_today,Election Strategy,Prime Minister Narendra Modi,Positive,0.9,"welcomed his Japanese counterpart, Sanae Takaichi"
a183ac4a8a66cdce_p046,a183ac4a8a66cdce,EVT_00252,india_today,Election Strategy,Prime Minister Narendra Modi,Positive,0.9,"@WATCH | Delhi: During press statement with Japanese PM Sanae Takaichi, Prime Minister Narendra Modi says, 'Namaskar. It gives me great pleasure to welcome Primeâ¦'"
711a6b6f99125ddf_p001,711a6b6f99125ddf,EVT_00272,firstpost,Economic Strategy,Indra Nooyi,Positive,0.9,"In a candid conversation on leadership, global governance and the starkly different trajectories of Asia’s two rising giants, former PepsiCo Chairperson and CEO Indra Nooyi offered a blunt assessment of how political systems shape economic destiny."
711a6b6f99125ddf_p002,711a6b6f99125ddf,EVT_00272,firstpost,Development,Nooyi,Neutral,0.9,"Speaking alongside former US Secretary of State Condoleezza Rice at a Hoover Institution panel, Nooyi weighed in on why China rapidly transformed into a manufacturing powerhouse while India continues a slower, more turbulent climb toward superpower status."
711a6b6f99125ddf_p003,711a6b6f99125ddf,EVT_00272,firstpost,Law & Order,Order vs Chaos,Neutral,0.95,The contrast of 'order' and 'chaos'
711a6b6f99125ddf_p004,711a6b6f99125ddf,EVT_00272,firstpost,Development,Rice,Neutral,0.8,The discussion began with Rice asking Nooyi how she would encourage American students and tourists to explore India
711a6b6f99125ddf_p005,711a6b6f99125ddf,EVT_00272,firstpost,Development,Nooyi,Neutral,0.9,acknowledged that the two countries require entirely different mindsets.
711a6b6f99125ddf_p006,711a6b6f99125ddf,EVT_00272,firstpost,Chaos,India,Negative,0.9,“India is a chaotic country. The beauty of India lies in its chaos.”
711a6b6f99125ddf_p007,711a6b6f99125ddf,EVT_00272,firstpost,Law & Order,India,Neutral,0.8,"She joked that for those accustomed to predictability and orderly streets, India can initially feel overwhelming."
711a6b6f99125ddf_p008,711a6b6f99125ddf,EVT_00272,firstpost,Development,India (as a country),Negative,0.9,"“What the hell is going on here?” Hey, we know how to dodge the cars and keep going… That’s life in India."
711a6b6f99125ddf_p009,711a6b6f99125ddf,EVT_00272,firstpost,Policy,Ex-Pepsi CEO,Neutral,0.9,Ex-Pepsi CEO on India vs China:
711a6b6f99125ddf_p010,711a6b6f99125ddf,EVT_00272,firstpost,Development,India,Negative,0.9,But I am glad it is a democracy
711a6b6f99125ddf_p011,711a6b6f99125ddf,EVT_00272,firstpost,Development,Politician or Party,Neutral,0.8,"‘Progress is slow, but I’m glad it is that way’"
711a6b6f99125ddf_p012,711a6b6f99125ddf,EVT_00272,firstpost,Development,Nooyi,Positive,0.9,"she said India’s slower pace of development stems from a system where everyone has a voice, unlike China’s top-down model of governance."
711a6b6f99125ddf_p013,711a6b6f99125ddf,EVT_00272,firstpost,Development,Nooyi (referring to Indian political system),Negative,0.9,"""And when everybody has a vote and everybody has a say, progress is slow. But I’m glad it is that way."""
711a6b6f99125ddf_p014,711a6b6f99125ddf,EVT_00272,firstpost,Corruption,China,Negative,0.9,She went on to emphasise that China’s centralised model lacks the institutional checks and balances
711a6b6f99125ddf_p014,711a6b6f99125ddf,EVT_00272,firstpost,Development,India,Positive,0.85,"To illustrate the difference, she pointed to the visibility of the judicial system in India."
711a6b6f99125ddf_p015,711a6b6f99125ddf,EVT_00272,firstpost,Judicial Independence,The speaker,Positive,0.9,"""Every decent-sized town in India has a courthouse, like there’s one in the towns of America,"" she noted."
711a6b6f99125ddf_p015,711a6b6f99125ddf,EVT_00272,firstpost,Separation of Powers,The speaker,Positive,0.9,"""And so that’s where it becomes problematic."" That separation—the fact that we have a judiciary that’s so visible—is what gives people comfort that they have a right in the country."
711a6b6f99125ddf_p016,711a6b6f99125ddf,EVT_00272,firstpost,Development,China's centralised political system,Positive,0.9,"enabled it to rapidly build infrastructure, relocate populations for industrial projects and implement sweeping economic policies with little opposition."
711a6b6f99125ddf_p017,711a6b6f99125ddf,EVT_00272,firstpost,Development,America,Positive,0.9,Why America made her career possible
711a6b6f99125ddf_p018,711a6b6f99125ddf,EVT_00272,firstpost,Success and Achievements,Nooyi,Positive,0.9,"The conversation then turned personal. Reflecting on her own journey, Nooyi said her rise from Chennai to leading one of America’s largest corporations would not have been possible anywhere else."
711a6b6f99125ddf_p019,711a6b6f99125ddf,EVT_00272,firstpost,Development,Immigrant woman who became CEO of a Fortune 50 company,Positive,0.9,she credited the United States’ meritocratic culture for creating opportunities
711a6b6f99125ddf_p020,711a6b6f99125ddf,EVT_00272,firstpost,Policy,Ex-Pepsi CEO,Neutral,0.9,Ex-Pepsi CEO on India vs China
711a6b6f99125ddf_p021,711a6b6f99125ddf,EVT_00272,firstpost,Development,Shashank Mattoo,Positive,0.9,"""I am glad it is a democracy"""
711a6b6f99125ddf_p022,711a6b6f99125ddf,EVT_00272,firstpost,Development,Nooyi,Positive,0.9,"""It’s because the system here in America is a meritocratic system"", Nooyi said."
72a9049358f97323_p001,72a9049358f97323,EVT_00274,the_times_of_india,Law & Order,The Supreme Court,Neutral,1.0,"The Supreme Court on Thursday underscored the need to regulate the use of artificial intelligence in judicial proceedings, noting that unverified AI-generated material could undermine the administration of justice."
72a9049358f97323_p002,72a9049358f97323,EVT_00274,the_times_of_india,Technology Regulation,Court,Neutral,0.9,It also urged both the Bar and the Bench to exercise caution while using such technology.
72a9049358f97323_p003,72a9049358f97323,EVT_00274,the_times_of_india,Law & Order,Judiciary/Courts,Neutral,0.9,It emphasised that human oversight must remain central at every stage of the judicial process.
72a9049358f97323_p004,72a9049358f97323,EVT_00274,the_times_of_india,"Corruption, Law & Order",Court,Negative,0.9,"such material could adversely affect the integrity of the justice system. Describing the use of fake, non-existent and AI-generated hallucinated legal precedents as ""invisible, insidious and catastrophic"" to justice"
72a9049358f97323_p005,72a9049358f97323,EVT_00274,the_times_of_india,"Corruption, Law & Order","National Company Law Tribunal (NCLT), National Company Law Appellate Tribunal (NCLAT), apex court",Negative,0.9,such reliance strikes at the integrity of the adjudicatory process and warranted fresh consideration of the dispute.
72a9049358f97323_p006,72a9049358f97323,EVT_00274,the_times_of_india,Law & Order,Supreme Court,Negative,0.9,Why the Supreme Court set aside the Essel Infraprojects orders
72a9049358f97323_p007,72a9049358f97323,EVT_00274,the_times_of_india,Law & Order,NCLT (National Company Law Tribunal),Neutral,0.8,bench of justices PS Narasimha and Alok Aradhe was hearing an appeal filed by suspended director Pooja Ramesh Singh
72a9049358f97323_p008,72a9049358f97323,EVT_00274,the_times_of_india,Corruption,Essel Infraprojects,Negative,0.8,a corporate guarantee from Essel Infraprojects
72a9049358f97323_p008,72a9049358f97323,EVT_00274,the_times_of_india,Policy,Jammu and Kashmir Bank,Neutral,0.6,an alleged default linked to a Rs 200 crore credit facility extended by Jammu and Kashmir Bank to Pan India Utilities Distribution Company Limited.
72a9049358f97323_p009,72a9049358f97323,EVT_00274,the_times_of_india,Development,NCLT (National Company Law Tribunal),Neutral,0.9,"The NCLT's Mumbai Bench admitted the insolvency plea in August 2024 over a claimed default of Rs 87.43 crore, and the NCLAT later upheld the order."
72a9049358f97323_p010,72a9049358f97323,EVT_00274,the_times_of_india,Corruption,NCLT (National Company Law Tribunal),Negative,0.9,relied on fabricated and non-existent AI-generated judgments as legal precedents
72a9049358f97323_p011,72a9049358f97323,EVT_00274,the_times_of_india,Law & Order,Judiciary,Negative,0.9,"""It is necessary for Courts to adopt a zero-tolerance mode for producing, citing or using AI-generated precedents without verification. It is a misconduct on the part of an advocate to cite such judgments without verification."""
72a9049358f97323_p012,72a9049358f97323,EVT_00274,the_times_of_india,Law & Order,Judges,Negative,0.9,The court further said it was an equally serious lapse if judges relied on fake or hallucinated AI-generated material while deciding cases.
72a9049358f97323_p013,72a9049358f97323,EVT_00274,the_times_of_india,Law & Order,Bench,Neutral,1.0,"""Such decisions are to be set aside even if an iota of fake or hallucinated material enters the decision-making process, as it would violate the sanctity of adjudication,"""
72a9049358f97323_p014,72a9049358f97323,EVT_00274,the_times_of_india,Law & Order,Supreme Court,Neutral,1.0,"Accordingly, the Supreme Court set aside both the NCLT and NCLAT orders"
72a9049358f97323_p015,72a9049358f97323,EVT_00274,the_times_of_india,Policy,The Judiciary,Neutral,1.0,"clarifying the scope of its ruling, the court said it was not examining the technical reasons behind AI hallucinations or ways to eliminate them. Those issues, it said, were for engineers and scientists."
c599c9613fe265c7_p001,c599c9613fe265c7,EVT_00288,the_times_of_india,Victory and Defense,Indian Navy,Positive,0.9,foiled a piracy attempt in the Gulf of Aden
c599c9613fe265c7_p002,c599c9613fe265c7,EVT_00288,the_times_of_india,Violence,Pirates,Negative,0.9,suspected pirates attempted to board the ship
c599c9613fe265c7_p003,c599c9613fe265c7,EVT_00288,the_times_of_india,Law & Order,Authorities,Neutral,0.9,"According to ANI sources, the crew immediately activated anti-piracy protocols by locking themselves inside a designated safe room and alerting authorities through an emergency communication channel."
c599c9613fe265c7_p004,c599c9613fe265c7,EVT_00288,the_times_of_india,Development,Military/Naval Operations,Neutral,0.9,"INS Trikand, which was operating in the region, responded to the distress call and moved towards the merchant vessel."
c599c9613fe265c7_p005,c599c9613fe265c7,EVT_00288,the_times_of_india,Law & Order,Indian Navy,Neutral,0.9,"As the Indian Navy warship closed in on the ship, the suspected pirates fled the area before they could take control of the vessel, sources said."
c599c9613fe265c7_p006,c599c9613fe265c7,EVT_00288,the_times_of_india,Law & Order,Indian Navy Marine Commandos,Neutral,0.9,"Following the incident, Indian Navy Marine Commandos (MARCOS) boarded MV Golden Arsenal and conducted a thorough sanitisation operation to ensure the ship was secure and free of any remaining threat."
c599c9613fe265c7_p007,c599c9613fe265c7,EVT_00288,the_times_of_india,Safety,Vessel safety declaration,Neutral,0.9,The vessel was subsequently declared safe.
c599c9613fe265c7_p008,c599c9613fe265c7,EVT_00288,the_times_of_india,Development,India,Neutral,0.8,ANI Sources said MV Golden Arsenal was carrying critical cargo destined for India.
c599c9613fe265c7_p009,c599c9613fe265c7,EVT_00288,the_times_of_india,Safety and Equipment Maintenance,Vessel Crew and Public,Neutral,0.95,No injuries to the crew or damage to the vessel were immediately reported.
c599c9613fe265c7_p010,c599c9613fe265c7,EVT_00288,the_times_of_india,Law & Order,Indian Navy,Positive,0.9,"The Indian Navy has maintained a continuous presence in the region, deploying frontline warships to safeguard merchant shipping and respond to piracy threats."
c599c9613fe265c7_p011,c599c9613fe265c7,EVT_00288,the_times_of_india,Law & Order,Indian Navy,Positive,0.9,The latest operation adds to a series of anti-piracy missions carried out by the Indian Navy in the Arabian Sea and Gulf of Aden over the past two years
f5f0b2b3e47f7f92_p001,f5f0b2b3e47f7f92,EVT_00308,firstpost,Violence,Indian family and local government,Negative,0.85,raising questions over the circumstances of his death
f5f0b2b3e47f7f92_p002,f5f0b2b3e47f7f92,EVT_00308,firstpost,Travel and Business,Rakesh Chauhan,Neutral,0.9,"Rakesh Chauhan, a resident of Langra Bazar Tola in Deoria district, had travelled to Venezuela in November 2025 as a crew member on a merchant vessel through a private company, according to his family."
f5f0b2b3e47f7f92_p003,f5f0b2b3e47f7f92,EVT_00308,firstpost,Law & Order,Government officials,Negative,0.85,"The following morning, they were told his chances of survival were only five per cent, before being informed later the same day that he had died."
f5f0b2b3e47f7f92_p004,f5f0b2b3e47f7f92,EVT_00308,firstpost,Incompetence and Deception,Company (or relevant party/individual handling the case),Negative,0.85,"However, the body reached his hometown about a month later, in June."
f5f0b2b3e47f7f92_p005,f5f0b2b3e47f7f92,EVT_00308,firstpost,Law & Order,Doctors and authorities,Neutral,0.9,"doctors initially refused to conduct another autopsy, stating that a post-mortem had already been performed abroad and a fresh examination required permission from the competent authority."
f5f0b2b3e47f7f92_p006,f5f0b2b3e47f7f92,EVT_00308,firstpost,Law & Order,District Magistrate,Neutral,0.8,A second post-mortem was carried out two days ago on the orders of the district magistrate.
f5f0b2b3e47f7f92_p007,f5f0b2b3e47f7f92,EVT_00308,firstpost,Violence,Healthcare System,Negative,0.9,"The report also noted that the thyroid, hyoid bone, larynx and trachea were missing."
f5f0b2b3e47f7f92_p008,f5f0b2b3e47f7f92,EVT_00308,firstpost,Violence,Healthcare System,Negative,0.9,It said the exact cause of death could not be ascertained due to the absence of internal organs.
f5f0b2b3e47f7f92_p009,f5f0b2b3e47f7f92,EVT_00308,firstpost,Violence,Rakesh Chauhan (Politician),Negative,0.9,"His father, Ramdev Chauhan, alleged that the family was kept in the dark about the circumstances surrounding his son’s death."
f5f0b2b3e47f7f92_p010,f5f0b2b3e47f7f92,EVT_00308,firstpost,Law & Order,police or investigating officials,Negative,0.85,"He demanded an impartial investigation by the Centre and the Uttar Pradesh government, action against the company concerned and strict punishment for those found responsible."
f5f0b2b3e47f7f92_p011,f5f0b2b3e47f7f92,EVT_00308,firstpost,Corruption,Federation of Seafarers' Unions of India,Negative,0.85,"""the body had been sent to India without the post-mortem report and other mandatory documents"""
f5f0b2b3e47f7f92_p012,f5f0b2b3e47f7f92,EVT_00308,firstpost,Violence,Venezuelan Authorities,Negative,0.9,It demanded that the Venezuelan authorities be held accountable
f5f0b2b3e47f7f92_p012,f5f0b2b3e47f7f92,EVT_00308,firstpost,Development,Indian Embassy,Positive,0.85,the Indian Embassy intervene immediately
f1b39d28748096c2_p001,f1b39d28748096c2,EVT_00306,hindustan_times,Policy,Omar Abdullah,Positive,0.9,No one should object to India-Pak dialogue aimed at improving ties:
f1b39d28748096c2_p002,f1b39d28748096c2,EVT_00306,hindustan_times,Peace Negotiations / Conflict Resolution,Omar Abdullah,Neutral,0.8,Omar Abdullah said the conflict between the two countries was not new and has persisted for the last three to four decades.
f1b39d28748096c2_p003,f1b39d28748096c2,EVT_00306,hindustan_times,Policy,Omar Abdullah,Positive,0.9,Jammu and Kashmir Chief Minister Omar Abdullah on Thursday said no one should object to dialogue between India and Pakistan aimed at improving bilateral relations.
f1b39d28748096c2_p004,f1b39d28748096c2,EVT_00306,hindustan_times,Conflict,Abdullah,Neutral,0.8,"Talking to reporters on the sidelines of a function here, Abdullah said the conflict between the two countries was not new and has persisted for the last three to four decades."
f1b39d28748096c2_p005,f1b39d28748096c2,EVT_00306,hindustan_times,Policy,Abdullah,Neutral,0.8,"This conflict is 30 to 40 years old, and last year, it intensified after the Pahalgam attack. Now, the PM is being requested, through a letter, that the relations between the two countries should be improved."
f1b39d28748096c2_p006,f1b39d28748096c2,EVT_00306,hindustan_times,Peace & Diplomacy,OP Shah (Center for Peace and Progress),Positive,0.9,"A letter coordinated by OP Shah, chairman of the Centre for Peace and Progress, and signed by 61 Indians and 55 Pakistanis, has urged the two countries to engage in bilateral talks."
f1b39d28748096c2_p007,f1b39d28748096c2,EVT_00306,hindustan_times,Policy,Abdullah,Neutral,0.8,"Questioning those criticising the initiative, Abdullah said senior leaders of the RSS had also advocated improving ties between India and Pakistan."
f1b39d28748096c2_p008,f1b39d28748096c2,EVT_00306,hindustan_times,Policy,RSS,Neutral,0.8,"""When the RSS says this, no one objects, but when the leaders in J-K say the same thing, it becomes an issue."""
f1b39d28748096c2_p009,f1b39d28748096c2,EVT_00306,hindustan_times,Policy,Abdullah,Neutral,0.9,"""We are only saying what (former prime minister Atal Bihari) Vajpayee used to say that friends can be changed, but we cannot change neighbours. We want relations between neighbors to improve,"" Abdullah said."
f1b39d28748096c2_p010,f1b39d28748096c2,EVT_00306,hindustan_times,Law & Order,PM Modi,Positive,0.9,Indian Prime Minister Narendra Modi and his Pakistani counterpart Shehbaz Sharif to revive bilateral dialogue
f1b39d28748096c2_p010,f1b39d28748096c2,EVT_00306,hindustan_times,Law & Order,Shehbaz Sharif,Positive,0.9,Indian Prime Minister Narendra Modi and his Pakistani counterpart Shehbaz Sharif to revive bilateral dialogue
f1b39d28748096c2_p011,f1b39d28748096c2,EVT_00306,hindustan_times,Policy,Various political figures and retired diplomats,Neutral,0.8,"Among the signatories are former RAW chief A S Dulat, Rajya Sabha MP Manoj Jha, former diplomat Ashraf Jehangir Qazi, former Union minister Mani Shankar Aiyar, former Pakistan foreign minister Khurshid Mahmud Kasuri, besides several retired diplomats and civil society members."
f1b39d28748096c2_p012,f1b39d28748096c2,EVT_00306,hindustan_times,Peace & Stability,Both governments,Positive,0.9,"The letter urged both governments to take 'meaningful and sustained steps towards restoring peace, normalcy, dialogue and cooperation in South Asia'."
ecfbc50b255e6bb2_p001,ecfbc50b255e6bb2,EVT_00272,hindustan_times,Development,US Senator,Negative,0.85,India only country to match China's scale in... 
ecfbc50b255e6bb2_p002,ecfbc50b255e6bb2,EVT_00272,hindustan_times,Election Strategy,Republican senator,Neutral,0.8,leaves his phone behind when travelling to China but carries it with him when visiting India.
ecfbc50b255e6bb2_p003,ecfbc50b255e6bb2,EVT_00272,hindustan_times,Policy,Steve Daines,Positive,0.9,US Senator Steve Daines on Tuesday underscored the trust Washington places in New Delhi
ecfbc50b255e6bb2_p004,ecfbc50b255e6bb2,EVT_00272,hindustan_times,Policy,Republican senator from Montana,Neutral,0.8,trust the US places in New Delhi
ecfbc50b255e6bb2_p005,ecfbc50b255e6bb2,EVT_00272,hindustan_times,Election Strategy,Daines,Negative,0.8,"I' I've made multiple trips to China,” Daines said."
ecfbc50b255e6bb2_p006,ecfbc50b255e6bb2,EVT_00272,hindustan_times,Law & Order,Daines,Negative,0.9,"""It's an important relationship. It's too big to fail. We can't disengage from China. We need to engage. We need to,"" Daines added."
ecfbc50b255e6bb2_p007,ecfbc50b255e6bb2,EVT_00272,hindustan_times,Development,India and the United States,Positive,0.9,He said the partnership between India and the United States extends beyond bilateral interests and carries wider global significance.
ecfbc50b255e6bb2_p008,ecfbc50b255e6bb2,EVT_00272,hindustan_times,Development,Politician or Party (unnamed in text),Positive,0.9,"""The relationship that we have between the United States and India is not only important for our two countries. I think it’s important for the world,"" he said during the USISPF Annual Leadership Summit, 2026."
ecfbc50b255e6bb2_p009,ecfbc50b255e6bb2,EVT_00272,hindustan_times,Competitive Relationship,China,Negative,0.85,cooperation to counter China challenge
ecfbc50b255e6bb2_p010,ecfbc50b255e6bb2,EVT_00272,hindustan_times,Development,Daines,Positive,0.9,argued that Washington should take a more strategic view of India’s role
ecfbc50b255e6bb2_p011,ecfbc50b255e6bb2,EVT_00272,hindustan_times,Development,India,Positive,0.9,"""There’s only one country in the world that can match the size and scale of China’s innovation ecosystem, and it’s India working with the United States,"" he said."
ecfbc50b255e6bb2_p012,ecfbc50b255e6bb2,EVT_00272,hindustan_times,Development,Daines,Neutral,0.8,"""China produces roughly 3.5 million science and tech graduates every year. The only hope we have to compete globally is India plus the United States. India produces about 2-2.5 million STEM graduates. America does about 1 million."""
ecfbc50b255e6bb2_p013,ecfbc50b255e6bb2,EVT_00272,hindustan_times,Authorship,ABOUT THE AUTHORHT,Neutral,1.0,ABOUT THE AUTHORHT News Desk
ecfbc50b255e6bb2_p014,ecfbc50b255e6bb2,EVT_00272,hindustan_times,Development,Hindustan Times,Neutral,0.9,"Operating round the clock, the desk brings together experienced editors, reporters and correspondents to deliver fast, accurate and contextual reporting across subjects that influence public policy, governance, business, society and international affairs."
ecfbc50b255e6bb2_p015,ecfbc50b255e6bb2,EVT_00272,hindustan_times,News Coverage,HT News Desk,Neutral,1.0,"""The HT News Desk covers politics, elections, government policies..."""
ecfbc50b255e6bb2_p016,ecfbc50b255e6bb2,EVT_00272,hindustan_times,Verification Processes,Media,Neutral,1.0,"Stories undergo editorial scrutiny and verification processes to ensure accuracy, fairness and relevance"
ecfbc50b255e6bb2_p017,ecfbc50b255e6bb2,EVT_00272,hindustan_times,Development,HT News Desk,Neutral,1.0,"the HT News Desk aims to provide readers with reliable, fact-based journalism that delivers not only the latest developments but also the context and analysis needed to understand their wider implications."
afdf548818124e82_p001,afdf548818124e82,EVT_00288,hindustan_times,Law & Order,Indian Navy,Positive,0.95,foils piracy attack
afdf548818124e82_p002,afdf548818124e82,EVT_00288,hindustan_times,Law & Order,Indian Navy and MARCOS,Neutral,0.9,Indian Navy Marine Commandos (MARCOS)
afdf548818124e82_p003,afdf548818124e82,EVT_00288,hindustan_times,Security,Navy,Positive,0.9,Indian Navy warship INS Trikand thwarted a piracy attempt on a merchant vessel in the Gulf of Aden on Wednesday (July 1) afternoon.
afdf548818124e82_p004,afdf548818124e82,EVT_00288,hindustan_times,Military Action,Indian Navy,Neutral,1.0,Indian Navy Marine Commandos (MARCOS)
afdf548818124e82_p005,afdf548818124e82,EVT_00288,hindustan_times,Violence,Pirates,Negative,0.9,The crew locked themselves inside a safe room after pirates attempted to board the ship and immediately alerted authorities
afdf548818124e82_p006,afdf548818124e82,EVT_00288,hindustan_times,Law & Order,MARCCIOS,Positive,0.9,SANITISED IT TO ENSURE IT WAS SECURE
afdf548818124e82_p007,afdf548818124e82,EVT_00288,hindustan_times,Law & Order,Indian Navy,Positive,0.95,"Earlier, on the afternoon of June 19, INS Trikand had responded to a distress call from merchant vessel MV Fareeda 5, which reported a likely piracy attempt in the Western Indian Ocean and undertook prompt action to deter the threat."
afdf548818124e82_p008,afdf548818124e82,EVT_00288,hindustan_times,Law & Order,Indian Navy,Positive,0.9,The Indian Navy said timely intervention ensured the safety of the merchant vessel.
afdf548818124e82_p009,afdf548818124e82,EVT_00288,hindustan_times,Development,Indian Government,Neutral,0.8,"Also Read: Indian marching contingents, warships to take part in Seychelles’ National Day event"
afdf548818124e82_p010,afdf548818124e82,EVT_00288,hindustan_times,Protest,Indian Navy,Positive,0.9,"""As a preferred security partner and first responder in the region, Indian Navy remains committed to safeguarding merchant shipping, countering piracy and ensuring safe and secure seas."""
afdf548818124e82_p011,afdf548818124e82,EVT_00288,hindustan_times,Defense & Security,Indian Navy,Positive,0.9,"Earlier, on May 27, Indian Naval Ship INS Kolkata foiled a suspected piracy attempt near merchant vessel MV Mashallah 1 in the Western Indian Ocean."
afdf548818124e82_p012,afdf548818124e82,EVT_00288,hindustan_times,Law & Order,INS Kolkata,Positive,0.9,timely intervention ensured the safety of the merchant vessel and prevented a possible piracy attack.
e472f83ab64fde7a_p001,e472f83ab64fde7a,EVT_00238,the_times_of_india,Development,India,Positive,0.9,"signed key defence, technology and investment agreements"
e472f83ab64fde7a_p001,e472f83ab64fde7a,EVT_00238,the_times_of_india,Development,Japan,Positive,0.9,"signed key defence, technology and investment agreements"
e472f83ab64fde7a_p002,e472f83ab64fde7a,EVT_00238,the_times_of_india,Election Strategy,Salman Khurshid (Congress),Positive,0.85,- Salman Khurshid will represent the Congress at Ayatollah Ali Khamenei's state funeral in Iran.
e472f83ab64fde7a_p003,e472f83ab64fde7a,EVT_00238,the_times_of_india,Violence,Russia,Negative,0.95,"Russia launched a massive overnight attack on Kyiv, killing at least 17 people and injuring over 90."
e472f83ab64fde7a_p004,e472f83ab64fde7a,EVT_00238,the_times_of_india,Immigration and Asylum,Asylum Seekers,Negative,0.9,A convicted Iraqi human trafficker was found living in the UK while awaiting an asylum decision.
e472f83ab64fde7a_p005,e472f83ab64fde7a,EVT_00238,the_times_of_india,Development,Shreyas Iyer,Positive,0.9,Shreyas Iyer became the first Indian captain to score a T20I fifty in England.
e472f83ab64fde7a_p006,e472f83ab64fde7a,EVT_00238,the_times_of_india,Development,India,Positive,0.9,Here are the top stories of the day:
e472f83ab64fde7a_p007,e472f83ab64fde7a,EVT_00238,the_times_of_india,Development,Prime Minister,Positive,0.9,"India and Japan strengthened their strategic partnership at the 16th India-Japan Annual Summit in New Delhi, where Prime Minister"
e472f83ab64fde7a_p008,e472f83ab64fde7a,EVT_00238,the_times_of_india,Development,PM Modi,Positive,0.9,Narendra Modi and Japanese Prime Minister Sanae Takaichi signed a Memorandum of Cooperation.
e472f83ab64fde7a_p008,e472f83ab64fde7a,EVT_00238,the_times_of_india,Development,Japan,Positive,0.9,Narendra Modi and Japanese Prime Minister Sanae Takaichi signed a Memorandum of Cooperation.
e472f83ab64fde7a_p009,e472f83ab64fde7a,EVT_00238,the_times_of_india,Election Strategy,Salman Khurshid,Neutral,0.8,Congress' Salman Khurshid to attend Ayatollah Khamenei's state funeral in Iran
e472f83ab64fde7a_p010,e472f83ab64fde7a,EVT_00238,the_times_of_india,Election Strategy,Congress Party,Negative,0.8,Senior Congress leader Salman Khurshid will represent the party at the state funeral
e472f83ab64fde7a_p010,e472f83ab64fde7a,EVT_00238,the_times_of_india,Policy,India,Negative,0.75,India will instead be represented by Bihar governor Lt Gen Syed Ata Hasnain (Retd) and Union Minister Pabitra Margherita.
e472f83ab64fde7a_p011,e472f83ab64fde7a,EVT_00238,the_times_of_india,Violence,Russia,Negative,0.95,"launching massive overnight assault on Kyiv, killing at least 17"
e472f83ab64fde7a_p012,e472f83ab64fde7a,EVT_00238,the_times_of_india,Violence,NATO,Negative,0.9,"Russia unleashed one of its largest aerial attacks of the war on Kyiv, killing at least 17 people in an overnight barrage of missiles and drones."
e472f83ab64fde7a_p012,e472f83ab64fde7a,EVT_00238,the_times_of_india,Violence,Russian Government / Russia,Negative,0.9,"Russia unleashed one of its largest aerial attacks of the war on Kyiv, killing at least 17 people in an overnight barrage of missiles and drones."
e472f83ab64fde7a_p012,e472f83ab64fde7a,EVT_00238,the_times_of_india,Election Strategy,NATO Allies / Volodymyr Zelenskyy,Neutral to Positive,0.8,"The strike comes ahead of President Volodymyr Zelenskyy's meetings with NATO allies, where he is expected to seek additional air defence systems amid escalating Russian attacks."
e472f83ab64fde7a_p013,e472f83ab64fde7a,EVT_00238,the_times_of_india,"Illegal Immigration, Corruption",Iraqi Human Trafficker,Negative,0.8,Convicted Iraqi human trafficker
e472f83ab64fde7a_p014,e472f83ab64fde7a,EVT_00238,the_times_of_india,Fraud and Asylum Abuse,Twana Jamal,Negative,0.9,A convicted Iraqi human trafficker Twana Jamal
e472f83ab64fde7a_p015,e472f83ab64fde7a,EVT_00238,the_times_of_india,Violence,Jamal,Negative,0.9,"Jamal, who served five years in France for running a major migrant smuggling network"
e472f83ab64fde7a_p015,e472f83ab64fde7a,EVT_00238,the_times_of_india,Law & Order,Jamal,Negative,0.85,where he is accused of working illegally and driving without a licence.
e472f83ab64fde7a_p016,e472f83ab64fde7a,EVT_00238,the_times_of_india,Development,Shreyas Iyer,Positive,0.9,Read full storyShreyas Iyer becomes first Indian captain to score T20I fifty in England
e472f83ab64fde7a_p017,e472f83ab64fde7a,EVT_00238,the_times_of_india,Development,Shreyas Iyer,Positive,1.0,India captain Shreyas Iyer created history by becoming the first Indian skipper to score a T20I half-century on English soil
2c788d15535e058b_p001,2c788d15535e058b,EVT_00238,hindustan_times,Economic Strategy,India and Japan,Positive,0.9,"India, Japan deepen defence, AI, energy ties; finalise economic roadmap"
2c788d15535e058b_p002,2c788d15535e058b,EVT_00238,hindustan_times,Development,Sanae Takaichi (Japanese PM),Neutral,0.9,"Japanese PM Sanae Takaichi, on her first visit to India since becoming PM, joined Modi for the 16th annual India-Japan Summit."
2c788d15535e058b_p003,2c788d15535e058b,EVT_00238,hindustan_times,Economic Strategy,Prime Minister Narendra Modi,Positive,0.9,and his Japanese counterpart Sanae Takaichi emphasised the importance of mutual trust underpinning bilateral ties in a world order facing growing uncertainty.
2c788d15535e058b_p004,2c788d15535e058b,EVT_00238,hindustan_times,Election Strategy,Prime Minister Modi and Prime Minister Takaichi,Positive,0.9,"Takaichi, on her first visit to India since becoming prime minister"
2c788d15535e058b_p004,2c788d15535e058b,EVT_00238,hindustan_times,Development,Japan and India,Positive,0.85,boosting Japanese investments in India
2c788d15535e058b_p005,2c788d15535e058b,EVT_00238,hindustan_times,Policy,Takaichi,Positive,0.9,"Under Takaichi’s leadership, Japan has focused on strengthening ties with like-minded partners such as India, Australia and South Korea against the backdrop of China’s continuing assertiveness across the region."
2c788d15535e058b_p005,2c788d15535e058b,EVT_00238,hindustan_times,Development,"India, Australia and South Korea",Positive,0.8,"Under Takaichi’s leadership, Japan has focused on strengthening ties with like-minded partners such as India, Australia and South Korea against the backdrop of China’s continuing assertiveness across the region."
2c788d15535e058b_p005,2c788d15535e058b,EVT_00238,hindustan_times,Election Strategy,China,Negative,0.7,"According to a joint statement, Modi and Takaichi expressed “serious concern” at the situation in the East China Sea and South China Sea"
2c788d15535e058b_p005,2c788d15535e058b,EVT_00238,hindustan_times,Election Strategy,China’s continuing assertiveness across the region,Negative,0.8,"According to a joint statement, Modi and Takaichi expressed “serious concern” at the situation in the East China Sea and South China Sea"
2c788d15535e058b_p005,2c788d15535e058b,EVT_00238,hindustan_times,Policy,"India, Australia and South Korea against the backdrop of China’s continuing assertiveness across the region",Positive,0.8,"Under Takaichi’s leadership, Japan has focused on strengthening ties with like-minded partners such as India, Australia and South Korea against the backdrop of China’s continuing assertiveness across the region."
2c788d15535e058b_p005,2c788d15535e058b,EVT_00238,hindustan_times,Policy,Modi and Takaichi,Negative,0.8,"According to a joint statement, Modi and Takaichi expressed “serious concern” at the situation in the East China Sea and South China Sea"
2c788d15535e058b_p006,2c788d15535e058b,EVT_00238,hindustan_times,Development,PM Modi,Positive,0.9,said the India-Japan partnership “stands the test of this principle in every respect”
2c788d15535e058b_p007,2c788d15535e058b,EVT_00238,hindustan_times,Development,Japan,Positive,0.9,"""Japan and India must leverage our respective strengths to become stronger and more prosperous together in the midst of international affairs in disarray. The establishment of such inter-complementary cooperative relations has become ever more important."""
2c788d15535e058b_p008,2c788d15535e058b,EVT_00238,hindustan_times,Development,PM Modi,Positive,0.9,He said the measures agreed on by the two sides will bolster regional peace and prosperity.
2c788d15535e058b_p009,2c788d15535e058b,EVT_00238,hindustan_times,Economic Security,PM Modi,Positive,0.9,"In this direction, we have adopted a joint roadmap on economic security today"
2c788d15535e058b_p010,2c788d15535e058b,EVT_00238,hindustan_times,Economic Strategy,Takaichi,Positive,0.9,"promoting cooperation in economic security and energy security to overcome ""economic weaponisation"" and build resilience in critical supply chains"
2c788d15535e058b_p010,2c788d15535e058b,EVT_00238,hindustan_times,Economic Strategy,Takaichi,Positive,0.9,bolstering economic growth in both countries through investments and innovation collaboration
2c788d15535e058b_p011,2c788d15535e058b,EVT_00238,hindustan_times,Development,Indian state-run companies,Positive,0.9,"the project will pave the way for joint development of air, land and sea systems, including unmanned vehicles."
2c788d15535e058b_p012,2c788d15535e058b,EVT_00238,hindustan_times,Election Strategy,Prime Minister,Neutral,0.8,directed their foreign and defence ministers to hold the fourth round of the 2+2 ministerial meeting in Tokyo by the end of the year.
2c788d15535e058b_p013,2c788d15535e058b,EVT_00238,hindustan_times,"Corruption, Development",Viral Chaos,Negative,0.9,Also Read I Viral chaos as battery management apps turn smartphones into ‘kill switch’ for e-rickshaws
2c788d15535e058b_p014,2c788d15535e058b,EVT_00238,hindustan_times,Development,PM Modi,Positive,0.9,"""Our objective is clear — to attract 10 trillion yen in Japanese investments into India over the next 10 years and to double the number of Japanese companies operating in India,"" he said."
2c788d15535e058b_p015,2c788d15535e058b,EVT_00238,hindustan_times,Development,India,Positive,0.9,"Japan is among India’s largest foreign investors and has backed key infrastructure projects, including metro networks in major cities and the Mumbai-Ahmedabad high-speed railway."
2c788d15535e058b_p016,2c788d15535e058b,EVT_00238,hindustan_times,Development,India Prime Minister,Positive,0.9,"""Japan fully understands India’s target to commence commercial operations on priority sections in 2027 and remains committed to extending the necessary cooperation"""
2c788d15535e058b_p017,2c788d15535e058b,EVT_00238,hindustan_times,Development,PM Modi,Positive,0.9,invited Japanese companies to explore opportunities to participate in the development of future high-speed corridors.
2c788d15535e058b_p018,2c788d15535e058b,EVT_00238,hindustan_times,Development,India and Japan,Neutral,0.9,agreed to accelerate the review of its implementation and full and effective use to make it more forward-looking
2c788d15535e058b_p019,2c788d15535e058b,EVT_00238,hindustan_times,Policy,PM Modi,Positive,0.9,I referred to Japanese PM Takaichi as my 'little sister'. 
2c788d15535e058b_p020,2c788d15535e058b,EVT_00238,hindustan_times,Development,CEPA (Comprehensive Economic Partnership Agreement),Neutral,0.8,“the CEPA had become “somewhat dated” in the context of new trade arrangements being struck across the world.
2c788d15535e058b_p020,2c788d15535e058b,EVT_00238,hindustan_times,Development,Indian Side,Neutral,0.8,the Indian side proposed that the time had come to consider a significant upgrade of the CEPA
2c788d15535e058b_p021,2c788d15535e058b,EVT_00238,hindustan_times,Development,Joint Declaration on Economic Security,Positive,0.9,"The Joint Declaration on Economic Security will promote project-based collaboration to enhance joint resilience in key sectors such as semiconductors, critical minerals, information and communication technology, including AI, clean energy and pharmaceuticals."
2c788d15535e058b_p022,2c788d15535e058b,EVT_00238,hindustan_times,Economic Coercion,China,Negative,0.9,Both sides expressed ‘grave concerns’ over the use of economic coercion and non-market practices
2c788d15535e058b_p023,2c788d15535e058b,EVT_00238,hindustan_times,Trade and Economic Relations,China,Neutral,0.9,"In the context of China’s dominance in pharmaceuticals, the two sides agreed..."
2c788d15535e058b_p024,2c788d15535e058b,EVT_00238,hindustan_times,Development,Takaichi,Positive,0.9,and Japan will back India’s membership of the International Energy Agency (IEA).
2c788d15535e058b_p025,2c788d15535e058b,EVT_00238,hindustan_times,Development,Joint Statement,Positive,0.9,The Joint Statement on Cooperation in AI will elevate collaboration in this field to a strategic research and development partnership.
2c788d15535e058b_p026,2c788d15535e058b,EVT_00238,hindustan_times,Protest,Bombay HC (Bail Commission),Negative,0.9,I Citizens can't be made slaves of government: Bombay HC says people cannot be externed over protests
2c788d15535e058b_p027,2c788d15535e058b,EVT_00238,hindustan_times,Development,IndiaAI Mission and Japan's GENIAC initiative,Positive,0.9,boosting joint work in upstream critical minerals exploration; and promoting cooperation between the IndiaAI Mission and Japan’s GENIAC initiative through B2B matchmaking and joint projects.
2c788d15535e058b_p028,2c788d15535e058b,EVT_00238,hindustan_times,Development,Future Partnerships or Governments,Neutral,0.9,"The memorandum of cooperation on the Next Generation Mobility Partnership (NGMP) will establish a framework for accelerating private sector-led cooperation and investments in rail, automotive and road infrastructure, aviation, shipbuilding and ports, logistics and urban development."
2c788d15535e058b_p029,2c788d15535e058b,EVT_00238,hindustan_times,Development,Various parties or stakeholders,Neutral,0.9,"The two sides also concluded five memorandums of understanding on research and innovation in deep tech and life sciences, biological and neurological research, collaboration on large language models (LLMs), with a focus on developing LLMs for enhanced scientific reasoning, and cooperation in National Internet Registry operations and internet security improvements."
2c788d15535e058b_p030,2c788d15535e058b,EVT_00238,hindustan_times,Authorship/Attribution,Rezaul H Laskar,Neutral,0.9,ABOUT THE AUTHORRezaul H Laskar
2c788d15535e058b_p031,2c788d15535e058b,EVT_00238,hindustan_times,Media Coverage/Industry Focus,Rezaul H Laskar,Neutral,1.0,His interests include movies and music.
ca4965fc00839265_p001,ca4965fc00839265,EVT_00211,the_times_of_india,Protest,Abhijeet Dipke (Cockroach Janata Party),Negative,0.9,He alleged that a police officer and his team threw the books away while taking action against students who had set up a makeshift library during the ongoing protest at Jantar Mantar.
ca4965fc00839265_p002,ca4965fc00839265,EVT_00211,the_times_of_india,Protest,Dipke,Negative,0.9,accused ACP Ajay Sharma and his team of insulting the two historical figures
ca4965fc00839265_p003,ca4965fc00839265,EVT_00211,the_times_of_india,Violence,ACP Ajay Sharma,Negative,0.95,"ACP Ajay Sharma and his team threw away the books, which included books on Chhatrapati Shivaji Maharaj and Bhagat Singh and assaulted students for setting up library."
ca4965fc00839265_p003,ca4965fc00839265,EVT_00211,the_times_of_india,Protest,ACP Ajay Sharma,Negative,0.9,"We demand the immediate suspension of ACP Ajay Sharma for insulting Chhatrapati Shivaji Maharaj and Bhagat Singh,"
ca4965fc00839265_p004,ca4965fc00839265,EVT_00211,the_times_of_india,Protest,CJP-led protest,Negative,0.9,His remarks came as the CJP-led protest over alleged irregularities in the examination system entered its thirteenth day
ca4965fc00839265_p004,ca4965fc00839265,EVT_00211,the_times_of_india,Protest Strategy,CJP-led protest,Negative,0.9,His remarks came as the CJP-led protest over alleged irregularities in the examination system entered its thirteenth day
ca4965fc00839265_p004,ca4965fc00839265,EVT_00211,the_times_of_india,Protest Action,activist Sonam Wangchuk,Negative,0.9,with activist Sonam Wangchuk continuing his hunger strike at Jantar Mantar
ca4965fc00839265_p005,ca4965fc00839265,EVT_00211,the_times_of_india,Health Crisis,Wangchuk,Negative,0.9,"Dipke also shared an update on Wangchuk's health, claiming his condition was worsening after five days without food."
ca4965fc00839265_p006,ca4965fc00839265,EVT_00211,the_times_of_india,Health Crisis and Accountability,Sonam Wangchuk,Negative,0.9,"""His sugar level has dropped to 60 and blood pressure is also very low. If anything happens to Sonam sir, the government will be responsible for it,"" he said in another post on X."
ca4965fc00839265_p007,ca4965fc00839265,EVT_00211,the_times_of_india,Support for Protest,protest,Positive,0.9,"The protest has drawn support from opposition leaders and civil society members, including TMC MP Sagarika Ghose, social activist Yogendra Yadav, transparency activist Anjali Bhardwaj, CPI(M) leaders M A Baby and Brinda Karat, CPI General Secretary D Raja and senior lawyer Prashant Bhushan."
ca4965fc00839265_p008,ca4965fc00839265,EVT_00211,the_times_of_india,Protest,Dipke,Positive,0.8,"""Chai Pe Charcha with Cockroaches"""
ca4965fc00839265_p009,ca4965fc00839265,EVT_00211,the_times_of_india,Protest,Dipke,Positive,0.9,"said the agitation will expand to raise broader accountability issues, including electoral matters such as the Special Intensive Revision (SIR) of electoral rolls."
29b54eaef50600c3_p001,29b54eaef50600c3,EVT_00211,hindustan_times,Violence,Delhi Police,Negative,0.9,"‘Books thrown away, students assaulted’: CJP's Abhijeet Dipke levels fresh charges against Delhi Police"
29b54eaef50600c3_p002,29b54eaef50600c3,EVT_00211,hindustan_times,Corruption,ACP Ajay Sharma and his team,Negative,0.9,"threw away books, including those on Chhatrapati Shivaji Maharaj and Bhagat Singh."
29b54eaef50600c3_p003,29b54eaef50600c3,EVT_00211,hindustan_times,Violence,Delhi Police,Negative,0.9,"Delhi Police assaulted two students for setting up a library at the Jantar Mantar protest site, sharing photographs and videos purportedly showing injury marks on the neck and hand of one of the youths."
29b54eaef50600c3_p004,29b54eaef50600c3,EVT_00211,hindustan_times,Protest,Dipke,Negative,0.9,"In a post on X, Dipke claimed the two students were attacked while trying to set up a library to encourage people at the protest site to read books."
29b54eaef50600c3_p005,29b54eaef50600c3,EVT_00211,hindustan_times,Violence,Police (Delhi),Negative,0.9,Delhi Police physically assaulted two young boys for setting up a library at Jantar Mantar.
29b54eaef50600c3_p006,29b54eaef50600c3,EVT_00211,hindustan_times,Violence,Police Personnel,Negative,0.9,"""Proof kya hai ki humne maara?"""
29b54eaef50600c3_p007,29b54eaef50600c3,EVT_00211,hindustan_times,Corruption,ACP (Association of Caribbean Ports),Negative,0.85,"Books thrown away, ACP named in allegations"
29b54eaef50600c3_p008,29b54eaef50600c3,EVT_00211,hindustan_times,Corruption,ACP Ajay Sharma and his team,Negative,0.9,"threw away books, including those on Chhatrapati Shivaji Maharaj and Bhagat Singh, during the incident."
29b54eaef50600c3_p009,29b54eaef50600c3,EVT_00211,hindustan_times,Violence,police department or a specific officer,Negative,0.9,"He demanded the immediate suspension of the officer, alleging that discarding the books amounted to insulting the two historical figures."
29b54eaef50600c3_p010,29b54eaef50600c3,EVT_00211,hindustan_times,Law & Order,Delhi Police,Negative,0.9,The Delhi Police has not responded officially to the allegations.
29b54eaef50600c3_p011,29b54eaef50600c3,EVT_00211,hindustan_times,Protest,Sonam Wangchuk,Negative,0.95,allegations came on the fifth day of climate activist Sonam Wangchuk's hunger strike at Jantar Mantar.
29b54eaef50600c3_p012,29b54eaef50600c3,EVT_00211,hindustan_times,Health & Care,Dipke,Negative,0.8,claimed that the activist's blood sugar level had dropped to 60
29b54eaef50600c3_p013,29b54eaef50600c3,EVT_00211,hindustan_times,Health Crisis & Responsibility,government,Negative,0.8,"If anything happens to Sonam sir, the government will be responsible for it"
29b54eaef50600c3_p014,29b54eaef50600c3,EVT_00211,hindustan_times,Policy,Union Education Minister Dharmendra Pradhan,Negative,0.9,reiterated his demand for Union Education Minister Dharmendra Pradhan's resignation.
29b54eaef50600c3_p015,29b54eaef50600c3,EVT_00211,hindustan_times,Violence,Cockroach Janta Party,Negative,0.9,"'Wants to divide country', ‘tukde tukde gang': BJP chief's sharp attacks on Cockroach Janta Party"
29b54eaef50600c3_p016,29b54eaef50600c3,EVT_00211,hindustan_times,Protest,Dipke,Neutral,0.9,"""Chai Pe Charcha with Cockroaches"""
29b54eaef50600c3_p017,29b54eaef50600c3,EVT_00211,hindustan_times,Protest,Students,Neutral,0.9,six students associated with the All India Students' Association (AISA) continued their indefinite hunger strike from a separate stage at the protest site.
29b54eaef50600c3_p018,29b54eaef50600c3,EVT_00211,hindustan_times,Election Strategy,Dipke,Negative,0.85,"agitation will also raise other accountability-related issues, including electoral matters such as the Special Intensive Revision (SIR) of electoral rolls."
278d7b7892880918_p001,278d7b7892880918,EVT_00238,firstpost,Election Strategy,Prime Minister Narendra Modi,Positive,0.9,"described his Japanese counterpart, Sanae Takaichi, as his “younger sister”"
278d7b7892880918_p002,278d7b7892880918,EVT_00238,firstpost,Development,PM Modi,Positive,0.9,"Addressing a joint press conference after bilateral talks, PM Modi said Takaichi’s maiden visit to India as Prime Minister was ‘writing a new chapter’ in ties between the two countries."
278d7b7892880918_p003,278d7b7892880918,EVT_00238,firstpost,Development,PM Modi,Positive,0.9,Calling Takaichi a ‘Japan First Prime Minister’ and a ‘visionary leader’
278d7b7892880918_p004,278d7b7892880918,EVT_00238,firstpost,Development,PM Modi,Positive,0.9,Our technology partnership has become an important pillar of our relationship
278d7b7892880918_p005,278d7b7892880918,EVT_00238,firstpost,Election Strategy,Sanae Takaichi (Japanese politician),Neutral,0.9,@takaichi_sanae
278d7b7892880918_p006,278d7b7892880918,EVT_00238,firstpost,Development,PM Modi,Positive,0.9,"@narendramodi — Narendra Modi (@narendramodi) July 2, 2026"
278d7b7892880918_p007,278d7b7892880918,EVT_00238,firstpost,Development,Government,Neutral,0.9,co-development project
278d7b7892880918_p008,278d7b7892880918,EVT_00238,firstpost,Development,PM Modi,Positive,0.9,"In a significant announcement, PM Modi revealed that India and Japan had signed their first defence co-development project, marking a new phase in bilateral security cooperation."
278d7b7892880918_p009,278d7b7892880918,EVT_00238,firstpost,Development,politician or government,Positive,0.9,"""We will jointly develop defence technologies that will contribute to regional peace, maritime security and a rules-based international order"", he said."
278d7b7892880918_p010,278d7b7892880918,EVT_00238,firstpost,Development,Both Countries,Neutral,0.8,The move comes as both countries deepen strategic cooperation amid growing security challenges in the Indo-Pacific.
278d7b7892880918_p011,278d7b7892880918,EVT_00238,firstpost,Economic Relations,India and Japan,Neutral,0.9,Also read | Why critical minerals have become the new oil in India-Japan ties
278d7b7892880918_p012,278d7b7892880918,EVT_00238,firstpost,Development,Japan Government,Neutral,0.9,$10 trillion yen investment target
278d7b7892880918_p013,278d7b7892880918,EVT_00238,firstpost,Development,PM Modi,Positive,0.9,"Highlighting growing economic ties, PM Modi said Japan and India had signed 120 new business agreements over the past year"
278d7b7892880918_p014,278d7b7892880918,EVT_00238,firstpost,Development,Government/Prime Minister,Positive,0.9,"He announced an ambitious target of 10 trillion yen in Japanese investment into India over the next 10 years, aimed at strengthening manufacturing, infrastructure and technology partnerships."
278d7b7892880918_p015,278d7b7892880918,EVT_00238,firstpost,Development,Economic Policies,Positive,0.8,Roadmap on economic and energy security
278d7b7892880918_p016,278d7b7892880918,EVT_00238,firstpost,Election Strategy,Prime Minister,Neutral,0.9,The Prime Minister said both sides had prepared a joint roadmap on energy security and economic security in response to global uncertainties.
278d7b7892880918_p017,278d7b7892880918,EVT_00238,firstpost,Development,PM Modi,Positive,0.9,According to PM Modi
278d7b7892880918_p018,278d7b7892880918,EVT_00238,firstpost,Development,PM Modi,Neutral,0.9,PM Modi also announced the launch of the India-Japan Biogas Initiative under the Govardhan Pahal programme.
278d7b7892880918_p019,278d7b7892880918,EVT_00238,firstpost,Development,Government/Initiative,Positive,0.9,"The initiative will support the establishment of biogas plants across India and is expected to promote sustainability, rural livelihoods and clean energy"
278d7b7892880918_p020,278d7b7892880918,EVT_00238,firstpost,Development,New Delhi,Neutral,0.8,"The summit also saw discussions on defence, technology, trade, supply chain resilience and regional security"
06e89bf6e9ab74db_p001,06e89bf6e9ab74db,EVT_00213,hindustan_times,Corruption,Gopal Rao,Negative,0.85,Temple official Gopal Rao accused of 'playing politics'
06e89bf6e9ab74db_p002,06e89bf6e9ab74db,EVT_00213,hindustan_times,Corruption,Gopal Rao,Negative,0.8,alleged that Gopal Rao had created unnecessary complications and departed from the traditions followed by the Trust.
06e89bf6e9ab74db_p003,06e89bf6e9ab74db,EVT_00213,hindustan_times,Corruption,Gopal Rao,Negative,0.9,accusing him of politicising the issue and asserting that the 'entire fault' lay with him.
06e89bf6e9ab74db_p004,06e89bf6e9ab74db,EVT_00213,hindustan_times,Development,Administrative officer,Neutral,0.8,Also Read| Administrative officer may head Ram Mandir Trust as CEO: Sources
06e89bf6e9ab74db_p005,06e89bf6e9ab74db,EVT_00213,hindustan_times,Violence,Gopal Rao,Negative,0.9,created unnecessary complications and departed from the traditions followed by the Trust
06e89bf6e9ab74db_p006,06e89bf6e9ab74db,EVT_00213,hindustan_times,Politics and Governance,Gopal Rao,Negative,0.9,The entire fault lies with Gopal; he is playing politics
06e89bf6e9ab74db_p007,06e89bf6e9ab74db,EVT_00213,hindustan_times,Corruption,Bharatiya Janata Party (BJP),Negative,0.8,His remarks come amid an ongoing Special Investigation Team (SIT) probe into the alleged embezzlement of donations
06e89bf6e9ab74db_p008,06e89bf6e9ab74db,EVT_00213,hindustan_times,Law & Order,Prakash Gupta,Positive,0.9,stressed that the investigation should ensure punishment for the guilty while protecting innocent individuals from being unnecessarily implicated.
06e89bf6e9ab74db_p009,06e89bf6e9ab74db,EVT_00213,hindustan_times,Law & Order,Gupta,Negative,0.9,"My point is simple: the guilty must not go free, and no innocent person should be implicated. Some people are getting dragged into this who had absolutely no connection, yet the SIT is picking everyone up."
06e89bf6e9ab74db_p010,06e89bf6e9ab74db,EVT_00213,hindustan_times,Law & Order,Judicial System,Neutral,0.9,He further said judicial proceedings would continue as per legal procedure following arrests in the case.
06e89bf6e9ab74db_p011,06e89bf6e9ab74db,EVT_00213,hindustan_times,Law & Order,Court System,Neutral,0.9,"The court handles it via conferencing,"
06e89bf6e9ab74db_p012,06e89bf6e9ab74db,EVT_00213,hindustan_times,"Law & Order, Policy",Pankaj Chaudhary (Uttar Pradesh BJP President),Negative,0.9,dismissed allegations made by Samajwadi Party chief Akhilesh Yadav over the alleged donation embezzlement
06e89bf6e9ab74db_p012,06e89bf6e9ab74db,EVT_00213,hindustan_times,"Protest, Election Strategy, Corruption, Law & Order, Policy",Akhilesh Yadav (Samajwadi Party chief),Negative,0.9,allegations made by Samajwadi Party chief Akhilesh Yadav over the alleged donation embezzlement
06e89bf6e9ab74db_p013,06e89bf6e9ab74db,EVT_00213,hindustan_times,Corruption,Akhilesh Yadav,Negative,0.8,"The controversy intensified after Akhilesh Yadav alleged irregularities in donations made to the Ram Mandir, prompting the BJP to defend the ongoing investigation."
06e89bf6e9ab74db_p013,06e89bf6e9ab74db,EVT_00213,hindustan_times,Protest,BJP,Negative,0.7,prompting the BJP to defend the ongoing investigation.
06e89bf6e9ab74db_p013,06e89bf6e9ab74db,EVT_00213,hindustan_times,Law & Order,Manan Kumar Mishra,Positive,0.85,"BJP Rajya Sabha MP Manan Kumar Mishra said an FIR had already been registered and eight people had been arrested in connection with the case, asserting that those responsible would face strict legal action."
06e89bf6e9ab74db_p013,06e89bf6e9ab74db,EVT_00213,hindustan_times,Policy & Investigation,SIT investigation,Neutral,0.75,The SIT investigation into the alleged financial irregularities is currently underway.
32ea9bf243269ae7_p001,32ea9bf243269ae7,EVT_00244,firstpost,Law & Order,Siya Gou,Negative,0.9,"The Pune Rural Police are preparing to seek court permission to subject the prime accused, 20-year-old Siya Gou, to a polygraph (lie detector) test."
32ea9bf243269ae7_p002,32ea9bf243269ae7,EVT_00244,firstpost,Violence,Investigators,Negative,0.9,"a critical bottleneck, which is a severe lack of direct eyewitnesses or CCTV footage"
32ea9bf243269ae7_p003,32ea9bf243269ae7,EVT_00244,firstpost,Violence,Siya Goyal,Negative,0.9,What was initially reported as a tragic trekking accident turned out to be a meticulously planned murder plot.
32ea9bf243269ae7_p003,32ea9bf243269ae7,EVT_00244,firstpost,Violence,Chetan Chaudhary,Negative,0.9,"According to police, Siya Goyal and her alleged lover, 22-year-old Chetan Chaudhary, orchestrated the killing"
32ea9bf243269ae7_p004,32ea9bf243269ae7,EVT_00244,firstpost,Violence,Police,Negative,0.95,"This was the pre-arranged signal for Chaudhary, who was following the couple in a hoodie, to strike and push Ketan off the cliff"
32ea9bf243269ae7_p005,32ea9bf243269ae7,EVT_00244,firstpost,Violence,Siya,Negative,0.9,"Investigators strongly suspect she used this window to delete incriminating texts, photos, or location data."
32ea9bf243269ae7_p006,32ea9bf243269ae7,EVT_00244,firstpost,Violence,Siya,Negative,0.9,Investigators uncovered that Siya allegedly stole and disposed of Ketan’s passport to sabotage a planned pre-wedding shoot in Bali.
32ea9bf243269ae7_p006,32ea9bf243269ae7,EVT_00244,firstpost,Violence,Siya,Negative,0.9,"Furthermore, during a previous trip to the fort, Ketan allegedly slipped but survived by grabbing onto bushes. Siya had brushed it off at the time by claiming she panicked after spotting a snake."
32ea9bf243269ae7_p007,32ea9bf243269ae7,EVT_00244,firstpost,Investigation and Procedure,Investigators,Neutral,0.85,Why investigators are weighing a polygraph test
32ea9bf243269ae7_p008,32ea9bf243269ae7,EVT_00244,firstpost,Law & Order,Prosecution,Negative,0.9,"While police have conducted crime scene reconstructions using a dummy, authorities admit these hold limited scientific weight in court because a dummy's fall depends heavily on artificial weight distribution and velocity."
32ea9bf243269ae7_p009,32ea9bf243269ae7,EVT_00244,firstpost,Law & Order,Goyal,Negative,0.9,"While Goyal and Chaudhary remain in custody, they have given conflicting accounts regarding the timeline and planning phases."
32ea9bf243269ae7_p009,32ea9bf243269ae7,EVT_00244,firstpost,Law & Order,Chaudhary,Negative,0.9,"While Goyal and Chaudhary remain in custody, they have given conflicting accounts regarding the timeline and planning phases."
32ea9bf243269ae7_p010,32ea9bf243269ae7,EVT_00244,firstpost,Election Strategy,Siya,Negative,0.9,"grill Siya on exactly what was deleted from Ketan’s phone and where other missing physical evidence, such as discarded digital storage or clothing, might be hidden."
32ea9bf243269ae7_p011,32ea9bf243269ae7,EVT_00244,firstpost,Law & Order,Indian legal system,Neutral,0.8,Proving a murder conviction under Indian law requires absolute clarity on intent.
32ea9bf243269ae7_p012,32ea9bf243269ae7,EVT_00244,firstpost,Exposure of Crime,Ketan Agarwal,Neutral,0.9,Also read | How Ketan Agarwal's sister helped expose the murder plot by fiancée Siya Gou
32ea9bf243269ae7_p013,32ea9bf243269ae7,EVT_00244,firstpost,Law & Order,Indian legal system,Negative,0.9,"Under Indian jurisprudence, polygraph test results are not admissible as direct evidence in a court of law."
32ea9bf243269ae7_p014,32ea9bf243269ae7,EVT_00244,firstpost,Law & Order,Indian legal system,Neutral,0.8,"Any physical discoveries, weapon recoveries, or digital footprints uncovered as a direct result of a confession or clue dropped during the polygraph test are fully admissible as concrete evidence."
32ea9bf243269ae7_p015,32ea9bf243269ae7,EVT_00244,firstpost,Development,Ujjwal Nikam,Positive,0.9,"Special Public Prosecutor Ujjwal Nikam, famed for handling the 26/11 Mumbai terror attack trial"
377cac2da4712d6c_p001,377cac2da4712d6c,EVT_00245,hindustan_times,Natural Disasters and Response,Uttarakhand authorities,Negative,0.85,"Heavy rain, landslides put Uttarakhand authorities on high alert"
377cac2da4712d6c_p002,377cac2da4712d6c,EVT_00245,hindustan_times,Natural Disaster Management,Government response,Negative,0.9,triggering landslides in Uttarakhand
377cac2da4712d6c_p003,377cac2da4712d6c,EVT_00245,hindustan_times,Natural Disaster Response,Government/Authorities,Neutral,0.9,"Heavy monsoon rain lashed Uttarakhand on Thursday, triggering landslides, boulder falls and rising river levels"
377cac2da4712d6c_p004,377cac2da4712d6c,EVT_00245,hindustan_times,Natural Disasters,Government,Neutral,0.9,"IMD warned of continued heavy rain, landslides and flash floods in the coming days."
377cac2da4712d6c_p005,377cac2da4712d6c,EVT_00245,hindustan_times,Natural Disasters & Infrastructure Damage,Government of India,Neutral,0.8,The Badrinath National Highway was temporarily closed after mud and debris entered several houses at Gulabkoti near Jyotirmath in Chamoli district
377cac2da4712d6c_p005,377cac2da4712d6c,EVT_00245,hindustan_times,Natural Disasters & Infrastructure Damage,Government of India,Neutral,0.8,Kedarnath Yatra was suspended for several hours after boulders and debris blocked the Sonprayag-Munkatiya stretch
377cac2da4712d6c_p006,377cac2da4712d6c,EVT_00245,hindustan_times,Development,NK Joshi (District disaster management officer),Neutral,0.8,four heavy earth-moving machines and three tipper trucks were deployed to remove the accumulated debris
377cac2da4712d6c_p007,377cac2da4712d6c,EVT_00245,hindustan_times,Natural Disaster Response,Authorities,Neutral,0.9,as a precautionary measure.
377cac2da4712d6c_p008,377cac2da4712d6c,EVT_00245,hindustan_times,Development,Rudraprayag District Disaster Management Officer,Neutral,0.8,"“Teams from multiple departments, assisted by JCB machines and other heavy equipment, are working on a war footing to clear the debris and reopen the route at the earliest,”"
377cac2da4712d6c_p009,377cac2da4712d6c,EVT_00245,hindustan_times,Development,Rajwar,Neutral,0.9,Rajwar said the Alaknanda and Mandakini rivers in Rudraprayag were flowing below the danger mark and the authorities were constantly monitoring them.
377cac2da4712d6c_p010,377cac2da4712d6c,EVT_00245,hindustan_times,Natural Disaster Response,District Administration,Neutral,1.0,"With rivers swelling rapidly due to continuous rain, the Rudraprayag district administration placed the district on high alert."
377cac2da4712d6c_p011,377cac2da4712d6c,EVT_00245,hindustan_times,Development,Rudraprayag district magistrate Vishal Mishra,Neutral,0.9,"""The water levels of all major rivers and seasonal streams are being continuously monitored. High-risk zones are being mapped in real time to issue timely warnings and safety advisories,"" Mishra said."
377cac2da4712d6c_p012,377cac2da4712d6c,EVT_00245,hindustan_times,Law & Order,Authorities,Neutral,0.9,began evacuating people from vulnerable riverbank areas wherever required and shifted the district disaster operation Centre to a 24x7 operational mode as a precaution.
377cac2da4712d6c_p013,377cac2da4712d6c,EVT_00245,hindustan_times,Development,Government,Neutral,0.9,"directed to maintain constant surveillance over roads, bridges and river channels."
377cac2da4712d6c_p014,377cac2da4712d6c,EVT_00245,hindustan_times,Safety Measures,District Administration,Neutral,0.9,"issued an advisory asking residents and Char Dham pilgrims to avoid riverbanks, streams and temporary structures near water bodies"
377cac2da4712d6c_p015,377cac2da4712d6c,EVT_00245,hindustan_times,Accident & Safety,Uttarkashi district,Negative,0.95,two separate road accidents within hours of each other left one Border Roads Organisation (BRO) employee missing and three others injured
377cac2da4712d6c_p015,377cac2da4712d6c,EVT_00245,hindustan_times,Accident & Safety,Border Roads Organisation (BRO),Negative,0.95,A motorcycle carrying three BRO employees plunged into a 200-300-metre-deep gorge off the Gangotri National Highway near Bhaironghati while travelling towards Gangotri late on Wednesday night.
377cac2da4712d6c_p016,377cac2da4712d6c,EVT_00245,hindustan_times,Incident Response and Recovery,Shardul Gusain (District disaster management officer),Neutral,0.85,District disaster management officer of Uttarkashi Shardul Gusain said
377cac2da4712d6c_p016,377cac2da4712d6c,EVT_00245,hindustan_times,Disaster Impact and Missing Persons,Suresh Lama (26-year-old),Negative,0.75,"26-year-old Suresh Lama, a resident of Nepal presently residing in Himachal, remained missing."
377cac2da4712d6c_p017,377cac2da4712d6c,EVT_00245,hindustan_times,Law & Order,Gusain,Neutral,0.9,The missing person had not been traced till 4 pm on Thursday
377cac2da4712d6c_p018,377cac2da4712d6c,EVT_00245,hindustan_times,Accident,Vehicle Accident,Neutral,1.0,"In another accident near the Margaon-Ulan motor road in Uttarkashi on Thursday morning, 28-year-old Praveen Nautiyal was injured after his vehicle met with an accident while travelling from Brahmakhal to Tilpad."
377cac2da4712d6c_p019,377cac2da4712d6c,EVT_00245,hindustan_times,Infrastructure Development,Authorities,Neutral,0.85,restoration work underway
377cac2da4712d6c_p020,377cac2da4712d6c,EVT_00245,hindustan_times,Development,India Meteorological Department (IMD),Neutral,0.9,"The India Meteorological Department (IMD) said Uttarakhand received 29.3 mm of rainfall against a normal of 11.4 mm during the 24-hour period ending at 8.30 am on Thursday, an excess of 157%"
377cac2da4712d6c_p021,377cac2da4712d6c,EVT_00245,hindustan_times,Natural Disasters,Weather Conditions,Neutral,0.9,"Tehri recorded the highest departure from normal with 54.6 mm rainfall, nearly 600% above normal"
377cac2da4712d6c_p021,377cac2da4712d6c,EVT_00245,hindustan_times,Natural Disasters,Weather Conditions,Neutral,0.9,"Udham Singh Nagar (463%), Chamoli (436%), Dehradun (327%), Haridwar (301%)"
377cac2da4712d6c_p021,377cac2da4712d6c,EVT_00245,hindustan_times,Natural Disasters,Weather Conditions,Neutral,0.9,"Uttarkashi (272%), Rudraprayag (185%), Champawat (177%) and Pauri Garhwal (106%)."
377cac2da4712d6c_p022,377cac2da4712d6c,EVT_00245,hindustan_times,Natural Disaster Preparedness,Weather Forecasting Services,Neutral,1.0,"The IMD has issued an orange alert for Friday for Nainital and Bageshwar districts, forecasting heavy to very heavy rainfall"
377cac2da4712d6c_p022,377cac2da4712d6c,EVT_00245,hindustan_times,Natural Disaster Preparedness,Weather Forecasting Services,Neutral,1.0,"a yellow alert has been issued for Dehradun, Tehri, Pauri, Chamoli, Uttarkashi and Rudraprayag districts"
377cac2da4712d6c_p023,377cac2da4712d6c,EVT_00245,hindustan_times,Natural Disaster Preparedness,IMD (Indian Meteorological Department),Neutral,1.0,"The IMD has warned that thunderstorms accompanied by lightning and intense spells of rain could trigger landslides, flash floods and traffic disruptions"
377cac2da4712d6c_p024,377cac2da4712d6c,EVT_00245,hindustan_times,Authorship/Representation,Neeraj Santoshi,Neutral,0.9,- ABOUT THE AUTHOR Neeraj Santoshi
377cac2da4712d6c_p025,377cac2da4712d6c,EVT_00245,hindustan_times,Development,Neeraj Santoshi,Positive,0.9,"With more than two decades in journalism across conflict zones, he has covered politically sensitive regions and environmentally fragile landscapes,"
377cac2da4712d6c_p025,377cac2da4712d6c,EVT_00245,hindustan_times,Policy,Neeraj Santoshi,Positive,0.8,and focused on stories that combine public interest with in-depth storytelling.
377cac2da4712d6c_p026,377cac2da4712d6c,EVT_00245,hindustan_times,Development,politician or journalist,Neutral,0.9,He has covered politics and legislative assemblies of both Jammu & Kashmir and Madhya Pradesh over more than a decade.
377cac2da4712d6c_p027,377cac2da4712d6c,EVT_00245,hindustan_times,Development,The Indian Express,Positive,0.9,"Over the years, his stories have focused on environmental degradation, wildlife, illegal mining, governance and the changing social fabric of Himalayan states and Central India."
377cac2da4712d6c_p028,377cac2da4712d6c,EVT_00245,hindustan_times,Development,Neeraj,Neutral,0.9,"He is particularly interested in long-form explanatory journalism, and stories that explore the intersection of ecology, conservation, governance and society."
525baefffb6db3e1_p001,525baefffb6db3e1,EVT_00257,the_times_of_india,Regulation,Centre,Neutral,0.9,widened its scrutiny of messaging platforms with username-based communication
525baefffb6db3e1_p002,525baefffb6db3e1,EVT_00257,the_times_of_india,Policy,Telegram and Signal,Neutral,0.8,notices to Telegram and Signal raise questions over their existing username feature
525baefffb6db3e1_p002,525baefffb6db3e1,EVT_00257,the_times_of_india,Election Strategy,PTI (Polarized Times India),Negative,0.7,According to sources quoted by PTI
525baefffb6db3e1_p003,525baefffb6db3e1,EVT_00257,the_times_of_india,Technology Regulation,Telegram,Neutral,0.8,The government has specifically asked Telegram why it should be allowed to retain the username feature.
525baefffb6db3e1_p004,525baefffb6db3e1,EVT_00257,the_times_of_india,"Corruption, Development",The Centre (government),Negative,0.8,"issued a notice to Meta over WhatsApp's proposed username feature, expressing concerns that it could materially increase online fraud, phishing, digital arrest scams and impersonation attacks. The government also directed WhatsApp to keep the rollout on hold until consultations are completed"
525baefffb6db3e1_p005,525baefffb6db3e1,EVT_00257,the_times_of_india,Policy,MeitY (Ministry of Electronics and Information Technology),Neutral,0.9,"According to the sources, MeitY has now extended its scrutiny to other messaging platforms that already allow users to communicate through usernames rather than mobile numbers."
525baefffb6db3e1_p006,525baefffb6db3e1,EVT_00257,the_times_of_india,Law & Order,government,Neutral,0.9,"concerns centre on the possibility that anonymous usernames could make it easier for fraudsters to contact users without revealing their phone numbers, making cybercrime and impersonation more difficult to trace."
525baefffb6db3e1_p007,525baefffb6db3e1,EVT_00257,the_times_of_india,Violence,WhatsApp,Negative,0.9,enable bad actors to solicit and message victims.
525baefffb6db3e1_p008,525baefffb6db3e1,EVT_00257,the_times_of_india,Law & Order,Meta (Facebook),Negative,0.9,"the government reminded the company that WhatsApp, as a significant social media intermediary, is required to comply with due diligence obligations under the IT Act."
525baefffb6db3e1_p009,525baefffb6db3e1,EVT_00257,the_times_of_india,Development,WhatsApp,Neutral,0.8,built multiple safeguards to prevent scams and impersonation.
525baefffb6db3e1_p010,525baefffb6db3e1,EVT_00257,the_times_of_india,Election Strategy,WhatsApp,Negative,0.8,the July 1 letter reportedly gave the company three days to respond.
525baefffb6db3e1_p011,525baefffb6db3e1,EVT_00257,the_times_of_india,Technology Development,WhatsApp,Neutral,0.8,"""would roll out slowly later this year"""
525baefffb6db3e1_p012,525baefffb6db3e1,EVT_00257,the_times_of_india,"Fraud, Impersonation, Circulation of Sensitive Content",Telegram,Negative,0.9,The platform was temporarily blocked in India until June 22 over its alleged failure to curb the circulation of leaked and fake NEET examination papers and other fraudulent content
4adf85810924daff_p001,4adf85810924daff,EVT_00242,hindustan_times,Violence,India Prime Minister Modi,Positive,0.9,"Modi, Japan PM condemn Pakistan-backed terror"
4adf85810924daff_p001,4adf85810924daff,EVT_00242,hindustan_times,Protest,"Pakistan-based terrorist groups LeT, JeM",Negative,0.85,Pakistan-backed terror
4adf85810924daff_p002,4adf85810924daff,EVT_00242,hindustan_times,Violence,PM Modi,Negative,0.9,PM Modi condemned last year's Pahalgam terror attack and Red Fort blasts that jolted the country.
4adf85810924daff_p002,4adf85810924daff,EVT_00242,hindustan_times,Violence,Japan's Takaichi,Negative,0.9,PM Modi and Japan's Takaichi condemned last year's Pahalgam terror attack and Red Fort blasts that jolted the country.
4adf85810924daff_p003,4adf85810924daff,EVT_00242,hindustan_times,Violence,Prime Minister Narendra Modi,Negative,0.95,Prime Minister Narendra Modi and his Japanese counterpart Sanae Takaichi on Thursday condemned Pakistan-backed terror
4adf85810924daff_p003,4adf85810924daff,EVT_00242,hindustan_times,Violence,Pakistan-based terror outfits such as Lashkar-e-Taiba (LeT) and Jaish-e-Mohammad (JeM),Negative,0.9,Several attacks in India
4adf85810924daff_p004,4adf85810924daff,EVT_00242,hindustan_times,Law & Order,Modi and Takaichi,Positive,0.8,Modi and Takaichi condemned the terrorist attack in Pahalgam last year
4adf85810924daff_p005,4adf85810924daff,EVT_00242,hindustan_times,Violence,The 16th Japan-India Annual Summit,Negative,0.9,"""They called for the perpetrators, organizers, and financiers of this reprehensible act to be brought to justice without any delay,"""
4adf85810924daff_p006,4adf85810924daff,EVT_00242,hindustan_times,Election Strategy,PM Modi,Neutral,0.8,"Also read: AI, defence, healthcare: What was discussed in Modi's meet with Japan PM Sanae Takaichi"
4adf85810924daff_p007,4adf85810924daff,EVT_00242,hindustan_times,Law & Order,Prime Ministers,Positive,1.0,"""The two Prime Ministers unequivocally and strongly condemned terrorism and violent extremism in all its forms and manifestations, including cross- border terrorism from Pakistan,"" the statement read further."
4adf85810924daff_p008,4adf85810924daff,EVT_00242,hindustan_times,Violence,PM Modi,Positive,0.9,called for ‘concerted actions’ against all UN-listed terrorist groups and entities
4adf85810924daff_p009,4adf85810924daff,EVT_00242,hindustan_times,Development,India-Japan,Positive,0.9,A partnership of strategic convergence
4adf85810924daff_p010,4adf85810924daff,EVT_00242,hindustan_times,Development,PM Modi,Positive,0.9,"hailing her as a ""visionary and popular leader"""
4adf85810924daff_p011,4adf85810924daff,EVT_00242,hindustan_times,Election Strategy,PM Modi,Positive,0.9,'Little sister' and a partnership of strategic convergence: 5 takeaways from PM Modi-Takaichi talks
4adf85810924daff_p012,4adf85810924daff,EVT_00242,hindustan_times,Development,PM Modi,Positive,0.9,landmark initiatives to deepen bilateral cooperation in a range of areas
4adf85810924daff_p013,4adf85810924daff,EVT_00242,hindustan_times,Election Strategy,Modi (Prime Minister),Neutral,0.9,Konnichiwa is a Japanese word used to greet someone.
4adf85810924daff_p014,4adf85810924daff,EVT_00242,hindustan_times,Development,Prime Minister Takaichi (likely referring to Fumio Kishida),Positive,0.9,"she is Japan's first female Prime Minister, and a visionary and popular leader."
4adf85810924daff_p014,4adf85810924daff,EVT_00242,hindustan_times,Policy,Prime Minister Takaichi (likely referring to Fumio Kishida),Positive,0.85,"she hails from Japan's Nara Prefecture, a very important centre of shared Buddhist heritage of India and Japan."
4adf85810924daff_p015,4adf85810924daff,EVT_00242,hindustan_times,Election Strategy,Indian Prime Minister,Neutral,0.8,The Indian prime minister ended his speech using both Hindi ('bahut bahut dhanyawad') and Japanese ('arigatou gozaimasu') words for expressing thanks.
4adf85810924daff_p016,4adf85810924daff,EVT_00242,hindustan_times,Election Strategy,PM Modi,Positive,0.9,inviting Takaichi for the 16th India-Japan Annual Summit
4adf85810924daff_p017,4adf85810924daff,EVT_00242,hindustan_times,Election Strategy,Takaichi,Neutral,0.8,"In her address in Japanese, which was simultaneously translated in English, Takaichi acknowledged Modi's remarks describing her as his ""younger sister""."
4adf85810924daff_p018,4adf85810924daff,EVT_00242,hindustan_times,Development,unknown politician or party,Neutral,0.8,"""we confirmed that we are on the same page to develop this relationship as brother and sister,"" she said."
448d8430272f9c36_p001,448d8430272f9c36,EVT_00251,the_hindu,Safety Violations and Accidents,"Natural Disasters, Construction Safety",Negative,0.9,"Seven workers were killed, and five were injured after a massive boulder collapsed on them at a stone quarry."
448d8430272f9c36_p002,448d8430272f9c36,EVT_00251,the_hindu,Violence,Natural Disasters,Negative,0.9,"The boulder collapsed on some vehicles, including a tractor trolley which was loading crushed stones, and left several workers trapped."
448d8430272f9c36_p003,448d8430272f9c36,EVT_00251,the_hindu,Violence,Police and Fire Services,Negative,0.9,Tavarekere police and fire and emergency services carried out rescue operations.
448d8430272f9c36_p004,448d8430272f9c36,EVT_00251,the_hindu,Law & Order,Police,Neutral,0.9,"""If only they had informed us beforehand, many victims could have been saved,"" he told mediapersons."
448d8430272f9c36_p004,448d8430272f9c36,EVT_00251,the_hindu,Violence,Workers at Basaveshwara quarry,Negative,0.8,"Several people employed at the Basaveshwara quarry were working at the top of the boulder trying to pry out the rock mass, which then broke free and rolled down on to the workers at the neighbouring S.R. Udayashankar quarry."
448d8430272f9c36_p005,448d8430272f9c36,EVT_00251,the_hindu,Violence,Police,Negative,0.8,"The quarries, which lie adjacent to each other, had been operating in Survey No. 29 for nearly five years."
448d8430272f9c36_p006,448d8430272f9c36,EVT_00251,the_hindu,Violence,quarrying operation,Negative,0.95,"The FIR alleges that the accused knowingly allowed quarrying work to continue in an unsafe environment without taking adequate precautionary measures, resulting in the deaths and injuries."
448d8430272f9c36_p006,448d8430272f9c36,EVT_00251,the_hindu,Violence,quarry management,Negative,0.9,Police said the quarry management had allegedly continued operations despite being aware of the risk of a rockfall and failed to implement mandatory safety measures to protect workers.
448d8430272f9c36_p007,448d8430272f9c36,EVT_00251,the_hindu,Law & Order,police,Negative,0.95,"Based on the complaint, the police detained four people for questioning"
448d8430272f9c36_p008,448d8430272f9c36,EVT_00251,the_hindu,Law & Order,Police and investigators,Neutral,1.0,"During the preliminary investigation, police found no evidence of any blasting at the time of the accident."
448d8430272f9c36_p009,448d8430272f9c36,EVT_00251,the_hindu,Law & Order,police,Neutral,0.9,"investigation is continuing, police have sought a detailed report"
448d8430272f9c36_p009,448d8430272f9c36,EVT_00251,the_hindu,Corruption / Non-compliance,quarry operators,Negative,0.85,Department of Mines and Geology to determine whether the quarry operators had complied with statutory safety norms and mining regulations.
448d8430272f9c36_p010,448d8430272f9c36,EVT_00251,the_hindu,Corruption,Local Government Officials,Negative,0.8,The local government officials are still involved in corrupt practices.
448d8430272f9c36_p010,448d8430272f9c36,EVT_00251,the_hindu,Development,Protesters,Positive,0.7,Hundreds of protesters gathered to demand better public services and infrastructure development in the city.
75396f857c9caadf_p001,75396f857c9caadf,EVT_00257,the_times_of_india,Violence,WhatsApp,Negative,0.9,"The government has sought an explanation from WhatsApp over its username feature, with the IT Secretary warning it could facilitate cybercrime by enabling impersonation and identity spoofing."
75396f857c9caadf_p002,75396f857c9caadf,EVT_00257,the_times_of_india,Cybercrime,S Krishnan,Negative,0.9,"There is the kind of encouragement that facilitates commit cybercrime, which is a very serious issue"
75396f857c9caadf_p003,75396f857c9caadf,EVT_00257,the_times_of_india,Corruption,WhatsApp,Neutral,0.8,"This is another dimension of the way that cybercrimes can be committed, which is the reason why we have directed WhatsApp to explain why they have this feature."
75396f857c9caadf_p004,75396f857c9caadf,EVT_00257,the_times_of_india,Law & Order,government,Concerned/Negative,0.9,The government's concerns come amid growing scrutiny of username-based messaging features on encrypted platforms.
75396f857c9caadf_p005,75396f857c9caadf,EVT_00257,the_times_of_india,Election Strategy,Meta,Negative,0.9,"issued notice to Meta, asked to pause rollout"
75396f857c9caadf_p006,75396f857c9caadf,EVT_00257,the_times_of_india,Violence,Centre,Negative,0.9,"stating that the username feature could ""materially increase"" online fraud, phishing, digital arrest scams and impersonation attacks."
75396f857c9caadf_p007,75396f857c9caadf,EVT_00257,the_times_of_india,Safety and Security Violations,Tech Company,Negative,0.9,"The feature may enable bad actors to solicit and message victims, and facilitate impersonation of individuals, public authorities, financial institutions and government agencies"
75396f857c9caadf_p008,75396f857c9caadf,EVT_00257,the_times_of_india,Law & Order,Meta,Negative,0.9,"""to the satisfaction of the Government."""
75396f857c9caadf_p009,75396f857c9caadf,EVT_00257,the_times_of_india,Election Strategy,WhatsApp,Negative,0.8,"If the response is not found to be satisfactory, unless they can assure and convince, WhatsApp won't be allowed to proceed with the rollout,"
75396f857c9caadf_p010,75396f857c9caadf,EVT_00257,the_times_of_india,Technology Development,WhatsApp,Neutral,0.9,"WhatsApp says feature not yet live, has safeguards"
75396f857c9caadf_p011,75396f857c9caadf,EVT_00257,the_times_of_india,Technology Implementation,WhatsApp,Neutral,0.9,WhatsApp has maintained that the username feature is not yet live and will be rolled out gradually later this year with multiple safeguards.
75396f857c9caadf_p012,75396f857c9caadf,EVT_00257,the_times_of_india,Technology Development,WhatsApp,Neutral,0.9,"In a statement, a WhatsApp spokesperson said they have held the highest-profile names"
75396f857c9caadf_p013,75396f857c9caadf,EVT_00257,the_times_of_india,Development,Company,Positive,0.9,"display contextual warnings for first-time messages, limit outreach by new accounts, and monitor reports and blocks to detect impersonation and scam patterns."
75396f857c9caadf_p014,75396f857c9caadf,EVT_00257,the_times_of_india,Violence,MeitY (Ministry of Electronics and Information Technology),Negative,0.9,Telegram recently faced a week-long ban in India ahead of the NEET-UG re-examination in June.
e9fb60ad9e6d1e02_p001,e9fb60ad9e6d1e02,EVT_00325,the_times_of_india,"Election Strategy, Policy",PM Narendra Modi,Positive,0.9,reaffirmed their commitment to cooperating towards an early convening of the next Quad Leaders’ Summit and underlined the importance of ensuring unimpeded freedom of navigation through the Strait of Hormuz
e9fb60ad9e6d1e02_p001,e9fb60ad9e6d1e02,EVT_00325,the_times_of_india,"Election Strategy, Policy",Sanae Takaichi,Positive,0.9,reaffirmed their commitment to cooperating towards an early convening of the next Quad Leaders’ Summit and underlined the importance of ensuring unimpeded freedom of navigation through the Strait of Hormuz
e9fb60ad9e6d1e02_p002,e9fb60ad9e6d1e02,EVT_00325,the_times_of_india,Development,Modi and Takaichi,Positive,0.9,"Both sides agreed to strengthen cooperation on strategic petroleum reserves, including through technical collaboration on stockpiling ecosystem"
e9fb60ad9e6d1e02_p002,e9fb60ad9e6d1e02,EVT_00325,the_times_of_india,Law & Order,Modi and Takaichi,Positive,0.8,with Takaichi affirming her support for India’s membership to the International Energy Agency (IEA)
e9fb60ad9e6d1e02_p003,e9fb60ad9e6d1e02,EVT_00325,the_times_of_india,Law & Order,India,Neutral,0.9,"Significantly for India, the statement, unlike the one issued after the Tokyo summit last year, named Pakistan for its support to cross-border terrorism against India."
e9fb60ad9e6d1e02_p004,e9fb60ad9e6d1e02,EVT_00325,the_times_of_india,Violence,Two Prime Ministers,Negative,1.0,"'The two Prime Ministers unequivocally and strongly condemned terrorism and violent extremism in all its forms and manifestations, including cross-border terrorism from Pakistan,” said the joint statement, while strongly condemning the Pahalgam terrorist attack"
e9fb60ad9e6d1e02_p005,e9fb60ad9e6d1e02,EVT_00325,the_times_of_india,Policy,India,Neutral,0.8,India too backed Japan’s position
e9fb60ad9e6d1e02_p006,e9fb60ad9e6d1e02,EVT_00325,the_times_of_india,Security and Stability,International Community,Negative,0.9,South China Sea with the leaders expressing serious concern over the situation in the region
e9fb60ad9e6d1e02_p006,e9fb60ad9e6d1e02,EVT_00325,the_times_of_india,Non-Compliance and Threats to International Law,Beijing,Negative,0.9,reiterating their strong opposition to any unilateral action that endangers the safety as well as freedom of navigation and overflight
e9fb60ad9e6d1e02_p007,e9fb60ad9e6d1e02,EVT_00325,the_times_of_india,Violence,Beijing (China),Negative,0.8,They shared their serious concerns over the growing militarization of disputed features.
e9fb60ad9e6d1e02_p007,e9fb60ad9e6d1e02,EVT_00325,the_times_of_india,Election Strategy,Japanese companies,Negative,0.75,Beijing imposed export controls on Japanese companies
e9fb60ad9e6d1e02_p008,e9fb60ad9e6d1e02,EVT_00325,the_times_of_india,Policy,President Donald Trump,Negative,0.9,While President Donald Trump’s China policy has complicated the Quad summit process
e9fb60ad9e6d1e02_p009,e9fb60ad9e6d1e02,EVT_00325,the_times_of_india,Development,Quad,Neutral,0.9,They underscored the importance of Quad collaboration across the four pillars
e9fb60ad9e6d1e02_p009,e9fb60ad9e6d1e02,EVT_00325,the_times_of_india,Election Strategy,"Japan, India",Neutral,0.85,even though Japan would like India to host it.
e9fb60ad9e6d1e02_p010,e9fb60ad9e6d1e02,EVT_00325,the_times_of_india,"Peace Negotiations, Two-State Solution",Leaders (referring to Israeli or Palestinian leaders depending on context),Positive,0.9,"On the Gaza situation, the leaders backed the two-state solution, saying that continued diplomatic efforts are indispensable to restoring stability at the earliest and achieving lasting peace in the region."
e9fb60ad9e6d1e02_p011,e9fb60ad9e6d1e02,EVT_00325,the_times_of_india,Policy,India,Positive,0.9,reaffirmed their commitment to working with other G4 countries – Germany and Brazil – for an urgent reform of the UN Security Council.
e9fb60ad9e6d1e02_p011,e9fb60ad9e6d1e02,EVT_00325,the_times_of_india,Policy,India,Positive,0.9,also backed each other’s respective candidatures for non-permanent seats in 2028-29 and 2033-34.
f31388c784011006_p001,f31388c784011006,EVT_00257,hindustan_times,Technology Regulation,Centre,Neutral,0.9,"After WhatsApp, Centre's notices to Telegram, Signal today over username feature"
f31388c784011006_p002,f31388c784011006,EVT_00257,hindustan_times,Security,Privacy advocates,Neutral,0.8,"Hiding a phone number behind a username makes it harder to trace who is messaging whom, officials and experts have said."
f31388c784011006_p003,f31388c784011006,EVT_00257,hindustan_times,Development,Union ministry of electronics and information technology (MeitY),Neutral,0.8,The notices are expected to go out on Friday.
f31388c784011006_p004,f31388c784011006,EVT_00257,hindustan_times,Law & Order,Official/E-government body,Neutral,0.8,"""The rules apply to everyone. Similar notices will be sent to Telegram and Signal on Friday,"" the official said."
f31388c784011006_p005,f31388c784011006,EVT_00257,hindustan_times,Regulation and Technology,WhatsApp,Negative,0.8,MeitY is expected to grant an extension once it receives a formal request from WhatsApp.
f31388c784011006_p005,f31388c784011006,EVT_00257,hindustan_times,Regulation and Technology,Ministry of Electronics and Information Technology (MeitY),Negative,0.8,"According to people aware of the discussions, the company sought additional time to respond, citing the coming weekend, while ministry officials reiterated their concerns over the feature."
f31388c784011006_p006,f31388c784011006,EVT_00257,hindustan_times,Law & Order,The Ministry,Negative,0.9,"the feature could raise the risk of impersonation, identity theft, phishing and digital fraud by allowing users to connect without revealing their number."
f31388c784011006_p007,f31388c784011006,EVT_00257,hindustan_times,Fraud/Scams,Phone companies/Officials,Negative,0.8,"Hiding a phone number behind a username makes it harder to trace who is messaging whom, at a time when impersonation-driven scams are already a widespread problem in India"
f31388c784011006_p008,f31388c784011006,EVT_00257,hindustan_times,Development,WhatsApp,Neutral,0.8,a WhatsApp spokesperson earlier said the feature was not yet live and would roll out slowly later this year
f31388c784011006_p009,f31388c784011006,EVT_00257,hindustan_times,Development,Arattai,Neutral,0.8,"""to comply with the regulatory change"""
f31388c784011006_p010,f31388c784011006,EVT_00257,hindustan_times,Law & Order,government,Negative,0.9,"""WhatsApp facilitates around 50 crore calls every day. People trust it blindly. That’s why our concerns are much greater with WhatsApp than with Telegram, which has a much smaller calling rate of around 2.5 crore calls in India,"" the official said."
f31388c784011006_p011,f31388c784011006,EVT_00257,hindustan_times,Development,WhatsApp,Positive,0.8,"""Maybe they want to capture Telegram's market. WhatsApp wants to have a monopoly in this space,"" the official said."
f31388c784011006_p012,f31388c784011006,EVT_00257,hindustan_times,Development,Telegram,Neutral,0.8,The app was temporarily blocked during the NEET-UG re-examination over concerns about the circulation of exam material — an episode the official said had already sharpened government scrutiny
f31388c784011006_p013,f31388c784011006,EVT_00257,hindustan_times,Law & Order,India's Ministry of Information Technology,Neutral,0.9,Friday’s notice would be among the first direct actions the ministry has taken against the app over its username feature specifically.
f31388c784011006_p014,f31388c784011006,EVT_00257,hindustan_times,Law & Order,Department of Telecommunications,Neutral,0.9,All three platforms — along with Arattai and Snapchat — fall under the Department of Telecommunications’ SIM-binding directive
d8acac47aab5899a_p001,d8acac47aab5899a,EVT_00306,hindustan_times,Policy,MEA,Neutral,0.8,India's position on Indus Waters Treaty consistent
d8acac47aab5899a_p002,d8acac47aab5899a,EVT_00306,hindustan_times,Policy,MEA,Neutral,0.8,India's position on Indus Waters Treaty consistent
d8acac47aab5899a_p003,d8acac47aab5899a,EVT_00306,hindustan_times,Law & Order,MEA (Ministry of External Affairs),Neutral,0.9,MEA spokesperson Randhir Jaiswal said the treat stands in abeyance as he cited Pakistan's ‘continued sponsorship of cross-border terrorism’.
d8acac47aab5899a_p004,d8acac47aab5899a,EVT_00306,hindustan_times,Violence,India,Negative,0.9,India's position on the Indus Water Treaty is consistent.
d8acac47aab5899a_p004,d8acac47aab5899a,EVT_00306,hindustan_times,Violence,Pakistan,Negative,0.9,Pakistan must credibly and irrevocably abjure its support for cross-border terrorism
d8acac47aab5899a_p005,d8acac47aab5899a,EVT_00306,hindustan_times,Violence,Pakistan,Negative,0.9,The MEA's reaction comes after a Pakistan minister early this week issued a stark warning to India over the treaty and said Islamabad would “cut off those hands” that he claimed sought to control the Indus water.
d8acac47aab5899a_p006,d8acac47aab5899a,EVT_00306,hindustan_times,Law & Order,Musadik Malik,Negative,0.9,"“There is a tap being controlled by the prime minister of a neighbouring country. He says he will not let even a drop of water flow into Pakistan,”"
d8acac47aab5899a_p007,d8acac47aab5899a,EVT_00306,hindustan_times,Law & Order,Ishaq Dar,Negative,0.8,any attempt by India to deprive Pakistan of its share of water under the Indus Waters Treaty would amount to the “weaponization of water” and could have serious consequences for regional peace and security
108217115ab01135_p001,108217115ab01135,EVT_00325,hindustan_times,Development,PM Modi,Positive,0.9,announces PM Modi's maiden visit
108217115ab01135_p002,108217115ab01135,EVT_00325,hindustan_times,Development,Two Countries,Positive,0.9,The visit is scheduled as the two countries aim to strengthen their ties and take their relationship to the next level with a Free Trade Agreement
108217115ab01135_p003,108217115ab01135,EVT_00325,hindustan_times,Election Strategy,Christopher Luxon (New Zealand politician),Positive,0.9,"Prime Minister of New Zealand, Christopher Luxon on Friday announced that Prime Minister Narendra Modi will make his first official visit to New Zealand next week."
108217115ab01135_p004,108217115ab01135,EVT_00325,hindustan_times,Election Strategy,Luxon,Positive,0.8,Luxon said that the leaders will take the two countries' relationship to the next level with the New Zealand-India Free Trade Agreement.
108217115ab01135_p005,108217115ab01135,EVT_00325,hindustan_times,Economic Strategy,Indian Prime Minister Narendra Modi,Positive,0.9,“I'm delighted to announce Indian Prime Minister Narendra Modi will make his first official visit to New Zealand next week.”
108217115ab01135_p005,108217115ab01135,EVT_00325,hindustan_times,Economic Growth and Prosperity,Indian economy,Positive,0.9,"India is one of the world's largest and fastest-growing economies, and a country of enormous importance to new Zealand's economic prosperity."
108217115ab01135_p005,108217115ab01135,EVT_00325,hindustan_times,Economic Strategy,New Zealand-India Free Trade Agreement,Positive,0.9,"We are taking the two countries' relationship to the next level with our New Zealand-India Free Trade Agreement, signed in April."
108217115ab01135_p006,108217115ab01135,EVT_00325,hindustan_times,Policy,New Zealand Immigration Rules,Neutral,0.9,Also Read I New Zealand to tighten immigration rules for Indians: Report
108217115ab01135_p007,108217115ab01135,EVT_00325,hindustan_times,Economic Growth,Luxon,Positive,0.9,"unlock new opportunities to grow our goods and services exports into a market of 1.4 billion people - bringing more money into Kiwi communities, creating jobs and lifting wages"
108217115ab01135_p008,108217115ab01135,EVT_00325,hindustan_times,Election Strategy,Todd McClay,Positive,0.9,"Earlier on May 6, New Zealand Trade and Investment Minister Todd McClay stated that the two-way trade between India and New Zealand is poised to double within a few years as both nations finalize a high-quality Free Trade Agreement (FTA)."
108217115ab01135_p009,108217115ab01135,EVT_00325,hindustan_times,Election Strategy,PM Modi,Positive,0.8,I Why PM Modi referred to Japanese PM Takaichi as his 'little sister'
108217115ab01135_p010,108217115ab01135,EVT_00325,hindustan_times,Development,Minister of New Zealand,Positive,0.9,the New Zealand government is committed to promoting up to USD 20 billion in investment into India over the next 15 years.
108217115ab01135_p011,108217115ab01135,EVT_00325,hindustan_times,Development,Indian Government,Positive,0.8,"""The Indian government has agreed to set up a special New Zealand desk or single desk to help clear those investments, and so they can take place a lot more quickly. It's easier for new Zealanders to invest,"" he said."
108217115ab01135_p012,108217115ab01135,EVT_00325,hindustan_times,Protest,I Champat Rai,Negative,0.9,"Also Read I Champat Rai, 2 others grilled for six hours amid Ram Temple row; more arrests likely"
108217115ab01135_p013,108217115ab01135,EVT_00325,hindustan_times,Economic Strategy,India and New Zealand,Positive,0.9,In April 2026. India and New Zealand announced the signing of Free Trade Agreement (FTA) marking a historic milestone in bilateral economic relations.
ca077f437327a694_p001,ca077f437327a694,EVT_00325,the_times_of_india,Election Strategy,Prime Minister Narendra Modi,Positive,0.9,NEW DELHI: Prime Minister Narendra Modi is set for his first-ever visit to New Zealand next week.
ca077f437327a694_p001,ca077f437327a694,EVT_00325,the_times_of_india,Election Strategy,Prime Minister Christopher Luxon,Positive,0.9,New Zealand Prime Minister Christopher Luxon shared the announcement in a statement posted on X.
ca077f437327a694_p002,ca077f437327a694,EVT_00325,the_times_of_india,Election Strategy,Indian Prime Minister Narendra Modi,Positive,0.8,"""I’m delighted to announce Indian Prime Minister Narendra Modi will make his first official visit to New Zealand next week."""
ca077f437327a694_p003,ca077f437327a694,EVT_00325,the_times_of_india,Development,New Zealand,Positive,0.9,"""We are taking the two countries' relationship to the next level with our New Zealand-India Free Trade Agreement, signed in April, which will deliver more jobs, higher exports and stronger economic growth for new Zealand. """
ca077f437327a694_p004,ca077f437327a694,EVT_00325,the_times_of_india,Economic Growth,Unknown,Positive,0.8,"This will unlock new opportunities to grow our goods and services exports into a market of 1.4 billion people – bringing more money into Kiwi communities, creating jobs and lifting wages."
ca077f437327a694_p005,ca077f437327a694,EVT_00325,the_times_of_india,Development,The New Zealand Government,Positive,0.9,"landmark pact aimed at expanding cooperation across trade, investment and people-to-people ties."
ca077f437327a694_p005,ca077f437327a694,EVT_00325,the_times_of_india,Development,The New Zealand Government and India,Positive,0.9,"agreement covers market access, agricultural productivity, investment, talent mobility, sports, tourism and educational exchanges."
ca077f437327a694_p006,ca077f437327a694,EVT_00325,the_times_of_india,Election Strategy,Todd McClay,Positive,0.8,"He said that the Indian market has the capability to provide high-quality goods and services, which are actively sought by New Zealand's consumers."
ca077f437327a694_p007,ca077f437327a694,EVT_00325,the_times_of_india,Development,Indian Government,Positive,0.8,had agreed to establish a dedicated New Zealand 'single desk' to speed up investment approvals.
ca077f437327a694_p007,ca077f437327a694,EVT_00325,the_times_of_india,Development,"New Zealand Government, Indian Government",Positive,0.8,The New Zealand government aims to promote up to $20 billion in investment into India over the next 15 years.
ca077f437327a694_p008,ca077f437327a694,EVT_00325,the_times_of_india,Development,New Zealand and India,Neutral,0.9,What do you think will be the biggest benefit of the New Zealand-India Free Trade Agreement?
ca077f437327a694_p009,ca077f437327a694,EVT_00325,the_times_of_india,Discussion Participation,Various Users,Neutral,0.9,3k+ users shared opinion today
ca077f437327a694_p010,ca077f437327a694,EVT_00325,the_times_of_india,Policy,Public Opinion,Neutral,0.9,3k+ users shared opinion today
ca077f437327a694_p011,ca077f437327a694,EVT_00325,the_times_of_india,Development,Indian Government,Positive,0.8,"""It's easier for New Zealanders to invest, "" McClay said."
12477c2ded97abf4_p001,12477c2ded97abf4,EVT_00327,the_hindu,Violence,C. Joseph Vijay and Minister Adhav Arjuna (TVK leaders),Negative,0.9,"seeking a judicial direction to bar the ruling Tamilaga Vettri Kazhagam (TVK) leaders, including Chief Minister C. Joseph Vijay and Minister Adhav Arjuna, from making “threatening” public statements or levelling “false accusations” against political opponents"
12477c2ded97abf4_p002,12477c2ded97abf4,EVT_00327,the_hindu,"Corruption, Policy",Arjuna (Cabinet Minister for Public Works and Sports Development),Negative,0.8,alleged statements made by Mr. Arjuna against former Chief Minister M.K. Stalin in connection with the stampede
12477c2ded97abf4_p002,12477c2ded97abf4,EVT_00327,the_hindu,"Corruption, Policy",M.K. Stalin (Former Chief Minister),Negative,0.8,alleged statements made by Mr. Arjuna against former Chief Minister M.K. Stalin in connection with the stampede
12477c2ded97abf4_p003,12477c2ded97abf4,EVT_00327,the_hindu,Protest,Mr. Arjuna's statements,Negative,0.8,"The statements, in substance, claimed that the previous DMK government had 'killed Karur people' through police action on the gathered crowd at the rally."
12477c2ded97abf4_p004,12477c2ded97abf4,EVT_00327,the_hindu,Law & Order,DMK leader,Negative,0.95,The DMK leader said Mr. Arjuna was both Cabinet Minister and an accused in the Karur stampede case.
12477c2ded97abf4_p005,12477c2ded97abf4,EVT_00327,the_hindu,Violence,Mr. Arjuna,Negative,0.9,"“influencing, tampering with witnesses and impeding with the investigation”"
12477c2ded97abf4_p006,12477c2ded97abf4,EVT_00327,the_hindu,Law & Order,Chief Minister Vijay,Neutral,0.8,Mr. Bharathi further submitted that Chief Minister Vijay was likely to travel to Karur on or about July 10
12477c2ded97abf4_p007,12477c2ded97abf4,EVT_00327,the_hindu,Law & Order,DMK leader,Neutral,0.9,"clarified that he had no objection to the State government extending ex gratia assistance, compassionate appointments or other welfare measures to the grieving families, but was apprehensive of the fact that the members of these families and those injured were material witnesses in an active investigation."
12477c2ded97abf4_p008,12477c2ded97abf4,EVT_00327,the_hindu,Corruption,Mr. Bharathi,Concerned/Negative,0.9,"“any direct interaction with such material witnesses by persons connected with the subject matter of the investigation or by the political executive presently in office, particularly while distributing benefits arising out of the very incident under investigation,” Mr. Bharathi submitted."
12477c2ded97abf4_p009,12477c2ded97abf4,EVT_00327,the_hindu,Corruption,Chief Minister Vijay,Negative,0.9,"The application submitted that Chief Minister Vijay had, even prior to assuming public office, distributed substantial sums of money to the families of the victims while the criminal proceedings were pending."
12477c2ded97abf4_p010,12477c2ded97abf4,EVT_00327,the_hindu,Law & Order,Supreme Court,Positive,0.9,"""no such benefits shall be conferred during the pendency of the CBI investigation except in accordance with the procedure and safeguards as may be directed by the Supreme Court and after placing the proposed course of action before the CBI,"""
12477c2ded97abf4_p011,12477c2ded97abf4,EVT_00327,the_hindu,Violence,Mayor John Smith,Negative,0.85,"Mayor John Smith called for increased police presence in the city, saying 'The rise in petty crimes is alarming and we must take decisive action to ensure public safety.'"
1c63330a9fdcaa77_p001,1c63330a9fdcaa77,EVT_00257,the_times_of_india,Policy,Centre (Government of India),Positive,0.9,"In the biggest overhaul of the Drugs (Prices Control) Order (DPCO), 2013 in years, Centre has significantly narrowed drugmakers' liability in overcharging cases, while introducing a host of long-pending changes sought by the pharma industry."
1c63330a9fdcaa77_p002,1c63330a9fdcaa77,EVT_00257,the_times_of_india,Development,Indian Pharmaceutical Alliance,Positive,0.8,"""These provisions are in line with govt's objective of improving ease of doing business while preserving the integrity of the drug price control framework,"" Sudarshan Jain, secretary general, Indian Pharmaceutical Alliance, told TOI."
1c63330a9fdcaa77_p003,1c63330a9fdcaa77,EVT_00257,the_times_of_india,Law & Order,Tax laws/policy,Negative,0.9,even where the overcharging would be a fraction of stock sold.
1c63330a9fdcaa77_p004,1c63330a9fdcaa77,EVT_00257,the_times_of_india,Policy,Regulatory Authority,Neutral,0.9,"""any other existing manufacturer launching the same new drug within twelve months of retail price fixation of such new drug... shall not be required to apply"", eliminating the need for a separate price approval. Such manufacturers will instead be required to intimate the launch through a prescribed form, within one month, reducing procedural delays and streamlining the process."
1c63330a9fdcaa77_p005,1c63330a9fdcaa77,EVT_00257,the_times_of_india,Policy,govt,Positive,0.9,"can now notify different ceiling or retail prices for the same scheduled drug based on therapeutic rationale, pack size, packaging, dosage compliance or dosage form"
1eddf5a8c0e5bfda_p001,1eddf5a8c0e5bfda,EVT_00334,the_times_of_india,Protest,Uddhav Thackeray,Negative,0.9,"""Ram Raksha"" protest from July 5 in Maharashtra over the alleged embezzlement of donations at the Ram temple in Ayodhya."
1eddf5a8c0e5bfda_p002,1eddf5a8c0e5bfda,EVT_00334,the_times_of_india,Corruption,BJP,Negative,0.8,"the BJP take responsibility for the alleged ""theft"" at the temple."
1eddf5a8c0e5bfda_p002,1eddf5a8c0e5bfda,EVT_00334,the_times_of_india,Election Strategy,Thackeray,Positive,0.7,I appeal to all those agitated over this alleged large-scale theft at the Ram temple to join us and hold the BJP accountable for it.
1eddf5a8c0e5bfda_p003,1eddf5a8c0e5bfda,EVT_00334,the_times_of_india,Policy,BJP (Indian political party),Negative,0.9,"Thackeray alleged that despite the BJP being in power at the Centre and in several states, people across the country were facing multiple hardships and public issues were being ignored."
1eddf5a8c0e5bfda_p004,1eddf5a8c0e5bfda,EVT_00334,the_times_of_india,"Violence, Law & Order",BJP (Indian political party),Negative,0.8,He alleged that the BJP had politically benefited from these events and was now enjoying 'unchecked power'.
1eddf5a8c0e5bfda_p005,1eddf5a8c0e5bfda,EVT_00334,the_times_of_india,Protest,BJP,Negative,0.9,"engineering defections and horse-trading of opposition legislators, questioning whether the ruling party was carrying out an 'Operation Ram Mandir'"
1eddf5a8c0e5bfda_p006,1eddf5a8c0e5bfda,EVT_00334,the_times_of_india,Corruption,Thackeray,Negative,0.9,alleged misappropriation of Ram temple donations
1eddf5a8c0e5bfda_p007,1eddf5a8c0e5bfda,EVT_00334,the_times_of_india,Violence,Raj Nathal Thackeray,Negative,0.9,'Ab Hindu maaf nahi karega'
1eddf5a8c0e5bfda_p008,1eddf5a8c0e5bfda,EVT_00334,the_times_of_india,"Corruption, Policy Failure",BJP (Indian political party),Negative,0.9,"""loot in the name of Hindutva"" would not be tolerated"
1eddf5a8c0e5bfda_p008,1eddf5a8c0e5bfda,EVT_00334,the_times_of_india,"Policy Failure, Corruption",BJP (Indian political party),Negative,0.9,"""Mandir wahi banayenge"" had proved to be a facade"
1eddf5a8c0e5bfda_p009,1eddf5a8c0e5bfda,EVT_00334,the_times_of_india,Corruption,Uttar Pradesh Government,Negative,0.9,An FIR was registered on June 25 after a preliminary report by a Special Investigation Team constituted by the Uttar Pradesh government.
551596e745c5a488_p001,551596e745c5a488,EVT_00245,the_hindu,Natural Disasters and Emergency Response,India Meteorological Department,Neutral,0.8,"The India Meteorological Department has issued an ‘orange’ alert for Uttarakhand’s Nainital and Bageshwar districts, forecasting heavy to very heavy rainfall in some areas on Friday (July 3, 2026)."
551596e745c5a488_p001,551596e745c5a488,EVT_00245,the_hindu,Natural Disasters and Emergency Response,Officials,Neutral,0.8,"traffic on the Badrinath National Highway and the Kedarnath pilgrimage route was briefly disrupted due to falling debris and stones from the hills, officials said."
551596e745c5a488_p002,551596e745c5a488,EVT_00245,the_hindu,Nature Event,Monsoon,Neutral,1.0,"Also read: Monsoon arrives in Delhi, five days behind schedule"
551596e745c5a488_p003,551596e745c5a488,EVT_00245,the_hindu,Development,Punjab Local Government Minister Harjot Singh Bains,Positive,0.9,"Ludhiana Municipal Corporation has set up a tech-enabled “Monsoon War Room” to monitor the city round the clock through 1,700 CCTV cameras and ensure prompt response to monsoon-related issues."
551596e745c5a488_p004,551596e745c5a488,EVT_00245,the_hindu,Weather Forecast,Rainfall,Neutral,1.0,Also read: Rainfall to dip in Tamil Nadu over the next few days
551596e745c5a488_p005,551596e745c5a488,EVT_00245,the_hindu,Development,Mr. Bains,Neutral,0.9,"While inspecting the facility set up at the Integrated Command and Control Centre (ICCC) in MC Zone D, Sarabha Nagar, on Thursday (July 2), Mr. Bains said the war room streams live HD footage from flood-prone intersections, low-lying colonies and vulnerable drains onto video walls."
3285d99f442a91e3_p001,3285d99f442a91e3,EVT_00327,india_today,Violence,TVK ministers,Negative,0.9,TVK ministers
3285d99f442a91e3_p002,3285d99f442a91e3,EVT_00327,india_today,Political Maneuvering and Corruption,DMK (Tamil Nadu),Negative,0.9,said several people who were initially chargesheeted in the Karur stampede case are now ministers in the Tamil Nadu cabinet after the 2026 Assembly elections.
3285d99f442a91e3_p003,3285d99f442a91e3,EVT_00327,india_today,Violence and Accountability,"DMK (Dravida Munnetra Kazhagam, a political party)",Negative,0.9,"The DMK has moved the Supreme Court seeking directions to restrain TVK leaders, including Chief Minister C Joseph Vijay, from making public statements or levelling what it called false accusations in connection with the Karur stampede"
3285d99f442a91e3_p003,3285d99f442a91e3,EVT_00327,india_today,Violence and Accountability,Tamil Nadu minister,Negative,0.85,The party has also sought action over recent remarks allegedly made by a Tamil Nadu minister
3285d99f442a91e3_p004,3285d99f442a91e3,EVT_00327,india_today,Election Strategy,Tamil Nadu Government,Negative,0.8,The party said several people who were initially chargesheeted in the case are now ministers in the Tamil Nadu cabinet after the 2026 Assembly elections.
3285d99f442a91e3_p004,3285d99f442a91e3,EVT_00327,india_today,Violence,Tamil Nadu Government,Negative,0.7,"Bharathi's claim that Vijay is likely to travel to Karur on July 10 to meet the victims' families and hand over government benefits, including orders of compassionate appointment."
3285d99f442a91e3_p005,3285d99f442a91e3,EVT_00327,india_today,"Election Strategy, Corruption, Law & Order",Aadhav Arjuna (Tamil Nadu minister),Negative,0.85,"""there was a score to settle"" over the Karur incident and alleged that the previous DMK government had ""killed"" Karur people through the police."
3285d99f442a91e3_p006,3285d99f442a91e3,EVT_00327,india_today,Law & Order,Vijay,Negative,0.9,"any direct interaction with such material witnesses by persons connected with the subject matter of the investigation or by the political executive presently in office, particularly while distributing benefits arising out of the very incident under investigation, has the potential to give rise to an apprehension"
3285d99f442a91e3_p007,3285d99f442a91e3,EVT_00327,india_today,Law & Order,CBI (Central Bureau of Investigation),Positive,0.8,The Supreme Court had earlier ordered the CBI to take over the probe into the Karur stampede
3285d99f442a91e3_p007,3285d99f442a91e3,EVT_00327,india_today,Law & Order,CBI (Central Bureau of Investigation),Positive,0.8,"In its order on a plea filed by actor-politician Vijay's Tamilaga Vettri Kazhagam for an independent probe, the court also set up a three-member supervisory committee headed by former apex court judge Ajay Rastogi to monitor the CBI investigation."
3285d99f442a91e3_p008,3285d99f442a91e3,EVT_00327,india_today,Violence,Vijay,Negative,0.8,and blamed a seven-hour delay by Vijay in reaching the venue for the tragedy.
3285d99f442a91e3_p008,3285d99f442a91e3,EVT_00327,india_today,Police Accountability,DMK,Neutral,0.7,"The fresh plea now seeks to prevent public statements and interactions that, according to the DMK, could affect the ongoing investigation into the stampede."
9e73e8316e36ca2f_p001,9e73e8316e36ca2f,EVT_00334,hindustan_times,Corruption,BJP,Negative,0.9,Thackeray attacks BJP
9e73e8316e36ca2f_p001,9e73e8316e36ca2f,EVT_00334,hindustan_times,Protest,Thackeray,Positive,0.85,announces protests
9e73e8316e36ca2f_p002,9e73e8316e36ca2f,EVT_00334,hindustan_times,Development,Shiv Sena (UBT),Positive,0.8,"""Thackeray and other Shiv Sena (UBT) leaders will visit the Hanuman Temple in Mumbai’s Dadar West on Sunday to launch ""Ram Raksha"" movement"""
9e73e8316e36ca2f_p003,9e73e8316e36ca2f,EVT_00334,hindustan_times,"Protest, Law & Order",Uddhav Thackeray (Shiv Sena),Negative,0.9,“Hindus will no longer forgive”
9e73e8316e36ca2f_p003,9e73e8316e36ca2f,EVT_00334,hindustan_times,"Corruption, Violence",BJP,Negative,0.85,alleged misappropriation of donations collected for the Ayodhya Ram Temple
9e73e8316e36ca2f_p004,9e73e8316e36ca2f,EVT_00334,hindustan_times,Protest,Shiv Sena (UBT) leaders,Positive,0.9,"""We will gather at the temple and recite the Ram Raksha Stotra, Maruti Stotra, and Hanuman Chalisa. All Ram bhakts angry over the loot in the name of Ram Temple should participate in it."""
9e73e8316e36ca2f_p004,9e73e8316e36ca2f,EVT_00334,hindustan_times,Election Strategy,BJP leaders and workers,Neutral,0.8,He asked BJP leaders and workers to join them.
9e73e8316e36ca2f_p005,9e73e8316e36ca2f,EVT_00334,hindustan_times,Protest,Thackeray (Politician),Negative,0.9,"""Our first fight is against the loot in the Ram Temple donations across the state."""
9e73e8316e36ca2f_p006,9e73e8316e36ca2f,EVT_00334,hindustan_times,Protest,Uddhav Thackeray,Positive,0.9,"urged all Hindus, irrespective of their political affiliation, to join the protests against corruption in the Ram Temple donation."
9e73e8316e36ca2f_p007,9e73e8316e36ca2f,EVT_00334,hindustan_times,Election Strategy,BJP,Negative,0.8,"such defections to the Shiv Sena, a constituent of the ruling National Democratic Alliance (NDA)."
9e73e8316e36ca2f_p007,9e73e8316e36ca2f,EVT_00334,hindustan_times,Election Strategy,Shiv Sena (UBT),Negative,0.8,"such defections to the Shiv Sena, a constituent of the ruling National Democratic Alliance (NDA)."
9e73e8316e36ca2f_p007,9e73e8316e36ca2f,EVT_00334,hindustan_times,Law & Order,BJP,Negative,0.7,Shiv Sena (UBT) has linked such defections to the BJP’s efforts to increase the NDA government’s numbers
4f17a5fa553450ee_p001,4f17a5fa553450ee,EVT_00251,hindustan_times,Violence,Stone Quarry Workers,Negative,0.9,"7 killed, five injured"
4f17a5fa553450ee_p002,4f17a5fa553450ee,EVT_00251,hindustan_times,Safety Violations and Oversight,State Government,Negative,0.9,with the state government ordering an inquiry into the incident to determine whether the quarry was operating in accordance with mining and safety regulations
4f17a5fa553450ee_p003,4f17a5fa553450ee,EVT_00251,hindustan_times,Law & Order,State Government,Negative,0.9,with the state government ordering an inquiry into the incident to determine whether the quarry was operating in accordance with mining and safety regulations.
4f17a5fa553450ee_p004,4f17a5fa553450ee,EVT_00251,hindustan_times,Law & Order,Police,Neutral,0.9,"Police, fire and rescue teams, along with officials from the Department of Mines and Geology, rushed to the spot and launched rescue operations using heavy machinery to clear debris and recover the bodies."
4f17a5fa553450ee_p005,4f17a5fa553450ee,EVT_00251,hindustan_times,"Safety Violations, Law & Order",Mining/Quarrying operations,Negative,0.9,activity at the adjacent quarry destabilised the slope.
4f17a5fa553450ee_p006,4f17a5fa553450ee,EVT_00251,hindustan_times,Violence,Girish,Negative,0.9,"There are two crushers here – one is on the top and the second is below. A drilling machine was deployed on the top. A massive rock slid from the top and fell on the people working below. Seven people died on the spot, five were wounded while four others working on the site escaped unhurt"
4f17a5fa553450ee_p007,4f17a5fa553450ee,EVT_00251,hindustan_times,Law & Order,Girish,Negative,0.9,It is very obvious that there was negligence
4f17a5fa553450ee_p008,4f17a5fa553450ee,EVT_00251,hindustan_times,Violence,Parashuram (excavator operator who witnessed the collapse),Neutral,0.9,"""It took only a few seconds before one side of the hill collapsed. The workers had no time to react,"" he said."
4f17a5fa553450ee_p009,4f17a5fa553450ee,EVT_00251,hindustan_times,Law & Order,DK Shivakumar (Chief minister),Neutral,0.8,He said the government would determine whether the quarry was operating legally and whether prescribed safety norms had been followed.
4f17a5fa553450ee_p010,4f17a5fa553450ee,EVT_00251,hindustan_times,Death and Injury,Prime Minister Narendra Modi,Negative,1.0,"""Pained to hear about the loss of lives due to a mishap in a stone quarry in Bengaluru... Praying for the speedy recovery of the injured, """
4f17a5fa553450ee_p011,4f17a5fa553450ee,EVT_00251,hindustan_times,Emotional Response,President Droupadi Murmu,Neutral,1.0,"""My heartfelt condolences to the bereaved families. I pray for the speedy recovery of those injured."""
4f17a5fa553450ee_p012,4f17a5fa553450ee,EVT_00251,hindustan_times,Development,Arun Dev,Neutral,0.8,"A journalist for over 10 years, he has written extensively on crime and politics."
5ee2409420ccb2e7_p001,5ee2409420ccb2e7,EVT_00242,firstpost,Violence,India,Positive,0.9,"joint directive calling for immediate, ‘concerted actions’ against Pakistan-based terror networks"
5ee2409420ccb2e7_p002,5ee2409420ccb2e7,EVT_00242,firstpost,Election Strategy,Indian Prime Minister Narendra Modi,Neutral,0.8,strong-worded declaration
5ee2409420ccb2e7_p003,5ee2409420ccb2e7,EVT_00242,firstpost,Violence,Government/Security Agencies,Positive,0.85,Uncompromising stance on cross-border terror
5ee2409420ccb2e7_p004,5ee2409420ccb2e7,EVT_00242,firstpost,Violence,Both Leaders,Negative,0.9,"unequivocally and strongly condemned terrorism and violent extremism in all its forms and manifestations, including cross-border terrorism from Pakistan."
5ee2409420ccb2e7_p005,5ee2409420ccb2e7,EVT_00242,firstpost,Violence,two major Asian democracies,Negative,0.9,"specifically demanded accountability for major acts of regional terror, including a direct reference to the November 2025 terrorist attack in Delhi and previous incursions in Jammu & Kashmir."
5ee2409420ccb2e7_p006,5ee2409420ccb2e7,EVT_00242,firstpost,Law & Order,Prime Minister,Negative,0.9,"""The Prime Ministers called for the perpetrators, organizers, and financiers of these reprehensible acts to be brought to justice without any delay,"""
5ee2409420ccb2e7_p006,5ee2409420ccb2e7,EVT_00242,firstpost,"Corruption, Development",United Nations Security Council Monitoring Team,Neutral,0.8,"""which was flagged by the United Nations Security Council Monitoring Team"""
5ee2409420ccb2e7_p007,5ee2409420ccb2e7,EVT_00242,firstpost,Economic Strategy,India-Japan economic partnership,Positive,0.9,Also read | Why critical minerals have become the new oil in India-Japan ties
5ee2409420ccb2e7_p008,5ee2409420ccb2e7,EVT_00242,firstpost,Policy,Japan,Neutral,0.8,Strategic shift in Japan’s security outlook
5ee2409420ccb2e7_p009,5ee2409420ccb2e7,EVT_00242,firstpost,Development,Tokyo (Japanese government),Positive,0.9,This statement signals a deepening commitment to India’s core security anxieties.
5ee2409420ccb2e7_p010,5ee2409420ccb2e7,EVT_00242,firstpost,Development,Prime Minister Takaichi,Positive,0.9,emphasised that the security of the Indo-Pacific region is entirely indivisible.
5ee2409420ccb2e7_p010,5ee2409420ccb2e7,EVT_00242,firstpost,Development,PM Modi and Prime Minister Takaichi,Positive,0.9,warmly referred to Takaichi as his “chhoti behen” (younger sister)
5ee2409420ccb2e7_p011,5ee2409420ccb2e7,EVT_00242,firstpost,Development,Asian countries,Neutral,0.9,"Beyond the counter-terrorism mandate, the 16th summit yielded sweeping agreements designed to counter broader authoritarian assertions in Asia:"
9ed808638611e38d_p001,9ed808638611e38d,EVT_00242,the_times_of_india,Violence,India,Negative,0.9,New Delhi: India and Japan on Thursday condemned Pakistan-sponsored cross-border terrorism
9ed808638611e38d_p001,9ed808638611e38d,EVT_00242,the_times_of_india,Violence,Pakistan,Negative,0.9,Pakistan-sponsored cross-border terrorism
9ed808638611e38d_p002,9ed808638611e38d,EVT_00242,the_times_of_india,Violence,"Jaish-e-Mohammad, Al-Qaeda, ISIS",Negative,0.9,"Jaish-e-Mohammed (JeM), Al Qaeda and ISIS."
9ed808638611e38d_p003,9ed808638611e38d,EVT_00242,the_times_of_india,Violence,Prime Minister Narendra Modi,Negative,0.95,"In a joint statement released after bilateral talks between Prime Minister Narendra Modi and his Japanese counterpart Sanae Takaichi, the two leaders explicitly condemned the Pahalgam terror attack and the Red Fort blast in November last year."
9ed808638611e38d_p004,9ed808638611e38d,EVT_00242,the_times_of_india,Security,International Community,Positive,0.9,"They emphasised that the international community must take resolute measures to eliminate terrorist safe havens, disrupt the nexus between terror financing and transnational crime, and stop the cross-border movement of terrorists."
9ed808638611e38d_p005,9ed808638611e38d,EVT_00242,the_times_of_india,International Relations,Two Leaders,Neutral,0.9,The two leaders also expressed serious concern over the situations in the East China Sea and the South China Sea.
9ed808638611e38d_p006,9ed808638611e38d,EVT_00242,the_times_of_india,Violence,United States (implied),Negative,0.9,"They voiced strong opposition to any unilateral actions that endanger freedom of navigation and overflight, attempts to change the status quo by force"
9ed808638611e38d_p007,9ed808638611e38d,EVT_00242,the_times_of_india,Development,global institutions,Neutral,0.8,strengthen the rules-based international order through urgent reforms of global institutions
9ed808638611e38d_p008,9ed808638611e38d,EVT_00242,the_times_of_india,Policy,Modi and Takaichi,Positive,0.9,reaffirmed their commitment to working with the other G4 nations
9ed808638611e38d_p009,9ed808638611e38d,EVT_00242,the_times_of_india,Policy,India and Japan,Positive,0.9,"called for tangible progress, the two leaders backed"
9ed808638611e38d_p009,9ed808638611e38d,EVT_00242,the_times_of_india,Development,India and Japan,Positive,0.85,backed the launch of text-based negotiations under the Inter-Governmental Negotiations (IGN) framework to achieve concrete outcomes within a fixed timeline.
9ed808638611e38d_p009,9ed808638611e38d,EVT_00242,the_times_of_india,Policy,India and Japan,Positive,0.9,endorsed one another's future candidatures for non-permanent seats.
9ed808638611e38d_p010,9ed808638611e38d,EVT_00242,the_times_of_india,Protest,leaders,Negative,0.9,"On regional and global security, the leaders voiced concern over North Korea's nuclear and ballistic missile programmes"
9ed808638611e38d_p011,9ed808638611e38d,EVT_00242,the_times_of_india,Election Strategy,Modi and Takaichi,Positive,0.8,They also called for the implementation of a comprehensive reconstruction plan for Gaza alongside a credible two-state solution.
9ed808638611e38d_p011,9ed808638611e38d,EVT_00242,the_times_of_india,Policy,Modi and Takaichi,Positive,0.7,They also called for the implementation of a comprehensive reconstruction plan for Gaza alongside a credible two-state solution.
9ed808638611e38d_p012,9ed808638611e38d,EVT_00242,the_times_of_india,Election Strategy,Modi (Indian Prime Minister),Positive,0.8,Takaichi was on a three-day official visit to India from July 1 to July 3 at Modi's invitation.
ac15138ae216100e_p001,ac15138ae216100e,EVT_00274,hindustan_times,Corruption,Supreme Court,Negative,0.9,"""fake, non-existent and AI-generated precedents pose the same threat to the justice system that ‘methyl isocyanate’ poses to human life—"""
ac15138ae216100e_p002,ac15138ae216100e,EVT_00274,hindustan_times,Corruption,Court,Negative,0.9,court was referring to a National Company Law Tribunal judgement that cited several hallucinated precedents.
ac15138ae216100e_p003,ac15138ae216100e,EVT_00274,hindustan_times,Corruption,apex court,Negative,0.9,"Such material, the apex court added, contaminates the judicial process and strips judicial determination of its very lifeblood."
ac15138ae216100e_p004,ac15138ae216100e,EVT_00274,hindustan_times,"Corruption, Law & Order",AI use in court proceedings,Negative,0.9,"The NCLT had relied on non-existent, fake and hallucinated precedents generated by AI tools"
ac15138ae216100e_p005,ac15138ae216100e,EVT_00274,hindustan_times,Technology & Governance,NCLT (National Company Law Tribunal),Neutral,0.8,Proceedings in the court strongly suggested that NCLT may have relied on AI tools to write its judgement
ac15138ae216100e_p006,ac15138ae216100e,EVT_00274,hindustan_times,Violence,Bench (presumably referring to a court),Negative,0.9,The Bhopal gas tragedy in 1984 that killed thousands in the world’s deadliest industrial accident.
ac15138ae216100e_p007,ac15138ae216100e,EVT_00274,hindustan_times,Law & Order,Various Courts,Negative,0.9,"“zero tolerance” policy for citing or relying on “ fake, non-existent, and hallucinated material,” generated through AI."
ac15138ae216100e_p008,ac15138ae216100e,EVT_00274,hindustan_times,Policy,Bar Council of India (BCI),Neutral,0.9,It directed the Bar Council of India (BCI) to constitute a committee to examine... prescribing disciplinary consequences for violations.
ac15138ae216100e_p009,ac15138ae216100e,EVT_00274,hindustan_times,Violence,Supreme Court,Negative,0.9,"""invisible, insidious, and catastrophic by the time anyone notices,"""
ac15138ae216100e_p010,ac15138ae216100e,EVT_00274,hindustan_times,Professional Conduct Violation,Judges,Negative,0.9,commit professional misconduct
ac15138ae216100e_p010,ac15138ae216100e,EVT_00274,hindustan_times,Law & Order,Judges and Advocates,Negative,0.85,"any advocate who cites hallucinated judgments, commits professional misconduct, and that judges, who rely on such judgements or precedents"
ac15138ae216100e_p011,ac15138ae216100e,EVT_00274,hindustan_times,Law & Order,Judiciary,Negative,0.9,"the court said, is ‘no decision in the eyes of law’ and must fall"
ac15138ae216100e_p012,ac15138ae216100e,EVT_00274,hindustan_times,Law & Order,Jammu and Kashmir Bank,Neutral,0.8,"The Court was hearing an appeal filed by the suspended director of a private company, challenging the orders of NCLT admitting the firm to the corporate insolvency resolution process on a Section 7 application filed under the Insolvency and Bankruptcy Code by the Jammu and Kashmir Bank."
ac15138ae216100e_p013,ac15138ae216100e,EVT_00274,hindustan_times,Development,NCLT (National Company Law Tribunal),Neutral,0.8,"NCLT Mumbai had, on August 28, 2024, admitted the insolvency plea and on September, 2025, NCLAT had upheld the order."
ac15138ae216100e_p014,ac15138ae216100e,EVT_00274,hindustan_times,Corruption,Madhavi Divan,Negative,0.9,"Senior advocate Madhavi Divan, who appeared for the appellant, however, told the Supreme Court that several citations or judgements relied upon by NCLT either did not exist or contained paragraphs that no law report recorded."
ac15138ae216100e_p015,ac15138ae216100e,EVT_00274,hindustan_times,Fraud,Judges/Courts,Negative,0.9,One citation even carried the name of an entirely different Supreme Court decision.
ac15138ae216100e_p016,ac15138ae216100e,EVT_00274,hindustan_times,Law & Order,bank,Neutral,0.8,The bank told the court that its counsel had not cited those and that the adjudicating authority had perhaps cited them through its own research.
ac15138ae216100e_p017,ac15138ae216100e,EVT_00274,hindustan_times,Law & Order,The court,Neutral,1.0,The court noted that the fake precedents escaped scrutiny even before NCLAT. It also said that courts cannot realistically verify the authenticity of every judgment cited by advocates and that the justice system depends on lawyers placing genuine authorities before the Bench.
ac15138ae216100e_p018,ac15138ae216100e,EVT_00274,hindustan_times,Corruption,AI,Negative,0.9,"""replace human thinking, reasoning and decision-making."""
ac15138ae216100e_p019,ac15138ae216100e,EVT_00274,hindustan_times,Law & Order,The Court,Neutral,1.0,"""developing through discipline and lived experience and abandoning the exercise of independent thought would erode the very foundation of human judgment, the court said."""
ac15138ae216100e_p020,ac15138ae216100e,EVT_00274,hindustan_times,Technology Regulation,unknown,Neutral,0.9,"""absolute and total control"" over AI will require public policy and enforceable rules."
ac15138ae216100e_p020,ac15138ae216100e,EVT_00274,hindustan_times,Law & Order,unknown,Neutral,0.85,"the willingness of judges and lawyers to use the technology with ""restraint and verification, it said."""
ac15138ae216100e_p021,ac15138ae216100e,EVT_00274,hindustan_times,Law & Order,Supreme Court,Neutral,0.9,What did the Supreme Court say about AI-generated precedents?
ac15138ae216100e_p022,ac15138ae216100e,EVT_00274,hindustan_times,Corruption,Supreme Court,Negative,0.8,"The Supreme Court equated fake, non-existent and AI-generated precedents to the dangers of methyl isocyanate, stating they pose a significant threat to the justice system."
ac15138ae216100e_p023,ac15138ae216100e,EVT_00274,hindustan_times,Law & Order,Supreme Court,Neutral,0.95,What was the Supreme Court's ruling regarding the NCLT and NCLAT judgments?
ac15138ae216100e_p024,ac15138ae216100e,EVT_00274,hindustan_times,Fake News,Supreme Court,Negative,0.9,The Supreme Court set aside the judgments of the NCLT and NCLAT due to reliance on non-existent and fake precedents generated by AI.
ac15138ae216100e_p025,ac15138ae216100e,EVT_00274,hindustan_times,Technology Adoption and Regulation,Supreme Court,Neutral,0.85,What measures did the Supreme Court propose for addressing the issue of AI in the legal system?
ac15138ae216100e_p026,ac15138ae216100e,EVT_00274,hindustan_times,Technology Regulation,Supreme Court,Neutral,0.95,The Supreme Court directed the Bar Council of India to form a committee to examine the use of AI-generated material and to create guidelines for lawyers.
ac15138ae216100e_p027,ac15138ae216100e,EVT_00274,hindustan_times,Technology Adoption and Regulation,Supreme Court,Neutral,0.8,How did the Supreme Court classify decisions based on AI-generated material?
ac15138ae216100e_p028,ac15138ae216100e,EVT_00274,hindustan_times,Fake News/Manipulation,Court,Negative,0.9,The court stated that any decision tainted by even 'an iota' of fake material is 'no decision in the eyes of law'.
ac15138ae216100e_p029,ac15138ae216100e,EVT_00274,hindustan_times,Development,Ayesha Arvind,Neutral,0.9,Read More
4f73bb86fedd95ee_p001,4f73bb86fedd95ee,EVT_00252,the_times_of_india,Election Strategy,Sanae Takaichi (Japan Prime Minister),Positive,0.85,her visit to India for the India-Japan summit heralded what her counterpart
4f73bb86fedd95ee_p002,4f73bb86fedd95ee,EVT_00252,the_times_of_india,Development,India,Positive,0.9,Narendra Modi described as a new chapter in their special strategic and global partnership
4f73bb86fedd95ee_p002,4f73bb86fedd95ee,EVT_00252,the_times_of_india,Development,Japan,Positive,0.9,"Narendra Modi described as a new chapter in their special strategic and global partnership, with both sides signing several agreements to boost cooperation"
4f73bb86fedd95ee_p002,4f73bb86fedd95ee,EVT_00252,the_times_of_india,Development,India-Japan,Positive,0.9,leaders also adopted a roadmap for economic security to boost supply chain resilience in strategic sectors like semiconductors and critical minerals
4f73bb86fedd95ee_p002,4f73bb86fedd95ee,EVT_00252,the_times_of_india,Development,India-Japan CEPA,Positive,0.9,agreed to review the 15-year-old India-Japan CEPA to enhance and diversify bilateral trade
4f73bb86fedd95ee_p003,4f73bb86fedd95ee,EVT_00252,the_times_of_india,Development,PM Modi,Positive,0.9,"Building upon his remarks at the G7 summit about the sanctity of mutual trust amid the global turmoil, Modi said India-Japan relations exemplified a relationship based on unbreakable reciprocal trust."
4f73bb86fedd95ee_p004,4f73bb86fedd95ee,EVT_00252,the_times_of_india,Development,PM Modi,Positive,0.9,"the PM said, will open another new chapter in the defense technology partnership."
4f73bb86fedd95ee_p005,4f73bb86fedd95ee,EVT_00252,the_times_of_india,Development,PM Modi,Positive,0.9,"""Now, we will together develop such defence technologies that will strengthen regional peace, maritime security, and rule-based order,"" said Modi, talking about the UNICORN partnership that is expected to boost naval stealth."
4f73bb86fedd95ee_p006,4f73bb86fedd95ee,EVT_00252,the_times_of_india,Corruption,Takaichi,Negative,0.8,announcement follows Japan’s relaxation under Takaichi of self-imposed restrictions
4f73bb86fedd95ee_p007,4f73bb86fedd95ee,EVT_00252,the_times_of_india,Development,PM Modi,Positive,0.9,"During the joint press statement after the meeting, Modi addressed Takaichi as his choti behen (younger sister) and the Japanese PM reciprocated by saying that both leaders were on the same page and would look to develop this relationship of brother and sister."
4f73bb86fedd95ee_p008,4f73bb86fedd95ee,EVT_00252,the_times_of_india,Economic Security,Leaders (referring to multiple countries' leaders),Neutral,0.9,"“economic coercion and non-market policies and practices, including arbitrary export restrictions that may lead to supply chain disruptions particularly in critical minerals and critical industrial sectors, and price manipulation”"
4f73bb86fedd95ee_p009,4f73bb86fedd95ee,EVT_00252,the_times_of_india,Development,PM Modi,Positive,0.9,"Amid global concerns over China’s dominance of the critical minerals sector, Modi and Takaichi underscored the importance of diversified, resilient and reliable global supply chains"
4f73bb86fedd95ee_p009,4f73bb86fedd95ee,EVT_00252,the_times_of_india,Development,Vikram Misri,Positive,0.9,foreign secretary Vikram Misri later said the leaders discussed the need to maintain strategic autonomy and resilience
4f73bb86fedd95ee_p010,4f73bb86fedd95ee,EVT_00252,the_times_of_india,Development,PM Modi,Positive,0.9,Modi said that the India-Japan investment partnership is steadily growing and that the over 100 business agreements signed in the past 1 year will bring $ 10 billion in Japanese investment to India.
4f73bb86fedd95ee_p011,4f73bb86fedd95ee,EVT_00252,the_times_of_india,Development,Modi (Indian Prime Minister),Positive,0.9,"""Our goal is clear: to attract 10 trillion yen in investment from Japan to India and to double the number of Japanese companies in India over the next 10 years,"" said Modi, adding that continuous reforms in India have improved the ease of doing business, and Japanese companies can also take advantage of this."
4f73bb86fedd95ee_p012,4f73bb86fedd95ee,EVT_00252,the_times_of_india,Development,Joint declaration,Neutral,0.8,joint declarations on economic security and energy resilience
4f73bb86fedd95ee_p012,4f73bb86fedd95ee,EVT_00252,the_times_of_india,Development,Joint statement for cooperation in AI,Positive,0.9,a joint statement for cooperation in AI
4f73bb86fedd95ee_p013,4f73bb86fedd95ee,EVT_00252,the_times_of_india,Development,PM Modi,Positive,0.9,"Reiterating the significance of a free, prosperous and rules-based Indo-Pacific for both India and Japan"
4f73bb86fedd95ee_p014,4f73bb86fedd95ee,EVT_00252,the_times_of_india,Development,PM Modi,Positive,0.9,"""The convergence of Japan's precision technology and India's software capabilities will impart new momentum and strength to global AI development,"" said Modi."
4f73bb86fedd95ee_p015,4f73bb86fedd95ee,EVT_00252,the_times_of_india,Policy,oil industry,Neutral,0.8,"This includes dialogue on national stockpiling systems and reserves, coordination regarding arrangements with producing countries and emergency response and market stabilization."
4f73bb86fedd95ee_p016,4f73bb86fedd95ee,EVT_00252,the_times_of_india,Development,PM Modi,Positive,0.9,"""With this, we will now repeat our success story in the automotive sector in areas such as shipbuilding, aviation, and logistics...the great strength of our relations is our people-to-people tie. We are also increasing opportunities for talent, mobility, skilling, and technical internship programs,"" he said."
effd2ef05533b86b_p001,effd2ef05533b86b,EVT_00308,the_times_of_india,Policy and Protocol Violation,Indian Embassy,Neutral,0.9,The Indian Embassy in Venezuela has sought a thorough investigation into allegations that the organs of Indian sailor Rakesh Chauhan were removed before his mortal remains were repatriated to India.
effd2ef05533b86b_p002,effd2ef05533b86b,EVT_00308,the_times_of_india,Policy,Embassy of India in Caracas,Neutral,0.9,"""The Embassy of India, Carvas has sought a thorough investigation by Venezuelan authorities on the desecration and removal of organs of the mortal remains of late Shri. Rakesh Chauhan. Mission has continued to pursue this matter with the concerned local authorities since the incident came to light,"" the embassy said."
effd2ef05533b86b_p003,effd2ef05533b86b,EVT_00308,the_times_of_india,"Death Investigation, Corruption, Misconduct",Chauhan's Family,Negative,0.85,his body was returned to India without several internal organs.
effd2ef05533b86b_p004,effd2ef05533b86b,EVT_00308,the_times_of_india,Violence,Ranjana Chauhan (Chauhan's wife),Negative,0.95,"""My husband had gone to work on a ship; he was murdered there, and his organs were removed."""
effd2ef05533b86b_p005,effd2ef05533b86b,EVT_00308,the_times_of_india,"Corruption, Law & Order",Company Representatives/Leadership,Negative,0.9,they didn't even return his personal belongings; they wouldn't even speak to us properly; the company representatives were dismissive
effd2ef05533b86b_p006,effd2ef05533b86b,EVT_00308,the_times_of_india,Law & Order,Government Authorities,Negative,0.8,"We were just expecting the body to arrive. When we had a second post-mortem done here, the report revealed that not a single organ remained in the body."
effd2ef05533b86b_p006,effd2ef05533b86b,EVT_00308,the_times_of_india,Law & Order,Ministry of External Affairs in Delhi,Negative,0.7,"but nothing came of it... I last spoke to him on 6 May... I think it was only two or three hours after he left for duty that my father-in-law received a call saying there had been an accident and that they were taking him to the hospital,"
effd2ef05533b86b_p007,effd2ef05533b86b,EVT_00308,the_times_of_india,Violence,FSUI (Forward Seamen's Union of India),Negative,0.9,allegations came into public eye when it were taken up by the Forward Seamen's Union of India (FSUI)
effd2ef05533b86b_p007,effd2ef05533b86b,EVT_00308,the_times_of_india,Corruption and Malpractice,Post-mortem investigation in India,Negative,0.8,the post-mortem conducted in India found no internal organs in Chauhan's body
effd2ef05533b86b_p007,effd2ef05533b86b,EVT_00308,the_times_of_india,Violence and Discrepancy in Medical Records,Chauhan's body,Negative,0.7,"the brain, heart, both lungs, kidneys, liver, spleen, pancreas, stomach, intestines, thyroid, hyoid bone, larynx and trachea were all reportedly missing"
effd2ef05533b86b_p008,effd2ef05533b86b,EVT_00308,the_times_of_india,"Violence, Law & Order",Indian Seafarer Rakesh Chauhan,Negative,0.9,"""NOT A SINGLE ORGAN was found in the body."""
effd2ef05533b86b_p009,effd2ef05533b86b,EVT_00308,the_times_of_india,Protest,Ministry of External Affairs and Indian Embassy,Negative,0.9,"It also alleged discrepancies in the paperwork related to the repatriation of Chauhan's body, claiming the receipt for the mortal remains carried an incorrect name and that the vessel mentioned in his employment agreement did not match the one on which he was deployed."
effd2ef05533b86b_p010,effd2ef05533b86b,EVT_00308,the_times_of_india,Policy,Politicians,Neutral,0.8,What should be the top priority in such cases?
effd2ef05533b86b_p011,effd2ef05533b86b,EVT_00308,the_times_of_india,Information Sharing,opinion leaders,Neutral,0.8,3k+ users shared opinion today
effd2ef05533b86b_p012,effd2ef05533b86b,EVT_00308,the_times_of_india,Social Media Engagement,Users,Neutral,0.8,3k+ users
effd2ef05533b86b_p013,effd2ef05533b86b,EVT_00308,the_times_of_india,Corruption,Venezuelan Authorities,Negative,0.9,the family's allegations
85a1e222b253e459_p001,85a1e222b253e459,EVT_00306,the_times_of_india,Peace and Diplomacy,Omar Abdullah,Positive,0.85,He also questioned why appeals from J&K politicians for engaging with Pakistan led to a backlash when similar statements from RSS top functionaries invited no criticism.
85a1e222b253e459_p002,85a1e222b253e459,EVT_00306,the_times_of_india,Election Strategy,Omar’s father and National Conference president Farooq Abdullah,Neutral,0.8,“117 signatories — 61 from India and 56 from Pakistan — to an open letter that recently appealed to the Prime Ministers of the two countries to renew talks.”
85a1e222b253e459_p003,85a1e222b253e459,EVT_00306,the_times_of_india,Law & Order,Omar,Positive,0.8,"""This tension (between India and Pakistan) has existed for the past 30 to 40 years, and after last year’s Pahalgam attack it increased even more. Now, through a letter, a request has been made to the Prime Minister that the relations between the two countries should improve. No one should have any objection to this. """
85a1e222b253e459_p004,85a1e222b253e459,EVT_00306,the_times_of_india,Law & Order,Atal Bihari Vajpayee,Neutral,0.9,"""We want relations between neighbours to improve."""
85a1e222b253e459_p005,85a1e222b253e459,EVT_00306,the_times_of_india,Election Strategy,chief minister,Positive,0.9,"""If the RSS says this, no one objects."""
85a1e222b253e459_p006,85a1e222b253e459,EVT_00306,the_times_of_india,Violence,Mohan Bhagwat,Negative,0.8,"""RSS chief Mohan Bhagwat and general secretary Dattatreya Hosabale had recently advocated 'keeping the doors of dialogue open'"""
85a1e222b253e459_p007,85a1e222b253e459,EVT_00306,the_times_of_india,Protest,Farooq Abdullah (PDP leader),Negative,0.9,"Apart from Farooq, PDP chief"
85a1e222b253e459_p008,85a1e222b253e459,EVT_00306,the_times_of_india,Election Strategy,Mehbooba Mufti,Neutral,0.8,"through the letter, the call for talks."
85a1e222b253e459_p008,85a1e222b253e459,EVT_00306,the_times_of_india,Development,Mirwaiz Umar Farooq and several MLAs,Positive,0.7,the call for talks.
3855c6a646427c91_p001,3855c6a646427c91,EVT_00334,the_hindu,Corruption,Shiv Sena (UBT),Negative,0.9,"""Ram Raksha"" agitation in Maharashtra from July 5, urging people to join the protest to hold the BJP accountable for the alleged embezzlement of donations at the revered Ayodhya temple."
3855c6a646427c91_p002,3855c6a646427c91,EVT_00334,the_hindu,Protest,Mr. Thackeray,Negative,0.9,"they will gather at the Hanuman temple at Dadar in central Mumbai on Sunday (July 5), recite the “Hanuman Stotra” and “Hanuman Chalisa” and pressure the BJP to take responsibility for the “theft” at the Ram temple in Ayodhya."
3855c6a646427c91_p003,3855c6a646427c91,EVT_00334,the_hindu,Corruption,Congress,Negative,0.9,"Congress terms donation theft at Ayodhya Ram Temple a 'maha paap', questions PM's silence"
3855c6a646427c91_p004,3855c6a646427c91,EVT_00334,the_hindu,Corruption,BJP (Indian political party),Negative,0.9,"“appeal to all those agitated over this alleged large-scale theft at the Ram temple to join us and hold the BJP accountable for it,”"
3855c6a646427c91_p005,3855c6a646427c91,EVT_00334,the_hindu,Protest,Mr. Thackeray,Negative,0.9,"Claiming that people across the country were facing multiple hardships, Mr. Thackeray said there was “chaos” and “indifference” towards public issues"
3855c6a646427c91_p006,3855c6a646427c91,EVT_00334,the_hindu,Violence,BJP,Negative,0.9,"alleged that the BJP had politically capitalised on these events and was now enjoying ""unchecked power"""
3855c6a646427c91_p007,3855c6a646427c91,EVT_00334,the_hindu,Violence,former Maharashtra chief minister,Negative,0.9,"The former Maharashtra chief minister also accused the saffron party of engineering defections and horse-trading of opposition legislators, asking whether the ruling party was carrying out an “Operation Ram Mandir”."
3855c6a646427c91_p008,3855c6a646427c91,EVT_00334,the_hindu,Corruption,Ayodhya temple,Negative,0.9,alleged embezzlement of donations at the Ayodhya temple
3855c6a646427c91_p008,3855c6a646427c91,EVT_00334,the_hindu,Poaching,Opposition leaders,Negative,0.85,poach opposition leaders
3855c6a646427c91_p009,3855c6a646427c91,EVT_00334,the_hindu,Violence,Mr. Thackeray,Negative,0.9,"'Now I want to say, ‘Ab Hindu maaf nahi karega’."
3855c6a646427c91_p010,3855c6a646427c91,EVT_00334,the_hindu,Violence,Politician or party related to Hindu nationalist agenda (likely implied as the context suggests this is about actions against alleged theft involving donations),Negative,0.9,"""loot in the name of Hindutva"" would not be tolerated."
3855c6a646427c91_p011,3855c6a646427c91,EVT_00334,the_hindu,"Corruption, Law & Order",BJP (Indian political party),Negative,0.9,"""Mandir wahi banayenge"" had turned out to be a facade and said the sacrifices made by those who participated in the Ram temple movement would not be allowed to go in vain."
3855c6a646427c91_p012,3855c6a646427c91,EVT_00334,the_hindu,Corruption,U.P. Government,Negative,0.9,"The alleged embezzlement of Ram temple donations came to light on June 7. Later, an FIR was registered on June 25 following a preliminary report by the Special Investigation Team, which was constituted by the U.P. government."
3855c6a646427c91_p013,3855c6a646427c91,EVT_00334,the_hindu,Crime & Punishment,Corruption,Negative,0.95,"Eight persons associated with the temple's donation and counting process have been arrested in the case, and the investigation is continuing."
3855c6a646427c91_p014,3855c6a646427c91,EVT_00334,the_hindu,Corruption,Local Government Officials,Negative,0.9,The local government officials are increasingly seen as corrupt and inefficient.
3855c6a646427c91_p014,3855c6a646427c91,EVT_00334,the_hindu,Development,Protestors,Positive,0.8,Hundreds of protesters marched through the city in support of new development projects.
664c3ed1e7136d81_p001,664c3ed1e7136d81,EVT_00335,the_hindu,Violence,The Supreme Court,Negative,0.9,while the court acknowledged that the allegations against Ms. Raghuvanshi were “quite serious”
664c3ed1e7136d81_p002,664c3ed1e7136d81,EVT_00335,the_hindu,Law & Order,Meghalaya government,Neutral,0.8,"A Bench comprising Justices M.M. Sundresh and Sheel Nagu was hearing an appeal filed by the Meghalaya government against a June 29 order of the Meghalaya High Court, which had upheld a Shillong trial court’s decision granting bail to Ms. Raghuvanshi on the ground that the police had failed to effectively communicate the grounds of her arrest."
664c3ed1e7136d81_p003,664c3ed1e7136d81,EVT_00335,the_hindu,Law & Order,Bench,Neutral,0.8,"""Prima facie, we would have stayed the order of bail, but since she has already been released, we would not want to intervene,"" the Bench observed"
664c3ed1e7136d81_p004,664c3ed1e7136d81,EVT_00335,the_hindu,Law & Order,The High Court Bench,Neutral,0.9,"""We are conscious that, howsoever grave the alleged offence is, there is a presumption of innocence."""
664c3ed1e7136d81_p005,664c3ed1e7136d81,EVT_00335,the_hindu,Protest,Women,Negative,0.9,When families leave women no good choices
664c3ed1e7136d81_p006,664c3ed1e7136d81,EVT_00335,the_hindu,Election Strategy,Ms. Raghuvanshi,Neutral,0.9,The Bench added that it would consider issuing appropriate directions for expediting the trial after Ms. Raghuvanshi files her response to the State’s appeal.
664c3ed1e7136d81_p007,664c3ed1e7136d81,EVT_00335,the_hindu,Law & Order,Solicitor General Tushar Mehta,Negative,0.95,"""shocking"" instance of ""premeditated"" murder and argued that the High Court had erred in granting bail on the basis of what he described as a mere “typographical error” in the arrest memo."
664c3ed1e7136d81_p007,664c3ed1e7136d81,EVT_00335,the_hindu,Law & Order,Solicitor General Tushar Mehta,Negative,0.9,"""premeditated"" murder and argued that the High Court had erred in granting bail...""
"
664c3ed1e7136d81_p007,664c3ed1e7136d81,EVT_00335,the_hindu,Law & Order,Solicitor General Tushar Mehta,Negative,0.9,with the courts recording the existence of prima facie material indicating her involvement in the alleged offence.
664c3ed1e7136d81_p008,664c3ed1e7136d81,EVT_00335,the_hindu,Violence,Mrs. of murdered couple,Negative,0.9,"“She takes her husband to a secluded hilly area, where he is killed.”"
664c3ed1e7136d81_p009,664c3ed1e7136d81,EVT_00335,the_hindu,Law & Order,Mr. Mehta,Negative,0.9,"contended that the High Court had granted bail solely because the arrest memo mistakenly referred to Section 403 of the Bharatiya Nyaya Sanhita (BNS) instead of Section 103, which deals with the offence of murder."
664c3ed1e7136d81_p010,664c3ed1e7136d81,EVT_00335,the_hindu,Procedure & Law,BNS (likely referring to the Board on Names or similar organization),Neutral,0.8,There was just one typographical error. Section 103 became 403 under the BNS
664c3ed1e7136d81_p011,664c3ed1e7136d81,EVT_00335,the_hindu,Law & Order,High Court,Neutral,0.8,'Reservations about High Court order'
664c3ed1e7136d81_p012,664c3ed1e7136d81,EVT_00335,the_hindu,Judicial Review,High Court,Negative,0.9,"""Prima facie, we have our reservations on how the High Court dealt with the matter,"" Justice Sundresh observed."
664c3ed1e7136d81_p013,664c3ed1e7136d81,EVT_00335,the_hindu,Law & Order,Ms. Raghuvanshi,Neutral,0.9,The judges also noted that Ms. Raghuvanshi had not raised the alleged procedural defect during the three earlier occasions on which her applications for bail had been rejected.
664c3ed1e7136d81_p014,664c3ed1e7136d81,EVT_00335,the_hindu,Law & Order,State (presumably referring to law enforcement or government officials),Negative,0.9,"Appearing for Ms. Raghuvanshi, her counsel disputed the State’s submissions"
664c3ed1e7136d81_p014,664c3ed1e7136d81,EVT_00335,the_hindu,Law & Order,State (presumably referring to law enforcement or government officials),Negative,0.9,He argued that she had never been meaningfully informed of the grounds of her arrest
664c3ed1e7136d81_p015,664c3ed1e7136d81,EVT_00335,the_hindu,Law & Order,Bench,Neutral,1.0,the Bench retorted
664c3ed1e7136d81_p016,664c3ed1e7136d81,EVT_00335,the_hindu,Protest,Mr. Mehta,Negative,0.9,"As Mr. Mehta continued to press for a stay of the bail order, reiterating that the allegations were “shocking”"
664c3ed1e7136d81_p017,664c3ed1e7136d81,EVT_00335,the_hindu,Law & Order,Justice Sundresh,Neutral,0.8,"“We are also conscious that there are certain parameters that need to be fulfilled at the time of the grant of bail. But after she has been released, we may not want to intervene”, Justice Sundresh said."
664c3ed1e7136d81_p018,664c3ed1e7136d81,EVT_00335,the_hindu,Law & Order,High Court,Negative,0.9,"Rejecting the prosecution’s contention that the discrepancy was merely an innocuous clerical or typographical error, the High Court had held that the document purportedly communicating the grounds of arrest had been prepared “without any application of mind” and contained allegations that bore no connection to the case."
664c3ed1e7136d81_p019,664c3ed1e7136d81,EVT_00335,the_hindu,Law & Order,Justice W. Diengdoh,Negative,0.9,such glaring errors struck at the very foundation of the arrest process and justified the grant of bail.
664c3ed1e7136d81_p020,664c3ed1e7136d81,EVT_00335,the_hindu,Law & Order,judge,Neutral,0.9,"The judge, however, clarified that the findings were confined to the legality of the arrest procedure and did not cast any aspersions on the investigation or the trial."
664c3ed1e7136d81_p021,664c3ed1e7136d81,EVT_00335,the_hindu,Violence,Police/Missing Persons,Negative,0.9,"The case relates to the murder of Indore businessman Raja Raghuvanshi, who had travelled to Meghalaya with his wife, Sonam, for their honeymoon in May 2025."
664c3ed1e7136d81_p022,664c3ed1e7136d81,EVT_00335,the_hindu,Violence,Sonam,Negative,0.9,"According to the prosecution, Sonam conspired with hired assailants to murder her husband"
664c3ed1e7136d81_p022,664c3ed1e7136d81,EVT_00335,the_hindu,Violence,Raj Kushwaha,Negative,0.8,with the objective of securing financial gain.
664c3ed1e7136d81_p023,664c3ed1e7136d81,EVT_00335,the_hindu,Corruption,Local Government Officials,Negative,0.85,"The report highlighted widespread corruption among local government officials, accusing them of embezzling funds meant for public services."
664c3ed1e7136d81_p023,664c3ed1e7136d81,EVT_00335,the_hindu,Development,Protestors,Positive,0.75,"Supporters praised the protestors' efforts, stating that their actions were instrumental in pushing for much-needed infrastructure development."
1f9a7a02d9201891_p001,1f9a7a02d9201891,EVT_00335,the_times_of_india,Law & Order,Maghalaya High Court,Neutral,1.0,The Supreme Court on Friday refused to overturn Maghalaya high court's judgement
1f9a7a02d9201891_p002,1f9a7a02d9201891,EVT_00335,the_times_of_india,Violence,Raja Raghuvanshi,Negative,0.9,Transport businessman Raja Raghuvanshi went missing on May 23 last year during his honeymoon in Meghalaya.
1f9a7a02d9201891_p003,1f9a7a02d9201891,EVT_00335,the_times_of_india,Violence,Police or law enforcement,Negative,0.9,His mutilated body was later found on June 2 from a deep gorge near a waterfall in Sohra area of East Khasi Hills district.
1f9a7a02d9201891_p003,1f9a7a02d9201891,EVT_00335,the_times_of_india,Corruption,Political authorities or officials (possibly corrupt),Negative,0.8,"His wife Sonam, along with several others including her alleged boyfriend, was arrested in connection with the case."
1f9a7a02d9201891_p004,1f9a7a02d9201891,EVT_00335,the_times_of_india,Law & Order,SC (Supreme Court),Negative,0.9,"It, however, observed that Sonam Raghuvanshi had already been released from jail and was currently in Shillong in accordance with the bail conditions imposed by the trial court."
1f9a7a02d9201891_p005,1f9a7a02d9201891,EVT_00335,the_times_of_india,Judicial Opinion,Justice Sundresh,Neutral,0.9,"""Prima facie, we have some observations about the high court's judgment,"" Justice Sundresh said."
1f9a7a02d9201891_p006,1f9a7a02d9201891,EVT_00335,the_times_of_india,Law & Order,Justice Sundresh,Neutral,0.9,"Addressing the accused's counsel, who appeared on a caveat, Justice Sundresh observed that the grounds of arrest had been explained to the accused and that this issue had not been raised in the earlier bail applications."
1f9a7a02d9201891_p007,1f9a7a02d9201891,EVT_00335,the_times_of_india,Law & Order,Judicial system,Neutral,0.8,Justice Sundresh asked.
1f9a7a02d9201891_p008,1f9a7a02d9201891,EVT_00335,the_times_of_india,Law & Order,Police,Negative,0.9,"The FIR in the case was registered under Section 103 of the Bharatiya Nyaya Sanhita (BNS), which deals with murder. However, when Sonam was informed of the grounds for her arrest, the police cited Section 403(1) of the BNS instead."
1f9a7a02d9201891_p009,1f9a7a02d9201891,EVT_00335,the_times_of_india,Policy,Indian Law & Order,Neutral,0.9,"Section 403(1) does not exist in the BNS and under the old Indian Penal Code, Section 403 related to dishonest misappropriation of property, but that provision was not carried over into the BNS."
1f9a7a02d9201891_p010,1f9a7a02d9201891,EVT_00335,the_times_of_india,Corruption,Judicial System,Neutral,0.8,"The error was not limited to a single document. The incorrect section was mentioned in multiple records, including the arrest memo, checklist justifying the arrest, inspection memo, intimation of rights and case diary extract."
1f9a7a02d9201891_p011,1f9a7a02d9201891,EVT_00335,the_times_of_india,Law & Order,Sonam,Negative,0.9,"None of these documents informed Sonam that she had been arrested under Section 103, the murder charge."
1f9a7a02d9201891_p012,1f9a7a02d9201891,EVT_00335,the_times_of_india,Error & Accountability,Court,Negative,0.9,"Rejecting the prosecution's argument that it was merely a clerical mistake, "
1f9a7a02d9201891_p013,1f9a7a02d9201891,EVT_00335,the_times_of_india,Human Rights Violation,Sonam,Negative,0.9,"It held that Sonam had not been properly informed of the grounds of her arrest, a legal right guaranteed to every arrested person, and granted her bail."
481480f5903fb116_p001,481480f5903fb116,EVT_00244,india_today,Violence,Siya Goyal,Negative,0.9,Chetan Chaudhary sent to 14-day judicial custody
481480f5903fb116_p002,481480f5903fb116,EVT_00244,india_today,Violence,Goyal,Negative,0.9,Goyal (20) and Chaudhary (22) are accused of pushing Agarwal to his death from a cliff at Lohagad Fort in Pune district on June 18.
481480f5903fb116_p002,481480f5903fb116,EVT_00244,india_today,Violence,Chaudhary,Negative,0.9,Goyal (20) and Chaudhary (22) are accused of pushing Agarwal to his death from a cliff at Lohagad Fort in Pune district on June 18.
481480f5903fb116_p003,481480f5903fb116,EVT_00244,india_today,Violence,Siya Goel and Chetan Chaudhary,Negative,0.9,Pune court remanded Siya Goel and Chaudhary to 14 days of judicial custody in connection with the investigation into the murder of Ketan Agarwal.
481480f5903fb116_p004,481480f5903fb116,EVT_00244,india_today,Law & Order,Judicial Magistrate First Class AM Vibhute,Neutral,0.9,The two accused were produced before Judicial Magistrate First Class AM Vibhute after the expiry of their police custody.
481480f5903fb116_p005,481480f5903fb116,EVT_00244,india_today,Law & Order,police,Negative,0.9,"prosecution sought three-day extension of police custody, arguing that data recovered from the mobile phones of Goyal and Chaudhary contained chats in signs and coded language, and that their custodial interrogation was necessary to decipher the conversations."
481480f5903fb116_p006,481480f5903fb116,EVT_00244,india_today,Violence,police,Negative,0.9,contending police had already been given sufficient time to investigate the case and that further custodial interrogation was unwarranted.
481480f5903fb116_p007,481480f5903fb116,EVT_00244,india_today,Law & Order,Court,Negative,0.9,"After hearing both sides, the court rejected the prosecution's plea and remanded the accused in judicial custody till July 16."
481480f5903fb116_p008,481480f5903fb116,EVT_00244,india_today,Violence,Goyal (20),Negative,0.9,Goyal (20) and Chaudhary (22) are accused of pushing Agarwal to his death from a cliff at Lohagad Fort in Pune district on June 18.
d116eab0ce029958_p001,d116eab0ce029958,EVT_00335,hindustan_times,Exonerated or Acquitted,Sonam Raghuvanshi,Positive,0.9,Sonam Raghuvanshi won't go back to jail: Supreme Court ruling in Meghalaya honeymoon murder
d116eab0ce029958_p002,d116eab0ce029958,EVT_00335,hindustan_times,Law & Order,Sonam Raghuvanshi,Negative,0.9,Supreme Court upholds Sonam Raghuvanshi's bail in Meghalaya honeymoon murder
d116eab0ce029958_p003,d116eab0ce029958,EVT_00335,hindustan_times,Law & Order,Supreme Court,Neutral,0.9,"The Supreme Court on Friday refused to send Sonam Raghuvanshi, the prime accused in the alleged murder of her husband Raja Raghuvanshi during their honeymoon in Meghalaya last year, back to jail, for now."
d116eab0ce029958_p004,d116eab0ce029958,EVT_00335,hindustan_times,Law & Order,Meghalaya government,Negative,0.85,"""Prima facie, we would have stayed the order of bail, but since she has already been released, we would not want to intervene,"" observed the bench, posting the matter for further hearing on July 9."
d116eab0ce029958_p005,d116eab0ce029958,EVT_00335,hindustan_times,Law & Order,The court,Neutral,0.9,"""We are conscious that howsoever grave the alleged offence is, there is a presumption of innocence,"" said the bench, adding that it would consider passing appropriate orders on expediting the trial after Sonam files her response."
d116eab0ce029958_p006,d116eab0ce029958,EVT_00335,hindustan_times,Violence,BJP,Negative,0.9,"“BJP, Amit Shah murdabad”"
d116eab0ce029958_p007,d116eab0ce029958,EVT_00335,hindustan_times,Violence,Corruption,Negative,0.8,"The case relates to the murder of 29-year-old Indore businessman Raja Raghuvanshi, who travelled to Meghalaya with Sonam after their wedding in May 2025."
d116eab0ce029958_p008,d116eab0ce029958,EVT_00335,hindustan_times,Law & Order,Tushar Mehta (Solicitor General for Meghalaya),Negative,0.9,"""shocking"" and ""premeditated"" murder"
d116eab0ce029958_p008,d116eab0ce029958,EVT_00335,hindustan_times,Law & Order,Meghalaya police (represented by Tushar Mehta),Negative,0.9,the high court erred in granting bail based on what was essentially a typographical error in the arrest documents
d116eab0ce029958_p009,d116eab0ce029958,EVT_00335,hindustan_times,Technology & Surveillance,Viral e-rickshaw shutdown videos,Neutral,0.9,Also read: The Chinese app behind viral e-rickshaw shutdown videos: How it works and how to prevent it
d116eab0ce029958_p010,d116eab0ce029958,EVT_00335,hindustan_times,Violence,Sonam,Negative,0.9,"""She participates in assaulting the husband...the husband is killed, and the body is thrown in a forest."""
d116eab0ce029958_p010,d116eab0ce029958,EVT_00335,hindustan_times,Violence,Sonam,Negative,0.9,"""She later absconded and was arrested in Uttar Pradesh,"""
d116eab0ce029958_p011,d116eab0ce029958,EVT_00335,hindustan_times,Corruption,Mehta,Negative,0.9,"high court granted bail solely because arrest-related documents mistakenly referred to Section 403 of the Bharatiya Nyaya Sanhita (BNS) instead of Section 103, which deals with murder."
d116eab0ce029958_p012,d116eab0ce029958,EVT_00335,hindustan_times,Law & Order,BNS (likely referring to a specific legal provision or court),Neutral,0.9,"""There was just one typographical error that Section 103 became 403 under the BNS,"" he submitted, relying on the Supreme Court's recent ruling in the Darshan case to argue that procedural lapses justify relief only when they cause actual prejudice to the accused."
d116eab0ce029958_p013,d116eab0ce029958,EVT_00335,hindustan_times,Political Strategy,Uddhav Sena,Positive,0.9,'Consider switching sides': Bombay HC's remarks on ‘horse-trading’ earns praise from Uddhav Sena
d116eab0ce029958_p014,d116eab0ce029958,EVT_00335,hindustan_times,Judicial Review and Criticism,High Court,Negative,0.9,"""Prima facie, we have our reservations on how the high court dealt with the matter"", Justice Sundresh remarked."
d116eab0ce029958_p015,d116eab0ce029958,EVT_00335,hindustan_times,Law & Order,Sonam,Negative,0.9,"The court noted that Sonam was informed of the reasons for her arrest, and she never challenged the alleged defect during her three unsuccessful bail attempts."
d116eab0ce029958_p016,d116eab0ce029958,EVT_00335,hindustan_times,Law & Order,Political Counsel representing Sonam,Negative,0.9,"Appearing for Sonam, her counsel countered that the defect went beyond the incorrect statutory provision and argued that she had never been meaningfully informed of the grounds of her arrest."
d116eab0ce029958_p017,d116eab0ce029958,EVT_00335,hindustan_times,Law & Order,Court,Neutral,0.9,"But the court also observed that if bail was solely based on a procedural lapse in communicating the grounds of arrest, nothing in law would prevent the authorities from arresting the accused again after complying with the legal requirement."
d116eab0ce029958_p018,d116eab0ce029958,EVT_00335,hindustan_times,Law & Order,The court,Neutral,0.9,"At one stage, the court indicated that it was inclined to stay the bail order and simultaneously consider expediting the trial."
d116eab0ce029958_p019,d116eab0ce029958,EVT_00335,hindustan_times,Law & Order,The Court,Neutral,1.0,"""These are facts and matters to be decided during the trial. We are also conscious that there are certain parameters that need to be fulfilled at the time of the grant of bail. But after she has been released, we may not want to intervene,"" the court said."
d116eab0ce029958_p020,d116eab0ce029958,EVT_00335,hindustan_times,Law & Order,Sonam,Neutral,0.8,"The high court on June 29 upheld an order of the additional deputy commissioner (judicial), Shillong, granting bail to Sonam after finding that the police failed to effectively communicate the grounds of arrest."
d116eab0ce029958_p021,d116eab0ce029958,EVT_00335,hindustan_times,Law & Order,Justice W Diengdoh,Negative,0.9,"holding that the documents reflected “total non-application of mind”, the high court concluded that the defect struck at the root of the arrest process and justified bail."
d116eab0ce029958_p022,d116eab0ce029958,EVT_00335,hindustan_times,Corruption,Sonam,Negative,0.9,alleged by the Meghalaya Police
d116eab0ce029958_p022,d116eab0ce029958,EVT_00335,hindustan_times,Corruption,Raj Kushwaha,Negative,0.85,a alleged lover Raj Kushwaha and others
3c18055022e9b53e_p001,3c18055022e9b53e,EVT_00347,the_hindu,Violence,C. Joseph Vijay,Negative,0.9,Tiruchendur DMK MLA and former Fisheries Minister Anitha R. Radhokrishnan was arrested for allegedly making derogatory remarks against Tamil Nadu Chief Minister C. Joseph Vijay
3c18055022e9b53e_p002,3c18055022e9b53e,EVT_00347,the_hindu,Law & Order,Mr. Radhakrishnan,Negative,0.9,The arrest came shortly after the Madras High Court dismissed an anticipatory bail plea filed by Mr. Radhakrishnan in a case registered by the Authoor police in Thoothukudi district over his alleged objectionable remarks against the Chief Minister.
3c18055022e9b53e_p003,3c18055022e9b53e,EVT_00347,the_hindu,Law & Order,Mr. Radhakrishnan,Negative,0.9,"arrest, Mr. Radhakrishnan was taken to Thoothukudi District Superintendent of Police office for further investigation."
3c18055022e9b53e_p004,3c18055022e9b53e,EVT_00347,the_hindu,Protest,Kanimozhi,Negative,0.9,"Stalin, Kanimozhi condemn arrest"
3c18055022e9b53e_p005,3c18055022e9b53e,EVT_00347,the_hindu,Corruption,M.K. Stalin (DMK),Negative,0.9,"""What was the urgent need to hastily arrest someone who was carrying out public work and conducting inspections in his constituency? The Chief Minister is running a police raj in a cinema-action style. """
3c18055022e9b53e_p006,3c18055022e9b53e,EVT_00347,the_hindu,Violence,government,Negative,0.9,"questioned why the government, which has not taken action so far"
3c18055022e9b53e_p007,3c18055022e9b53e,EVT_00347,the_hindu,Violence,Mr. Stalin,Negative,0.9,"""If arrests are to be made in defamation cases, how many of today’s ministers would have to be arrested for the remarks they make?"""
3c18055022e9b53e_p008,3c18055022e9b53e,EVT_00347,the_hindu,Violence,DMK,Negative,0.9,"""The DMK will never bow down to such oppression."""
3c18055022e9b53e_p009,3c18055022e9b53e,EVT_00347,the_hindu,Corruption,Local Government Leaders,Negative,0.8,Local government leaders have been accused of corruption on numerous occasions.
3c18055022e9b53e_p009,3c18055022e9b53e,EVT_00347,the_hindu,Protest,Protestors,Positive,0.7,Protestors continue to demand better infrastructure in their communities.
e6ef2a33acce6755_p001,e6ef2a33acce6755,EVT_00347,india_today,Defamation,CM Vijay,Negative,0.9,DMK MLA Radhakrishnan arrested over defamatory remarks against CM Vijay
e6ef2a33acce6755_p002,e6ef2a33acce6755,EVT_00347,india_today,Violence,Anitha R Radhakrishnan,Negative,0.9,The arrest comes amid allegations of inflammatory remarks against Chief Minister Vijay during a public event.
e6ef2a33acce6755_p003,e6ef2a33acce6755,EVT_00347,india_today,Violence,Anitha R Radhakrishnan,Negative,1.0,DMK MLA Anitha R Radhakrishnan was arrested by Tamil Nadu Police
e6ef2a33acce6755_p004,e6ef2a33acce6755,EVT_00347,india_today,Policy,Radhakrishnan,Neutral,0.8,"According to police, the case relates to a speech delivered by Radhakrishnan"
e6ef2a33acce6755_p005,e6ef2a33acce6755,EVT_00347,india_today,Law & Order,DMK (Delhi),Negative,0.9,Police said that the DMK legislator made inflammatory remarks against CM Vijay
e6ef2a33acce6755_p005,e6ef2a33acce6755,EVT_00347,india_today,Protest,Radhakrishnan,Negative,0.85,"Soon after the High Court declined to grant him anticipatory bail, police arrested Radhakrishnan."
e6ef2a33acce6755_p006,e6ef2a33acce6755,EVT_00347,india_today,Criticism or Mockery,Radhakrishnan,Negative,0.9,mocked Vijay's appearance and his transition from the film industry to politics.
e6ef2a33acce6755_p007,e6ef2a33acce6755,EVT_00347,india_today,Violence,Radhakrishnan,Negative,0.9,'Won't you open your mouth and speak?' He looked trapped.
e6ef2a33acce6755_p008,e6ef2a33acce6755,EVT_00347,india_today,Corruption,DMK legislator,Negative,0.9,"Continuing his criticism, the DMK legislator compared the Chief Minister's demeanour in the Assembly to that of a customer entering a shop."
e6ef2a33acce6755_p009,e6ef2a33acce6755,EVT_00347,india_today,Election Strategy,Politician,Negative,0.9,"""I'm a merchant and I know when someone enters a shop whether he wants to buy something or borrow money. Similarly, I can realise how he felt trapped in the Assembly,"" he said."
e6ef2a33acce6755_p010,e6ef2a33acce6755,EVT_00347,india_today,Law & Order,state government,Negative,0.9,oppressive tactics against the opposition
e6ef2a33acce6755_p011,e6ef2a33acce6755,EVT_00347,india_today,Violence,Radhakrishnan,Negative,0.8,"she alleged that Radhakrishnan was arrested while inspecting development works in his constituency, calling it an ""utterly anarchic"" act by what she described as a ""tyrannical government""."
e6ef2a33acce6755_p011,e6ef2a33acce6755,EVT_00347,india_today,Violence and Law & Order,DMK,Negative,0.7,"She asserted that the DMK ""will never bow down to such oppressive tactics."""
e6ef2a33acce6755_p012,e6ef2a33acce6755,EVT_00347,india_today,Law & Order,Justice GK Ilanthiraiyan,Negative,0.9,"Justice GK Ilanthiraiyan while dismissing Radhakrishnan's anticipatory bail petition, observed that he ought not to have made such statements as a sitting legislator."
e6ef2a33acce6755_p014,e6ef2a33acce6755,EVT_00347,india_today,Election Strategy,Politician/Member of Assembly,Negative,0.9,"""You're not a layman. You're a member of the assembly"", the court orally observed while rejecting the plea."
753e127ce8380b10_p001,753e127ce8380b10,EVT_00493,indian_express,Protest,"CJP (likely referring to China-Jamyang Chophyel), Sonam Wangchuk",Neutral,0.8,"Sonam Wangchuk to Express: CJP protest has no political colour, PM should be sensitive"
753e127ce8380b10_p002,753e127ce8380b10,EVT_00493,indian_express,Accountability and Responsibility,Wangchuk,Negative,0.9,"A resignation, or accountability, is merely the starting point."
753e127ce8380b10_p003,753e127ce8380b10,EVT_00493,indian_express,Law & Order,Dharmendra Pradhan,Negative,0.9,over the leak of NEET-UG questions.
753e127ce8380b10_p003,753e127ce8380b10,EVT_00493,indian_express,Protest,Cockroach Janta Party (CJP),Positive,0.85,protest organised by the Cockroach Janta Party (CJP)
753e127ce8380b10_p004,753e127ce8380b10,EVT_00493,indian_express,Protest,Prime Minister Narendra Modi,Negative,0.9,"“listen to the “voice of the people”, and urged “leaders from all parties” to join the protest."
753e127ce8380b10_p005,753e127ce8380b10,EVT_00493,indian_express,Protest,opposition,Negative,0.8,* The opposition to your protest suggests that the basic issue is a comprehensive reform of the exam system.
753e127ce8380b10_p006,753e127ce8380b10,EVT_00493,indian_express,Violence,Indian Society,Negative,0.9,What sort of doctor would you get if the exam paper is leaked? Such doctors would be attending to your children;
753e127ce8380b10_p007,753e127ce8380b10,EVT_00493,indian_express,Development,The Country,Negative,1.0,"More importantly, honesty holds no value in the country today."
753e127ce8380b10_p007,753e127ce8380b10,EVT_00493,indian_express,Development,Global Village,Negative,1.0,Forget becoming a ‘developed’ nation
753e127ce8380b10_p008,753e127ce8380b10,EVT_00493,indian_express,Protest,PM Modi,Negative,0.9,"Has the Narendra Modi government made any contact with you, directly or indirectly?"
753e127ce8380b10_p009,753e127ce8380b10,EVT_00493,indian_express,Violence,government,Negative,0.9,But we hope that the government is not so insensitive.
753e127ce8380b10_p009,753e127ce8380b10,EVT_00493,indian_express,Violence,government,Negative,0.85,Will you wait to raise your voice until you are alone with nobody beside you?
753e127ce8380b10_p010,753e127ce8380b10,EVT_00493,indian_express,Policy,Politicians or Government,Neutral,0.8,Are the channels for dialogue open?
753e127ce8380b10_p011,753e127ce8380b10,EVT_00493,indian_express,Development,government,Positive,0.9,"And to formulate those broader reforms, the government should rope in these young people or educationists like me."
753e127ce8380b10_p012,753e127ce8380b10,EVT_00493,indian_express,Protest,Politician (implied - implicitly refers to someone who appealed for support),Negative,0.9,"The turnout is relatively low. You had to appeal from the stage one day, asking people to show some courage."
753e127ce8380b10_p013,753e127ce8380b10,EVT_00493,indian_express,Protest,Government,Negative,0.9,People must take some of this pain upon themselves to convey the gravity of the situation to the government.
753e127ce8380b10_p014,753e127ce8380b10,EVT_00493,indian_express,Protest,Left-affiliated students,Negative,0.9,"* People have pointed out that if the objective is the same, why are you on the stage while Left-affiliated students are protesting on the ground?"
753e127ce8380b10_p014,753e127ce8380b10,EVT_00493,indian_express,Protest,"Left student outfits like the AISF, SFI and AISA",Negative,0.9,"* Left student outfits like the AISF, SFI and AISA dominate the gathering here"
753e127ce8380b10_p014,753e127ce8380b10,EVT_00493,indian_express,Protest,some people,Negative,0.9,* some people are keeping their distance
753e127ce8380b10_p015,753e127ce8380b10,EVT_00493,indian_express,Logistics and Coordination,BJP (Indian political party),Neutral,0.9,I leave these logistical decisions to the organisers.
753e127ce8380b10_p016,753e127ce8380b10,EVT_00493,indian_express,Protest,"Rahul Gandhi, Akhilesh Yadav",Neutral,0.8,* Are the organisers expecting Opposition leaders like Rahul Gandhi and Akhilesh Yadav to join the protest?
753e127ce8380b10_p017,753e127ce8380b10,EVT_00493,indian_express,Development,Leaders from all political parties,Positive,0.8,I am very hopeful that leaders from all political parties will come.
753e127ce8380b10_p018,753e127ce8380b10,EVT_00493,indian_express,Development,CJP (likely referring to a political party or group),Neutral,0.8,* Did you have any apprehensions before associating yourself with the CJP?
753e127ce8380b10_p019,753e127ce8380b10,EVT_00493,indian_express,Law & Order,Politicians/Leaders,Neutral,0.8,I don’t believe they are doing this for personal gain.
753e127ce8380b10_p019,753e127ce8380b10,EVT_00493,indian_express,Development/Education,Everyone (Including Themselves),Neutral,0.7,everyone is free to enter politics if they choose to do so.
753e127ce8380b10_p020,753e127ce8380b10,EVT_00493,indian_express,Leadership & Policy,PM Modi,Positive,0.85,What would be your message to PM Modi?
753e127ce8380b10_p021,753e127ce8380b10,EVT_00493,indian_express,Democracy & Leadership,Government,Positive,0.9,It is in the long-term interest of the government to listen to the voice of the people.
e88427cb3515aa87_p001,e88427cb3515aa87,EVT_00500,theprint,Violence,TVK (Tamil Nadu School Education Department),Negative,0.9,"prohibiting any “political, communal, separatist and non-educational events, meetings and campaigns” on school premises"
e88427cb3515aa87_p001,e88427cb3515aa87,EVT_00500,theprint,Policy,Chief Minister Vijay,Negative,0.85,Vijay’s birthday celebrations
e88427cb3515aa87_p002,e88427cb3515aa87,EVT_00500,theprint,Policy,government,Neutral,0.8,the government should define cocurricular and extra-curricular activities for more clarity on the directive.
e88427cb3515aa87_p003,e88427cb3515aa87,EVT_00500,theprint,Policy,VPB Paramasivam,Neutral,0.8,"Earlier, former AIADMK MLA VPB Paramasivam moved the Madras High Court over holding such events on school premises."
e88427cb3515aa87_p004,e88427cb3515aa87,EVT_00500,theprint,Policy,Advocate General Vijay Narayan,Negative,0.8,"""the circular was issued jointly by the Directors of School Education, Elementary Education, and Private Schools following complaints of “outsiders” using campuses for religious, political, and caste-based activities. """
e88427cb3515aa87_p005,e88427cb3515aa87,EVT_00500,theprint,Education Policy,government,Positive,0.9,"The government’s 10 July directive emphasised that the state's 57,671 schools, including private ones, where over 1.03 crore students study, must remain focused solely on curricular and co-curricular activities"
e88427cb3515aa87_p006,e88427cb3515aa87,EVT_00500,theprint,Law & Order,Politicians,Negative,0.9,"""Any sort of celebrations or messaging should not be permitted on school campuses, whether they are in playgrounds or open spaces. School premises should not be used for holding political, communal, separatist and non-educational events, meetings and campaigns. Only educational and co-curricular activities can be conducted in schools to ensure the overall educational development of students."""
e88427cb3515aa87_p007,e88427cb3515aa87,EVT_00500,theprint,Violence,Government,Negative,0.9,"such activities create divisions, psychological pressure on young minds, and undermine educational goals."
e88427cb3515aa87_p007,e88427cb3515aa87,EVT_00500,theprint,Law & Order,Government,Negative,0.85,"Principals and headmasters have been instructed not to allow outsiders into classrooms, auditoriums, or playgrounds except for government-authorized events."
e88427cb3515aa87_p008,e88427cb3515aa87,EVT_00500,theprint,Election Strategy,TVK's Vijay,Positive,0.9,going on the offensive
e88427cb3515aa87_p009,e88427cb3515aa87,EVT_00500,theprint,Protest,S. Keerthana,Negative,0.9,A government school visit by Industries Minister S. Keerthana’s in Sivakasi of Virudhunagar district brought sharp criticism.
e88427cb3515aa87_p010,e88427cb3515aa87,EVT_00500,theprint,Development,Keerthana,Neutral,0.8,"During the inspection, Keerthana questioned students on their English proficiency in front of cameras, recorded the interaction, and shared it online."
e88427cb3515aa87_p011,e88427cb3515aa87,EVT_00500,theprint,Public Humiliation,Politician or Public Figure,Negative,0.9,"“What’s your father?” and remarked on the child’s inability to respond fluently, drawing sharp criticism"
e88427cb3515aa87_p012,e88427cb3515aa87,EVT_00500,theprint,Violence,"Her/unknown, as context is unclear",Negative,0.9,shaming children
e88427cb3515aa87_p013,e88427cb3515aa87,EVT_00500,theprint,Development,Keerthana,Negative,0.9,But the incident led to widespread outrage.
e88427cb3515aa87_p014,e88427cb3515aa87,EVT_00500,theprint,Violence,"சிலர் (Politician Name, not specified in text)",Negative,0.9,"""அரசு பள்ளி மாணவியை கேலி செய்தார்"""
e88427cb3515aa87_p015,e88427cb3515aa87,EVT_00500,theprint,Development,Education Minister,Neutral,0.8,நானே ஒரு அரசு பள்ளி மாணவி. நானே தமிழ் வழிக் கல்வியில் படித்தவள்.
e88427cb3515aa87_p016,e88427cb3515aa87,EVT_00500,theprint,Criminal Behavior,Politician or individual,Negative,0.9,இன்று என் ஆங்கிலத்தை வைத்து என்னை கேலி செய்கிறவர்கள்
e88427cb3515aa87_p017,e88427cb3515aa87,EVT_00500,theprint,Corruption,Virudhai Magal,Negative,0.9,"@Keerthana4VNR July 7, 2026: Virudhhi magal keerthana"
e88427cb3515aa87_p018,e88427cb3515aa87,EVT_00500,theprint,Protest,Dr C Vijayabaskar,Negative,0.9,"His interactions with students, along with activities by other TVK workers, including disrupting classes to promote party symbols and involving students in Chief Minister Vijay’s birthday celebrations drew criticism and allegations of politicising education."
e88427cb3515aa87_p019,e88427cb3515aa87,EVT_00500,theprint,Celebration & Participation,CM,Negative,0.9,"In several schools across the state, students were actively roped into the CM’s birthday celebrations organised by TVK functionaries around 22 June."
e88427cb3515aa87_p020,e88427cb3515aa87,EVT_00500,theprint,Development,Students,Positive,0.85,"""Vijay Anna"" during class hours."
e88427cb3515aa87_p020,e88427cb3515aa87,EVT_00500,theprint,Protest,Students,Negative,0.75,"formed a massive human portrait, disrupting regular academics."
e88427cb3515aa87_p021,e88427cb3515aa87,EVT_00500,theprint,Violence,A. Raj Mohan,Negative,0.9,"""Schools are not exhibition halls or stages for politics. They are centres of learning. From now on, no one other than those necessary will be allowed entry in school campuses."""
e88427cb3515aa87_p022,e88427cb3515aa87,EVT_00500,theprint,Law & Order,Government,Negative,0.9,"""Except for official events conducted by the government, birthday celebrations or non-government events shall not be allowed. No members of any political party, no members of any private organisation shall be permitted to directly meet students."""
e88427cb3515aa87_p023,e88427cb3515aa87,EVT_00500,theprint,Policy,Government,Negative,0.9,The government circular to the schools stated that no birthday celebrations of leaders other than those announced by the government shall be held in the school premises or school students shall be taken to or allowed to participate in such celebrations.
e88427cb3515aa87_p024,e88427cb3515aa87,EVT_00500,theprint,Law & Order,Education Authorities,Neutral,0.9,"No events of any kind, including sports competitions, medical camps, art shows among others shall be held in the school premises"
e88427cb3515aa87_p025,e88427cb3515aa87,EVT_00500,theprint,Development,Educationists,Positive,0.9,Educationists welcome circular
e88427cb3515aa87_p026,e88427cb3515aa87,EVT_00500,theprint,Development,educationists,Positive,0.9,Educationists have welcomed the circular as a much-needed step to protect vulnerable students.
e88427cb3515aa87_p026,e88427cb3515aa87,EVT_00500,theprint,Corruption and Policy Misuse,experts,Negative,0.85,"Many experts argue that repeated political intrusions expose children to bias, disrupt learning, and erode the neutral environment essential for holistic development."
e88427cb3515aa87_p027,e88427cb3515aa87,EVT_00500,theprint,Policy,PB Prince Gajendra Babu,Positive,0.9,Educationalist PB Prince Gajendra Babu welcomed the move stating that the students should be allowed to be a part of co-curricular and extracurricular activities but those programmes should not be linked to any individual with a political identity.
e88427cb3515aa87_p028,e88427cb3515aa87,EVT_00500,theprint,Education,Students,Neutral,1.0,"""students should not be made a part of any sort of promotion of any person who has roots in any political party"""
e88427cb3515aa87_p028,e88427cb3515aa87,EVT_00500,theprint,Policy,Political Parties,Negative,1.0,"""any person who has roots in any political party"""
e88427cb3515aa87_p029,e88427cb3515aa87,EVT_00500,theprint,Education Policy,Academic Programs,Negative,0.9,"""Students cannot be used for the glorification of any political leader or a party. Any of the academic programmes should ensure that they do not compromise the values of the Constitution that a student should be given in a school such as equality, freedom and liberty,"" he told ThePrint."
e88427cb3515aa87_p030,e88427cb3515aa87,EVT_00500,theprint,Education,Parents and teachers' groups,Positive,0.9,seeing the ban as restoring focus on academic excellence.
e88427cb3515aa87_p031,e88427cb3515aa87,EVT_00500,theprint,Education Policy,S Vignesh (member of the State Parents Teacher Association),Negative,0.9,"""Political activities should be avoided to protect the democratic rights of the students as well, and no politician should directly interact with our students in any capacity,"""
e88427cb3515aa87_p032,e88427cb3515aa87,EVT_00500,theprint,Development,Vijay,Positive,0.9,Also Read: Vijay will rewrite Tamil Nadu politics.
c31dd65678cc53c8_p001,c31dd65678cc53c8,EVT_00496,deccan_herald,Development,Election Commission,Positive,0.9,"The Election Commission's Special Intensive Revision (SIR) of electoral rolls is underway in five States — Karnataka, Meghalaya, Maharashtra, Jharkhand and Delhi — starting with door-to-door enumeration from June 30 to July 29."
c31dd65678cc53c8_p001,c31dd65678cc53c8,EVT_00496,deccan_herald,Development,Election Commission,Positive,0.8,The draft electoral rolls will be published on August 5 and the final rolls on October 10.
c31dd65678cc53c8_p001,c31dd65678cc53c8,EVT_00496,deccan_herald,Development,Election Commission,Positive,0.8,"Here is a ready reckoner to understand the exercise, and navigate the process of filling the enumeration form online with ease."
c31dd65678cc53c8_p002,c31dd65678cc53c8,EVT_00496,deccan_herald,Development,Election Commission,Neutral,0.9,"The Election Commission's Special Intensive Revision (SIR) of electoral rolls is underway in five States — Karnataka, Meghalaya, Maharashtra, Jharkhand and Delhi — starting with door-to-door enumeration from June 30 to July 29."
c31dd65678cc53c8_p002,c31dd65678cc53c8,EVT_00496,deccan_herald,Development,Election Commission,Positive,0.85,The draft electoral rolls will be published on August 5 and the final rolls on October 10.
ad1a6bc72ce3e16f_p001,ad1a6bc72ce3e16f,EVT_00561,hindustan_times,Policy,Government of India,Positive,0.9,India to account for each seafarer irrespective of vessel flag: Govt's big announcement after sailor killed in Hormuz
ad1a6bc72ce3e16f_p002,ad1a6bc72ce3e16f,EVT_00561,hindustan_times,Security Crisis,Political Leaders,Negative,0.8,The move comes amid an escalating maritime security crisis in West Asia following attacks on two merchant vessels in the Strait of Hormuz.
ad1a6bc72ce3e16f_p003,ad1a6bc72ce3e16f,EVT_00561,hindustan_times,Development,Government/Centre,Positive,0.9,"""Emphasising the welfare of seafarers amidst escalating maritime security crisis in West Asia, the Centre on Tuesday launched a comprehensive ""Seafarer-First"" response..."""
ad1a6bc72ce3e16f_p004,ad1a6bc72ce3e16f,EVT_00561,hindustan_times,Violence,Indian Government,Negative,0.9,"The announcement comes after an Indian seafarer, identified as Rohan Kumar, was killed"
ad1a6bc72ce3e16f_p005,ad1a6bc72ce3e16f,EVT_00561,hindustan_times,Development,Sarbananda Sonowal,Positive,0.9,"Union Minister for Ports, Shipping and Waterways Sarbananda Sonowal said the initiative adopts a whole-of-government approach to ensure the safety and welfare of Indian crew members in the sea."
ad1a6bc72ce3e16f_p006,ad1a6bc72ce3e16f,EVT_00561,hindustan_times,Law & Order,Government,Negative,0.9,He directed the Directorate General of Shipping (DGS) to establish a comprehensive vessel-by-vessel operational dashboard
ad1a6bc72ce3e16f_p007,ad1a6bc72ce3e16f,EVT_00561,hindustan_times,Development,Indian Government,Neutral,0.8,Also Read: How many Indian seafarers have been killed since US-Iran war began? A timeline
ad1a6bc72ce3e16f_p008,ad1a6bc72ce3e16f,EVT_00561,hindustan_times,Technology & Innovation,government,Neutral,0.9,"The dashboard will provide real-time information on vessel position, ownership, cargo, crew strength, crew welfare, threat assessment, intended voyage, next port of call and the availability of facilities, according to the government press release."
ad1a6bc72ce3e16f_p009,ad1a6bc72ce3e16f,EVT_00561,hindustan_times,Violence,Indian Seafarers,Negative,0.9,"One Indian seafarer was killed and another injured aboard MT Al Bahiyah, while nine Indian nationals on MT Mombasa were injured, including two who remain in serious condition."
ad1a6bc72ce3e16f_p010,ad1a6bc72ce3e16f,EVT_00561,hindustan_times,Law & Order,Sonowal,Neutral,0.8,reviewed the security situation
ad1a6bc72ce3e16f_p011,ad1a6bc72ce3e16f,EVT_00561,hindustan_times,Policy Implementation,Indian Government,Positive,0.9,"As part of the response, he ordered real-time vessel monitoring, appointed liaison officers for every affected Indian seafarer, and directed round-the-clock coordination among the ministries concerned, the Indian Navy, the Directorate General of Shipping (DGS), and Indian missions in Iran and Oman."
ad1a6bc72ce3e16f_p012,ad1a6bc72ce3e16f,EVT_00561,hindustan_times,Development,Indian government,Neutral,0.9,Also Read: 7 Indian vessels with 148 Indian seafarers remain in Persian Gulf: A Strait of Hormuz status check
ad1a6bc72ce3e16f_p013,ad1a6bc72ce3e16f,EVT_00561,hindustan_times,Violence,Sonowal,Negative,0.9,"Expressing grief over the attacks, Sonowal condemned the targeting of civilian merchant vessels"
ad1a6bc72ce3e16f_p014,ad1a6bc72ce3e16f,EVT_00561,hindustan_times,Violence,India,Negative,0.9,India has expressed its strong resentment and objection to the manner of attacks on defenceless civilian merchant vessels.
ad1a6bc72ce3e16f_p015,ad1a6bc72ce3e16f,EVT_00561,hindustan_times,Law & Order,Government,Positive,0.9,"I want to assure every Indian seafarer and their family that the entire Government is committed to assist you in every possible way, and at all costs,” he added."
ad1a6bc72ce3e16f_p016,ad1a6bc72ce3e16f,EVT_00561,hindustan_times,Service Provision,liaison officer,Neutral,0.9,Dedicated liaison officer for families affected
ad1a6bc72ce3e16f_p017,ad1a6bc72ce3e16f,EVT_00561,hindustan_times,Development,Indian Government,Positive,0.9,dedicated liaison officer will be appointed for every Indian seafarer impacted by the crisis to ensure uninterrupted assistance
ad1a6bc72ce3e16f_p018,ad1a6bc72ce3e16f,EVT_00561,hindustan_times,Protest,India,Negative,0.95,'Deeply concerned'
ad1a6bc72ce3e16f_p019,ad1a6bc72ce3e16f,EVT_00561,hindustan_times,Service Provision,Government,Neutral,0.9,"Each liaison officer will serve as the single point of contact for families, coordinating medical updates, travel documentation, family assistance, repatriation, Seafarers Welfare Fund support, outstanding wages, contractual entitlements and other compensations."
ad1a6bc72ce3e16f_p020,ad1a6bc72ce3e16f,EVT_00561,hindustan_times,Cooperation and International Relations,Indian Government or Diplomatic Agencies,Neutral,0.9,Coordination with Indian missions internationally
ad1a6bc72ce3e16f_p021,ad1a6bc72ce3e16f,EVT_00561,hindustan_times,Development,Minister,Neutral,0.9,"directed officials to coordinate with Indian missions in Iran, Oman and the United Arab Emirates"
ad1a6bc72ce3e16f_p022,ad1a6bc72ce3e16f,EVT_00561,hindustan_times,Law & Order,Sonowal (Indian Politician),Positive,0.9,"""The Government of India has communicated with all the multilateral forums of the IMO and also with the representatives of the concerned flag administration involved in the multiple incidents that contravened international conventions and fundamental requirements of seafarer’s security and safety and protection of right of innocent passage for merchant vessels. We will continue to make every effort to ensure resolution of the issues and remain committed to all stakeholders in this trying and challenging time,"" said Sonowal."
ad1a6bc72ce3e16f_p023,ad1a6bc72ce3e16f,EVT_00561,hindustan_times,Coordination,Maritime Authorities,Neutral,0.9,Vessels to coordinate with maritime authorities
ad1a6bc72ce3e16f_p024,ad1a6bc72ce3e16f,EVT_00561,hindustan_times,Law & Order,Sonowal,Neutral,0.9,"Sonowal directed that every vessel transiting the conflict-affected region undertake a fresh threat assessment, with voyages proceeding only after the ship master's professional judgement and in coordination with the relevant maritime authorities."
ad1a6bc72ce3e16f_p025,ad1a6bc72ce3e16f,EVT_00561,hindustan_times,Law & Order,Government/Politician,Neutral,0.9,"He also asked shipowners, vessel managers and Recruitment and Placement Service Licence (RPSL) agencies employing Indian seafarers in the region to submit compliance reports confirming that no Indian crew member is being compelled to sail without adequate information, protection and support."
ad1a6bc72ce3e16f_p026,ad1a6bc72ce3e16f,EVT_00561,hindustan_times,Development,Government,Positive,0.9,The government has also activated a 24x7 grievance support system for Indian seafarers and their families.
ad1a6bc72ce3e16f_p027,ad1a6bc72ce3e16f,EVT_00561,hindustan_times,Law & Order,Sonowal,Positive,0.9,"reaffirmed that the government's response would remain 'seafarer-first', with coordinated efforts across ministries and maritime agencies to protect Indian seafarers"
ad1a6bc72ce3e16f_p028,ad1a6bc72ce3e16f,EVT_00561,hindustan_times,Professionalism,Karishma Ayaldasani,Neutral,1.0,"About the author: Karishma Ayaldasani is a Senior Content Producer at Hindustan Times, based in New Delhi, where she works with the digital team on fast-moving breaking stories from India and around the world."
ad1a6bc72ce3e16f_p029,ad1a6bc72ce3e16f,EVT_00561,hindustan_times,Development,Hindustan Times,Neutral,0.8,"With over three years of experience in fast-paced newsrooms, she brings curiosity, clarity and consistency to her work."
7d02c28be78c657c_p001,7d02c28be78c657c,EVT_00543,the_times_of_india,Protest,Mamata Banerjee,Negative,0.9,dealing another setback to the former chief minister's camp.
7d02c28be78c657c_p002,7d02c28be78c657c,EVT_00543,the_times_of_india,Political Split,Mamata Banerjee,Negative,0.9,His exit comes amid a series of defections from the Mamata Banerjee-led faction
7d02c28be78c657c_p003,7d02c28be78c657c,EVT_00543,the_times_of_india,Corruption,Abhishek Banerjee (TMC national general secretary),Negative,0.85,refusing to step aside despite the party's crisis
7d02c28be78c657c_p004,7d02c28be78c657c,EVT_00543,the_times_of_india,Protest,Abhishek Banerjee,Negative,0.9,"He said, 'I won't leave the party.' The party is sinking; the boat has gone under."
7d02c28be78c657c_p005,7d02c28be78c657c,EVT_00543,the_times_of_india,Corruption,party,Negative,0.9,centred around one individual
7d02c28be78c657c_p006,7d02c28be78c657c,EVT_00543,the_times_of_india,Leadership and Mobilization,Mamata ji,Positive,0.85,I earnestly request Mamata ji to come.
7d02c28be78c657c_p007,7d02c28be78c657c,EVT_00543,the_times_of_india,Policy,Trinamool Congress,Negative,0.9,He said he had resigned from all organisational positions in the Trinamool Congress
7d02c28be78c657c_p008,7d02c28be78c657c,EVT_00543,the_times_of_india,Resignation and Party Affiliation,Shivraj Chavan (assuming it's about a politician who resigned from Trinamool),Negative,0.9,I have resigned from all the positions. Though I remain an MLA. I have left everything associated with Trinamool. That means I am no longer a Trinamool MLA in the functional sense.
7d02c28be78c657c_p009,7d02c28be78c657c,EVT_00543,the_times_of_india,Policy,Mitra,Neutral,0.9,"""I have only changed my room, not my house. I am very much in the TMC,"" Mitra told reporters after meeting the rebel leader."
7d02c28be78c657c_p010,7d02c28be78c657c,EVT_00543,the_times_of_india,Development,Mitra,Negative,0.9,money laundering investigation into the alleged municipal recruitment scam in West Bengal
7d02c28be78c657c_p010,7d02c28be78c657c,EVT_00543,the_times_of_india,Corruption,ED (Enforcement Directorate),Negative,0.9,summoned Mitra's wife and his two sons for questioning
7d02c28be78c657c_p011,7d02c28be78c657c,EVT_00543,the_times_of_india,Corruption,ED (Ethics and Dispute),Negative,0.9,The agency has asked them to appear next week to record their statements.
7d02c28be78c657c_p012,7d02c28be78c657c,EVT_00543,the_times_of_india,Corruption,ED (Economic Development Commission),Negative,0.9,The ED is investigating the matter under the Prevention of Money Laundering Act (PMLA) based on predicate offences registered by the Central Bureau of Investigation (CBI).
7d02c28be78c657c_p013,7d02c28be78c657c,EVT_00543,the_times_of_india,Political Strategy and Internal Affairs,Trinamool Congress,Neutral,0.9,Do you believe the TMC will recover from the recent defections?
7d02c28be78c657c_p014,7d02c28be78c657c,EVT_00543,the_times_of_india,Participation and Engagement,Users,Neutral,0.8,3k+ users shared opinion today
7d02c28be78c657c_p015,7d02c28be78c657c,EVT_00543,the_times_of_india,Social Media Engagement,Users,Neutral,0.85,3k+ users shared opinion today
7d02c28be78c657c_p016,7d02c28be78c657c,EVT_00543,the_times_of_india,Development,CBI (Central Bureau of Investigation),Neutral,0.9,"conducted searches at multiple premises linked to Mitra in June this year, while the CBI had also searched his residence in October 2025"
13d8e8b419bd2c19_p001,13d8e8b419bd2c19,EVT_00506,the_times_of_india,Economic Strategy,Prime Minister Narendra Modi,Positive,0.9,"welcoming the coming into force of the India-United Kingdom Comprehensive Economic and Trade Agreement (CETA) and the Agreement on Social Security, calling it a ""significant moment"" in bilateral ties that will deepen economic cooperation"
13d8e8b419bd2c19_p002,13d8e8b419bd2c19,EVT_00506,the_times_of_india,Development,PM Modi,Positive,0.9,"In a post on X, PM Modi said the two agreements would strengthen economic linkages between the two countries and deliver tangible benefits across several sectors."
13d8e8b419bd2c19_p003,13d8e8b419bd2c19,EVT_00506,the_times_of_india,Development,UK,Positive,0.9,"With the coming into force of the Comprehensive Economic and Trade Agreement and the Agreement on Social Security, our economic linkages are going to get even deeper."
13d8e8b419bd2c19_p003,13d8e8b419bd2c19,EVT_00506,the_times_of_india,Economic Strategy,UK,Positive,0.9,"Together, these agreements translate our shared ambition into tangible opportunities for our people."
13d8e8b419bd2c19_p004,13d8e8b419bd2c19,EVT_00506,the_times_of_india,Election Strategy,Prime Minister,Positive,0.9,"said it would ""provide invaluable support to Indian professionals working temporarily in the UK and strengthen the competitiveness of Indian enterprises."""
13d8e8b419bd2c19_p005,13d8e8b419bd2c19,EVT_00506,the_times_of_india,Development,UK Government,Positive,0.9,"This moment reflects the trust between our democracies and our resolve to build a forward-looking partnership driven by trade, technology, investment and innovation."
13d8e8b419bd2c19_p005,13d8e8b419bd2c19,EVT_00506,the_times_of_india,Election Strategy,UK Government,Positive,0.8,"India and the UK will continue working together for shared prosperity,"
13d8e8b419bd2c19_p006,13d8e8b419bd2c19,EVT_00506,the_times_of_india,Development,Trade and Economic Cooperation,Neutral,0.95,"agreements officially came into effect on Wednesday, establishing a new framework for trade and economic cooperation between the two countries."
13d8e8b419bd2c19_p007,13d8e8b419bd2c19,EVT_00506,the_times_of_india,Development,Piyush Goyal,Positive,0.9,"Union Commerce and Industry Minister Piyush Goyal said the trade pact provides zero-duty market access for nearly 99 per cent of India's exports, covering almost 100 per cent of the total trade value."
13d8e8b419bd2c19_p007,13d8e8b419bd2c19,EVT_00506,the_times_of_india,Development,Piyush Goyal,Positive,0.9,"He said it would create new opportunities for labour-intensive industries, MSMEs, farmers, manufacturers and the services sector."
13d8e8b419bd2c19_p008,13d8e8b419bd2c19,EVT_00506,the_times_of_india,Economic Growth,Trade Agreements,Positive,0.9,"agricultural products except chicken, pork, eggs, rice and sugar, while 97.1 per cent of tariff lines for processed food products will receive duty-free access."
10fb221473bc873b_p001,10fb221473bc873b,EVT_00504,the_times_of_india,Healthcare & Policy,Centre,Neutral,0.8,Delhi high court sought responses from the Centre and Delhi government on a PIL seeking urgent medical intervention for climate activist Sonam Wangchuk.
10fb221473bc873b_p001,10fb221473bc873b,EVT_00504,the_times_of_india,Healthcare & Policy,Delhi government,Neutral,0.8,Delhi high court sought responses from the Centre and Delhi government on a PIL seeking urgent medical intervention for climate activist Sonam Wangchuk.
10fb221473bc873b_p002,10fb221473bc873b,EVT_00504,the_times_of_india,Protest,Mamata Banerjee (political figure),Negative,0.9,TMC MLA Madan Mitra resigned from the Mamata Banerjee-led faction and joined the rebel camp
10fb221473bc873b_p003,10fb221473bc873b,EVT_00504,the_times_of_india,Development,The Union Cabinet,Positive,0.9,"""The Union Cabinet approved seven major decisions covering semiconductors, mobile phone manufacturing, fertiliser, railways and infrastructure."""
10fb221473bc873b_p004,10fb221473bc873b,EVT_00504,the_times_of_india,Violence,US Military,Negative,0.95,The US carried out another round of military strikes targeting Iran's Greater Tunb Island and coastal military infrastructure.
10fb221473bc873b_p005,10fb221473bc873b,EVT_00504,the_times_of_india,Development,ICC (International Cricket Council),Neutral,1.0,The ICC approved new formats for both the men's ODI and T20 World Cups
10fb221473bc873b_p006,10fb221473bc873b,EVT_00504,the_times_of_india,Corruption,Local Government,Negative,0.85,Here are the top five news stories of the day: corruption allegations against local government officials have dominated headlines this week.
10fb221473bc873b_p007,10fb221473bc873b,EVT_00504,the_times_of_india,Health Policy,Centre,Neutral,0.8,Delhi HC seeks Centre's reply on PIL seeking medical aid for Sonam Wangchuk
10fb221473bc873b_p008,10fb221473bc873b,EVT_00504,the_times_of_india,Protest,Sonam Wangchuk,Neutral,0.9,has been on an indefinite hunger strike at Jantar Mantar since June 28.
10fb221473bc873b_p009,10fb221473bc873b,EVT_00504,the_times_of_india,Protest,Wangchuk,Negative,0.9,protests demanding Union education minister Dharmendra Pradhan's resignation over alleged irregularities in NEET and other competitive examinations.
10fb221473bc873b_p009,10fb221473bc873b,EVT_00504,the_times_of_india,Healthcare Access & Quality,Wangchuk,Negative,0.8,Urged the authorities to shift Wangchuk to a government hospital
10fb221473bc873b_p010,10fb221473bc873b,EVT_00504,the_times_of_india,Protest,Mamata Banerjee (TMC),Negative,0.9,"Mitra quits Mamata camp, joins Ritabrata Banerjee-led rebel TMC faction"
10fb221473bc873b_p011,10fb221473bc873b,EVT_00504,the_times_of_india,Defection/Partisanship Shift,Trinamool Congress,Negative,0.9,Trinamool Congress MLA Madan Mitra resigned from the Mamata Banerjee-led faction
10fb221473bc873b_p011,10fb221473bc873b,EVT_00504,the_times_of_india,Defection/Partisanship Shift,Mamata Banerjee-led faction,Negative,0.9,Trinamool Congress MLA Madan Mitra resigned from the Mamata Banerjee-led faction
10fb221473bc873b_p011,10fb221473bc873b,EVT_00504,the_times_of_india,Defection/Partisanship Shift,Mamata Banerjee,Negative,0.9,Trinamool Congress MLA Madan Mitra resigned from the Mamata Banerjee-led faction
10fb221473bc873b_p012,10fb221473bc873b,EVT_00504,the_times_of_india,Law & Order,Mitra,Negative,0.8,"Speaking after switching sides, Mitra criticised Abhishek Banerjee, alleging that the party had become centred around one individual despite facing a political crisis."
10fb221473bc873b_p012,10fb221473bc873b,EVT_00504,the_times_of_india,Law & Order,Enforcement Directorate,Negative,0.8,The development came a day after the Enforcement Directorate summoned Mitra's wife and two sons in connection with its money laundering probe into the alleged West Bengal municipal recruitment scam.
10fb221473bc873b_p013,10fb221473bc873b,EVT_00504,the_times_of_india,Development,Government/Cabinet,Positive,0.8,Cabinet approves seven major projects worth Rs 2.19 lakh crore
10fb221473bc873b_p014,10fb221473bc873b,EVT_00504,the_times_of_india,Development,Union Cabinet,Positive,0.9,"The Union Cabinet approved seven major decisions covering infrastructure, semiconductor manufacturing, mobile phone production, fertiliser and railway projects, with a combined outlay of Rs 2,19,353 crore."
10fb221473bc873b_p015,10fb221473bc873b,EVT_00504,the_times_of_india,Development,Prime Minister Narendra Modi,Positive,0.9,"The Cabinet also cleared major infrastructure projects in Varanasi, including new road corridors and approved railway expansion works in Odisha and Jharkhand."
10fb221473bc873b_p016,10fb221473bc873b,EVT_00504,the_times_of_india,Military Action,US,Positive,0.9,launches fresh strikes on Iran
10fb221473bc873b_p017,10fb221473bc873b,EVT_00504,the_times_of_india,Violence,United States,Negative,0.95,launched another wave of strikes against Iran
10fb221473bc873b_p018,10fb221473bc873b,EVT_00504,the_times_of_india,Violence,Iran,Negative,0.9,"The escalation continues despite a ceasefire agreement signed in June, with tensions remaining high after recent attacks on commercial vessels."
10fb221473bc873b_p019,10fb221473bc873b,EVT_00504,the_times_of_india,Policy,ICC,Neutral,0.9,"approves new ODI, T20 World Cup formats ahead of 2028 tournament"
10fb221473bc873b_p020,10fb221473bc873b,EVT_00504,the_times_of_india,Development,International Cricket Council (ICC),Positive,0.9,"major changes to the formats of the men's ODI and T20 World Cups, introducing new competition structures aimed at making matches more competitive from the opening stages."
10fb221473bc873b_p021,10fb221473bc873b,EVT_00504,the_times_of_india,Policy,ICC (International Cricket Council),Neutral,1.0,approved the qualification pathway for the 2028 Men's T20 World Cup during its annual meeting held in Edinburgh.
48be9fff8b25a8ba_p001,48be9fff8b25a8ba,EVT_00506,the_times_of_india,Security Threat,India (referring to government response),Negative,0.9,"A ransomware group has published thousands of files allegedly linked to India's largest nuclear power plant, Kudankulam"
48be9fff8b25a8ba_p002,48be9fff8b25a8ba,EVT_00506,the_times_of_india,Election Strategy,Reliance Group,Neutral,0.8,"The documents are part of a larger cache of approximately 858,000 files allegedly stolen from Reliance Group"
48be9fff8b25a8ba_p003,48be9fff8b25a8ba,EVT_00506,the_times_of_india,Data Breach,Reliance Group,Neutral,0.9,"""partial breach"" of its data on a server hosted by third-party Indian data centre provider Yotta, to Reuters."
48be9fff8b25a8ba_p003,48be9fff8b25a8ba,EVT_00506,the_times_of_india,Data Breach Response,Government,Neutral,0.9,They added that the government had been informed.
48be9fff8b25a8ba_p004,48be9fff8b25a8ba,EVT_00506,the_times_of_india,Development,Government/Corporation,Neutral,0.8,"The files reportedly include engineering blueprints for ventilation and cooling systems, floor layouts of a common control room, equipment inspection reports, supplier lists and vendor proposals, meeting records and insurance policies."
48be9fff8b25a8ba_p005,48be9fff8b25a8ba,EVT_00506,the_times_of_india,Development,Nuclear Reactor Construction,Neutral,0.9,"The documents primarily relate to Units 3 and 4 of the Kudankulam plant, which are currently under construction and expected to be operational by 2027."
48be9fff8b25a8ba_p006,48be9fff8b25a8ba,EVT_00506,the_times_of_india,Violence,Security Authorities or Agencies,Negative,0.8,warn of security risks
48be9fff8b25a8ba_p007,48be9fff8b25a8ba,EVT_00506,the_times_of_india,Security Risk,Nuclear Threat Initiative,Negative,0.9,"""They could show an adversary not just who has access to the project but which systems that access reaches,"" he told Reuters."
48be9fff8b25a8ba_p008,48be9fff8b25a8ba,EVT_00506,the_times_of_india,Cybersecurity and Espionage,Government/Cybersecurity Experts,Neutral,0.8,"Although no evidence suggests that operational reactor systems were compromised, cybersecurity experts say the leaked information could still be valuable to hostile actors."
48be9fff8b25a8ba_p009,48be9fff8b25a8ba,EVT_00506,the_times_of_india,Data Breach,Reliance Infrastructure,Neutral,0.9,but Reliance Infrastructure later informed it of claims of a data breach.
48be9fff8b25a8ba_p010,48be9fff8b25a8ba,EVT_00506,the_times_of_india,Corruption,WorldLeaks,Neutral,0.8,did not respond
48be9fff8b25a8ba_p011,48be9fff8b25a8ba,EVT_00506,the_times_of_india,Cybersecurity and Infrastructure,India,Neutral,0.9,"According to cybersecurity company Surfshark, India recorded 28.9 million compromised accounts last year, making it one of the countries most affected by data breaches globally."
48be9fff8b25a8ba_p012,48be9fff8b25a8ba,EVT_00506,the_times_of_india,Security and Privacy,Indian organizations,Negative,0.8,"""unaware if they have ever been attacked"""
48be9fff8b25a8ba_p012,48be9fff8b25a8ba,EVT_00506,the_times_of_india,Cybersecurity Practices,Indian organizations,Negative,0.75,"""lack cyber hygiene practices"""
48be9fff8b25a8ba_p013,48be9fff8b25a8ba,EVT_00506,the_times_of_india,Security Threat,"Politicians, Intelligence Agencies",Neutral,0.9,Do you believe that the leaked documents pose a significant threat to national security?
48be9fff8b25a8ba_p014,48be9fff8b25a8ba,EVT_00506,the_times_of_india,Development,Users Sharing Opinion,Positive,0.9,3k+
48be9fff8b25a8ba_p015,48be9fff8b25a8ba,EVT_00506,the_times_of_india,Development,Politicians or parties,Neutral,0.8,3k+ users shared opinion today
59fd77b9e4dfb427_p001,59fd77b9e4dfb427,EVT_00506,hindustan_times,Development,PM Modi,Positive,0.9,PM Modi hails 'significant moment'
59fd77b9e4dfb427_p002,59fd77b9e4dfb427,EVT_00506,hindustan_times,Development,PM Modi,Positive,0.9,"""significant moment,"" PM Modi emphasized that dual agreements would translate high-level diplomatic ambition into ""tangible opportunities,""
"
59fd77b9e4dfb427_p003,59fd77b9e4dfb427,EVT_00506,hindustan_times,"Election Strategy, Development",PM Modi,Positive,0.9,Prime Minister Narendra Modi on Wednesday hailed the formal commencement of the India-United Kingdom Comprehensive Economic and Trade Agreement (CETA) and a landmark Social Security Agreement.
59fd77b9e4dfb427_p004,59fd77b9e4dfb427,EVT_00506,hindustan_times,Development,Prime Minister,Positive,0.9,"""significant moment,"" the Prime Minister emphasized that dual agreements would translate high-level diplomatic ambition into ""tangible opportunities,"""
59fd77b9e4dfb427_p005,59fd77b9e4dfb427,EVT_00506,hindustan_times,Development,PM Modi,Positive,0.9,"In a post on X, PM Modi said the two agreements will make economic linkages 'even deeper' and 'translate our shared ambition into tangible opportunities for our people.'"
59fd77b9e4dfb427_p006,59fd77b9e4dfb427,EVT_00506,hindustan_times,Development,PM Modi,Positive,0.9,"This is a significant moment in the India-United Kingdom partnership! With the coming into force of the Comprehensive Economic and Trade Agreement and the Agreement on Social Security, our economic linkages are going to get even deeper."
59fd77b9e4dfb427_p007,59fd77b9e4dfb427,EVT_00506,hindustan_times,Development,PM Modi,Positive,0.9,provide invaluable support to Indian professionals working temporarily in the UK and strengthen the competitiveness of Indian enterprises.
59fd77b9e4dfb427_p008,59fd77b9e4dfb427,EVT_00506,hindustan_times,Election Strategy,PM Modi,Positive,0.9,"This moment reflects the trust between our democracies and our resolve to build a forward-looking partnership driven by trade, technology, investment and innovation."
59fd77b9e4dfb427_p009,59fd77b9e4dfb427,EVT_00506,hindustan_times,Economic Integration,India,Neutral,0.9,The India-UK Comprehensive Economic and Trade Agreement (CETA) and the concurrent Agreement on Social Security
59fd77b9e4dfb427_p010,59fd77b9e4dfb427,EVT_00506,hindustan_times,Development,Piyush Goyal,Positive,0.9,announced the development
59fd77b9e4dfb427_p011,59fd77b9e4dfb427,EVT_00506,hindustan_times,Development,PM Modi,Positive,0.8,"""Under the dynamic leadership of Hon'ble PM @NarendraModi ji, """
59fd77b9e4dfb427_p012,59fd77b9e4dfb427,EVT_00506,hindustan_times,Development,Minister,Positive,0.9,"According to the details shared by the Minister, the pact eliminates tariffs on labour-intensive sectors such as textiles, clothing, leather, gems and jewellery, engineering goods, chemicals, electronics, marine products, furniture, and sports goods."
59fd77b9e4dfb427_p013,59fd77b9e4dfb427,EVT_00506,hindustan_times,Development,UK Government,Positive,0.8,"provides zero-duty access to all products, with specific exclusions for chicken, pork, eggs, rice, and sugar. It also grants duty-free entry to 97.1 per cent of tariff lines for processed food products"
59fd77b9e4dfb427_p014,59fd77b9e4dfb427,EVT_00506,hindustan_times,Economic Growth,Goyal,Positive,0.9,"The India UK FTA creates unprecedented opportunities for our textiles, leather, gems & jewellery, engineering goods, marine products, chemicals, processed foods, MSMEs, farmers and manufacturers."
59fd77b9e4dfb427_p014,59fd77b9e4dfb427,EVT_00506,hindustan_times,Economic Growth,Goyal,Positive,0.9,"It also opens new frontiers for our IT, professional, financial, education and business services sectors"
59fd77b9e4dfb427_p015,59fd77b9e4dfb427,EVT_00506,hindustan_times,Policy,UK Government,Neutral,0.8,"This provision is projected to benefit over 75,000 professionals and 900 companies across the IT, financial, healthcare, education, telecommunication, and consultancy sectors."
59fd77b9e4dfb427_p016,59fd77b9e4dfb427,EVT_00506,hindustan_times,Development,Indian Government,Neutral,0.8,"Furthermore, the pact introduces dedicated annual mobility quotas for 1,800 Indian chefs, yoga instructors, and classical musicians, spanning 137 sub-sectors."
59fd77b9e4dfb427_p017,59fd77b9e4dfb427,EVT_00506,hindustan_times,Development,Goyal,Positive,0.9,"""The Agreement on Social Security further strengthens this partnership by exempting Indian professionals on temporary assignments from double social security contributions for up to 5 years, enhancing the global competitiveness of our workforce. """
59fd77b9e4dfb427_p018,59fd77b9e4dfb427,EVT_00506,hindustan_times,Development,Minister,Positive,0.9,"The Minister expressed appreciation for his counterpart, UK Secretary of State for Business and Trade Peter Kyle"
59fd77b9e4dfb427_p019,59fd77b9e4dfb427,EVT_00506,hindustan_times,Development,@PeterKyle,Positive,0.9,"(I thank my friend and counterpart @PeterKyle, and both negotiating teams, for their commitment in bringing this transformational agreement to fruition.)"
59fd77b9e4dfb427_p019,59fd77b9e4dfb427,EVT_00506,hindustan_times,Development,Both negotiating teams,Positive,0.9,"(I thank my friend and counterpart @PeterKyle, and both negotiating teams, for their commitment in bringing this transformational agreement to fruition.)"
59fd77b9e4dfb427_p019,59fd77b9e4dfb427,EVT_00506,hindustan_times,Development,"Building a resilient, innovation-driven partnership",Positive,0.9,"(Together, we remain committed to building a resilient, innovation-driven partnership that will drive growth, investment and shared prosperity for generations to come.)"
59fd77b9e4dfb427_p019,59fd77b9e4dfb427,EVT_00506,hindustan_times,Economic Growth,Growing the economy through partnerships,Positive,0.9,"(Together, we remain committed to building a resilient, innovation-driven partnership that will drive growth, investment and shared prosperity for generations to come.)"
7f0cf56f146b0615_p001,7f0cf56f146b0615,EVT_00496,the_times_of_india,Procedure & Governance,Election Commission,Neutral,1.0,"Election Commission (EC) on Wednesday released a revised schedule for the Special Intensive Revision (SIR) of electoral rolls in six states, updating the dates for draft publication and final electoral rolls."
7f0cf56f146b0615_p002,7f0cf56f146b0615,EVT_00496,the_times_of_india,Development,Government,Neutral,0.9,"The revised schedule covers Delhi, Karnataka, Telangana, Punjab, Haryana and Andhra Pradesh."
7f0cf56f146b0615_p003,7f0cf56f146b0615,EVT_00496,the_times_of_india,Law & Order,Delhi Elections,Neutral,0.8,"For Delhi, where the qualifying date is July 1, the draft electoral roll will now be published on August 17, while the final electoral roll will be published on October 19."
7f0cf56f146b0615_p004,7f0cf56f146b0615,EVT_00496,the_times_of_india,Election Strategy,elections,Neutral,0.8,"The same schedule will apply to Karnataka, where the qualifying date is October 1."
7f0cf56f146b0615_p005,7f0cf56f146b0615,EVT_00496,the_times_of_india,Development,Telangana,Neutral,0.9,"For Telangana, also with a qualifying date of October 1, the draft electoral roll will be published on August 10, while the final roll will be released on October 12."
7f0cf56f146b0615_p006,7f0cf56f146b0615,EVT_00496,the_times_of_india,Election Strategy,Punjab,Neutral,0.9,"In Punjab, where the qualifying date is October 1, the draft electoral roll will be published on August 13 and the final roll on October 12."
7f0cf56f146b0615_p007,7f0cf56f146b0615,EVT_00496,the_times_of_india,Policy,Electoral Authorities,Neutral,0.8,"For Haryana and Andhra Pradesh, both with a qualifying date of July 1, the draft electoral rolls will now be published on July 31, while the final electoral rolls will be released on October 3."
7f0cf56f146b0615_p008,7f0cf56f146b0615,EVT_00496,the_times_of_india,Policy,Election Commission,Neutral,0.9,revised schedule follows the Election Commission's earlier decision
7f0cf56f146b0615_p009,7f0cf56f146b0615,EVT_00496,the_times_of_india,Policy,Government,Neutral,0.8,"Under the extension, booth level officers (BLOs) will continue house-to-house visits until July 24 to collect enumeration forms."
7f0cf56f146b0615_p010,7f0cf56f146b0615,EVT_00496,the_times_of_india,Policy,EC (Election Commission),Neutral,0.9,The EC had also revised the timeline for claims and objections in these two states.
7f0cf56f146b0615_p011,7f0cf56f146b0615,EVT_00496,the_times_of_india,Development,Poll Panel,Neutral,0.9,"The poll panel has said the Special Intensive Revision aims to update electoral rolls by including eligible voters and removing duplicate, deceased, shifted, absent and foreign voters."
7f0cf56f146b0615_p011,7f0cf56f146b0615,EVT_00496,the_times_of_india,Development,Poll Panel,Neutral,0.9,The Phase 3 SIR exercise is currently underway in 16 states and three Union Territories.
7f0cf56f146b0615_p012,7f0cf56f146b0615,EVT_00496,the_times_of_india,Policy,Election Commission,Neutral,1.0,The Election Commission has also made it mandatory for new applicants seeking inclusion in the electoral rolls through Form 6 to provide details related to their parents' SIR records.
7f0cf56f146b0615_p013,7f0cf56f146b0615,EVT_00496,the_times_of_india,Election Strategy,EC officials,Neutral,0.8,Officials said applicants using the online Form 6 portal will not be able to complete their application without filling in the declaration.
db0bf8f6a65738b4_p001,db0bf8f6a65738b4,EVT_00534,the_times_of_india,Protest,Cockroach Janata Party,Protest,0.9,one-day mass hunger strike
db0bf8f6a65738b4_p002,db0bf8f6a65738b4,EVT_00534,the_times_of_india,Protest,Sonam Wangchuk,Negative,0.95,indefinite fast against examination irregularities and NEET paper leak.
db0bf8f6a65738b4_p003,db0bf8f6a65738b4,EVT_00534,the_times_of_india,Protest,Party,Positive,0.9,join us for 1-day mass hunger strike in solidarity with Sonam Wangchuk and the students of this country
db0bf8f6a65738b4_p004,db0bf8f6a65738b4,EVT_00534,the_times_of_india,Health Crisis,Wangchuk,Negative,0.9,This comes as Wangchuk's health continued to deteriorate
db0bf8f6a65738b4_p005,db0bf8f6a65738b4,EVT_00534,the_times_of_india,Health Issues & Activism,Abhijeet Dipke,Negative,0.9,"CJP founder Abhijeet Dipke has said Wangchuk has been losing muscle mass and is in ""immense pain"", adding the activist has lost 8.5 kg since the beginning of his fast."
db0bf8f6a65738b4_p006,db0bf8f6a65738b4,EVT_00534,the_times_of_india,Protest,The Cockroach Janta Party (CJP),Positive,0.9,claimed that support for its agitation was growing across political parties.
db0bf8f6a65738b4_p007,db0bf8f6a65738b4,EVT_00534,the_times_of_india,Legal Proceedings,Various individuals/actors,Neutral,0.85,"Earlier in the day, a plea was filed in the"
db0bf8f6a65738b4_p008,db0bf8f6a65738b4,EVT_00534,the_times_of_india,Protest,Sonam Wangchuk,Negative,0.9,Delhi high court seeking to force-feed activist Sonam Wangchuk and shift the activist to a government hospital
db0bf8f6a65738b4_p009,db0bf8f6a65738b4,EVT_00534,the_times_of_india,Health Crisis/Emergency,Wangchuk,Negative,0.9,"According to the petition, Wangchuk's condition has worsened significantly, and he could lose his life within two days if the hunger strike continues."
db0bf8f6a65738b4_p010,db0bf8f6a65738b4,EVT_00534,the_times_of_india,Healthcare and Welfare,authorities,Neutral,0.8,"It maintained that such intervention, even if carried out against his wishes, was necessary to preserve his life."
db0bf8f6a65738b4_p011,db0bf8f6a65738b4,EVT_00534,the_times_of_india,Healthcare Policy,Unknown,Neutral,0.8,"""take him to a government hospital and force feed him the necessary nutrients, vitamins and minerals by way of a liquid diet which are necessary for the human body to survive,"" it said."
d033b6cb5cf7134c_p001,d033b6cb5cf7134c,EVT_00534,theprint,Protest,Cockroach Janta Party (CJP),Positive,0.85,throwing their weight behind the Cockroach Janta Party’s (CJP’s) agitation
d033b6cb5cf7134c_p001,d033b6cb5cf7134c,EVT_00534,theprint,Election Strategy,Congress,Negative,0.75,"even as some of its leaders have expressed solidarity. The Congress, however, remains the only major opposition party yet to officially endorse the movement"
d033b6cb5cf7134c_p002,d033b6cb5cf7134c,EVT_00534,theprint,Protest,AAP,Positive,0.8,Among the parties that have backed the agitation are the Aam Aadmi Party (AAP)
d033b6cb5cf7134c_p002,d033b6cb5cf7134c,EVT_00534,theprint,Protest,Samajwadi Party,Positive,0.8,Among the parties that have backed the agitation are the Samajwadi Party (SP)
d033b6cb5cf7134c_p002,d033b6cb5cf7134c,EVT_00534,theprint,Protest,Shiv Sena (UBT),Positive,0.8,Among the parties that have backed the agitation are the Shiv Sena (UBT)
d033b6cb5cf7134c_p002,d033b6cb5cf7134c,EVT_00534,theprint,Protest,Trinamool Congress (TMC),Positive,0.8,Among the parties that have backed the agitation are the Trinamool Congress (TMC)
d033b6cb5cf7134c_p002,d033b6cb5cf7134c,EVT_00534,theprint,Protest,CPI,Positive,0.8,Among the parties that have backed the agitation are the Communist Party of India (CPI)
d033b6cb5cf7134c_p002,d033b6cb5cf7134c,EVT_00534,theprint,Protest,CPI(ML)-Liberation,Positive,0.8,Among the parties that have backed the agitation are the Communist Party of India (Marxist) - Liberation
d033b6cb5cf7134c_p002,d033b6cb5cf7134c,EVT_00534,theprint,Protest,Rashtriya Janata Dal (RJD),Positive,0.8,Among the parties that have backed the agitation are the Rashtriya Janata Dal (RJD)
d033b6cb5cf7134c_p002,d033b6cb5cf7134c,EVT_00534,theprint,Protest,DMK,Neutral to Positive,0.7,Leaders from the DMK have also visited the protest site
d033b6cb5cf7134c_p003,d033b6cb5cf7134c,EVT_00534,theprint,Law & Order,Congress leadership,Neutral,0.8,"We are a political party. Movements come and movements go, but you need to be serious players in the political system."
d033b6cb5cf7134c_p004,d033b6cb5cf7134c,EVT_00534,theprint,Election Strategy,Congress Party,Negative,0.85,"""Until a few months ago, (CJP founder Abhijeet) Dipke was criticising Rahul Gandhi. Why should we suddenly support his movement? Congress has already started ‘Chhatron Ki Goonj’, which is raising the same issues on a much bigger scale. So why should we share the stage?"""
d033b6cb5cf7134c_p005,d033b6cb5cf7134c,EVT_00534,theprint,Corruption,AAP (Aam Aadmi Party),Negative,0.8,"""Dipke comes from AAP. How do we know this will not become AAP 2.0?"""
d033b6cb5cf7134c_p006,d033b6cb5cf7134c,EVT_00534,theprint,Protest,Congress,Negative,0.9,"""If we support the protest, it could create confusion about our own political stand,"""
d033b6cb5cf7134c_p007,d033b6cb5cf7134c,EVT_00534,theprint,Election Strategy,Congress Party,Negative,0.9,"""The party believes it should lead the youth movement, especially through Rahul Gandhi’s Chhatron Ki Goonj campaign. It does not want to share that space with another group because it wants to consolidate young voters."""
d033b6cb5cf7134c_p008,d033b6cb5cf7134c,EVT_00534,theprint,Protest,Anna Hazare,Negative,0.9,the party’s experience during the Anna Hazare movement
d033b6cb5cf7134c_p009,d033b6cb5cf7134c,EVT_00534,theprint,Political Strategy/Election Strategy,Congress,Negative,0.8,"“Congress is worried that it could later become a political force,” he added."
d033b6cb5cf7134c_p010,d033b6cb5cf7134c,EVT_00534,theprint,Protest,Shashi Tharoor,Positive,0.9,"He urged Wangchuk to end his hunger strike, saying the fast had already succeeded in drawing national attention to the issue"
d033b6cb5cf7134c_p011,d033b6cb5cf7134c,EVT_00534,theprint,Protest,Congress leader,Negative,0.9,"Protesters said a local Congress leader had visited the site at Jantar Mantar in his personal capacity, but stressed that he was not representing the party."
d033b6cb5cf7134c_p012,d033b6cb5cf7134c,EVT_00534,theprint,Protest and Accountability,CJP leaders (Abhijeet Dipke and Saurav Das),Positive,0.85,"The letters were sent to several leaders, including Rahul Gandhi and BJP president J.P. Nadda."
d033b6cb5cf7134c_p013,d033b6cb5cf7134c,EVT_00534,theprint,Protest,Das,Neutral,0.8,"In a statement issued Tuesday, Das said several leaders had already responded positively"
d033b6cb5cf7134c_p014,d033b6cb5cf7134c,EVT_00534,theprint,Policy,Adhir Ranjan Chowdhury (West Bengal Congress president),Negative,0.9,"""a wake-up call for this government"""
d033b6cb5cf7134c_p014,d033b6cb5cf7134c,EVT_00534,theprint,Law & Order,Centre (Indian Government),Negative,0.85,accusing the Centre of ignoring students affected by paper leaks
d033b6cb5cf7134c_p015,d033b6cb5cf7134c,EVT_00534,theprint,Protest,Congress,Negative,0.9,The Congress’s stance has also drawn comments from its INDIA bloc allies.
d033b6cb5cf7134c_p015,d033b6cb5cf7134c,EVT_00534,theprint,Support Protest Movement,Shiv Sena (UBT),Positive,0.9,"Uddhav Thackeray recently urged Rahul Gandhi to visit Jantar Mantar, saying everyone who believed in the country’s youth should stand with the movement."
d033b6cb5cf7134c_p016,d033b6cb5cf7134c,EVT_00534,theprint,Protest,Wangchuk,Negative,0.9,Wangchuk has maintained that leaders across political parties would eventually join the agitation.
d033b6cb5cf7134c_p017,d033b6cb5cf7134c,EVT_00534,theprint,Protest,Arvind Kejriwal,Negative,0.9,AAP national convener Arvind Kejriwal will visit Jantar Mantar on 16 July to express solidarity and has again demanded Dharmendra Pradhan’s resignation
d033b6cb5cf7134c_p017,d033b6cb5cf7134c,EVT_00534,theprint,Protest,Dharmendra Pradhan,Negative,0.9,AAP national convener Arvind Kejriwal has again demanded Dharmendra Pradhan’s resignation
d033b6cb5cf7134c_p017,d033b6cb5cf7134c,EVT_00534,theprint,Protest,Wangchuk,Negative,0.9,"Wangchuk to express support, while Shiv Sena (UBT) leader Aaditya Thackeray described the issue as one “beyond politics”. Wangchuk has also been on a fast for several days"
d033b6cb5cf7134c_p017,d033b6cb5cf7134c,EVT_00534,theprint,Protest Support,Akhilesh Yadav,Neutral,0.8,Samajwadi Party chief Akhilesh Yadav and West Bengal Chief Minister Mamata Banerjee have also spoken to Wangchuk to express support
d033b6cb5cf7134c_p017,d033b6cb5cf7134c,EVT_00534,theprint,Protest Support,Mamata Banerjee,Neutral,0.8,Samajwadi Party chief Akhilesh Yadav and West Bengal Chief Minister Mamata Banerjee have also spoken to Wangchuk to express support
d033b6cb5cf7134c_p017,d033b6cb5cf7134c,EVT_00534,theprint,Protest Support,Shiv Sena (UBT),Neutral,0.8,West Bengal Chief Minister Mamata Banerjee has also spoken to Wangchuk to express support
d033b6cb5cf7134c_p017,d033b6cb5cf7134c,EVT_00534,theprint,Protest Opposition,Aaditya Thackeray,Negative,0.9,Shiv Sena (UBT) leader Aaditya Thackeray described the issue as one “beyond politics”
d033b6cb5cf7134c_p018,d033b6cb5cf7134c,EVT_00534,theprint,Protest,CJP (Centre of Justice and Peace),Positive,0.9,its biggest mobilisation yet
d033b6cb5cf7134c_p019,d033b6cb5cf7134c,EVT_00534,theprint,Protest,Sonam Wangchuk,Neutral,0.8,hunger strike enters Day 17
8d99ec5d9dca8fd3_p001,8d99ec5d9dca8fd3,EVT_00500,hindustan_times,Corruption,TVK,Negative,0.9,sacks Tamil Nadu panchayat leader over viral ₹1.3 lakh bribe video
8d99ec5d9dca8fd3_p002,8d99ec5d9dca8fd3,EVT_00500,hindustan_times,Corruption,Veerasamy,Negative,0.9,The video shared on social media allegedly shows Veerasamy accepting a bribe of ₹1.30 lakh from a contractor.
8d99ec5d9dca8fd3_p003,8d99ec5d9dca8fd3,EVT_00500,hindustan_times,Corruption,C Joseph Vijay's Tamizhaga Vettri Kazhagam (TVK) party,Negative,0.9,a video allegedly showing him accepting a bribe surfaced online.
8d99ec5d9dca8fd3_p004,8d99ec5d9dca8fd3,EVT_00500,hindustan_times,Corruption,Vijay,Negative,0.9,issued a strong message against corruption
8d99ec5d9dca8fd3_p005,8d99ec5d9dca8fd3,EVT_00500,hindustan_times,Corruption,TVK,Negative,0.9,TVK sacks panchayat leader over viral bribe video
8d99ec5d9dca8fd3_p006,8d99ec5d9dca8fd3,EVT_00500,hindustan_times,Corruption,Veerasamy,Negative,0.95,"The video shared on social media allegedly shows Veerasamy, who was also serving as the Mambakkam panchayat union chairman, accepting a bribe of ₹1.30 lakh from a contractor."
8d99ec5d9dca8fd3_p007,8d99ec5d9dca8fd3,EVT_00500,hindustan_times,Protest,Nainar Nagenthran (BSP),Negative,0.9,BJP Tamil Nadu president Nainar Nagenthran also shared the video on social media while targeting Vijay's government.
8d99ec5d9dca8fd3_p008,8d99ec5d9dca8fd3,EVT_00500,hindustan_times,Corruption,TVK,Negative,0.9,"""preaching integrity on the surface"" while ""engaging in corruption behind the scenes"""
8d99ec5d9dca8fd3_p009,8d99ec5d9dca8fd3,EVT_00500,hindustan_times,Violence,Veerasamy,Negative,0.9,"""acting in a manner that brings disrepute"" to the party."
8d99ec5d9dca8fd3_p010,8d99ec5d9dca8fd3,EVT_00500,hindustan_times,Corruption,TVK workers,Negative,0.8,expelled TVK worker has now been arrested in Chengalpattu for allegedly extorting ₹1.30 lakh
8d99ec5d9dca8fd3_p011,8d99ec5d9dca8fd3,EVT_00500,hindustan_times,Corruption,Anti-corruption initiative,Negative,1.0,A bilingual anti-corruption notice
8d99ec5d9dca8fd3_p012,8d99ec5d9dca8fd3,EVT_00500,hindustan_times,Corruption,Tamil Nadu government,Positive,0.9,"directed all public offices, boards and state-run corporations to prominently display bilingual anti-corruption notice boards."
8d99ec5d9dca8fd3_p013,8d99ec5d9dca8fd3,EVT_00500,hindustan_times,Corruption,DVAC,Positive,0.9,boards will feature an anti-bribery message
8d99ec5d9dca8fd3_p014,8d99ec5d9dca8fd3,EVT_00500,hindustan_times,Corruption,government,Negative,0.9,audits that allegedly found several government departments had failed to comply with similar anti-corruption directions
8d99ec5d9dca8fd3_p015,8d99ec5d9dca8fd3,EVT_00500,hindustan_times,Policy,Government,Neutral,0.9,"The latest order brings together earlier regulatory instructions to address compliance gaps, the official statement said."
8d99ec5d9dca8fd3_p015,8d99ec5d9dca8fd3,EVT_00500,hindustan_times,Policy Implementation,"Government Officials (Chief Secretaries, Principal Secretaries, Secretaries, Heads of Departments and District Collectors)",Neutral,0.9,"Additional chief secretaries, principal secretaries, secretaries, heads of departments and all district collectors have been instructed to ensure full implementation within their respective jurisdictions."
8d99ec5d9dca8fd3_p016,8d99ec5d9dca8fd3,EVT_00500,hindustan_times,Law & Order,DVAC (likely referring to a Department or Bureau dealing with corruption issues),Positive,0.9,"""Bribe giving and receiving is an offence"""
8d99ec5d9dca8fd3_p017,8d99ec5d9dca8fd3,EVT_00500,hindustan_times,Unknown,government (specifically implied through ,Neutral,0.5,
8d99ec5d9dca8fd3_p018,8d99ec5d9dca8fd3,EVT_00500,hindustan_times,Development,Government,Positive,0.9,"The directive also covers digital platforms. All government offices, local bodies and public sector undertakings have been instructed to include the anti-corruption message across their online platforms."
8d99ec5d9dca8fd3_p019,8d99ec5d9dca8fd3,EVT_00500,hindustan_times,Law & Order,Government,Positive,0.9,"To ensure the instructions are implemented, the government has also deployed ground-level monitoring teams,"
8d99ec5d9dca8fd3_p020,8d99ec5d9dca8fd3,EVT_00500,hindustan_times,Media Coverage,Hindustan Times,Neutral,0.9,"About the author HT News DeskFollow the latest breaking news, major developments and agenda-setting stories from India and around the world with the newsdesk at Hindustan Times."
8d99ec5d9dca8fd3_p021,8d99ec5d9dca8fd3,EVT_00500,hindustan_times,Election Strategy,HT News Desk,Neutral,0.9,"covers politics, elections, government policies"
8d99ec5d9dca8fd3_p021,8d99ec5d9dca8fd3,EVT_00500,hindustan_times,Protest,HT News Desk,Neutral,0.8,"closely tracks developments across states, institutions and global capitals"
8d99ec5d9dca8fd3_p022,8d99ec5d9dca8fd3,EVT_00500,hindustan_times,Accuracy,newsdesk,Neutral,1.0,"Stories undergo editorial scrutiny and verification processes to ensure accuracy, fairness and relevance"
8d99ec5d9dca8fd3_p023,8d99ec5d9dca8fd3,EVT_00500,hindustan_times,Reliability,HT News Desk,Positive,1.0,"The HT News Desk aims to provide readers with reliable, fact-based journalism."
90fa294c648a6500_p001,90fa294c648a6500,EVT_00685,the_times_of_india,Election Strategy,Congress,Negative,0.9,strongly oppose the proposed Delimitation Bill if the Centre reintroduces it during the upcoming
90fa294c648a6500_p002,90fa294c648a6500,EVT_00685,the_times_of_india,Election Strategy,Government,Neutral,0.8,Monsoon Session of Parliament.
90fa294c648a6500_p003,90fa294c648a6500,EVT_00685,the_times_of_india,Corruption,PM Modi,Negative,0.8,"held the Narendra Modi government accountable on a range of issues, including alleged corruption"
90fa294c648a6500_p003,90fa294c648a6500,EVT_00685,the_times_of_india,Rising Prices,PM Modi,Negative,0.6,rising prices
90fa294c648a6500_p004,90fa294c648a6500,EVT_00685,the_times_of_india,Policy,Congress Party,Neutral,0.8,The decision was taken at a meeting of the Congress Parliamentary Strategy Group chaired by Congress Parliamentary Party chief
90fa294c648a6500_p005,90fa294c648a6500,EVT_00685,the_times_of_india,Election Strategy,Sonia Gandhi,Neutral,0.8,Congress president
90fa294c648a6500_p006,90fa294c648a6500,EVT_00685,the_times_of_india,Election Strategy,Rahul Gandhi,Neutral,0.8,attended the meeting to finalise the party's strategy for the Monsoon Session
90fa294c648a6500_p007,90fa294c648a6500,EVT_00685,the_times_of_india,"Corruption, Development, Violence, Policy",Congress party,Negative,0.9,"""Chanda Chori - Astha se Dhoka, Paper leaks and the systemic corrosion of education system, institutional capture, breaking of political parties, multiple scams and charges of corruption..."""
90fa294c648a6500_p007,90fa294c648a6500,EVT_00685,the_times_of_india,"Violence, Policy",Congress party,Negative,0.9,"""breaking of political parties, multiple scams and charges of corruption, backbreaking price rise..."""
90fa294c648a6500_p007,90fa294c648a6500,EVT_00685,the_times_of_india,"Development, Law & Order, Policy",Congress party,Negative,0.9,"""unbridled deforestation, the continued assault on the rights of SCs, STs, OBCs and minorities..."""
90fa294c648a6500_p007,90fa294c648a6500,EVT_00685,the_times_of_india,"Corruption, Policy",Congress party,Negative,0.9,"""multiple scams and charges of corruption..."""
90fa294c648a6500_p008,90fa294c648a6500,EVT_00685,the_times_of_india,Election Strategy,Congress,Neutral,0.8,"Addressing a press conference after the meeting, Congress general secretary Jairam Ramesh said the party had reviewed the bills likely to be introduced during the session, though it was still awaiting the government's official legislative agenda."
90fa294c648a6500_p009,90fa294c648a6500,EVT_00685,the_times_of_india,Policy,Home Minister,Negative,0.8,"We have heard that the Home Minister is trying to reintroduce the Delimitation Bill, which failed to get a two-thirds majority for the government on April 17, marking a significant defeat."
90fa294c648a6500_p010,90fa294c648a6500,EVT_00685,the_times_of_india,Policy,Politician or Party,Neutral,0.9,"""They want to bring that bill back, "" he said."
90fa294c648a6500_p011,90fa294c648a6500,EVT_00685,the_times_of_india,Policy,Jairam (Politician/Spokesperson),Positive,0.9,"""Congress Party's stand has always been clear: we will strongly oppose the Delimitation Bill and continue to do so. We will make every effort to maintain unity among all opposition parties."""
90fa294c648a6500_p012,90fa294c648a6500,EVT_00685,the_times_of_india,Corruption,government,Negative,0.8,attempting to secure the required numbers by engineering splits in opposition parties
90fa294c648a6500_p013,90fa294c648a6500,EVT_00685,the_times_of_india,"Law & Order, Corruption",home minister,Negative,0.9,This is an insult to the Constitution. They are cunningly trying to secure a two-thirds majority.
90fa294c648a6500_p013,90fa294c648a6500,EVT_00685,the_times_of_india,"Law & Order, Corruption",home minister,Negative,0.9,obtaining a two-thirds majority through such cunning tactics and by breaking up other parties is an affront to the Constitution; it would be a tainted majority.
90fa294c648a6500_p014,90fa294c648a6500,EVT_00685,the_times_of_india,Policy,Congress party,Negative,0.9,reiterated its support for women's reservation while opposing any attempt to link it with delimitation.
90fa294c648a6500_p015,90fa294c648a6500,EVT_00685,the_times_of_india,Corruption,Jairam,Negative,0.9,"""However, the delimitation bill that was tabled while labelled as a women's reservation act was actually a dangerous delimitation bill introduced under the guise of women's reservation,"" Jairam said."
90fa294c648a6500_p016,90fa294c648a6500,EVT_00685,the_times_of_india,Policy,The Party,Negative,0.9,"proposed Viksit Bharat Shiksha Adhishthan Bill, 2025"
90fa294c648a6500_p016,90fa294c648a6500,EVT_00685,the_times_of_india,Policy,The Party,Negative,0.9,amendments to the Foreign Contribution (Regulation) Act (FCRA)
90fa294c648a6500_p016,90fa294c648a6500,EVT_00685,the_times_of_india,Policy,The Party,Negative,0.9,"changes to the National Food Security Act (NFSA), 2013"
90fa294c648a6500_p017,90fa294c648a6500,EVT_00685,the_times_of_india,Policy,Unknown,Negative,0.9,"'We are not in favour of amendments to the National Food Security Act and will strongly oppose them,' he added."
90fa294c648a6500_p018,90fa294c648a6500,EVT_00685,the_times_of_india,Development,Ramesh,Neutral,0.9,the alleged misuse of donations at the Ram temple in Ayodhya
90fa294c648a6500_p018,90fa294c648a6500,EVT_00685,the_times_of_india,Corruption,Ramesh,Negative,0.85,alleged misuse of donations
90fa294c648a6500_p019,90fa294c648a6500,EVT_00685,the_times_of_india,Corruption,BJP,Negative,0.9,"the BJP and RSS in Ayodhya. There is also the issue of NEET... The third issue, as you know, is the E20 scam"
90fa294c648a6500_p019,90fa294c648a6500,EVT_00685,the_times_of_india,Corruption,BJP leaders and their sons,Negative,0.9,"The E20 scam, which implicates several senior BJP leaders and their sons"
90fa294c648a6500_p020,90fa294c648a6500,EVT_00685,the_times_of_india,Policy,India government/leadership,Neutral,0.8,He added that the party would also seek debates on India's relations with China and the United States and the evolving situation in West Asia.
90fa294c648a6500_p021,90fa294c648a6500,EVT_00685,the_times_of_india,Election Strategy,Ramesh,Negative,0.85,"calling such meetings a ""formality"" and claiming opposition suggestions were routinely ignored"
90fa294c648a6500_p022,90fa294c648a6500,EVT_00685,the_times_of_india,Election Strategy,Government,Neutral,0.8,"While there has been speculation that the Centre may reintroduce a revised delimitation bill during the session, the government has not yet announced its officially."
8d8f24ee7585c83c_p001,8d8f24ee7585c83c,EVT_00632,india_today,Election Strategy,Mamta Banerjee,Negative,0.8,another jolt to Mamata Banerjee
8d8f24ee7585c83c_p002,8d8f24ee7585c83c,EVT_00632,india_today,Resignation and Leadership,Koel Mullick,Negative,0.9,Her resignation in such a short period of time is bound to raise eyebrows.
8d8f24ee7585c83c_p003,8d8f24ee7585c83c,EVT_00632,india_today,Defection,Koel Mallick,Negative,0.9,dealing another blow to the parliamentary strength of Mamata Banerjee's Trinamool Congress (TMC).
8d8f24ee7585c83c_p003,8d8f24ee7585c83c,EVT_00632,india_today,Defection,Mamata Banerjee's Trinamool Congress (TMC),Negative,0.9,dealing another blow to the parliamentary strength of Mamata Banerjee's Trinamool Congress (TMC).
8d8f24ee7585c83c_p004,8d8f24ee7585c83c,EVT_00632,india_today,Development,Mamata's Trinamool Congress (TMC),Negative,0.8,"The development comes a day after veteran Trinamool MLA Madan Mitra, Mamata's trusted lieutenant, joined the rebel Trinamool camp led by Ritabrata Banerjee."
8d8f24ee7585c83c_p004,8d8f24ee7585c83c,EVT_00632,india_today,Protest,Trinamool Congress,Negative,0.9,"Koel's move comes on the heels of the resignations of Sukhendu Sekhar Roy, Susmita Dev and Prakash Chik Baraik as TMC Rajya Sabha MPs."
8d8f24ee7585c83c_p004,8d8f24ee7585c83c,EVT_00632,india_today,Election Strategy,Trinamool Congress,Negative,0.7,The trio later joined the BJP.
8d8f24ee7585c83c_p005,8d8f24ee7585c83c,EVT_00632,india_today,Election Strategy,Bengal Government,Neutral,0.9,"Koel, daughter of veteran actor Ranjit Mallick, was nominated to the Rajya Sabha ahead of the Bengal elections"
8d8f24ee7585c83c_p006,8d8f24ee7585c83c,EVT_00632,india_today,Protest,Trinamool,Negative,0.8,The move to send Koel was widely viewed as an attempt by the Trinamool to leverage her popularity in Bengal.
8d8f24ee7585c83c_p007,8d8f24ee7585c83c,EVT_00632,india_today,Shame/Resignation,The actor,Neutral,0.8,"The actor, who has starred on over 40 movies, has not revealed the reason behind her shock resignation in such a short period."
8799c5cbaf3895ce_p001,8799c5cbaf3895ce,EVT_00685,the_times_of_india,Policy,The Supreme Court,Neutral,0.8,expressed apprehension over the Centre's decision to introduce the third-language curriculum under the National Education Policy from Class 9.
8799c5cbaf3895ce_p002,8799c5cbaf3895ce,EVT_00685,the_times_of_india,Policy,Tamil Nadu government,Negative,0.9,While hearing the Tamil Nadu government's appeal against a Madras high court order directing the state to facilitate the establishment of Jawahar Navodaya Vidyalayas (JNVs) in every district
8799c5cbaf3895ce_p002,8799c5cbaf3895ce,EVT_00685,the_times_of_india,Policy,Centre,Negative,0.9,a bench of Justices BV Nagarathna and R Mahadevan orally asked the Centre to reconsider the policy across all school boards
8799c5cbaf3895ce_p003,8799c5cbaf3895ce,EVT_00685,the_times_of_india,Policy,CBSE (Central Board of Secondary Education),Neutral,0.9,"However, the bench was not directly dealing with the issue of the new CBSE policy."
8799c5cbaf3895ce_p004,8799c5cbaf3895ce,EVT_00685,the_times_of_india,Policy,CBSE (Central Board of Secondary Education),Negative,0.9,"Another apex court bench, headed by Chief Justice Surya Kant, is already examining challenges to the new CBSE policy and recently refused to stay the notification."
8799c5cbaf3895ce_p005,8799c5cbaf3895ce,EVT_00685,the_times_of_india,Education Policy,top court,Negative,0.85,What the top court said- The top court observed that introducing a third language in Class 9 would increase the stress levels of students.
8799c5cbaf3895ce_p006,8799c5cbaf3895ce,EVT_00685,the_times_of_india,Policy,unknown,Neutral,0.9,"The bench suggested that if the new policy is introduced in Class 5 or Class 6, students would be better able to cope with it."
8799c5cbaf3895ce_p007,8799c5cbaf3895ce,EVT_00685,the_times_of_india,Education Policy,Union of India,Negative,0.8,"""It would unnecessarily increase the stress level of students,"" the bench said."
8799c5cbaf3895ce_p008,8799c5cbaf3895ce,EVT_00685,the_times_of_india,Development,Education Policy Maker,Neutral,0.7,"""If you want to introduce a new language, then please do it at the Class 5 or Class 6 level, but not at Class 9. Class 9 is full of stress; it starts from Class 8 onwards,"" it added."
8799c5cbaf3895ce_p009,8799c5cbaf3895ce,EVT_00685,the_times_of_india,Education Policy,Justice Nagarath,Negative,0.8,I'm recalling my experience from 1976
8799c5cbaf3895ce_p010,8799c5cbaf3895ce,EVT_00685,the_times_of_india,Policy,National Education Policy,Neutral,0.9,The National Education Policy does not make Hindi compulsory as the third language.
8799c5cbaf3895ce_p011,8799c5cbaf3895ce,EVT_00685,the_times_of_india,Education Policy,School Authorities/Principals,Neutral,0.8,"Earlier, the better"
8799c5cbaf3895ce_p012,8799c5cbaf3895ce,EVT_00685,the_times_of_india,Law & Order,Tamil Nadu government,Negative,0.9,oppose the Centre's education policy merely because it originated from the Union government.
8799c5cbaf3895ce_p013,8799c5cbaf3895ce,EVT_00685,the_times_of_india,Law & Order,Central government,Negative,0.9,"""You may have your education system, but don't prevent the Central government schools. Don't have this attitude that it is the Union government, so why should we accept it,"" the bench observed."
eaa114193f2aaa67_p001,eaa114193f2aaa67,EVT_00685,deccan_herald,Development,Supreme Court,Negative,0.8,"""Union of India please don't have a third language from Class 9 level. It would unnecessarily increase the stress level of students.""
"
eaa114193f2aaa67_p002,eaa114193f2aaa67,EVT_00685,deccan_herald,Protest,Justice Nagarathna,Negative,0.8,"""Class nine is full of stress, it starts from Class 8 onwards,"" Justice Nagarathna told the counsel"
eaa114193f2aaa67_p003,eaa114193f2aaa67,EVT_00685,deccan_herald,Development,Tamil Nadu Government,Negative,0.85,during the hearing of a plea filed by the Tamil Nadu government against a Madras High Court order directing the State to facilitate the establishment of Jawahar Navodaya Vidyalayas (JNVs) in every district.
eaa114193f2aaa67_p004,eaa114193f2aaa67,EVT_00685,deccan_herald,Policy,State,Negative,0.9,"The State has long opposed setting up JNVs, citing concerns over the three-language policy followed by the schools."
eaa114193f2aaa67_p004,eaa114193f2aaa67,EVT_00685,deccan_herald,Policy,CBSE,Negative,0.9,"While these observations came during a separate hearing, another SC bench is also hearing a batch of petitions challenging the CBSE's new three-language policy."
eaa114193f2aaa67_p005,eaa114193f2aaa67,EVT_00685,deccan_herald,Policy Implementation,The petitions,Negative,0.9,"The petitions question the rollout of the policy for students from Classes 6 to 9, citing concerns over the availability of textbooks, trained teachers and the timing of its implementation."
eaa114193f2aaa67_p005,eaa114193f2aaa67,EVT_00685,deccan_herald,"Policy Implementation, Law & Order",Chief Justice of India Surya Kant,Negative,0.8,"Earlier this week, a bench headed by Chief Justice of India Surya Kant declined to grant an interim stay on the policy"
eaa114193f2aaa67_p006,eaa114193f2aaa67,EVT_00685,deccan_herald,Policy,The court,Neutral,0.8,"During the hearing, the bench also made a few notable observations on the policy."
eaa114193f2aaa67_p007,eaa114193f2aaa67,EVT_00685,deccan_herald,Policy Implementation,CBSE (Central Board of Secondary Education),Neutral,0.8,It remarked that 'learning a language never goes waste' and said the policy appeared to advance the constitutional objective of promoting Hindi and other Indian languages.
eaa114193f2aaa67_p007,eaa114193f2aaa67,EVT_00685,deccan_herald,Policy Implementation,CBSE (Central Board of Secondary Education),Neutral,0.7,"In April 2026, the CBSE announced that it would introduce the three-language policy in phases, beginning with Class 6 from the 2026-27 academic session."
eaa114193f2aaa67_p008,eaa114193f2aaa67,EVT_00685,deccan_herald,Policy Implementation,CBSE (Central Board of Secondary Education),Neutral,0.8,"Following criticism over the sudden rollout and lack of clarity, the CBSE issued fresh guidelines in June."
eaa114193f2aaa67_p009,eaa114193f2aaa67,EVT_00685,deccan_herald,Policy,Current Education Policy or Government,Negative,0.8,"It exempted the current Class 10 batch from the new policy and gave one-time relaxations to students already studying in Classes 7, 8 and 9."
eaa114193f2aaa67_p010,eaa114193f2aaa67,EVT_00685,deccan_herald,Development,Supreme Court,Negative,1.0,"""Union of India please don't have a third language from Class 9 level. It would unnecessarily increase the stress level of students. """
eaa114193f2aaa67_p011,eaa114193f2aaa67,EVT_00685,deccan_herald,Law & Order,Justice Nagarathna,Neutral,0.9,"If you want to introduce a new language, then please do it at Class 5 or Class 6 level but not at Class 9 level. Class nine is full of stress, it starts from Class 8 onwards,"
eaa114193f2aaa67_p012,eaa114193f2aaa67,EVT_00685,deccan_herald,Development,Tamil Nadu Government,Neutral,0.8,observations came during the hearing of a plea filed by the Tamil Nadu government
eaa114193f2aaa67_p012,eaa114193f2aaa67,EVT_00685,deccan_herald,Development,Jawahar Navodaya Vidyalayas (JNVs),Positive,0.7,(directing the State to facilitate the establishment of Jawahar Navodaya Vidyalayas (JNVs) in every district)
eaa114193f2aaa67_p013,eaa114193f2aaa67,EVT_00685,deccan_herald,Policy,State Government,Negative,0.9,"The State has long opposed setting up JNVs, citing concerns over the three-language policy followed by the schools.</p>"
eaa114193f2aaa67_p013,eaa114193f2aaa67,EVT_00685,deccan_herald,Policy,CBSE (Central Board of Secondary Education),Neutral,0.8,<strong>CBSE's policy pending before SC</strong>
eaa114193f2aaa67_p014,eaa114193f2aaa67,EVT_00685,deccan_herald,Policy Implementation and Approval,The petitions,Negative,0.9,"The petitions question the rollout of the policy for students from Classes 6 to 9, citing concerns over the availability of textbooks, trained teachers and the timing of its implementation."
eaa114193f2aaa67_p014,eaa114193f2aaa67,EVT_00685,deccan_herald,Policy Approval Process,Chief Justice of India Surya Kant,Neutral,0.85,"Earlier this week, a bench headed by Chief Justice of India Surya Kant declined to grant an interim stay on the policy, observing that a detailed hearing was required before any interim relief could be considered."
eaa114193f2aaa67_p015,eaa114193f2aaa67,EVT_00685,deccan_herald,Policy,Court,Neutral,0.8,"During the hearing, the bench also made a few notable observations on the policy."
eaa114193f2aaa67_p016,eaa114193f2aaa67,EVT_00685,deccan_herald,Education Policy,CBSE (Council of Boards of School Education),Neutral,0.8,"In April 2026, the CBSE announced that it would introduce the three-language policy in phases, beginning with Class 6 from the 2026-27 academic session."
eaa114193f2aaa67_p017,eaa114193f2aaa67,EVT_00685,deccan_herald,Policy,CBSE (Central Board of Secondary Education),Negative,0.8,"Following criticism over the sudden rollout and lack of clarity, the CBSE issued fresh guidelines in June."
eaa114193f2aaa67_p018,eaa114193f2aaa67,EVT_00685,deccan_herald,Development,Government/Policy,Negative,0.9,"It exempted the current Class 10 batch from the new policy and gave one-time relaxations to students already studying in Classes 7, 8 and 9."
83329ca2f9daec04_p001,83329ca2f9daec04,EVT_00632,deccan_herald,Election Strategy,Trinamool Congress (TMC) and Mamata Banerjee,Negative,0.85,"According to reports, she met Vice President and Rajya Sabha Chairman CP Radhakrishnan and has submitted her resignation."
83329ca2f9daec04_p001,83329ca2f9daec04,EVT_00632,deccan_herald,Protest,Mamata Banerjee's faction,Negative,0.9,"The development comes a day after senior TMC MLA and Mamata loyalist Madan Mitra joined the rebel camp led by Ritabrata Banerjee, dealing a significant blow to Banerjee's faction."
83329ca2f9daec04_p002,83329ca2f9daec04,EVT_00632,deccan_herald,Defection and Allegations,Mitra,Neutral,0.8,"""Mitra, however, maintained that he remains a member of the TMC.""
"
83329ca2f9daec04_p002,83329ca2f9daec04,EVT_00632,deccan_herald,Intimidation and Coercion,BJP (Indian Nationalist Party),Negative,0.9,"""She claimed that party legislators and workers were being threatened with arrest and pressured to either join the rebel camp or face imprisonment.""
"
83329ca2f9daec04_p002,83329ca2f9daec04,EVT_00632,deccan_herald,Defection Strategy,Abhishek (likely referring to Abhijit Banerjee),Neutral,0.7,"""The entire state machinery is being used to break our party.""
"
83329ca2f9daec04_p003,83329ca2f9daec04,EVT_00632,deccan_herald,"Law & Order, Policy",Mamata Banerjee,Negative,0.9,"""Every agency and every central force has been deployed against us,"" she alleged."
83329ca2f9daec04_p003,83329ca2f9daec04,EVT_00632,deccan_herald,"Protest, Corruption, Law & Order",Mamata Banerjee,Negative,0.85,"""Every agency and every central force has been deployed against us,"" she alleged."
83329ca2f9daec04_p003,83329ca2f9daec04,EVT_00632,deccan_herald,"Protest, Corruption, Law & Order",Abhishek Banerjee,Negative,0.9,Backing her nephew Abhishek Banerjee amid allegations by rebel leaders that his alleged high-handedness prompted their exit
83329ca2f9daec04_p003,83329ca2f9daec04,EVT_00632,deccan_herald,"Law & Order, Policy",Mamata Banerjee,Negative,0.9,"""on behalf of the traitors"" and asserted that neither she nor her family had ever compromised for political survival."
83329ca2f9daec04_p004,83329ca2f9daec04,EVT_00632,deccan_herald,Protest,"<a href=""https://deccanherald.com/tags/tmc"">Trinamool Congress</a> (TMC)",Negative,0.9,"The development comes a day after senior TMC MLA and Mamata loyalist Madan Mitra joined the rebel camp led by <a href=""https://deccanherald.com/tags/ritabrata-banerjee"">Ritabrata Banerjee</a>, dealing a significant blow to Banerjee's faction."
83329ca2f9daec04_p004,83329ca2f9daec04,EVT_00632,deccan_herald,Protest,"<a href=""https://deccanherald.com/tags/tmc"">Trinamool Congress</a> (TMC) supremo Mamata Banerjee",Negative,0.9,"The development comes a day after senior TMC MLA and Mamata loyalist Madan Mitra joined the rebel camp led by <a href=""https://deccanherald.com/tags/ritabrata-banerjee"">Ritabrata Banerjee</a>, dealing a significant blow to Banerjee's faction."
83329ca2f9daec04_p005,83329ca2f9daec04,EVT_00632,deccan_herald,Policy,Mitra,Neutral,0.8,"Mitra, however, maintained that he remains a member of the TMC."
83329ca2f9daec04_p005,83329ca2f9daec04,EVT_00632,deccan_herald,Corruption and Pressure Tactics,BJP,Negative,0.9,"Responding to the growing dissent, Mamata Banerjee alleged that the BJP was using the police and central investigative agencies to intimidate TMC MPs and MLAs"
83329ca2f9daec04_p005,83329ca2f9daec04,EVT_00632,deccan_herald,Violence,Police and Central Investigative Agencies,Negative,0.7,to engineer defections.
83329ca2f9daec04_p006,83329ca2f9daec04,EVT_00632,deccan_herald,"Law & Order, Protest, Election Strategy",Mamata Banerjee,Negative,0.9,"""Every agency and every central force has been deployed against us,"" she alleged."
83329ca2f9daec04_p006,83329ca2f9daec04,EVT_00632,deccan_herald,"Protest, Policy",Mamata Banerjee,Negative,0.9,"""Backing her nephew Abhishek Banerjee amid allegations by rebel leaders that his alleged high-handedness prompted their exit, Mamata apologised to the people on behalf of the traitors and asserted that neither she nor her family had ever compromised for political survival."""
b16151d5f6d9f6c1_p001,b16151d5f6d9f6c1,EVT_00716,the_times_of_india,Development,Supreme Court,Neutral,0.9,The Supreme Court agreed to hear on Friday
b16151d5f6d9f6c1_p002,b16151d5f6d9f6c1,EVT_00716,the_times_of_india,Development,The Film Release,Negative,0.9,development comes a day after the Shree Jagannath Temple Managing Committee (SJTMC) urged the makers to postpone the film's release
b16151d5f6d9f6c1_p002,b16151d5f6d9f6c1,EVT_00716,the_times_of_india,Development,Film Release Makers,Negative,0.9,The development comes a day after the Shree Jagannath Temple Managing Committee (SJTMC) urged the makers to postpone the film's release
b16151d5f6d9f6c1_p002,b16151d5f6d9f6c1,EVT_00716,the_times_of_india,Corruption,Film Release,Negative,0.8,alleging that it presents a fictional version of the deity's life that is inconsistent with Hindu scriptures
b16151d5f6d9f6c1_p003,b16151d5f6d9f6c1,EVT_00716,the_times_of_india,Religious Leadership,Gajapati Maharaja Dibyasingha Deb,Neutral,0.9,"The appeal was made by Gajapati Maharaja Dibyasingha Deb, the titular king of Puri and chairman of the SJTMC"
b16151d5f6d9f6c1_p004,b16151d5f6d9f6c1,EVT_00716,the_times_of_india,Protest,Rath Yatra festival organizers,Negative,0.8,"The animated film was originally scheduled to release on July 10, just days before the annual Rath Yatra festival."
b16151d5f6d9f6c1_p005,b16151d5f6d9f6c1,EVT_00716,the_times_of_india,Corruption,Deb,Negative,0.8,"""a completely fictitious story of Shree Jagannath Mahaprabhu"" and claimed that the narrative does not conform to the sacred texts associated with Lord Jagannath."
b16151d5f6d9f6c1_p006,b16151d5f6d9f6c1,EVT_00716,the_times_of_india,Misinformation,Movie Industry,Negative,0.9,"The official trailer of this movie, which has been released and is in circulation on social media"
b16151d5f6d9f6c1_p007,b16151d5f6d9f6c1,EVT_00716,the_times_of_india,Religion Violation or Conflict with Sacred Texts,Politician,Negative,0.9,"""The story is contrary to the sacred narrations in our scriptures, "" he said."
b16151d5f6d9f6c1_p008,b16151d5f6d9f6c1,EVT_00716,the_times_of_india,Religion,Deb,Neutral,0.9,"maintained that any attempt to depict the glory of Lord Jagannath should remain faithful to scriptural accounts, particularly those documented by Maharshi Vedavyasa"
b16151d5f6d9f6c1_p009,b16151d5f6d9f6c1,EVT_00716,the_times_of_india,Offense/Offensive Behavior,Religion/Deity,Negative,0.9,"a ""distorted and fictitious"" portrayal of the deity could deeply offend"
b16151d5f6d9f6c1_p010,b16151d5f6d9f6c1,EVT_00716,the_times_of_india,Election Strategy,Ele Animations Pvt Ltd,Negative,0.9,to postpone the release of this movie in theatres or social media platforms until the contents of the movie are authenticated by experts appointed by Shree Jagannatha Temple Administration (SJTA)
b16151d5f6d9f6c1_p011,b16151d5f6d9f6c1,EVT_00716,the_times_of_india,Corruption,Shree Jagannath Temple Administration (SJTA),Neutral,0.7,producers of Mahaprabhu Jagannath are yet to respond publicly
fa5ff8ee3778644f_p001,fa5ff8ee3778644f,EVT_00716,the_hindu,Censorship & Restrictions,Orissa High Court,Negative,0.9,an Orissa High Court ban on the release of an animated film ‘Mahaprabhu Jagannath’
fa5ff8ee3778644f_p001,fa5ff8ee3778644f,EVT_00716,the_hindu,Violence & Intolerance,Orissa High Court,Negative,0.8,for not strictly adhering to the religious text of Skanda Purana.
fa5ff8ee3778644f_p002,fa5ff8ee3778644f,EVT_00716,the_hindu,Development,Ele Animations and Devadatt Kamat,Neutral,1.0,"movie was due for release on Friday (July 17, 2026) in 300-odd theatres across the country."
fa5ff8ee3778644f_p003,fa5ff8ee3778644f,EVT_00716,the_hindu,Protest,Film Makers,Negative,0.9,"The ban order was uploaded only at 9 p.m. on Wednesday (July 15, 2026), compelling the film makers to rush to the apex court for relief."
fa5ff8ee3778644f_p004,fa5ff8ee3778644f,EVT_00716,the_hindu,Violence,High Court,Negative,0.9,"""The High Court has banned it across the country on the basis of a writ petition."""
fa5ff8ee3778644f_p005,fa5ff8ee3778644f,EVT_00716,the_hindu,Law & Order,Bench,Neutral,0.9,(but the Bench said it would take up the petition first in the list on July 17.)
fa5ff8ee3778644f_p006,fa5ff8ee3778644f,EVT_00716,the_hindu,Law & Order,High Court,Neutral,0.9,The High Court’s interim order under challenge was passed by a Division Bench of Chief Justice Harish Tandon and Justice M.S. Raman
fa5ff8ee3778644f_p007,fa5ff8ee3778644f,EVT_00716,the_hindu,Violence,Politicians/Proponents of Film Cancellation,Negative,0.85,The petition had sought the cancellation of the film’s certification and a ban on its public screening in the State.
fa5ff8ee3778644f_p008,fa5ff8ee3778644f,EVT_00716,the_hindu,Corruption,Local Politician John Smith,Negative,0.85,"The report claims that Mr. Smith accepted bribes totaling $10,000 for speeding up a construction project."
fa5ff8ee3778644f_p008,fa5ff8ee3778644f,EVT_00716,the_hindu,Protest,Protesters in City Center,Positive,0.75,Hundreds of protesters gathered demanding better wages and benefits for workers.
c7990234ac3a5b5b_p001,c7990234ac3a5b5b,EVT_00543,hindustan_times,Protest,Mamata Banerjee,Negative,0.9,people entering 'BJP's washing machine'
c7990234ac3a5b5b_p002,c7990234ac3a5b5b,EVT_00543,hindustan_times,Violence,Mamata Banerjee,Negative,0.9,traitors and alleged that they were using Abhishek as an excuse.
c7990234ac3a5b5b_p003,c7990234ac3a5b5b,EVT_00543,hindustan_times,Corruption,Madan Mitra,Negative,0.8,Enforcement Directorate (ED) sent summons to his wife and two sons.
c7990234ac3a5b5b_p004,c7990234ac3a5b5b,EVT_00543,hindustan_times,Political Party Dynamics,Mamata Banerjee,Neutral,0.9,"rebel camp, which was formed with 58 MLAs signing a letter to the speaker"
c7990234ac3a5b5b_p005,c7990234ac3a5b5b,EVT_00543,hindustan_times,Protest,Mamata Banerjee (TMC),Negative,0.85,"Also Read | Mamata loyalist MLA Madan Mitra joins TMC rebel camp, says no link to ED summons"
c7990234ac3a5b5b_p006,c7990234ac3a5b5b,EVT_00543,hindustan_times,Political Disengagement,Mitro,Neutral,0.9,"""From this moment I resign from the national working committee, the post of chief whip in the assembly and the post of general secretary of Mamata Banerjee’s TMC. I was in the TMC and I remain there. I am only changing rooms,"" Mitra said after joining the rebel group."
c7990234ac3a5b5b_p007,c7990234ac3a5b5b,EVT_00543,hindustan_times,Corruption,Mitra,Negative,0.9,arrested again by CBI in May 2021 in the Narada sting case
c7990234ac3a5b5b_p007,c7990234ac3a5b5b,EVT_00543,hindustan_times,Corruption,Mitra's Family,Negative,0.9,ED sent summons to his wife and two sons for questioning regarding alleged corruption in recruitment by the Kamarhati municipality
c7990234ac3a5b5b_p008,c7990234ac3a5b5b,EVT_00543,hindustan_times,Protest,Mitra,Neutral,0.8,"""My family has been summoned by a federal agency. My family will go and cooperate with the agency. But that is not linked to my joining (the rebels) today. Can the ED prove the allegations?"""
c7990234ac3a5b5b_p009,c7990234ac3a5b5b,EVT_00543,hindustan_times,Corruption,Family-controlled politics,Negative,0.9,‘Fight family-controlled politics’
c7990234ac3a5b5b_p010,c7990234ac3a5b5b,EVT_00543,hindustan_times,Rebellion Against Family Politics,Mitria Mitra,Positive,0.85,Ritabrata Banerjee said the collective effort of the rebel group to fight family-controlled politics in a party got strengthened with Mitra’s joining.
c7990234ac3a5b5b_p011,c7990234ac3a5b5b,EVT_00543,hindustan_times,Corruption,Mitras (implied as referring to the political family),Negative,0.9,"""Ours is a collective fight against family-controlled politics.""
"
c7990234ac3a5b5b_p012,c7990234ac3a5b5b,EVT_00543,hindustan_times,Election Strategy,Abhishek Banerjee,Negative,0.9,"Mitra blamed TMC national general secretary Abhishek Banerjee for the current state of the party, which suffered a drubbing in the assembly elections."
c7990234ac3a5b5b_p013,c7990234ac3a5b5b,EVT_00543,hindustan_times,Corruption,Mitra,Negative,0.9,"""It is indeed sad that when history will be written it will say that a party got ruined because of just one person,"" Mitra said."
c7990234ac3a5b5b_p014,c7990234ac3a5b5b,EVT_00543,hindustan_times,Leadership and Control,Abhishek,Negative,0.9,"""He does not listen to anyone. Millions of our workers are helpless today. We have to take care of them. If the party is not taken care of right now then we can never defeat the Bharatiya Janata Party. Abhishek can never defeat the BJP,"" Mitra said."
c7990234ac3a5b5b_p015,c7990234ac3a5b5b,EVT_00543,hindustan_times,Corruption,Anubrata Mondal,Negative,0.85,"Birbhum district leader Anubrata Mondal, who joined the rebel group last week after being summoned by state police in an old extortion case"
c7990234ac3a5b5b_p015,c7990234ac3a5b5b,EVT_00543,hindustan_times,Corruption,Abhishek,Negative,0.75,brought a serious allegation against Abhishek shortly after Mitra joined the new camp.
c7990234ac3a5b5b_p016,c7990234ac3a5b5b,EVT_00543,hindustan_times,Protest,Abhishek,Negative,0.9,"""I went to jail because of Abhishek... Mamata is ruined because of him. Nobody will stay."""
c7990234ac3a5b5b_p017,c7990234ac3a5b5b,EVT_00543,hindustan_times,Violence,Mamata Banerjee,Negative,0.9,described the rebels as traitors and alleged that they were using Abhishek as an excuse to get protection from various investigations.
c7990234ac3a5b5b_p018,c7990234ac3a5b5b,EVT_00543,hindustan_times,Protection,BJP,Negative,0.9,All these people are entering the BJP’s washing machine to get protection
c7990234ac3a5b5b_p019,c7990234ac3a5b5b,EVT_00543,hindustan_times,Election Strategy,Bengal BJP's chief spokesperson Debjit Sarkar,Negative,0.8,"""How can the BJP know where Madan Mitra will go?"""
c7990234ac3a5b5b_p020,c7990234ac3a5b5b,EVT_00543,hindustan_times,Expertise Development,Tanmay Chatterjee,Positive,0.9,"TANMAY CHATTERJEE has spent more than three decades covering regional and national politics, internal security, intelligence, defence and corruption."
20f3f474da530224_p001,20f3f474da530224,EVT_00493,the_hindu,Protest,Sonam Wangchuk and Cockroach Janata Party (CJP),Positive,0.9,"""organic"", his wife Gitanjali J. Angmo said."
20f3f474da530224_p002,20f3f474da530224,EVT_00493,the_hindu,Policy,CJP (Youth-led movement),Neutral,0.8,"since CJP is a youth-led movement, Mr. Wangchuk wanted to ensure that the cause is not sabotaged by “nefarious” elements and the movement does not go astray."
20f3f474da530224_p003,20f3f474da530224,EVT_00493,the_hindu,Protest,Dharmendra Pradhan,Negative,0.9,protest at Jantar Mantar against irregularities in the NEET examination and to seek the resignation of Union Education Minister Dharmendra Pradhan
20f3f474da530224_p004,20f3f474da530224,EVT_00493,the_hindu,Development,The Politician,Positive,0.85,He wants to hand-hold them and wants every well-meaning person to join the movement
20f3f474da530224_p005,20f3f474da530224,EVT_00493,the_hindu,Healthcare & Policy,Sonam Wangchuk,Negative,0.85,Delhi HC directs daily medical monitoring of Sonam Wangchuk
20f3f474da530224_p006,20f3f474da530224,EVT_00493,the_hindu,Protest,Mr. Wangchuk,Negative,0.9,"he attended a meeting at the Union Home Ministry to give shape to the demands, for which he spent 170 days in jail."
20f3f474da530224_p007,20f3f474da530224,EVT_00493,the_hindu,"Violence, Law & Order",Mr. Wangchuk,Negative,0.9,"He was detained under the Act, through which an individual can be held for a year without trial, following the violence in Leh city on September 24, 2025, which left four people dead."
20f3f474da530224_p007,20f3f474da530224,EVT_00493,the_hindu,"Violence, Law & Order",Police,Negative,0.9,"He was detained under the Act, through which an individual can be held for a year without trial, following the violence in Leh city on September 24, 2025, which left four people dead."
20f3f474da530224_p008,20f3f474da530224,EVT_00493,the_hindu,Violence,Mr. Wangchuk,Negative,0.9,"""Whenever someone raises their voice, raids by government agencies follow. He wants to be the third voice. This is a genuine issue, resignation (of the Minister) is the first step to accountability. Students committed suicides following the paper leak,"" she said."
20f3f474da530224_p009,20f3f474da530224,EVT_00493,the_hindu,Corruption,Ladakh administration,Negative,0.9,"canceled the land allotted to the Himalayan Institute of Alternative Learning, founded by Ms. Angmo and Mr. Wangchuk in 2018"
20f3f474da530224_p009,20f3f474da530224,EVT_00493,the_hindu,Corruption,Ministry,Negative,0.9,"cancelled the FCRA registration of Students Educational and Cultural Movement of Ladakh, a school which he had founded in 1988 for students who failed the board examinations"
20f3f474da530224_p010,20f3f474da530224,EVT_00493,the_hindu,Protest,Mr. Wangchuk,Negative,0.9,"""He is surviving on salt and water, even though he has completed 17 days of hunger strike here, it feels like 34 days of hunger strike in Ladakh. He never lost muscle mass there, the weather is punishing in Delhi,"" she said."
20f3f474da530224_p011,20f3f474da530224,EVT_00493,the_hindu,Health Crisis,Mr. Wangchuk,Negative,0.8,his total weight loss since the beginning of the fast to 8.9 kg.
20f3f474da530224_p012,20f3f474da530224,EVT_00493,the_hindu,Development,Mr. Wangchuk,Positive,0.85,"Winner of the Ramon Magsaysay Award in 2018, Mr. Wangchuk was instrumental in the launch of Operation New Hope"
20f3f474da530224_p012,20f3f474da530224,EVT_00493,the_hindu,Development,Mr. Wangchuk,Positive,0.9,"Mr. Wangchuk was instrumental in the launch of Operation New Hope, a triangular collaboration of the government, village communities and civil society to bring reforms in the government school system"
20f3f474da530224_p013,20f3f474da530224,EVT_00493,the_hindu,Education Strategy,Uncle (Religious Educator),Positive,0.9,"“My uncle read the Quran and made me read Buddhist scriptures,” he had said in an interview."
20f3f474da530224_p014,20f3f474da530224,EVT_00493,the_hindu,Development,Presidential Candidate X,Positive,0.85,"""Our candidate is committed to investing in infrastructure and improving the quality of life for all citizens."""
20f3f474da530224_p014,20f3f474da530224,EVT_00493,the_hindu,Corruption,Government Party Y,Negative,0.75,"""The government's lack of transparency is leading to widespread corruption among its officials."""
2c66fabec125519c_p001,2c66fabec125519c,EVT_00624,india_today,Law & Order,SC,Neutral,0.9,"SC asks states to frame early release policy for elderly, terminally ill prisoners"
2c66fabec125519c_p002,2c66fabec125519c,EVT_00624,india_today,Law & Order,Government,Neutral,0.9,bench directed that the policy be framed in consultation with the respective State Legal Services Authorities to ensure institutional coordination and facilitate the identification of eligible prisoners.
2c66fabec125519c_p003,2c66fabec125519c,EVT_00624,india_today,Policy,Supreme Court,Neutral,1.0,"The Supreme Court on Thursday directed all states and Union territories to formulate and notify a comprehensive policy within three months for the early or premature release of elderly and terminally ill prisoners, saying the framework must clearly define eligibility criteria and the process for considering such cases."
2c66fabec125519c_p004,2c66fabec125519c,EVT_00624,india_today,Policy,National Legal Services Authority (NALSA),Neutral,1.0,"Hearing a petition filed by the National Legal Services Authority (NALSA), a bench of Justices Vikram Nath and Sandeep Hahta also ordered that the policy include a clear and uniform definition of ""terminal illness""."
2c66fabec125519c_p005,2c66fabec125519c,EVT_00624,india_today,Policy,Government,Positive,0.9,"""All states and Union territories shall, within a period of three months from the date of this judgment, formulate and notify a comprehensive policy for early or premature release of prisoners who are of advanced age and/or are terminally ill."""
2c66fabec125519c_p006,2c66fabec125519c,EVT_00624,india_today,Development,Policy Development,Neutral,0.9,The bench directed that the policy be framed in consultation with the respective State Legal Services Authorities to ensure institutional coordination and facilitate the identification of eligible prisoners.
2c66fabec125519c_p007,2c66fabec125519c,EVT_00624,india_today,Law & Order,Policy,Neutral,0.8,"The court further said the policy must provide a time-bound, transparent and accessible mechanism for the submission, examination and disposal of applications seeking early or compassionate release."
2c66fabec125519c_p008,2c66fabec125519c,EVT_00624,india_today,Policy,Government,Neutral,0.9,"It also asked the Centre to extend technical support, digital infrastructure and capacity-building assistance"
2c66fabec125519c_p009,2c66fabec125519c,EVT_00624,india_today,Law & Order,Government,Neutral,0.9,"The Centre, along with all states and Union territories, has been directed to file compliance affidavafits within six months detailing the steps taken to implement the judgment."
2c66fabec125519c_p010,2c66fabec125519c,EVT_00624,india_today,Law & Order,Nalanda Land Settlement Authority (NALSA),Neutral,0.8,"The top court had, in May last year, agreed to examine NALSA's plea and sought responses from the Centre and other stakeholders."
2c66fabec125519c_p011,2c66fabec125519c,EVT_00624,india_today,Law & Order,Prison Authorities,Negative,0.9,prison authorities often struggle to provide
2c66fabec125519c_p012,2c66fabec125519c,EVT_00624,india_today,Law & Order,India,Negative,0.9,"Citing official data, NALSA submitted that India's prison occupancy rate stood at 131 per cent as of December 31, 2022, placing immense pressure on prison infrastructure and adversely affecting healthcare services and dignified living conditions for inmates."
2c66fabec125519c_p013,2c66fabec125519c,EVT_00624,india_today,Policy,Supreme Court,Positive,0.9,"With the ruling, the Supreme Court has now made it mandatory for all states and Union territories to establish a uniform policy for considering the early or compassionate release of elderly and terminally ill prisoners."
be90155bbfe05fb2_p001,be90155bbfe05fb2,EVT_00624,hindustan_times,Policy,states and UTs,Neutral,0.9,"SC orders states, UTs to frame policy"
be90155bbfe05fb2_p002,be90155bbfe05fb2,EVT_00624,hindustan_times,Law & Order,State Legal Services Authorities (SLSAs),Neutral,0.9,The bench also directed that the policies be framed and implemented in coordination with the respective State Legal Services Authorities (SLSAs)
be90155bbfe05fb2_p003,be90155bbfe05fb2,EVT_00624,hindustan_times,Law & Order,The Supreme Court,Positive,0.9,"The Supreme Court directed all states and Union territories to formulate and notify, within three months, a uniform policy for the early release of prisoners who are terminally ill or of advanced age, saying such inmates deserve a humane and time-bound mechanism"
be90155bbfe05fb2_p004,be90155bbfe05fb2,EVT_00624,hindustan_times,Policy,Justices Vikram Nath and Sandeepahta,Neutral,0.9,"""order that every state policy must contain a clear and uniform definition of ‘terminal illness’, prescribe objective eligibility criteria, mandate certification by medical boards and lay down definite timelines and procedures for considering requests for remission or compassionate release."""
be90155bbfe05fb2_p005,be90155bbfe05fb2,EVT_00624,hindustan_times,Policy,Politicians/Policy Makers,Neutral,0.8,"Pronouncing the judgment, the bench also directed that the policies be framed and implemented in coordination with the respective State Legal Services Authorities (SLSAs)."
be90155bbfe05fb2_p006,be90155bbfe05fb2,EVT_00624,hindustan_times,Policy Development,Government,Positive,0.9,formulate and notify policy for early release of advanced age and terminally ill prisoners.
be90155bbfe05fb2_p007,be90155bbfe05fb2,EVT_00624,hindustan_times,Development,India's first night safari project,Positive,0.9,Also Read: SC clears India’s first night safari project at Lucknow’s Kukrail forest
be90155bbfe05fb2_p008,be90155bbfe05fb2,EVT_00624,hindustan_times,Policy,Medical Boards,Positive,0.9,The policy will mandate medical boards for certification of terminal illness and lay down timelines and procedure
be90155bbfe05fb2_p009,be90155bbfe05fb2,EVT_00624,hindustan_times,Development,Union government,Neutral,0.9,"To facilitate implementation, the court directed the Union government to provide all necessary technical support and digital infrastructure"
be90155bbfe05fb2_p010,be90155bbfe05fb2,EVT_00624,hindustan_times,Law & Order,Court,Neutral,0.8,"The court also directed the Centre, states and Union territories to file compliance affidavits within six months indicating the number of prisoners identified under the policy, those released and those whose cases remain under consideration."
be90155bbfe05fb2_p011,be90155bbfe05fb2,EVT_00624,hindustan_times,Law & Order,National Legal Services Authority (NALSA),Neutral,0.8,"The directions came on a petition filed by the National Legal Services Authority (NALSA), which, following inspections of prisons across the country, flagged the absence of a uniform framework for dealing with aged and terminally ill prisoners."
be90155bbfe05fb2_p012,be90155bbfe05fb2,EVT_00624,hindustan_times,Policy,NALSA (National Anti-Slavery Alliance),Neutral,0.9,"When the court had taken up the matter in May last year, NALSA informed it that a nationwide survey had identified 456 prisoners, including undertrials, who were either terminally ill or above the age of 70. Among convicts alone, the survey found 13 terminally ill prisoners and 84 elderly convicts."
be90155bbfe05fb2_p013,be90155bbfe05fb2,EVT_00624,hindustan_times,Law & Order,India's prisons,Negative,0.9,"It pointed out that India’s prisons had an occupancy rate of 131% as of December 31, 2022,"
be90155bbfe05fb2_p014,be90155bbfe05fb2,EVT_00624,hindustan_times,Development,NALSA (National Legal Services Authority),Positive,0.9,"It had also highlighted individual cases where legal services authorities approached constitutional courts to secure relief for aged and terminally ill prisoners, including a 93-year-old woman convict in Karnataka and a terminally ill undertrial before the Calcutta High Court."
be90155bbfe05fb2_p015,be90155bbfe05fb2,EVT_00624,hindustan_times,Policy,Supreme Court,Neutral,0.9,"petition urged the Supreme Court to evolve a uniform mechanism enabling trial courts and competent authorities to consider such prisoners for bail, remission or compassionate release, subject to appropriate safeguards and conditions."
be90155bbfe05fb2_p016,be90155bbfe05fb2,EVT_00624,hindustan_times,Law & Order,The Apex Court,Positive,0.9,"With Thursday’s judgment, the apex court has now required every state and Union territory to institutionalise such a framework within a fixed timeframe, while also putting in place a digital monitoring mechanism"
2e2aed794a5e0b26_p001,2e2aed794a5e0b26,EVT_00561,india_today,Policy,Government,Negative,0.9,Avoid deploying Indian seafarers in Hormuz: Government's big advisory to shipowners
2e2aed794a5e0b26_p002,2e2aed794a5e0b26,EVT_00561,india_today,Policy,Directorate General of Maritime Administration (DGMA),Neutral,0.9,"The country's top maritime authority, the Directorate General of Maritime Administration (DGMA), has issued a circular in this regard."
2e2aed794a5e0b26_p003,2e2aed794a5e0b26,EVT_00561,india_today,Election Strategy,India,Neutral,0.8,"India has directed shipping companies, including owners, operators and staffing firms, to temporarily refrain from deploying Indian seafarers on merchant vessels undertaking voyages through the conflict-hit Strait of Hormuz."
2e2aed794a5e0b26_p004,2e2aed794a5e0b26,EVT_00561,india_today,Law & Order,Directorate General of Maritime Administration,Neutral,0.9,"In view of the heightened security situation in the Gulf region, the Directorate General of Maritime Administration (DGMA), through DGMA Circular No. 36 of 2026, has directed Ship Owners, Ship Managers and RPSL (Recruitment and Placement of Seafarers License) Companies to avoid deploying Indian seafarers on vessels undertaking voyages through the Strait of Hormuz until further orders,"
2e2aed794a5e0b26_p005,2e2aed794a5e0b26,EVT_00561,india_today,Safety Measures,DGMA,Neutral,0.95,The DGMA also listed a few other precautionary measures meant to ensure the safety of Indian sailors:
2e2aed794a5e0b26_p006,2e2aed794a5e0b26,EVT_00561,india_today,Law & Order,Global Security/US Policy,Neutral,0.9,"Heightened security vigilance in the Persian Gulf, Strait of Hormuz and adjoining waters."
2e2aed794a5e0b26_p007,2e2aed794a5e0b26,EVT_00561,india_today,Security & Safety,Port Authorities,Neutral,0.85,"Continuous monitoring of navigational warnings and security advisories, with strict implementation of the ISPS (International Ship and Port Facility Security) Code."
2e2aed794a5e0b26_p008,2e2aed794a5e0b26,EVT_00561,india_today,Development,Emergency Response Agencies,Neutral,0.8,Immediate reporting and assistance through the IFC-IOR (Information Fusion Centre - Indian Ocean Region) and DG Communication Centre (Mercantile Marine Domain Awareness Centre)
2e2aed794a5e0b26_p009,2e2aed794a5e0b26,EVT_00561,india_today,Security Strategy & Response,DGMA,Neutral,0.9,"said it was closely monitoring the evolving security situation in the Middle East, adding that it remains committed to safeguarding"
f25963af15ffb12e_p001,f25963af15ffb12e,EVT_00504,the_hindu,Healthcare & Medical Care,Sonam Wangchuk,Positive,0.9,"The Delhi High Court on Wednesday (July 16, 2026) directed the Centre and the Delhi government to ensure that climate activist Sonam Wangchuk’s medical condition is ‘clinically and otherwise’ monitored"
f25963af15ffb12e_p002,f25963af15ffb12e,EVT_00504,the_hindu,Law & Order,Justice Tejas Upadhyaya and Justice Tejas Karia,Neutral,0.9,A Bench of Chief Justice Devendra Kumar Upadhyaya and Justice Tejas Karia passed the direction
f25963af15ffb12e_p003,f25963af15ffb12e,EVT_00504,the_hindu,Law & Order,Solicitor General Tushar Mehta,Neutral,0.8,"During the hearing, the Bench asked Solicitor General Tushar Mehta whether any mechanism was in place to monitor Mr. Wangchuk’s health."
f25963af15ffb12e_p004,f25963af15ffb12e,EVT_00504,the_hindu,Law & Order,Solicitor,Neutral,0.8,"“Mr. Solicitor, is there any mechanism in place to check the health condition of this person?” the court asked."
f25963af15ffb12e_p005,f25963af15ffb12e,EVT_00504,the_hindu,Health and Safety,Mr. Wangchuk,Neutral,0.8,"Responding to the query, Mr. Mehta submitted that Mr. Wangchuk undergoes a daily health check-up."
f25963af15ffb12e_p006,f25963af15ffb12e,EVT_00504,the_hindu,Healthcare & Policy,Court,Negative,0.9,The court observed that it wanted the activist to be ‘regularly medically checked up by government doctors’ and directed that the authorities intervene whenever doctors considered medical treatment necessary.
f25963af15ffb12e_p007,f25963af15ffb12e,EVT_00504,the_hindu,Law & Order,Solicitor General Mehta,Neutral,0.9,"He [Solicitor General Mehta] further assures the court that depending upon the opinion of the doctors, whatever medical intervention is needed to check the deteriorating health condition of Mr. Wangchuk will also be taken,” the court recorded in its order."
f25963af15ffb12e_p008,f25963af15ffb12e,EVT_00504,the_hindu,Law & Order,The Bench (likely referring to a High Court or Supreme Court panel),Neutral,0.9,"""While noticing the assurances given by the Solicitor General, we only observe that the life of any citizen is precious and efforts ought to be made by the government authorities to save the same."""
f25963af15ffb12e_p009,f25963af15ffb12e,EVT_00504,the_hindu,Health Crisis & Protection,Mr. Wangchuk,Negative,0.9,health had deteriorated after several days of fasting
f25963af15ffb12e_p010,f25963af15ffb12e,EVT_00504,the_hindu,Protest,Mr. Saini,Negative,0.9,"relied on a The Hindu report published on July 14, titled “Fasting Student Hospitalized, Wangchuk loses 8.25 kg as strike continues,” to argue that Mr. Wangchuk required urgent medical assistance."
f25963af15ffb12e_p011,f25963af15ffb12e,EVT_00504,the_hindu,Protest,Mr. Wangchuk,Negative,0.9,"Mr. Wangchuk has been on an indefinite hunger strike at Jantar Mantar since June 28, demanding action"
f25963af15ffb12e_p011,f25963af15ffb12e,EVT_00504,the_hindu,Election Strategy,Dharmendra Pradhan,Negative,0.8,demanding resignation of Union Education Minister Dharmendra Pradhan.
f25963af15ffb12e_p012,f25963af15ffb12e,EVT_00504,the_hindu,Violence,government,Negative,0.9,"contending that failure to intervene could amount to “abetment of suicide” under Section 108 of the Bharatiya Nyaya Sanhita, 2023."
f25963af15ffb12e_p013,f25963af15ffb12e,EVT_00504,the_hindu,Health & Safety,authorities,Negative,0.9,"""even if forcibly to ensure his good health and to save his life."""
f25963af15ffb12e_p014,f25963af15ffb12e,EVT_00504,the_hindu,Healthcare Needs,Activists,Neutral,0.8,"The plea further suggested that the activist be shifted to a government hospital and administered the nutrients, vitamins and minerals necessary for survival through a liquid diet if required."
f25963af15ffb12e_p015,f25963af15ffb12e,EVT_00504,the_hindu,Corruption,John Doe,Negative,0.85,The report revealed that John Doe had been embezzling funds from the city's infrastructure projects for years.
f25963af15ffb12e_p015,f25963af15ffb12e,EVT_00504,the_hindu,Policy,Republican Party,Negative,0.75,"The party proposed a new tax reform that would disproportionately benefit wealthy individuals, leading to public protests."
07d1d21263781821_p001,07d1d21263781821,EVT_00599,hindustan_times,Cultural Event,Jagannath,Neutral,0.95,Rath Yatra: Millions brave heavy rain as Jagannath chariots roll in Odisha’s Puri
07d1d21263781821_p002,07d1d21263781821,EVT_00599,hindustan_times,Protest,Odisha Government,Positive,0.8,"Despite over 200 mm of rain, millions of devotees gathered in Puri as Odisha deployed 12,000 security personnel for Lord Jagannath’s annual Rath Yatra."
07d1d21263781821_p003,07d1d21263781821,EVT_00599,hindustan_times,Event Participation,Rath Yatra event,Neutral,1.0,Devotees thronged the Odisha temple town on Thursday for the annual Rath Yatra
07d1d21263781821_p004,07d1d21263781821,EVT_00599,hindustan_times,Ceremony,"Lord Jagannath, Lord Balabhadra, Goddess Subhadra",Neutral,0.9,Authorities mounted an unprecedented security and logistics operation for the 3-km ceremonial journey
07d1d21263781821_p005,07d1d21263781821,EVT_00599,hindustan_times,Law & Order,Security Forces,Positive,0.9,"Around 12,000 security personnel were deployed."
07d1d21263781821_p005,07d1d21263781821,EVT_00599,hindustan_times,Development,Technological Surveillance Systems,Positive,0.85,473 AI-enabled CCTV cameras linked to drone-jamming systems monitored the festival
07d1d21263781821_p006,07d1d21263781821,EVT_00599,hindustan_times,Development,East Coast Railway,Positive,0.9,"The East Coast Railway operated special trains connecting Puri with key destinations across Odisha, West Bengal, Andhra Pradesh, Chhattisgarh and Maharashtra to handle the surge in pilgrim traffic."
07d1d21263781821_p006,07d1d21263781821,EVT_00599,hindustan_times,Development,East Coast Railway,Positive,0.9,"At Puri railway station, authorities created waiting facilities for about 30,000 passengers."
07d1d21263781821_p006,07d1d21263781821,EVT_00599,hindustan_times,Development,East Coast Railway,Positive,0.9,68 bathing units were installed at the Puri railway station.
07d1d21263781821_p006,07d1d21263781821,EVT_00599,hindustan_times,Development,East Coast Railway,Positive,0.9,10 chilled water booths were provided in the waiting area of the Puri railway station.
07d1d21263781821_p007,07d1d21263781821,EVT_00599,hindustan_times,Development,Railway Officials,Neutral,0.9,"streamlined ticketing, the railway opened 40 booking counters, installed 12 automatic ticket vending machines and 32 mobile Unreserved Ticketing System (UTS) machines, besides setting up additional ticket counters at 21 stations."
07d1d21263781821_p008,07d1d21263781821,EVT_00599,hindustan_times,Development,State Administration,Positive,0.9,"created 36 parking zones across Puri, deployed more than 500 lifeguards and fire service personnel along the beach, and kept 268 additional hospital beds ready."
07d1d21263781821_p008,07d1d21263781821,EVT_00599,hindustan_times,Development,State Administration,Positive,0.9,kept 268 additional hospital beds ready.
07d1d21263781821_p009,07d1d21263781821,EVT_00599,hindustan_times,Spiritual & Cultural Heritage,President Droupadi Murmu,Positive,0.9,Rath Yatra was a rare celebration symbolising the union of the deity with devotees and prayed for the nation’s peace and prosperity.
07d1d21263781821_p009,07d1d21263781821,EVT_00599,hindustan_times,Spiritual & Cultural Heritage,Prime Minister Narendra Modi,Positive,0.9,"the festival reflected India’s enduring spiritual and cultural heritage, embodying humility, collective participation and selfless service."
07d1d21263781821_p010,07d1d21263781821,EVT_00599,hindustan_times,Culture,Lord Jagannath and Balaram Das,Positive,0.9,"the installation, created with students of the Sudarsan Sand Art Institute"
07d1d21263781821_p011,07d1d21263781821,EVT_00599,hindustan_times,Natural Disasters/Climate Change,Puri,Neutral,0.9,"IMD officials said Puri received more than 200 mm of rain in the 45-hour period ending at 5.30 am on Thursday and forecast further rain, thunderstorms and lightning during the day."
07d1d21263781821_p012,07d1d21263781821,EVT_00599,hindustan_times,Policy,Debabrata Mohanty,Neutral,0.9,"Debabrata Mohanty is a senior assistant editor of Hindustan Times who works as state correspondent from Odisha covering the state's politics, governance, public policy, natural disasters, environment and its society for close to three decades."
07d1d21263781821_p013,07d1d21263781821,EVT_00599,hindustan_times,Development,Bharatiya Janata Party (BJP),Positive,0.8,"His reporting combines on-ground detail with deep institutional knowledge detailing the state's changing politics, governance issues, administrative reforms and the functioning of its public institutions."
07d1d21263781821_p013,07d1d21263781821,EVT_00599,hindustan_times,Development,Biju Janata Dal (BJD),Positive,0.8,"His reporting combines on-ground detail with deep institutional knowledge detailing the state's changing politics, governance issues, administrative reforms and the functioning of its public institutions."
07d1d21263781821_p014,07d1d21263781821,EVT_00599,hindustan_times,Development,Mohanty,Positive,0.9,"His coverage extends to public health, governance reforms and stories on accountability of government institutions."
07d1d21263781821_p015,07d1d21263781821,EVT_00599,hindustan_times,Development,Mohanty,Positive,0.9,"In 2007, he was selected for the prestigious Chevening Young Indian Print Journalist Programme at the University of Lincoln, United Kingdom, where he received advanced training in print journalism."
07d1d21263781821_p015,07d1d21263781821,EVT_00599,hindustan_times,Development,Mohanty,Positive,0.9,In 2009 he won the Press Institute of India-International Committee of Red Cross award on conflict reporting for his on-ground reportage of 2008 Kandhamal riots.
549deae06a43349d_p001,549deae06a43349d,EVT_00599,india_today,Protest,Jagannath Rath Yatra,Positive,0.9,Rain fails to dampen fervour
549deae06a43349d_p002,549deae06a43349d,EVT_00599,india_today,"Community Gatherings, Religious Practices",Religious Community (Jagannath Temple),Neutral,0.9,Lakhs of devotees gathered in rain-soaked Puri
549deae06a43349d_p003,549deae06a43349d,EVT_00599,india_today,Religion & Rituals,"Lord Jagannath, Lord Balabhadra and Devi Subhadra",Neutral,1.0,"""Amid relentless monsoon showers, chants of ""Jai Jagannath"" echoed across Puri on Thursday as the annual Rath Yatra of Lord Jagannath...""
"
549deae06a43349d_p004,549deae06a43349d,EVT_00599,india_today,Safety & Security,Hindu Pilgrimage Authorities,Neutral,0.9,enhanced security measures
549deae06a43349d_p005,549deae06a43349d,EVT_00599,india_today,Ceremony & Ritual,Jagannath Temple,Neutral,1.0,"Braving heavy rain, thousands of devotees lined the 2.6-km ceremonial route from the early hours, eagerly waiting for the sacred Pahandi ritual."
549deae06a43349d_p006,549deae06a43349d,EVT_00599,india_today,Religion & Culture,Religious Festival,Neutral,0.8,"The deities then begin their annual journey to the Shree Gundicha Temple, revered as their birthplace"
549deae06a43349d_p007,549deae06a43349d,EVT_00599,india_today,Religion & Rituals,"Puri's titular king, Gajapati Maharaja Dibyasingha Deb",Neutral,0.8,symbolically swept the chariots with a golden broom
549deae06a43349d_p008,549deae06a43349d,EVT_00599,india_today,Cultural Preservation,Puri,Neutral,0.8,"Beyond Puri, the Jagannath Rath Yatra is also celebrated with equal religious fervour across several states, including Uttar Pradesh and Gujarat, drawing large crowds of devotees who participate in ceremonial chariot processions and prayers."
549deae06a43349d_p009,549deae06a43349d,EVT_00599,india_today,Religion & Culture,Puri Shankaracharya Swami Nischalananda Saraswati,Neutral,0.9,"The customary visit of Puri Shankaracharya Swami Nischalananda Saraswati also took place before the chariots commenced their journey, temple officials said."
549deae06a43349d_p010,549deae06a43349d,EVT_00599,india_today,Law & Order,Odhisa Government and Security Forces,Positive,0.9,"A multi-layered security cover has been thrown around the coastal town, with nearly 13,000 personnel"
549deae06a43349d_p011,549deae06a43349d,EVT_00599,india_today,Law & Order,Authorities,Positive,0.9,"Authorities said surveillance, traffic regulation, emergency response and crowd control have been significantly strengthened"
549deae06a43349d_p012,549deae06a43349d,EVT_00599,india_today,Law & Order,Officials,Positive,0.9,a comprehensive crowd-management strategy has been put in place this year to prevent a repeat of the tragedy
549deae06a43349d_p013,549deae06a43349d,EVT_00599,india_today,Law & Order,Administration,Positive,0.9,"To ensure the procession remains uninterrupted, the administration deployed pumps and drainage systems to prevent waterlogging"
0b6c07f816613b3f_p001,0b6c07f816613b3f,EVT_00601,hindustan_times,Violence,Kanwariya,Negative,0.9,Kanwariyas vandalise pickup truck after vehicle allegedly brushed against Kanwar in UP's Muzaffarnagar
0b6c07f816613b3f_p002,0b6c07f816613b3f,EVT_00601,hindustan_times,Protest,"Naveen, Prince and Navneet",Neutral,0.8,"a group of kanwariyas, including Naveen, Prince and Navneet"
0b6c07f816613b3f_p003,0b6c07f816613b3f,EVT_00601,hindustan_times,Violence,Kanwariyas (police may refer to these as protesters or religious groups),Negative,0.9,A group of kanwariyas allegedly vandalised a pickup vehicle
0b6c07f816613b3f_p004,0b6c07f816613b3f,EVT_00601,hindustan_times,Religion & Spirituality,"Naveen, Prince and Navneet",Neutral,0.8,"The incident took place near Khadar Chowk in Purkazi town on Wednesday night when a group of kanwariyas, including Naveen, Prince and Navneet, was returning from Haridwar carrying holy water in ‘kanwars’"
0b6c07f816613b3f_p005,0b6c07f816613b3f,EVT_00601,hindustan_times,Protest,Delhi's Shahdara,Negative,0.9,‘Spent last three days without any sleep’: Delhi’s Shahdara worst affected by Kanwar ‘music’
0b6c07f816613b3f_p006,0b6c07f816613b3f,EVT_00601,hindustan_times,Violence,Kanwar,Negative,0.8,Vehicle brushed against Kanwars
0b6c07f816613b3f_p007,0b6c07f816613b3f,EVT_00601,hindustan_times,Protest,pilgrims,Negative,0.9,who allegedly vandalised the vehicle
0b6c07f816613b3f_p008,0b6c07f816613b3f,EVT_00601,hindustan_times,Law & Order,Police,Neutral,0.9,"Police rushed to the spot after receiving information about the incident and brought the situation under control, the SHO said."
0b6c07f816613b3f_p009,0b6c07f816613b3f,EVT_00601,hindustan_times,Violence,kanwariyas,Negative,0.9,police seized the pickup vehicle and launched an investigation into the incident.
0b6c07f816613b3f_p010,0b6c07f816613b3f,EVT_00601,hindustan_times,Development,UP DGP,Positive,0.9,"Also Read | UP DGP sets ‘Zero Incident, Zero Accident’ target for Kanwar Yatra"
0b6c07f816613b3f_p011,0b6c07f816613b3f,EVT_00601,hindustan_times,Infrastructure Development,Delhi-Haridwa National Highway,Neutral,0.8,Traffic affected briefly on Delhi-Haridwa National Highway
0b6c07f816613b3f_p012,0b6c07f816613b3f,EVT_00601,hindustan_times,Law & Order,police,Neutral,0.9,police said
0b6c07f816613b3f_p013,0b6c07f816613b3f,EVT_00601,hindustan_times,Religion and Ritual,Kanwar Yatra organizers or religious authorities,Neutral,0.9,The annual Kanwar Yatra is scheduled to begin on July 30 this year
0b6c07f816613b3f_p014,0b6c07f816613b3f,EVT_00601,hindustan_times,Development,"UP (likely referring to Uttar Pradesh, a state in India)",Neutral,0.8,prepare for Kanwar Mela 2026
0b6c07f816613b3f_p015,0b6c07f816613b3f,EVT_00601,hindustan_times,Law & Order,Uttarakhand Police,Neutral,0.9,held a high-level review meeting on Thursday to assess security and logistical preparations
0b6c07f816613b3f_p016,0b6c07f816613b3f,EVT_00601,hindustan_times,Law & Order,Deepam Seth,Neutral,0.9,Chairing a meeting by Director General of Police (DGP) Deepam Seth at the Police Headquarters.
0b6c07f816613b3f_p017,0b6c07f816613b3f,EVT_00601,hindustan_times,Law & Order,Uttarakhand Police,Positive,0.9,"Ensuring the safety of pilgrims, smooth movement, effective traffic management, and maintaining law and order are the top priorities"
0b6c07f816613b3f_p018,0b6c07f816613b3f,EVT_00601,hindustan_times,Development,Government/Leadership,Positive,0.9,He directed all officers to complete preparations well in advance and coordinate closely with the concerned departments and neighbouring states.
0b6c07f816613b3f_p019,0b6c07f816613b3f,EVT_00601,hindustan_times,Law & Order,Rajeev Krishna,Neutral,0.8,Uttar Pradesh Director General of Police (DGP) Rajeev Krishna
0b6c07f816613b3f_p019,0b6c07f816613b3f,EVT_00601,hindustan_times,Election Strategy,Rajeev Krishna,Positive,0.6,Uttar Pradesh Director General of Police (DGP) Rajeev Krishna also directed
0b6c07f816613b3f_p019,0b6c07f816613b3f,EVT_00601,hindustan_times,Policy,Rajeev Krishna,Positive,0.7,"Zero Incident’ and ‘Zero Accident’, while ordering a week-long statewide drive to trace active criminals"
f6ed81863d8ea75e_p001,f6ed81863d8ea75e,EVT_00601,the_hindu,Violence,Police,Neutral,0.9,police said
f6ed81863d8ea75e_p002,f6ed81863d8ea75e,EVT_00601,the_hindu,Law & Order,police,Negative,0.9,launched an investigation into the incident
f6ed81863d8ea75e_p003,f6ed81863d8ea75e,EVT_00601,the_hindu,Religious Practice or Tradition,"Naveen, Prince and Navneet",Neutral,0.9,"A group of kanwariyas, including Naveen, Prince and Navneet, was returning from Haridwar carrying holy water in 'kanwars'."
f6ed81863d8ea75e_p004,f6ed81863d8ea75e,EVT_00601,the_hindu,Violence,Manvendra Singh Bhati,Negative,0.9,"According to Station House Officer (SHO) Manvendra Singh Bhati, the pickup vehicle allegedly brushed against one of the 'kanwars', triggering anger among the pilgrims who allegedly vandalised the vehicle."
f6ed81863d8ea75e_p005,f6ed81863d8ea75e,EVT_00601,the_hindu,Law & Order,SHO (likely referring to a Police Chief or similar official),Neutral,1.0,"Police rushed to the spot on receiving information about the incident and brought the situation under control, the SHO said."
f6ed81863d8ea75e_p006,f6ed81863d8ea75e,EVT_00601,the_hindu,Law & Order,police,Neutral,0.9,"Traffic on the Delhi-Haridwar National Highway, which was briefly affected due to the commotion, was later restored, police said."
f6ed81863d8ea75e_p007,f6ed81863d8ea75e,EVT_00601,the_hindu,Religion & Spirituality,Kanwar Yatra,Neutral,0.9,The annual Kanwar Yatra is scheduled to start this year on July 30 and will conclude on August 11. Some people begin their pilgrimage before the yatra officially kicks in.
f6ed81863d8ea75e_p008,f6ed81863d8ea75e,EVT_00601,the_hindu,Violence,President John Doe,Negative,0.85,"The President called for calm, urging citizens to maintain peace and order during the protests."
f6ed81863d8ea75e_p008,f6ed81863d8ea75e,EVT_00601,the_hindu,Protest,Party X,Positive,0.72,Party X condemned violence but supported peaceful demonstrations against government policies.
4f8aeedcb1a988bb_p001,4f8aeedcb1a988bb,EVT_00561,hindustan_times,Policy,India,Neutral,0.8,'Don't deploy Indian sailors…'
4f8aeedcb1a988bb_p002,4f8aeedcb1a988bb,EVT_00561,hindustan_times,Violence,Indian nationals (specific individuals - Rohan Kumar and Herambh Karmarkar),Negative,0.95,"Two Indian nationals, 31-year-old Rohan Kumar from Bihar's Gopalganj and 30-year-old Herambh Karmarkar from Pune, have been killed in separate attacks on ships."
4f8aeedcb1a988bb_p003,4f8aeedcb1a988bb,EVT_00561,hindustan_times,Law & Order,India,Neutral,0.8,"directed shipowners, ship managers and recruitment companies not to deploy Indian seafarers on vessels passing through the Strait of Hormuz"
4f8aeedcb1a988bb_p004,4f8aeedcb1a988bb,EVT_00561,hindustan_times,Violence,Indian Government,Neutral,0.8,The move comes after two Indian seafarers were killed in separate attacks on vessels in the region over the past three days.
4f8aeedcb1a988bb_p005,4f8aeedcb1a988bb,EVT_00561,hindustan_times,Election Strategy,Centre,Neutral,0.85,"notice to shipowners, ship managers"
4f8aeedcb1a988bb_p006,4f8aeedcb1a988bb,EVT_00561,hindustan_times,Law & Order,DGMA (Designated Government Management Agency),Negative,0.9,"In its order dated Wednesday (July 15, 2026), the DGMA instructed shipowners, ship managers and recruitment companies not to deploy Indian seafarers on vessels travelling through the Strait of Hormuz until further orders."
4f8aeedcb1a988bb_p007,4f8aeedcb1a988bb,EVT_00561,hindustan_times,Election Strategy,Indian Seafarers,Negative,0.8,"Companies are directed to avoid deploying Indian seafarers on vessels undertaking voyages involving passage through the Strait of Hormuz until further orders,"
4f8aeedcb1a988bb_p008,4f8aeedcb1a988bb,EVT_00561,hindustan_times,Security and Conflict,shipping regulator,Negative,0.85,The shipping regulator said recent attacks on commercial vessels had 'significantly' increased the risks for seafarers operating in the conflict-hit region.
4f8aeedcb1a988bb_p009,4f8aeedcb1a988bb,EVT_00561,hindustan_times,Security Strategy,Indian Government,Neutral,0.8,"""the Directorate considers it necessary to adopt enhanced precautionary measures..."""
4f8aeedcb1a988bb_p010,4f8aeedcb1a988bb,EVT_00561,hindustan_times,Security Strategy,Regulator,Neutral,0.9,regulator also asked masters of vessels to remain alert
4f8aeedcb1a988bb_p011,4f8aeedcb1a988bb,EVT_00561,hindustan_times,Law & Order,Indian Government,Neutral,0.9,"""DGMA continues to closely monitor the evolving security situation and remains committed to safeguarding the safety, security and welfare of Indian seafarers."""
4f8aeedcb1a988bb_p012,4f8aeedcb1a988bb,EVT_00561,hindustan_times,Violence,Indian Government,Negative,0.9,Recent attacks
4f8aeedcb1a988bb_p013,4f8aeedcb1a988bb,EVT_00561,hindustan_times,Violence,Rohan Kumar and Herambh Karmarkar,Negative,0.9,"Two Indian nationals, 31-year-old Rohan Kumar from Bihar's Gopalganj district and 30-year-old Herambh Karmarkar from Pune, have been killed in separate attacks on ships passing through the Strait of Hormuz"
4f8aeedcb1a988bb_p014,4f8aeedcb1a988bb,EVT_00561,hindustan_times,Violence,Saudi Arabia,Negative,0.9,"missile attacks on two Emirati oil tankers, MT Mombasa and MT Al Bahiyah"
4f8aeedcb1a988bb_p014,4f8aeedcb1a988bb,EVT_00561,hindustan_times,Violence,Iran,Negative,0.9,"missile attacks on two Emirati oil tankers, MT Mombasa and MT Al Bahiyah"
4f8aeedcb1a988bb_p015,4f8aeedcb1a988bb,EVT_00561,hindustan_times,Law & Order,Sameer Saurabh,Neutral,0.9,"An official has especially been sent to the deceased’s family to initiate the paperwork to repatriate the body,” district magistrate (DM) Sameer Saurabh told HT earlier while confirming his death."
4f8aeedcb1a988bb_p016,4f8aeedcb1a988bb,EVT_00561,hindustan_times,Violence,Indian Consulate in Dubai,Neutral,0.9,the Indian Consulate in Dubai said
4f8aeedcb1a988bb_p017,4f8aeedcb1a988bb,EVT_00561,hindustan_times,Violence,Indian government,Neutral,0.8,"We express our deepest condolences at the tragic demise of an Indian national due to an attack on the commercial vessel MV GFS Galaxy on 12 July 2026,"
4f8aeedcb1a988bb_p018,4f8aeedcb1a988bb,EVT_00561,hindustan_times,Protest,Anand Prakash,Negative,0.9,lodged a strong protest
4f8aeedcb1a988bb_p019,4f8aeedcb1a988bb,EVT_00561,hindustan_times,Media Coverage,Hindustan Times,Neutral,0.9,"Operating round the clock, the desk brings together experienced editors, reporters and correspondents to deliver fast, accurate and contextual reporting across subjects that influence public policy, governance, business, society and international affairs."
4f8aeedcb1a988bb_p020,4f8aeedcb1a988bb,EVT_00561,hindustan_times,News Coverage,HT News Desk,Neutral,1.0,"The HT News Desk covers politics, elections, government policies, the economy, business and markets, science and technology, the environment, law and order, infrastructure, education, climate issues and geopolitics, while closely tracking developments across states, institutions and global capitals."
4f8aeedcb1a988bb_p020,4f8aeedcb1a988bb,EVT_00561,hindustan_times,News Coverage,HT News Desk,Neutral,1.0,"The HT News Desk also leads coverage of major breaking news events, policy announcements, court proceedings, natural disasters, public emergencies and significant international developments."
4f8aeedcb1a988bb_p021,4f8aeedcb1a988bb,EVT_00561,hindustan_times,Accuracy & Relevance,News Desk,Neutral,1.0,"Stories undergo editorial scrutiny and verification processes to ensure accuracy, fairness and relevance, and are updated as events evolve and additional information becomes available."
4f8aeedcb1a988bb_p022,4f8aeedcb1a988bb,EVT_00561,hindustan_times,News Coverage,HT News Desk,Neutral,1.0,Read More
c006900beedd2e7c_p001,c006900beedd2e7c,EVT_00628,the_times_of_india,Protest,Sonam Wangchuk,Neutral,0.8,"""not in good shape, but not so bad"" as his indefinite hunger strike against alleged examination irregularities and the NEET paper leak entered Day 19."
c006900beedd2e7c_p002,c006900beedd2e7c,EVT_00628,the_times_of_india,Protest,Wangchuk,Neutral,0.9,"In a video message shared on X, Wangchuk urged people to join the scheduled march"
c006900beedd2e7c_p003,c006900beedd2e7c,EVT_00628,the_times_of_india,Hunger Strike and Policy Response,Wangchuk,Neutral,0.8,"""Thousands of you have sent me messages asking me to end my hunger strike and eat something. Many senior leaders have come to meet me—some speaking with affection, others urging me sternly. Some have even appealed to the court, asking the government to force-feed me,"" Wangchuk said."
c006900beedd2e7c_p004,c006900beedd2e7c,EVT_00628,the_times_of_india,Protest,Government,Negative,0.9,"""The only message the government will receive is that there is no need for accountability. People sit on a protest, and then they simply leave,"" he added."
c006900beedd2e7c_p005,c006900beedd2e7c,EVT_00628,the_times_of_india,Health Crisis,Wangchuk,Negative,0.9,"Despite his deteriorating health, Wangchuk asserted that he can continue his hunger strike for 'several more days'"
c006900beedd2e7c_p006,c006900beedd2e7c,EVT_00628,the_times_of_india,Healthcare,Unknown,Neutral,0.9,"""I even had an ECG today, and it was not bad."""
c006900beedd2e7c_p007,c006900beedd2e7c,EVT_00628,the_times_of_india,Protest,Unknown (Person speaking),Neutral,0.9,"On July 20, come out in such large numbers that a clear message reaches the government,"
c006900beedd2e7c_p008,c006900beedd2e7c,EVT_00628,the_times_of_india,Health & Wellbeing,Wangchuk,Negative,0.9,"has been losing muscle mass and is in ""immense pain"", adding that the activist has lost 8.5 kg since the beginning of his fast."
c006900beedd2e7c_p009,c006900beedd2e7c,EVT_00628,the_times_of_india,Law & Order,Unknown Politician or Party,Neutral,0.8,"Earlier in the day, a plea was filed"
c006900beedd2e7c_p010,c006900beedd2e7c,EVT_00628,the_times_of_india,"Healthcare Access & Quality, Violence",Wangchuk,Negative,0.8,Delhi High Court seeking to force-feed Wangchuk and shift him to a government hospital.
c006900beedd2e7c_p011,c006900beedd2e7c,EVT_00628,the_times_of_india,Health Crisis & Advocacy,Wangchuk,Negative,0.8,"According to the petition, Wangchuk's condition has worsened significantly, and he could lose his life within two days if the hunger strike continues."
c006900beedd2e7c_p012,c006900beedd2e7c,EVT_00628,the_times_of_india,Protest,Wangchuk,Negative,0.9,"Earlier, several Opposition leaders appealed to Wangchuk to end his indefinite hunger strike"
c006900beedd2e7c_p013,c006900beedd2e7c,EVT_00628,the_times_of_india,Protest,Dharmendra Pradhen,Negative,1.0,The organisation has announced a march to Parliament on July 20.
5823ccff0b5991f8_p001,5823ccff0b5991f8,EVT_00652,hindustan_times,Protest,Sonam Wangchuk,Neutral,0.85,Not in good shape but…
5823ccff0b5991f8_p002,5823ccff0b5991f8,EVT_00652,hindustan_times,Health and Medical,Wangchuk,Neutral,0.9,public interest litigation expressing concern over Wangchuk's deteriorating health.
5823ccff0b5991f8_p003,5823ccff0b5991f8,EVT_00652,hindustan_times,Protest,Sonam Wangchuk,Positive,0.9,indefinite hunger strike
5823ccff0b5991f8_p003,5823ccff0b5991f8,EVT_00652,hindustan_times,Protest,Cockroach Janta Party,Neutral,0.8,for a peaceful march to the Parliament on July 20
5823ccff0b5991f8_p004,5823ccff0b5991f8,EVT_00652,hindustan_times,Protest,Wangchuk,Neutral,0.9,I’m not in good shape but not so bad either... Rather than asking me to break my fast please join me on 20th July... Peaceful March to the Parliament
5823ccff0b5991f8_p005,5823ccff0b5991f8,EVT_00652,hindustan_times,Health Concerns,Wangchuk,Negative,0.9,a public interest litigation expressing concern over Wangchuk's deteriorating health
5823ccff0b5991f8_p006,5823ccff0b5991f8,EVT_00652,hindustan_times,Violence,Healthcare System,Negative,0.85,"ensure he receives appropriate medical treatment and provide him with nutritional support through force-feeding, if necessary."
5823ccff0b5991f8_p007,5823ccff0b5991f8,EVT_00652,hindustan_times,Development,Politicians and actors,Neutral,0.8,"Also Read | Who has supported Sonam Wangchuk so far? A look at list of politicians, actors amid hunger strike concerns"
5823ccff0b5991f8_p008,5823ccff0b5991f8,EVT_00652,hindustan_times,Solidarity,Cockroach Janata Party,Positive,0.9,The Cockroach Janata Party (CJP) has called for a one-day mass hunger strike on today in solidarity with Wangchuk and students across the country.
5823ccff0b5991f8_p009,5823ccff0b5991f8,EVT_00652,hindustan_times,Protest,CJP (Central Justice Party),Protest,0.9,"""Tomorrow, July 16th, join us for 1-day mass hunger strike in solidarity with Sonam Wangchuk and the students of this country."""
5823ccff0b5991f8_p010,5823ccff0b5991f8,EVT_00652,hindustan_times,Protest,Wangchuk,Negative,0.9,"Wangchuk, who has been on an indefinite hunger strike, said on Wednesday that he would not end his fast as doing so would send a message that the protests were not serious."
5823ccff0b5991f8_p011,5823ccff0b5991f8,EVT_00652,hindustan_times,Health & Medicine,Politician,Neutral,0.9,"In a video message, he said that although he was losing muscle mass, his heart and other vital organs were functioning well and his medical reports remained normal."
5823ccff0b5991f8_p012,5823ccff0b5991f8,EVT_00652,hindustan_times,Protest,politician (appealing),Positive,0.9,He appealed to supporters and well-wishers
5823ccff0b5991f8_p013,5823ccff0b5991f8,EVT_00652,hindustan_times,Health Crisis,Wangchuk,Negative,0.9,CJP founder Abhijeet Dipke said Wangchuk's condition had worsened significantly during the fast.
5823ccff0b5991f8_p014,5823ccff0b5991f8,EVT_00652,hindustan_times,Health Crisis & Hunger Strike,Wangchuk,Negative,0.9,"leaders across political parties, including Trinamool Congress chief Mamata Banerjee, Samajwadi Party president Akhilesh Yadav, Shiv Sena (UBT) chief Uddhav Thackeray and AAP national convenor Arvind Kejriwal appealed to Wangchuk"
5823ccff0b5991f8_p015,5823ccff0b5991f8,EVT_00652,hindustan_times,Protest,CJP (likely referring to the CJP group or a similar organization),Positive,0.9,claiming support for its agitation was growing across political parties
5823ccff0b5991f8_p016,5823ccff0b5991f8,EVT_00652,hindustan_times,Law & Order,Indian Government,Negative,0.9,"""sit back and watch one of its greatest minds be sacrificed"""
5823ccff0b5991f8_p017,5823ccff0b5991f8,EVT_00652,hindustan_times,Health and Personal Crisis,Wangchuk,Neutral,0.8,also appealed to the public to pay attention to Wangchuk's worsening health
b1bed819191590ce_p001,b1bed819191590ce,EVT_00652,india_today,Protest,Sonam Wangchuk,Neutral,0.9,"Don't ask me to end fast, join July 20 march to Parliament instead"
b1bed819191590ce_p002,b1bed819191590ce,EVT_00652,india_today,Election Strategy,Sonam Wangchuk,Positive,0.9,"adding that the march will be a ""real lesson in political science and democracy""."
b1bed819191590ce_p003,b1bed819191590ce,EVT_00652,india_today,Protest,Sonam Wangchuk,Negative,0.9,"Activist Sonam Wangchuk, in a late-night video message on Wednesday, refused to end his indefinite hunger strike"
b1bed819191590ce_p004,b1bed819191590ce,EVT_00652,india_today,Protest,Wangchuk,Negative,0.9,the message to the government will be that there is no need for accountability
b1bed819191590ce_p004,b1bed819191590ce,EVT_00652,india_today,Protest,Wangchuk,Negative,0.85,Protesters sit and leave...
b1bed819191590ce_p005,b1bed819191590ce,EVT_00652,india_today,Education,Cockroach Janta Party,Positive,0.8,"""a 'real lesson in political science and democracy' for students"""
b1bed819191590ce_p006,b1bed819191590ce,EVT_00652,india_today,Protest,Wangchuk (presumably a politician or leader),Negative,0.9,"In the video, shared on the 18th day of his hunger strike, Wangchuk said he had received thousands of requests from supporters to end his fast"
b1bed819191590ce_p007,b1bed819191590ce,EVT_00652,india_today,Law & Order,senior politicians,Negative,0.9,"Many senior politicians have come to me and spoken to me with love and concern. Some have even approached the court seeking directions to make me eat,"
b1bed819191590ce_p008,b1bed819191590ce,EVT_00652,india_today,Protest,Sonam Wangchuk,Negative,0.9,closely observing Sonam Wangchuk's hunger strike
b1bed819191590ce_p009,b1bed819191590ce,EVT_00652,india_today,Health Policy,Wangchuk,Neutral,0.8,"Addressing concerns over his health, Wangchuk said medical tests had not shown any immediate danger and that he was fit to continue the fast."
b1bed819191590ce_p010,b1bed819191590ce,EVT_00652,india_today,Healthcare/Policy,"Unknown (Context suggests a political figure or leader, but name not provided)",Neutral,0.8,My condition is not such that I will die in two-four days. Many medical tests have been conducted and the results are quite normal for an 18-day fast. An ECG was also done and it is not bad.
b1bed819191590ce_p011,b1bed819191590ce,EVT_00652,india_today,Health & Fitness,Wangchuk,Neutral,0.8,"There is weakness and my muscles are getting weak, but my heart and core are still fine,"
b1bed819191590ce_p012,b1bed819191590ce,EVT_00652,india_today,Education Strategy,Wangchuk,Positive,0.9,"Furthermore, Wangchuk also appealed to schools, colleges and universities to mark July 20 as a day of 'experiential education' under the National Education Policy by joining the march"
b1bed819191590ce_p013,b1bed819191590ce,EVT_00652,india_today,Protest,Wangchuk,Positive,0.85,"Come in thousands on July 20. Together, we will hand over this issue to Parliament."
b1bed819191590ce_p014,b1bed819191590ce,EVT_00652,india_today,Protest,Cockroach Janta Party (CJP),Negative,0.9,"protesting at Jantar Mantar, demanding the resignation of Union Education Minister Dharmendra Pradhan over irregularities in the NEET examination."
b1bed819191590ce_p014,b1bed819191590ce,EVT_00652,india_today,Election Strategy,Cockroach Janta Party (CJP),Negative,0.8,"announced the ""Chalo Sansad"" march on July 20, coinciding with the first day of the Monsoon Session of Parliament."
307b8f472dea0154_p001,307b8f472dea0154,EVT_00628,india_today,Protest,Sonam Wangchuk,Negative,0.95,I'm not in good shape: Sonam Wangchuk enters Day 19 of indefinite hunger strike
307b8f472dea0154_p002,307b8f472dea0154,EVT_00628,india_today,Health Crisis/Protestor Condition,Sonam Wangchuk,Negative,0.85,"the 59-year-old activist's weight has dropped to 56.65 kg, down 500 grams in the last 24 hours and over 9 kg since the start of his hunger strike."
307b8f472dea0154_p003,307b8f472dea0154,EVT_00628,india_today,Health/Condition,Politician or Party,Neutral,0.9,"""I'm not in good shape but not so bad either."""
307b8f472dea0154_p004,307b8f472dea0154,EVT_00628,india_today,Protest,Sonam Wangchuk,Negative,0.9,"That's what a frail-looking Sonam Wangchuk, who entered the 19th day of his indefinite hunger strike at Jantar Mantar on Thursday, demanding Union Education Minister Dharmendra Pradhan's resignation over irregularities in the NEET examination, said in a video message posted late last night."
307b8f472dea0154_p005,307b8f472dea0154,EVT_00628,india_today,Health and Hunger Strike,Sonam Wangchuk,Negative,0.85,had lost more than 9 kg after 19 days of his indefinite hunger strike at Jantar Mantar.
307b8f472dea0154_p006,307b8f472dea0154,EVT_00628,india_today,Health Crisis,Wangchuk,Negative,0.8,"His blood pressure was recorded at 105/61 mmHg, blood sugar at 80 mg/dL"
307b8f472dea0154_p007,307b8f472dea0154,EVT_00628,india_today,Protest,Wangchuk,Neutral,1.0,"""Rather than asking me to break my fast, please join me on 20th July... Peaceful March to the Parliament,"" he said."
307b8f472dea0154_p008,307b8f472dea0154,EVT_00628,india_today,Protest,Sonam Wangchuk,Neutral,0.9,"CJP protest site at Jantar Mantar, closely observing Sonam Wangchuk's hunger strike and the protest from the ground."
307b8f472dea0154_p009,307b8f472dea0154,EVT_00628,india_today,Protest,"AISA leaders Neha, Manish and Aameen",Negative,0.9,"Neha has lost 5.85 kg during the fast, while Manish and Aameen have lost 8.2 kg and 8.3 kg, respectively, with all three recording low blood sugar levels."
307b8f472dea0154_p010,307b8f472dea0154,EVT_00628,india_today,Protest,JNU (Joint Students Union),Negative,0.9,"The student outfit also said JNUSU joint secretary Danish, JNU Barak Hostel president Hrishikesh and Delhi University student leader Deepak have been hospitalised"
307b8f472dea0154_p011,307b8f472dea0154,EVT_00628,india_today,Protest,Wangchuk,Negative,0.9,POLITICAL LEADERS URGE WANGCHUK TO END HUNGER STRIKE
307b8f472dea0154_p012,307b8f472dea0154,EVT_00628,india_today,Protest,Congress Party,Positive,0.9,"protest has also drawn political support, with Congress MP Shashi Tharoor on Wednesday made an emotional appeal to Wangchuk"
307b8f472dea0154_p013,307b8f472dea0154,EVT_00628,india_today,Protest,Shri Sonam Wangchuk-ji,Positive,0.9,You have awakened the conscience of the nation; that is what a fast is meant to do.
307b8f472dea0154_p014,307b8f472dea0154,EVT_00628,india_today,Policy,Mamata Banerjee,Neutral,0.8,"""Earlier, on Tuesday, Trinamool Congress chief Mamata Banerjee"""
307b8f472dea0154_p014,307b8f472dea0154,EVT_00628,india_today,Policy,Akshilesh Yadav,Neutral,0.8,"""Samajwadi Party president Akhilesh Yadav"""
307b8f472dea0154_p014,307b8f472dea0154,EVT_00628,india_today,Policy,Uddhav Thackeray,Neutral,0.8,"""Shiv Sena (UBT) chief Uddhav Thackeray"""
307b8f472dea0154_p014,307b8f472dea0154,EVT_00628,india_today,Policy,Arvind Kejriwal,Neutral,0.8,"""AAP national convenor Arvind Kejriwal"""
307b8f472dea0154_p014,307b8f472dea0154,EVT_00628,india_today,Policy,Zeenat Aman,Neutral,0.8,"""actor Zeenat Aman appealed to the government"""
307b8f472dea0154_p015,307b8f472dea0154,EVT_00628,india_today,Solidarity,Shankersinh Vaghela,Neutral,0.8,Former Gujarat chief minister Shankersinh Vaghela and actor Swara Bhaskar also visited the protest site at Jantar Mantar to express solidarity.
307b8f472dea0154_p016,307b8f472dea0154,EVT_00628,india_today,Healthcare & Policy,Centre (India) & Delhi Government,Negative,0.9,"seeking urgent medical intervention for Wangchuk, urging the Centre and the Delhi government to shift him to a hospital"
307b8f472dea0154_p017,307b8f472dea0154,EVT_00628,india_today,Protest,protesters,Negative,0.9,amid growing concerns over their deteriorating health
307b8f472dea0154_p018,307b8f472dea0154,EVT_00628,india_today,Violence,Pradhan (presumably referring to Narendra Modi or a similar government official),Negative,0.8,"signatories, including actors Naseeruddin Shah and Ratna Pathak Shah, writer Arundhati Roy, economist Jean Drze, academic Jayati Ghosh, scholar Nivedita Menon and academic Anuradha Chenoy, said they fully supported the demand for Pradhan's resignation"
307b8f472dea0154_p019,307b8f472dea0154,EVT_00628,india_today,Protest,Dharmendra Pradhan,Negative,0.9,"held him accountable for irregularities in the NEET examination, including the paper leak that triggered widespread controversy and re-test."
307b8f472dea0154_p020,307b8f472dea0154,EVT_00628,india_today,Protest/Election Strategy,CJP (Citizens' Joint Panel),Positive,0.85,"demanding a transparent examination system, accountability for repeated paper leaks and the removal of the education minister."
307b8f472dea0154_p021,307b8f472dea0154,EVT_00628,india_today,Protest,The organization,Positive,1.0,"""Until the resignation happens, we'll stand firm. 20 July, march to Parliament,"" the organisation said in a post on X."
307b8f472dea0154_p022,307b8f472dea0154,EVT_00628,india_today,Violence,CJP (Centre for Just Cause),Negative,0.9,"Furthermore, CJP founder Abhijeet Dipke on Wednesday accused the Centre of remaining silent"
307b8f472dea0154_p023,307b8f472dea0154,EVT_00628,india_today,Violence,government,Negative,0.9,The government is not just unaccountable; it is also cruel
307b8f472dea0154_p024,307b8f472dea0154,EVT_00628,india_today,"Leadership Failure, Law & Order",Prime Minister Narendra Modi,Negative,0.9,"Questioning the Centre's response, Dipke said the real issues were why Prime Minister Narendra Modi was refusing to engage in dialogue"
307b8f472dea0154_p024,307b8f472dea0154,EVT_00628,india_today,"Leadership Failure, Accountability Issues",Union Education Minister Dharmendra Pradhan,Negative,0.9,"Questioning the Centre's response, Dipke said the real issues were why Union Education Minister Dharmendra Pradhan had not been held accountable"
307b8f472dea0154_p025,307b8f472dea0154,EVT_00628,india_today,Law & Order,Prime Minister,Negative,0.9,Why is the Prime Minister refusing to engage in a dialogue?
307b8f472dea0154_p025,307b8f472dea0154,EVT_00628,india_today,Law & Order,Education Minister,Negative,0.85,Why is the Education Minister still not being held accountable?
307b8f472dea0154_p026,307b8f472dea0154,EVT_00628,india_today,Protest,CJP (likely referring to Congress Party or similar group),Positive,0.9,The CJP also appealed to supporters to change their social media display pictures as a mark of solidarity with Wangchuk and claimed that more than 1.3 lakh people have registered support through its missed-call campaign for the Parliament march.
e274b6dd63e578f5_p001,e274b6dd63e578f5,EVT_00645,india_today,Violence,Government of Uttarakhand,Negative,0.8,Worker killed after concrete lining falls
e274b6dd63e578f5_p002,e274b6dd63e578f5,EVT_00645,india_today,Development,Construction Company,Neutral,0.9,The project manager of the company carrying out the tunnel's construction said.
e274b6dd63e578f5_p003,e274b6dd63e578f5,EVT_00645,india_today,Violence,Construction Companies,Negative,0.85,"A young worker was killed after a section of concrete lining fell on him inside the under-construction Silkyara Tunnel in Uttarakhand's Uttarkashi district during the early hours of Friday, according to authorities."
e274b6dd63e578f5_p004,e274b6dd63e578f5,EVT_00645,india_today,Incident Report,Unknown,Neutral,1.0,"The body has been sent for post-mortem examination. The incident occurred at around 2 am, approximately 900 metres inside the tunnel from the Barkot side, preliminary information suggests."
e274b6dd63e578f5_p005,e274b6dd63e578f5,EVT_00645,india_today,Development,government,Neutral,0.8,"The man hailed from Jharkhand, the project manager of the company carrying out the tunnel's construction said."
e274b6dd63e578f5_p006,e274b6dd63e578f5,EVT_00645,india_today,Accident/Injury,"Uttarkashi District Magistrate, Prashant Arya",Negative,0.9,(shotcrete) lining collapsed about 900 metres inside from the Barkot side. A 21-year-old labourer from Jharkhand died after being trapped under the fallen concrete)
e274b6dd63e578f5_p007,e274b6dd63e578f5,EVT_00645,india_today,Development,National Highways & Infrastructure Development Corporation Limited (NHIDCL),Neutral,0.9,A thorough investigation into the accident will be conducted by the National Highways & Infrastructure Development Corporation Limited (NHIDCL)
e274b6dd63e578f5_p008,e274b6dd63e578f5,EVT_00645,india_today,Law & Order,Police or Accident Investigation Team,Neutral,0.9,The exact cause of the accident and other details will be confirmed only after the investigation report is completed.
e274b6dd63e578f5_p009,e274b6dd63e578f5,EVT_00645,india_today,Development,central government,Positive,0.9,The 4.5-km tunnel is being built as part of the central government's Char Dham all-weather road connectivity project.
e274b6dd63e578f5_p010,e274b6dd63e578f5,EVT_00645,india_today,Violence,government,Negative,0.9,"It became a subject of nationwide attention when a landslide caused 41 workers to be trapped inside it for 17 days, before they were eventually rescued in an operation involving various government agencies."
345fcf2f0f31df29_p001,345fcf2f0f31df29,EVT_00632,hindustan_times,Corruption,Mamata Banerjee,Negative,0.85,fresh blow to Mamata Banerjee
345fcf2f0f31df29_p002,345fcf2f0f31df29,EVT_00632,hindustan_times,Election Strategy,Koel Mallick,Negative,0.8,resignation from Rajya Sabha
345fcf2f0f31df29_p002,345fcf2f0f31df29,EVT_00632,hindustan_times,Protest,TMC MLAs and rebels in West Bengal legislative assembly,Negative,0.75,rebel camp in West Bengal legislative assembly
345fcf2f0f31df29_p003,345fcf2f0f31df29,EVT_00632,hindustan_times,Election Strategy,Mamata Banerjee,Negative,0.8,"In fresh blow to former West Bengal chief minister Mamata Banerjee, her party's MP Koel Mallick resigned from Rajya Sabha"
345fcf2f0f31df29_p004,345fcf2f0f31df29,EVT_00632,hindustan_times,Resignation & Loss of Office,Mallick,Negative,0.9,"""I do hereby resign from the membership of Rajya Sabha, which may please be accepted with immediate effect,"" she wrote in the letter."
345fcf2f0f31df29_p005,345fcf2f0f31df29,EVT_00632,hindustan_times,Law & Order,Hon'ble Deputy Chairman and all functionaries of the Rajya Sabha Secretariat,Neutral,0.8,"""I convey my sincere gratitude to your Excellency, Hon'ble Deputy Chairman and all functionaries of the Rajya Sabha Secretariat extending all help and cooperation during my tenure as a Member of the Rajya Sabha,"" she added."
345fcf2f0f31df29_p006,345fcf2f0f31df29,EVT_00632,hindustan_times,Election Strategy,TMC MP,Neutral,0.85,The TMC MP has not yet made any statement about why she decided to resign from Rajya Sabha.
345fcf2f0f31df29_p007,345fcf2f0f31df29,EVT_00632,hindustan_times,Political Crisis,Mamata Banerjee,Negative,0.9,Mallick's resignation is fresh in several such blows to TMC supremo Mamata Banerjee
345fcf2f0f31df29_p007,345fcf2f0f31df29,EVT_00632,hindustan_times,Political Failure,Mamata Banerjee,Negative,0.9,TMC's crushing defeat against the Bharatiya Janata Party in recently held West Bengal assembly polls
345fcf2f0f31df29_p008,345fcf2f0f31df29,EVT_00632,hindustan_times,Protest,Trinamool Congress,Negative,0.9,MLA Madan Mitra joined the rebel camp in the West Bengal legislative assembly on Wednesday.
345fcf2f0f31df29_p009,345fcf2f0f31df29,EVT_00632,hindustan_times,Media Coverage,Hindustan Times,Neutral,0.9,"Operating round the clock, the desk brings together experienced editors, reporters and correspondents to deliver fast, accurate and contextual reporting across subjects that influence public policy, governance, business, society and international affairs."
345fcf2f0f31df29_p010,345fcf2f0f31df29,EVT_00632,hindustan_times,News Coverage,HT News Desk,Neutral,1.0,"The HT News Desk covers politics, elections, government policies, the economy, business and markets, science and technology, the environment, law and order, infrastructure, education, climate issues and geopolitics, while closely tracking developments across states, institutions and global capitals."
345fcf2f0f31df29_p010,345fcf2f0f31df29,EVT_00632,hindustan_times,News Coverage,HT News Desk,Neutral,1.0,"The HT News Desk also leads coverage of major breaking news events, policy announcements, court proceedings, natural disasters, public emergencies and significant international developments."
345fcf2f0f31df29_p011,345fcf2f0f31df29,EVT_00632,hindustan_times,Policy,Government,Neutral,0.9,"Reports published by the newsdesk are based on information gathered from reporters on the ground, official statements, government agencies, court records, regulatory filings, recognised institutions and other authoritative sources."
345fcf2f0f31df29_p011,345fcf2f0f31df29,EVT_00632,hindustan_times,Policy,Government,Neutral,0.9,"Stories undergo editorial scrutiny and verification processes to ensure accuracy, fairness and relevance, and are updated as events evolve and additional information becomes available."
345fcf2f0f31df29_p012,345fcf2f0f31df29,EVT_00632,hindustan_times,Development,HT News Desk,Positive,0.9,Read More
3fc8190f5df7dde3_p001,3fc8190f5df7dde3,EVT_00634,hindustan_times,Violence,Doctor Wife,Negative,0.9,doctor wife
3fc8190f5df7dde3_p002,3fc8190f5df7dde3,EVT_00634,hindustan_times,Violence,Local Community (implied as victims of violence),Negative,0.9,"A 45-year-old anaesthetist has allegedly been stabbed to death at his apartment here, while his eight-year-old son sustained serious stab injuries"
3fc8190f5df7dde3_p003,3fc8190f5df7dde3,EVT_00634,hindustan_times,Violence,Police,Negative,0.95,police said
3fc8190f5df7dde3_p004,3fc8190f5df7dde3,EVT_00634,hindustan_times,Arrest and Detention,Dr Priya,Negative,0.9,"His wife Dr Priya, has been taken into custody for questioning"
3fc8190f5df7dde3_p005,3fc8190f5df7dde3,EVT_00634,hindustan_times,Development,Karnataka University,Neutral,0.9,"the deceased, Dr Kiran Honnannavar, worked at a private hospital and was a resident of Ranka Stello Apartments on Karnataka University Road."
3fc8190f5df7dde3_p006,3fc8190f5df7dde3,EVT_00634,hindustan_times,Investigation,Police,Neutral,0.9,police launch investigation
3fc8190f5df7dde3_p007,3fc8190f5df7dde3,EVT_00634,hindustan_times,Violence,Honnannavar,Negative,0.9,"According to police, Honnannavar was found lying in a pool of blood on a bedroom mattress with fatal stab injuries to his neck on Wednesday."
3fc8190f5df7dde3_p008,3fc8190f5df7dde3,EVT_00634,hindustan_times,Violence,Politician or Party,Negative,0.9,His son was also found with severe stab injuries in what police suspect was an attempt on the child's life.
3fc8190f5df7dde3_p009,3fc8190f5df7dde3,EVT_00634,hindustan_times,Law & Order,police,Positive,0.9,"Acting on information, police rescued the boy and shifted him to a hospital."
3fc8190f5df7dde3_p009,3fc8190f5df7dde3,EVT_00634,hindustan_times,Domestic Dispute,Victim's family members,Neutral,0.8,"A preliminary investigation suggests the incident may have been linked to a domestic dispute, based on a complaint lodged by the victim's family members."
3fc8190f5df7dde3_p010,3fc8190f5df7dde3,EVT_00634,hindustan_times,Law & Order,Police Commissioner,Neutral,0.9,Police Commissioner N Shashikumar said they are trying to ascertain what really transpired.
3fc8190f5df7dde3_p011,3fc8190f5df7dde3,EVT_00634,hindustan_times,Misrepresentation/Deception,Priya (doctor),Negative,0.8,"He said that Priya, a doctor with an MBBS degree, had allegedly answered calls made to her husband's mobile phone by his relatives and friends since Tuesday evening and each time she told a different story about his whereabouts."
3fc8190f5df7dde3_p012,3fc8190f5df7dde3,EVT_00634,hindustan_times,Investigation & Justice,Local Police Commissioner,Neutral,0.9,a murder case has been registered
3fc8190f5df7dde3_p013,3fc8190f5df7dde3,EVT_00634,hindustan_times,Law & Order,Police officer or statement maker,Neutral,0.9,"Stating that the wife is in a complete state of shock and was making incoherent statements, he further said the exact motive behind the murder will be known only after the investigation."
3fc8190f5df7dde3_p014,3fc8190f5df7dde3,EVT_00634,hindustan_times,Policy,Police,Neutral,0.9,"Police said that the child is said to be autistic, and it needs to be verified."
3fc8190f5df7dde3_p015,3fc8190f5df7dde3,EVT_00634,hindustan_times,Law & Order,Local Authorities,Neutral,0.95,"Police have registered a case, and further investigation is underway."
7c21dfdef7a217d0_p001,7c21dfdef7a217d0,EVT_00634,india_today,Violence,Local Community,Negative,0.9,"Karnataka doctor killed, son stabbed"
7c21dfdef7a217d0_p001,7c21dfdef7a217d0,EVT_00634,india_today,Violence,Family Members,Negative,0.85,wife found scrolling on phone beside bodies
7c21dfdef7a217d0_p002,7c21dfdef7a217d0,EVT_00634,india_today,Violence,Dr Kiran Honannavar,Negative,0.95,a video from the scene showed Dr Honannavar's wife lying down and scrolling through her phone while the bodies of her husband and son lay in a pool of blood.
7c21dfdef7a217d0_p003,7c21dfdef7a217d0,EVT_00634,india_today,Violence,Kiran Honannavar (Politician),Negative,0.9,"A 45-year-old doctor, Dr Kiran Honannavar, was murdered"
7c21dfdef7a217d0_p003,7c21dfdef7a217d0,EVT_00634,india_today,Violence,Priyanka (Politician),Negative,0.9,"who is also a doctor, inside their apartment in Karnataka's Dharwad on Wednesday."
7c21dfdef7a217d0_p003,7c21dfdef7a217d0,EVT_00634,india_today,Violence,Eight-year-old son (Victim),Negative,0.9,The couple's eight-year-old son was also stabbed
7c21dfdef7a217d0_p004,7c21dfdef7a217d0,EVT_00634,india_today,Violence,Dr Honannavar,Negative,0.9,A video from the scene showed Dr Honannavar's wife lying down and scrolling through her phone while the bodies of her husband and son lay in a pool of blood.
7c21dfdef7a217d0_p005,7c21dfdef7a217d0,EVT_00634,india_today,Heroism and Responsibility,N Shashikumar (Police Commissioner),Positive,0.9,"Arrived at the crime scene, noticed the injured child was still breathing, and rushed him to the hospital."
7c21dfdef7a217d0_p006,7c21dfdef7a217d0,EVT_00634,india_today,Policy,Priyanka,Neutral,0.9,telling them first that he was resting and later that he had gone out on duty.
7c21dfdef7a217d0_p007,7c21dfdef7a217d0,EVT_00634,india_today,Violence,police and investigative agencies,Negative,0.9,"When family members eventually visited the couple's flat on Wednesday evening after receiving no response from him, they found the father and son lying in a pool of blood"
7c21dfdef7a217d0_p008,7c21dfdef7a217d0,EVT_00634,india_today,Development,N Shashikumar,Neutral,0.8,Hubballi-Dharwad Police Commissioner N Shashikumar said
7c21dfdef7a217d0_p009,7c21dfdef7a217d0,EVT_00634,india_today,Violence,police,Negative,0.9,"""We are yet to ascertain during the investigation when exactly the child was attacked. Since he was still alive, we shifted him to the hospital immediately,"" he said."
7c21dfdef7a217d0_p010,7c21dfdef7a217d0,EVT_00634,india_today,Investigation,police,Neutral,0.8,Shashikumar said that the police are trying to establish when the incident took place and what led to it.
7c21dfdef7a217d0_p011,7c21dfdef7a217d0,EVT_00634,india_today,Family Dynamics,Priyanka (likely referring to a politician or public figure's spouse),Neutral,0.8,"He further said neighbours had been trying to contact the family since morning, but Priyanka told them she was inside the house and that her husband had gone out."
7c21dfdef7a217d0_p012,7c21dfdef7a217d0,EVT_00634,india_today,Law & Order,Commissioner,Positive,0.9,"We will conduct a detailed investigation to determine what exactly happened, whom she spoke to, what she told them, and the sequence of events inside the apartment"
7c21dfdef7a217d0_p012,7c21dfdef7a217d0,EVT_00634,india_today,Law & Order,Commissioner,Positive,0.9,"a murder case has been registered, and the investigation is underway."
4d063a6c33d2656d_p001,4d063a6c33d2656d,EVT_00645,hindustan_times,Construction & Safety,Silkyara tunnel,Negative,0.9,Worker killed in concrete lining collapse inside Silkyara tunnel
4d063a6c33d2656d_p002,4d063a6c33d2656d,EVT_00645,hindustan_times,Safety Violation,Construction Industry,Negative,0.9,The fatal incident occurred when a heavy section of the tunnel’s concrete shotcrete lining fractured and collapsed on the worker.
4d063a6c33d2656d_p003,4d063a6c33d2656d,EVT_00645,hindustan_times,Violence,Construction Industry,Negative,0.9,A 21-year-old construction worker from Jharkhand was killed
4d063a6c33d2656d_p004,4d063a6c33d2656d,EVT_00645,hindustan_times,Law & Order,Uttarkashi District Magistrate Prashant Arya,Neutral,0.9,"Confirming the incident, Uttarkashi District Magistrate Prashant Arya said the incident occurred at around 2am, nearly 900 metres from the Barkot-side part of the 4.5-km-long tunnel."
4d063a6c33d2656d_p005,4d063a6c33d2656d,EVT_00645,hindustan_times,Safety,Arya,Neutral,0.8,"The fatal incident occurred when a heavy section of the tunnel’s concrete shotcrete lining fractured and collapsed on the worker,” Arya said."
4d063a6c33d2656d_p006,4d063a6c33d2656d,EVT_00645,hindustan_times,Development,Project Completion,Positive,0.9,project completion
4d063a6c33d2656d_p007,4d063a6c33d2656d,EVT_00645,hindustan_times,Safety Violation,Emergency Services or Construction Workers,Negative,0.8,"The worker sustained fatal injuries after being struck by the falling debris and died at the site, he added."
4d063a6c33d2656d_p008,4d063a6c33d2656d,EVT_00645,hindustan_times,Development,Arya,Neutral,0.8,no other workers were trapped in the collapse and the tunnel remained accessible.
4d063a6c33d2656d_p009,4d063a6c33d2656d,EVT_00645,hindustan_times,Development,Labour officials,Neutral,0.9,"No other labourers are currently caught under the debris. However, the final details will be available only after the complete inquiry report is submitted,” he said."
4d063a6c33d2656d_p010,4d063a6c33d2656d,EVT_00645,hindustan_times,Law & Order,District Magistrate,Neutral,0.9,"directed senior district officials, including the sub-divisional magistrate (SDM), Barkot"
4d063a6c33d2656d_p011,4d063a6c33d2656d,EVT_00645,hindustan_times,Development,National Highways and Infrastructure Development Corporation Limited (NHIDCL),Neutral,0.9,provides a probe into the incident to determine the exact cause of the structural failure.
4d063a6c33d2656d_p012,4d063a6c33d2656d,EVT_00645,hindustan_times,Safety Violation / Accidents,The Silkyara tunnel collapse,Negative,0.8,The workers were eventually rescued in a complex multi-agency operation after specialised rat-hole miners manually drilled through the final section of debris and twisted steel to reach them.
