passage_id,article_id,event_id,clean_outlet,publish_time,passage_text
fffa3fa866d842d8_p001,fffa3fa866d842d8,EVT_00007,news18,2026-03-19 13:22:36,Assam Elections 2026: Full List Of BJP Candidates And Their Constituencies For Assembly Polls
fffa3fa866d842d8_p002,fffa3fa866d842d8,EVT_00007,news18,2026-03-19 13:22:36,BJP Candidates List Assam Assembly Elections 2026: The BJP in Assam has released its first list of candidates for the 2026 assembly elections.
fffa3fa866d842d8_p003,fffa3fa866d842d8,EVT_00007,news18,2026-03-19 13:22:36,BJP Candidates List Assam Assembly Elections 2026: The Bharatiya Janata Party (BJP) in Assam has released the first list of candidates for the upcoming 2026 assembly elections.
fffa3fa866d842d8_p004,fffa3fa866d842d8,EVT_00007,news18,2026-03-19 13:22:36,"Chief Minister Himanta Biswa Sarma, a key figure of the party in Assam, will contest from the Jalukbari assembly constituency."
fffa3fa866d842d8_p005,fffa3fa866d842d8,EVT_00007,news18,2026-03-19 13:22:36,- Assam Elections 2026: Full List Of Congress Candidates And Their Constituencies For Assembly Polls
fffa3fa866d842d8_p006,fffa3fa866d842d8,EVT_00007,news18,2026-03-19 13:22:36,- BJP Names RG Kar Victim’s Mother As Candidate In Third List For Bengal Elections
fffa3fa866d842d8_p007,fffa3fa866d842d8,EVT_00007,news18,2026-03-19 13:22:36,- Nandita Garlosa Joins Congress Ahead Of Assam Polls After BJP Denies Ticket
fffa3fa866d842d8_p008,fffa3fa866d842d8,EVT_00007,news18,2026-03-19 13:22:36,- IIT JAM 2026 Results Declared: What's Next? Know The Counselling Process
fffa3fa866d842d8_p009,fffa3fa866d842d8,EVT_00007,news18,2026-03-19 13:22:36,"Jalukbari is considered Sarma’s stronghold, as the Assam Chief Minister has secured victory on the seat in all the previous assembly elections held in 2001, 2006, 2011, 2016, and 2021."
fffa3fa866d842d8_p010,fffa3fa866d842d8,EVT_00007,news18,2026-03-19 13:22:36,"Pradyut Bordoloi, the Congress turncoat, who joined the BJP yesterday, has been fielded from the Dispur assembly constituency."
fffa3fa866d842d8_p011,fffa3fa866d842d8,EVT_00007,news18,2026-03-19 13:22:36,"The Assembly Election in Assam has been scheduled in a single phase, with polling to be held on April 9, 2026, according to the Election Commission of India (ECI). The vote counting will be held on May 4."
fffa3fa866d842d8_p012,fffa3fa866d842d8,EVT_00007,news18,2026-03-19 13:22:36,Golakganj – Ashwini Ray Sarkar
fffa3fa866d842d8_p013,fffa3fa866d842d8,EVT_00007,news18,2026-03-19 13:22:36,Goalpara West (ST) – Pabitra Rabha
fffa3fa866d842d8_p014,fffa3fa866d842d8,EVT_00007,news18,2026-03-19 13:22:36,Dudhnai (ST) – Tankeshwar Rabha
fffa3fa866d842d8_p015,fffa3fa866d842d8,EVT_00007,news18,2026-03-19 13:22:36,Bijni – Arup Kumar Dey
fffa3fa866d842d8_p016,fffa3fa866d842d8,EVT_00007,news18,2026-03-19 13:22:36,Bhowanipur-Sorbhog – Ranjeet Kumar Dass
fffa3fa866d842d8_p017,fffa3fa866d842d8,EVT_00007,news18,2026-03-19 13:22:36,Mandia – Badal Chandra Arjya
fffa3fa866d842d8_p018,fffa3fa866d842d8,EVT_00007,news18,2026-03-19 13:22:36,Boko-Chaygaon (ST) – Raju Mech
fffa3fa866d842d8_p019,fffa3fa866d842d8,EVT_00007,news18,2026-03-19 13:22:36,Palasbari – Himanshu Shekhar Baishya
fffa3fa866d842d8_p020,fffa3fa866d842d8,EVT_00007,news18,2026-03-19 13:22:36,New Guwahati – Diplu Ranjan Sarmah
fffa3fa866d842d8_p021,fffa3fa866d842d8,EVT_00007,news18,2026-03-19 13:22:36,Guwahati Central – Vijay Kumar Gupta
fffa3fa866d842d8_p022,fffa3fa866d842d8,EVT_00007,news18,2026-03-19 13:22:36,Jalukbari – Himanta Biswa Sarma
5a27006c568b3c76_p001,5a27006c568b3c76,EVT_00007,news18,2026-03-24 18:00:51,Top 10 Richest Rajya Sabha MPs And Their Assets
5a27006c568b3c76_p002,5a27006c568b3c76,EVT_00007,news18,2026-03-24 18:00:51,"Here’s a look at top 10 richest Rajya Sabha MPs with highest declared assets, based on affidavits, according to a report by the Association for Democratic Reforms (ADR)."
5a27006c568b3c76_p003,5a27006c568b3c76,EVT_00007,news18,2026-03-24 18:00:51,"Bandi Saradhi: Telangana MP Sri Dr Bandi Partha Saradhi (BRS) tops the list with total assets of Rs 5300+ crore, driven largely by Rs 5215+ crore in movable holdings."
5a27006c568b3c76_p004,5a27006c568b3c76,EVT_00007,news18,2026-03-24 18:00:51,"Rajinder Gupta: AAP’s Rajinder Gupta ranks second with Rs 5053+ crore, combining Rs 4437+ crore movable assets and Rs 615+ crore in immovable properties."
5a27006c568b3c76_p005,5a27006c568b3c76,EVT_00007,news18,2026-03-24 18:00:51,"A.A.R Reddy: Alla Ayodhya Rami Reddy (YSRCP), Andhra Pradesh, reports Rs 2577+ crore total assets, with Rs 2518+ crore movable and Rs 59 + crore immovable wealth."
5a27006c568b3c76_p006,5a27006c568b3c76,EVT_00007,news18,2026-03-24 18:00:51,"Abhishek Manu Singhvi: Abhishek Manu Singhvi (INC), Telangana, holds Rs 2558+ crore, including Rs 2104+ crore movable assets and Rs 453+ crore in immovable property."
5a27006c568b3c76_p007,5a27006c568b3c76,EVT_00007,news18,2026-03-24 18:00:51,"Jaya Bachchan: Samajwadi Party’s Jaya Amitabh Bachchan declared Rs 1578+ crore, with a near-even split between Rs 849 + crore movable and Rs 729 + crore immovable assets."
5a27006c568b3c76_p008,5a27006c568b3c76,EVT_00007,news18,2026-03-24 18:00:51,"Kapil Sibal: Independent MP, Kapil Sibal, Uttar Pradesh, lists Rs 608+ crore total assets, comprising Rs 376+ crore movable and Rs 232+ crore immovable holdings. (Image: Instagram)"
5a27006c568b3c76_p009,5a27006c568b3c76,EVT_00007,news18,2026-03-24 18:00:51,"Santrupt Mishra: Santrupt Mishra (BJD), Odisha, reported Rs 595 + crore in assets, largely from Rs 533+ crore movable wealth and Rs 61+ crore immovable assets."
5a27006c568b3c76_p010,5a27006c568b3c76,EVT_00007,news18,2026-03-24 18:00:51,"Vikramjit Singh Sahney: AAP’s leader declared Rs 498 + crore total assets, with Rs 466+ crore movable and Rs 31+ crore in immovable property."
5a27006c568b3c76_p011,5a27006c568b3c76,EVT_00007,news18,2026-03-24 18:00:51,"M.R. Reddy: Meda Raghunadha Reddy (YSRCP), Andhra Pradesh, reported Rs 475+ crore, with a higher share in Rs 372+ crore immovale assets than Rs 102+ crore movable. (Image: Instagram)"
5a27006c568b3c76_p012,5a27006c568b3c76,EVT_00007,news18,2026-03-24 18:00:51,"Check Kerala Elections, Assam Elections, Puducherry Elections Live Coverage. Kerala Voter Turnout, Assam Voter Turnout, Puducherry Voter Turnout Realtime Updates."
9e6e12ffe0d2a6e8_p001,9e6e12ffe0d2a6e8,EVT_00007,indian_express,2026-03-24 06:25:03,"As govt considers expanding Lok Sabha to 816 MPs, how states’ seat count will change"
9e6e12ffe0d2a6e8_p002,9e6e12ffe0d2a6e8,EVT_00007,indian_express,2026-03-24 06:25:03,"At current ratios, UP will get 120 MPs, Maharashtra 72, and West Bengal 63."
9e6e12ffe0d2a6e8_p003,9e6e12ffe0d2a6e8,EVT_00007,indian_express,2026-03-24 06:25:03,"The Centre is exploring the possibility of delinking the Women’s Reservation Act, 2023 — which seeks to reserve one-third of seats in the Lok Sabha and state Assemblies for women — from the impending Census and delimitation exercises, and learnt to have suggested that the strength of the Lok Sabha be raised from the current 543 to 816, including 273 seats reserved for women. A reconfigured Lok Sabha would only come into force in the 2029 Lok Sabha polls."
9e6e12ffe0d2a6e8_p004,9e6e12ffe0d2a6e8,EVT_00007,indian_express,2026-03-24 06:25:03,"As reported by The Indian Express on Monday, at the meeting with some Opposition parties Union Home Minister Amit Shah suggested amending the Act and separately raising the total strength of the Lok Sabha while maintaining the current proportions of seats allotted to each state. However, delimitation or redrawing seat boundaries is expected to be pegged to the 2011 Census."
9e6e12ffe0d2a6e8_p005,9e6e12ffe0d2a6e8,EVT_00007,indian_express,2026-03-24 06:25:03,"Going by the current state-wise allocation of seats, Uttar Pradesh by far has the highest proportion of Lok Sabha seats: 15% or 80 of the total 543. If this proportion is to be maintained in an 816-member Lok Sabha, UP will have 120 seats, including 40 reserved for women."
9e6e12ffe0d2a6e8_p006,9e6e12ffe0d2a6e8,EVT_00007,indian_express,2026-03-24 06:25:03,"Similarly, Maharashtra will go from 48 seats to 72, including 24 reserved for women, Bengal will go from 42 to 63 seats, with 21 for women, and Bihar will go from 40 to 60 seats, including 20 reserved for women. In Tamil Nadu, where the DMK has led the charge against the state’s alleged underrepresentation in Parliament, the number of Lok Sabha seats will rise from 39 to 59, with 20 seats reserved for women. Madhya Pradesh, meanwhile, will rise from 29 seats to 44 with 15 seats for women."
9e6e12ffe0d2a6e8_p007,9e6e12ffe0d2a6e8,EVT_00007,indian_express,2026-03-24 06:25:03,"Among the smaller states, Arunachal Pradesh, Goa, Manipur, Meghalaya, Tripura could go from 2 Lok Sabha seats to 3 each. Mizoram, Nagaland and Sikkim, which each have 1 seat, could have 2 seats each in the new Lok Sabha configuration."
9e6e12ffe0d2a6e8_p008,9e6e12ffe0d2a6e8,EVT_00007,indian_express,2026-03-24 06:25:03,"Among the major Union Territories, Delhi could rise from 7 Lok Sabha seats to 11 with 4 reserved for women, while Jammu and Kashmir would rise from 5 to 8 seats with 3 reserved for women. However, it remains unclear if the single-seat UTs, including Ladakh and Puducherry among others, will see an increase in the number of seats and how they may be reserved for women."
7832c3156564da3f_p001,7832c3156564da3f,EVT_00007,news18,2026-03-25 11:35:56,Tamil Nadu Elections 2026: Full List Of AIADMK Candidates And Their Constituencies For Assembly Polls
7832c3156564da3f_p002,7832c3156564da3f,EVT_00007,news18,2026-03-25 11:35:56,AIADMK led by Edappadi K Palaniswami names 23 candidates for Tamil Nadu polls.
7832c3156564da3f_p003,7832c3156564da3f,EVT_00007,news18,2026-03-25 11:35:56,"Tamil Nadu’s main opposition party, AIADMK, on Wednesday released its first list of 23 candidates for the State Assembly polls, with party chief Edappadi K Palaniswami set to contest from his home constituency of Edappadi."
7832c3156564da3f_p004,7832c3156564da3f,EVT_00007,news18,2026-03-25 11:35:56,"In Tamil Nadu, the polling will be held in a single phase on April 23 to elect 234 members to the legislative assembly, with vote counting scheduled for May 4."
7832c3156564da3f_p005,7832c3156564da3f,EVT_00007,news18,2026-03-25 11:35:56,"- Tamil Nadu Elections 2026: AIADMK Releases Second List, 150 Candidates Named So Far"
7832c3156564da3f_p006,7832c3156564da3f,EVT_00007,news18,2026-03-25 11:35:56,"- 2026 Tamil Nadu Elections: Which Party Got How Many Seats In DMK-Led SPA, AIADMK-Led NDA?"
7832c3156564da3f_p007,7832c3156564da3f,EVT_00007,news18,2026-03-25 11:35:56,- Dravidian Legacy Vs New Wave: What 15 Years Of Tamil Nadu Poll Trends Tell Us About 2026 Contest
7832c3156564da3f_p008,7832c3156564da3f,EVT_00007,news18,2026-03-25 11:35:56,- Tamil Nadu Election 2026: The 20 Constituencies That Will Decide State's Next Government
7832c3156564da3f_p009,7832c3156564da3f,EVT_00007,news18,2026-03-25 11:35:56,"The party, which is leading the National Democratic Alliance (NDA) in the state, retained several senior leaders in its initial list, including KP Munusamy, Dindigul C Sreenivasan and Natham R Viswanathan."
7832c3156564da3f_p010,7832c3156564da3f,EVT_00007,news18,2026-03-25 11:35:56,"Key leaders, including SP Velumani and P Thangamani from Thondamuthur and Kumarapalayam, respectively, have also been fielded."
7832c3156564da3f_p011,7832c3156564da3f,EVT_00007,news18,2026-03-25 11:35:56,Edappadi K Palaniswami — Edappadi
7832c3156564da3f_p012,7832c3156564da3f,EVT_00007,news18,2026-03-25 11:35:56,Natham R. Viswanathan — Natham
7832c3156564da3f_p013,7832c3156564da3f,EVT_00007,news18,2026-03-25 11:35:56,Sellur K. Raju — Madurai West
7832c3156564da3f_p014,7832c3156564da3f,EVT_00007,news18,2026-03-25 11:35:56,Kadambur C. Raju — Kovilpatti
7832c3156564da3f_p015,7832c3156564da3f,EVT_00007,news18,2026-03-25 11:35:56,K.T. Rajenthra Bhalaji — Sivakasi
7832c3156564da3f_p016,7832c3156564da3f,EVT_00007,news18,2026-03-25 11:35:56,Agri S.S. Krishnamurthy — Kalasapakkam
7832c3156564da3f_p017,7832c3156564da3f,EVT_00007,news18,2026-03-25 11:35:56,V.V. Rajan Chellappa — Tirupparankundram
7832c3156564da3f_p018,7832c3156564da3f,EVT_00007,news18,2026-03-25 11:35:56,"Tamil Nadu is set to witness a three-way contest with the DMK-led alliance, the AIADMK-BJP combine, and actor-turned-politician Vijay’s Tamilaga Vettri Kazhagam (TVK)."
7832c3156564da3f_p019,7832c3156564da3f,EVT_00007,news18,2026-03-25 11:35:56,"In the Tamil Nadu elections in 2021, the Secular Progressive Alliance (SPA), led by the Dravida Munnetra Kazhagam (DMK), bagged 159 seats."
7832c3156564da3f_p020,7832c3156564da3f,EVT_00007,news18,2026-03-25 11:35:56,"The DMK alone won 133 constituencies, securing an absolute majority for the first time in 25 years. The NDA secured 75 seats, of which 66 were won by the AIADMK."
25f0a4b9ac65eeb0_p001,25f0a4b9ac65eeb0,EVT_00031,india_today,2026-04-14 00:01:52,ED arrests I-PAC co-founder in Bengal coal scam probe ahead of assembly polls
25f0a4b9ac65eeb0_p002,25f0a4b9ac65eeb0,EVT_00031,india_today,2026-04-14 00:01:52,"The case stems from a CBI FIR on illegal mining and alleged hawala transactions, and comes amid heightened political activity ahead of the state Assembly elections."
25f0a4b9ac65eeb0_p003,25f0a4b9ac65eeb0,EVT_00031,india_today,2026-04-14 00:01:52,"The Enforcement Directorate (ED) on Monday arrested Vinesh Chandel, director and co-founder of political consultancy firm Indian Political Action Committee, in connection with a money-laundering case linked to an alleged coal scam in West Bengal, weeks ahead of the Assembly elections."
25f0a4b9ac65eeb0_p004,25f0a4b9ac65eeb0,EVT_00031,india_today,2026-04-14 00:01:52,"Chandel was taken into custody under the Prevention of Money Laundering Act (PMLA) in New Delhi late in the evening and is expected to be produced before a special court, where the agency will seek his custodial remand for further questioning."
25f0a4b9ac65eeb0_p005,25f0a4b9ac65eeb0,EVT_00031,india_today,2026-04-14 00:01:52,"Earlier, the ED conducted searches on April 2 at Chandel’s Delhi residence, the Bengaluru premises of I-PAC co-founder Rishi Raj Singh, and the Mumbai residence of former AAP communications in-charge Vijay Nair as part of the probe."
25f0a4b9ac65eeb0_p006,25f0a4b9ac65eeb0,EVT_00031,india_today,2026-04-14 00:01:52,"On January 8, the agency had also searched the I-PAC office and the Kolkata residence of its founder Pratik Jain, triggering a controversy after Chief Minister Mamata Banerjee reached the spot with state officials and took away documents."
25f0a4b9ac65eeb0_p007,25f0a4b9ac65eeb0,EVT_00031,india_today,2026-04-14 00:01:52,"The ED alleged its searches were obstructed and that relevant documents and devices were removed, while the All India Trinamool Congress rejected the charge, accusing the agency of targeting election strategy material ahead of the polls."
25f0a4b9ac65eeb0_p008,25f0a4b9ac65eeb0,EVT_00031,india_today,2026-04-14 00:01:52,The elections in West Bengal are scheduled in two phases on April 23 and April 29. I-PAC has been providing political consultancy services to the Trinamool and the state government since 2021.
25f0a4b9ac65eeb0_p009,25f0a4b9ac65eeb0,EVT_00031,india_today,2026-04-14 00:01:52,"The ED has moved the Supreme Court of India seeking a CBI probe into the alleged obstruction, and the matter is currently under hearing."
25f0a4b9ac65eeb0_p010,25f0a4b9ac65eeb0,EVT_00031,india_today,2026-04-14 00:01:52,"The case stems from a November 2020 FIR registered by the Central Bureau of Investigation, alleging a multi-crore coal pilferage racket linked to mines operated by Eastern Coalfields Limited in the Kunustoria and Kajora areas near Asansol."
25f0a4b9ac65eeb0_p011,25f0a4b9ac65eeb0,EVT_00031,india_today,2026-04-14 00:01:52,"According to the ED, a hawala operator linked to the alleged coal-smuggling network routed transactions worth tens of crores of rupees to Indian PAC Consulting Private Limited, the registered entity of I-PAC."
edc8b4cd2fd7a460_p001,edc8b4cd2fd7a460,EVT_00031,indian_express,2026-04-14 07:15:00,"After five years, Rahul gets set to begin Bengal campaign; Priyanka to follow suit"
edc8b4cd2fd7a460_p002,edc8b4cd2fd7a460,EVT_00031,indian_express,2026-04-14 07:15:00,"Rahul may walk a tightrope during his Bengal campaign, keeping his guns trained on BJP while refraining from mounting an all-out attack against the incumbent Mamata Banerjee-led TMC."
edc8b4cd2fd7a460_p003,edc8b4cd2fd7a460,EVT_00031,indian_express,2026-04-14 07:15:00,"Leader of the Opposition (LoP) in the Lok Sabha, Rahul Gandhi, is going to start his campaign for the Congress in the West Bengal Assembly elections on Tuesday – five years after he undertook a poll campaign for his party in the state."
edc8b4cd2fd7a460_p004,edc8b4cd2fd7a460,EVT_00031,indian_express,2026-04-14 07:15:00,"Rahul’s sister and All India Congress Committee (AICC) general secretary, Priyanka Gandhi, is also set to visit Bengal to canvass for the Congress candidates in the coming days."
edc8b4cd2fd7a460_p005,edc8b4cd2fd7a460,EVT_00031,indian_express,2026-04-14 07:15:00,"Bengal is scheduled for the elections on April 23 and April 29, which may be a keen battle between the ruling Trinamool Congress (TMC) and the principal Opposition BJP, with the other two major contenders – the CPI(M)-led Left Front and the Congress – fighting separately."
edc8b4cd2fd7a460_p006,edc8b4cd2fd7a460,EVT_00031,indian_express,2026-04-14 07:15:00,"Rahul will kick off his campaign from Uttar Dinajpur before going to address rallies in Malda and Murshidabad, Congress sources said. These three Muslim-dominated districts, once known as the Congress strongholds, still have pockets of the party’s influence."
edc8b4cd2fd7a460_p007,edc8b4cd2fd7a460,EVT_00031,indian_express,2026-04-14 07:15:00,"Rahul is likely to return to campaign in these districts as well as Purulia and some areas in North Bengal, where the Congress is hoping to win seats in the upcoming polls. The party had drawn a blank in the state in the 2021 Assembly elections when it had fought in alliance with the Left."
edc8b4cd2fd7a460_p008,edc8b4cd2fd7a460,EVT_00031,indian_express,2026-04-14 07:15:00,"Priyanka may also campaign in these districts, although her schedule has yet to be finalised, Congress sources said."
edc8b4cd2fd7a460_p009,edc8b4cd2fd7a460,EVT_00031,indian_express,2026-04-14 07:15:00,"A senior state Congress leader said, “Both Rahul and Priyanka would campaign in the Baharampur constituency where our heavyweight candidate Adhir Ranjan Chowdhury is contesting.” The former Congress leader in the Lok Sabha and five-term MP, Chowdhury, 70, has returned to Bengal politics to contest the Assembly election from his home turf Baharampur after three decades."
edc8b4cd2fd7a460_p010,edc8b4cd2fd7a460,EVT_00031,indian_express,2026-04-14 07:15:00,"The last time Rahul had hit the campaign trail in Bengal was in the previous elections, when he had begun from north Bengal on April 14, 2021. He had then described the BJP’s promise of ensuring a “Sonar Bangla (Golden Bengal)” as a “mirage”, alleging that the BJP was out to destroy the culture of Bengal. “Wherever the BJP goes, Narendra Modi goes, the RSS goes, they start spreading hatred and start dividing the people,” Rahul had then alleged while addressing a rally in Siliguri."
edc8b4cd2fd7a460_p011,edc8b4cd2fd7a460,EVT_00031,indian_express,2026-04-14 07:15:00,His 2021 campaign was “truncated” due to the Covid pandemic’s second wave.
edc8b4cd2fd7a460_p012,edc8b4cd2fd7a460,EVT_00031,indian_express,2026-04-14 07:15:00,"In the 2024 Lok Sabha elections, Rahul Gandhi did not visit Bengal for campaigning. The Congress was then again contesting the polls in alignment with the Left. The party had then even won one seat with its leader Isha Khan Chowdhury winning from the Malda Dakshin parliamentary constituency."
edc8b4cd2fd7a460_p013,edc8b4cd2fd7a460,EVT_00031,indian_express,2026-04-14 07:15:00,"In early 2024, however, Rahul had crossed Bengal in the course of his “Bharat Jodo Nyay Yatra”, traversing some districts across northern and southern parts of Bengal."
edc8b4cd2fd7a460_p014,edc8b4cd2fd7a460,EVT_00031,indian_express,2026-04-14 07:15:00,"Many in the Bengal Congress believe that the campaigning of Rahul and Priyanka would boost the party’s prospects in the elections, especially in districts like Murshidabad and Malda. The Congress’s election manifesto was released by AICC chief Mallikarjun Kharge in Kolkata last week."
edc8b4cd2fd7a460_p015,edc8b4cd2fd7a460,EVT_00031,indian_express,2026-04-14 07:15:00,"Observers say Rahul may walk a tightrope during his Bengal campaign, keeping his guns trained on the BJP while refraining from mounting an all-out attack against the incumbent Mamata Banerjee-led TMC which is aiming for its fourth successive term. A major reason for such an approach, they say, could be the Congress’s “bigger goal of defeating the ruling BJP at the national level for which a unity of all Opposition parties is a key factor”."
edc8b4cd2fd7a460_p016,edc8b4cd2fd7a460,EVT_00031,indian_express,2026-04-14 07:15:00,"A senior Congress leader however said, “This election would still be our acid test. We want to gauge our vote share in Bengal. So we are consolidating our forces where we still have strength. We feel that in some minority belts there is some resentment towards the TMC, and those votes would come to us rather than the Left. It will help us open our account this time.”"
91a9f6a15fb12a4e_p001,91a9f6a15fb12a4e,EVT_00031,ndtv,2026-04-16 21:12:22,"Voters in Bengal whose names are deleted, can be reinstated in the electoral rolls and cast their vote if they are cleared in time by the Supreme Court-appointed appellate tribunal, the top court said today in a significant departure from the current rules."
91a9f6a15fb12a4e_p002,91a9f6a15fb12a4e,EVT_00031,ndtv,2026-04-16 21:12:22,"""If the Appellate Tribunal accepts an appeal and issues a final order regarding the addition or deletion of names then then such an order must be implemented prior to the voting,"" said the bench of Chief Justice of India Surya Kant and Justice Joymalya Bagchi, invoking its powers under Article 142 to ensure that eligible voters are not left out of the election."
91a9f6a15fb12a4e_p003,91a9f6a15fb12a4e,EVT_00031,ndtv,2026-04-16 21:12:22,The top court also asked the Election Commission to issue a supplementary voter list in such cases.
91a9f6a15fb12a4e_p004,91a9f6a15fb12a4e,EVT_00031,ndtv,2026-04-16 21:12:22,"""If the appeals are adjudicated by April 21 for the first phase and April 27 for the second phase then a supplementary revised electoral roll must be issued,"" the court said."
91a9f6a15fb12a4e_p005,91a9f6a15fb12a4e,EVT_00031,ndtv,2026-04-16 21:12:22,The first phase of polling will be held on April 23 and the second on April 29.
91a9f6a15fb12a4e_p006,91a9f6a15fb12a4e,EVT_00031,ndtv,2026-04-16 21:12:22,"Under the current rules, the voter list for a particular phase of election is frozen on the last day of filing of nominations and in Bengal, lists for both phases were frozen weeks ago."
91a9f6a15fb12a4e_p007,91a9f6a15fb12a4e,EVT_00031,ndtv,2026-04-16 21:12:22,The Special Intensive Revision or SIR exercise in Bengal has knocked out 91 lakh people from the electoral rolls -- the number of voters in the state has dropped from 766 lakh to 677 lakh.
91a9f6a15fb12a4e_p008,91a9f6a15fb12a4e,EVT_00031,ndtv,2026-04-16 21:12:22,"Around 60.06 lakh names were kept under review -- many to address discrepancies in names or spellings. Following verification, 35 lakh of these names were reinstated in the electoral list, while around 25 lakh names were permanently deleted."
91a9f6a15fb12a4e_p009,91a9f6a15fb12a4e,EVT_00031,ndtv,2026-04-16 21:12:22,"Though the adjudication process is still on, there was little chance that the people on the hold list would be able to vote."
91a9f6a15fb12a4e_p010,91a9f6a15fb12a4e,EVT_00031,ndtv,2026-04-16 21:12:22,The top court's decision -- giving them a chance -- came after the poll body submitted the data on April 7.
af9c233c50341db7_p001,af9c233c50341db7,EVT_00031,india_today,2026-04-16 19:58:56,SC junks plea against poll body's transfers of top Bengal cops and bureaucrats
af9c233c50341db7_p002,af9c233c50341db7,EVT_00031,india_today,2026-04-16 19:58:56,"The Supreme Court dismissed a plea challenging the Election Commission's decision to transfer senior bureaucrats and police officers in West Bengal ahead of the April 23 and 29 Assembly elections, saying such steps were routine to ensure free and fair polls."
af9c233c50341db7_p003,af9c233c50341db7,EVT_00031,india_today,2026-04-16 19:58:56,"The Supreme Court on Thursday dismissed a plea challenging the Election Commission's decision to transfer senior bureaucrats and police officers in West Bengal ahead of the April 23 and 29 Assembly elections, observing that such measures were routine to ensure free and fair polls."
af9c233c50341db7_p004,af9c233c50341db7,EVT_00031,india_today,2026-04-16 19:58:56,"A bench led by Chief Justice of India (CJI) Surya Kant said, “It happens everywhere. Not the first time,” while declining to interfere with the large-scale reshuffle ordered after the Model Code of Conduct (MCC) came into force in West Bengal."
af9c233c50341db7_p005,af9c233c50341db7,EVT_00031,india_today,2026-04-16 19:58:56,"The Supreme Court was hearing an appeal against an order of the Calcutta High Court, which had upheld the transfers of key officials, including the Chief Secretary, Director General of Police, Home Secretary and several District Magistrates and Superintendents of Police."
af9c233c50341db7_p006,af9c233c50341db7,EVT_00031,india_today,2026-04-16 19:58:56,"Appearing for the petitioner, senior advocate Kalyan Banerjee argued that the poll body acted without consulting the state government, calling the process “in contravention” of the Representation of the People Act, 1951. “The power of superintendence does not take away legislative power... State consultation is needed,” Bar and Bench quoted him as saying."
af9c233c50341db7_p007,af9c233c50341db7,EVT_00031,india_today,2026-04-16 19:58:56,"The petition, filed by advocate Arka Kumar Nag, alleged that the Election Commission carried out large-scale transfers, effectively removing a substantial portion of West Bengal’s senior administrative and police leadership."
af9c233c50341db7_p008,af9c233c50341db7,EVT_00031,india_today,2026-04-16 19:58:56,"Nag alleged that several senior IPS officers from the state cadre were sent out on election observer duties to states such as Tamil Nadu, Kerala and Nagaland. He claimed that the Election Commission's move was prejudicial to public interest and violated the principles of federalism."
af9c233c50341db7_p009,af9c233c50341db7,EVT_00031,india_today,2026-04-16 19:58:56,"The bench, however, pushed back, noting that such transfers are not unprecedented and are part of standard election management practices. It also remarked that “an observer from outside the state is always ideal” to ensure neutrality in the electoral process."
af9c233c50341db7_p010,af9c233c50341db7,EVT_00031,india_today,2026-04-16 19:58:56,"At the same time, the court acknowledged merit in the legal question raised. “Petitioner has raised substantial questions of law. However, we are not intervening in it as of now. Question of law is kept open,” the bench said, indicating that the issue of mandatory consultation with the state could be examined in a future case."
af9c233c50341db7_p011,af9c233c50341db7,EVT_00031,india_today,2026-04-16 19:58:56,"The High Court, in its earlier ruling, had held that once the petitioner himself acknowledged the Election Commission’s power to transfer officials, there was no reason for the court to undertake a “roving enquiry” into the exercise of that authority. It also observed that the reshuffle had not caused any “administrative numbness” in the state."
af9c233c50341db7_p012,af9c233c50341db7,EVT_00031,india_today,2026-04-16 19:58:56,"The controversy erupted last month when the Election Commission ordered widespread transfers across the state, drawing objections from the West Bengal government, which accused the poll body of acting unilaterally and undermining the authority of the elected administration."
b6174bbcd1ffe6a4_p001,b6174bbcd1ffe6a4,EVT_00031,ndtv,2026-04-16 21:57:16,"West Bengal will vote for its 294-member assembly in two phases on April 23 and April 29. Counting of votes will take place on May 4. Speaking on NDTV's Walk the Talk, recorded in the Bhowanipore constituency, BJP leader Suvendu Adhikari positioned himself as the face of the party's campaign against the Trinamool Congress and Chief Minister Mamata Banerjee."
b6174bbcd1ffe6a4_p002,b6174bbcd1ffe6a4,EVT_00031,ndtv,2026-04-16 21:57:16,Adhikari stated that the welfare schemes now associated with the Trinamool Congress originated in BJP-ruled states. He claimed the model began under Shivraj Singh Chouhan as Chief Minister of Madhya Pradesh and Sarbanand Sonowal as Chief Minister of Assam.
b6174bbcd1ffe6a4_p003,b6174bbcd1ffe6a4,EVT_00031,ndtv,2026-04-16 21:57:16,"""Mamata Banerjee and PK copied them. These are BJP schemes,"" he told NDTV's Editor-in-Chief Rahul Kanwal. He added that the BJP would combine welfare with job creation."
b6174bbcd1ffe6a4_p004,b6174bbcd1ffe6a4,EVT_00031,ndtv,2026-04-16 21:57:16,"""Along with the welfare scheme, we promised to create jobs. Every central scheme will be implemented to build Bengal economically and to make it a cultural and spiritual capital of the country,"" Adhikari told NDTV."
b6174bbcd1ffe6a4_p005,b6174bbcd1ffe6a4,EVT_00031,ndtv,2026-04-16 21:57:16,"Adhikari noted a ""huge gap"" in employment and said the public should receive government support to close it. ""The BJP government will fix this gap,"" he declared."
b6174bbcd1ffe6a4_p006,b6174bbcd1ffe6a4,EVT_00031,ndtv,2026-04-16 21:57:16,"He described Bengal as the land of Chaitanya Dev, Swami Vivekananda and Maa Sarada. He stressed that the BJP is neither a regional party nor a personal party."
b6174bbcd1ffe6a4_p007,b6174bbcd1ffe6a4,EVT_00031,ndtv,2026-04-16 21:57:16,"""Under the supervision of Narendra Modi, in his guidance, Delhi, UP, Bihar, Maharashtra, Gujarat, Odisha, Andhra Pradesh, wherever the BJP government comes, the way it is running, Bengal will also follow that path,"" Adhikari declared."
b6174bbcd1ffe6a4_p008,b6174bbcd1ffe6a4,EVT_00031,ndtv,2026-04-16 21:57:16,"""There will be no corruption on that path. There will be no brother-nephew relationship. There will be no politics of corruption,"" he added."
b6174bbcd1ffe6a4_p009,b6174bbcd1ffe6a4,EVT_00031,ndtv,2026-04-16 21:57:16,Adhikari dismissed Mamata Banerjee's claim that a BJP victory would direct all contracts to Gujaratis.
b6174bbcd1ffe6a4_p010,b6174bbcd1ffe6a4,EVT_00031,ndtv,2026-04-16 21:57:16,"Adhikari claimed areas in south-west Bengal and Kolkata where the TMC defeated the BJP badly in the last election, would now see BJP victories. He went as far as naming certain candidates who will win in the polls."
b6174bbcd1ffe6a4_p011,b6174bbcd1ffe6a4,EVT_00031,ndtv,2026-04-16 21:57:16,"""Pratap Chaurangi will win, Santosh Pathak will win, Surnima Bhain will win, Vijay Ujja will succeed. Kolkata has woken up,"" Adhikari declared."
b6174bbcd1ffe6a4_p012,b6174bbcd1ffe6a4,EVT_00031,ndtv,2026-04-16 21:57:16,Adhikari dismissed Mamata Banerjee's claim that a BJP victory would direct all contracts to Gujaratis.
b6174bbcd1ffe6a4_p013,b6174bbcd1ffe6a4,EVT_00031,ndtv,2026-04-16 21:57:16,"""She is trying to make a narrative. All these people are liars. In 21 states, BJP and India are the government. In 20-21 states, there are no such incidents. All this is a lie. Mamata Bajernee is a liar,"" Adhikari claimed."
b6174bbcd1ffe6a4_p014,b6174bbcd1ffe6a4,EVT_00031,ndtv,2026-04-16 21:57:16,"On urban support, Adhikari argued that the bhadralok class in Bengal is ready to move away from the TMC. He cited Lok Sabha election results in urban areas, noting that in North Kolkata, which has 50 or 60 wards, the BJP won 28 wards."
e30f5bc104189ee4_p001,e30f5bc104189ee4,EVT_00031,the_times_of_india,2026-04-16 03:25:00,"NEW DELHI: The West Bengal illegal coal mining racket - origin of the ongoing ED probe against political consultancy firm I-PAC - was run by a syndicate led by Anup Majee, also known within the network as ""Lala"". At the heart of the investigation is an illegal transport challan system called ""Lala Pad""."
e30f5bc104189ee4_p002,e30f5bc104189ee4,EVT_00031,the_times_of_india,2026-04-16 03:25:00,"It functioned as a fake tax invoice issued in the name of non-existent entities for transporting illegal coal, and according to ED, the syndicate used unique identifiers to ensure the consignment reached its intended destination - unrestricted."
e30f5bc104189ee4_p003,e30f5bc104189ee4,EVT_00031,the_times_of_india,2026-04-16 03:25:00,"With each fake challan, a currency note of Rs 10 or Rs 20 was provided to the transporter, who would take a photo of the note while holding it beside the number plate of a truck, dumper or tipper carrying the illegal coal and send the image to the operator of the syndicate, the agency said."
e30f5bc104189ee4_p004,e30f5bc104189ee4,EVT_00031,the_times_of_india,2026-04-16 03:25:00,"The note's serial number and number plate became the 'matching identifiers' - and the photo was then circulated by the operator through WhatsApp to police officials and other govt authorities concerned along the vehicle's route, ensuring the vehicle was not intercepted, or if intercepted, was immediately released, according to ED."
e30f5bc104189ee4_p005,e30f5bc104189ee4,EVT_00031,the_times_of_india,2026-04-16 03:25:00,The investigation has also uncovered the use of an underground hawala network.
e30f5bc104189ee4_p006,e30f5bc104189ee4,EVT_00031,the_times_of_india,2026-04-16 03:25:00,"Lala's syndicate supplied illegally excavated coal to certain beneficiary companies in West Bengal for cash, generating proceeds of crime, which was shared with politicians through their designated intermediaries and police officers."
e30f5bc104189ee4_p007,e30f5bc104189ee4,EVT_00031,the_times_of_india,2026-04-16 03:25:00,"Hawala operators transferred cash to beneficiaries and intermediaries authenticating the illegal cash transactions using the unique identifiers, typically the currency note's serial number shared between sender and recipient. Upon verification of the matching note, cash was handed over without any formal documentation, enabling seamless and untraceable movement of funds, the agency said."
7ab24c88bd556e0c_p001,7ab24c88bd556e0c,EVT_00033,theprint,2026-04-14 10:23:36,"Bengaluru: Karnataka CM Siddaramaiah has ordered the ‘removal’ of his lone surviving political secretary, Naseer Ahmed, over allegations of anti-party activities and alleged funding of rebel candidates to help defeat the Congress candidate in the 9 April Davanagere South assembly bypoll."
7ab24c88bd556e0c_p002,7ab24c88bd556e0c,EVT_00033,theprint,2026-04-14 10:23:36,The order comes at least two days after Ahmed’s refusal to resign voluntarily.
7ab24c88bd556e0c_p003,7ab24c88bd556e0c,EVT_00033,theprint,2026-04-14 10:23:36,"Ahmed, a senior Congress leader and a member of the Karnataka Legislative Council, was appointed as one of two political secretaries to the chief minister in June 2023. The latest order, dated 13 April, stated that Ahmed’s 2023 appointment has been “withdrawn” and “he has been relieved immediately from the post of the chief minister’s political secretary”."
7ab24c88bd556e0c_p004,7ab24c88bd556e0c,EVT_00033,theprint,2026-04-14 10:23:36,Ahmed’s removal is part of a broader crackdown by the All India Congress Committee (AICC) against those an internal inquiry found to be indulging in anti-party activities and conspiring against the party’s official candidate in the Davanagere South bypoll.
7ab24c88bd556e0c_p005,7ab24c88bd556e0c,EVT_00033,theprint,2026-04-14 10:23:36,"At least one report by AICC secretary Karnataka in-charge Abhishek Dutt and another by the state intelligence points to the alleged role of several Muslim leaders from the Congress, including incumbent Housing Minister Zameer Ahmed Khan, in the controversy."
7ab24c88bd556e0c_p006,7ab24c88bd556e0c,EVT_00033,theprint,2026-04-14 10:23:36,"“Several leaders of the minority community were found to be openly conspiring to defeat our candidate (Samarth Shamnur Mallikarjun) by funding rebel candidates to split the Muslim vote that would help the BJP,” said one Congress Member of the Legislative Assembly (MLA) directly aware of the developments. The MLA requested anonymity."
7ab24c88bd556e0c_p007,7ab24c88bd556e0c,EVT_00033,theprint,2026-04-14 10:23:36,"Calls, messages on WhatsApp and voicemail seeking comments from Ahmed did not elicit any response."
7ab24c88bd556e0c_p008,7ab24c88bd556e0c,EVT_00033,theprint,2026-04-14 10:23:36,"Abdul Jabbar, the Karnataka Pradesh Congress Committee (KPCC) minority cell chief, has already stepped down from his post after his rebellion and alleged role in the entire controversy. The chain of events has left the Congress in a precarious position with its central body taking action against Muslim leaders within the party fold and fuelling apprehension in its core support base."
7ab24c88bd556e0c_p009,7ab24c88bd556e0c,EVT_00033,theprint,2026-04-14 10:23:36,"In June last year, Siddaramaiah’s other political secretary, K.Govindraj, was removed from his role in pressuring the government to hold a felicitation ceremony for Royal Challengers Bengaluru on their maiden IPL championship trophy. However, a chain of events including poor crowd management and ineffective communication led to a stampede that led to the death of 11 people near the Chinnaswamy Cricket Stadium a few hours later."
7ab24c88bd556e0c_p010,7ab24c88bd556e0c,EVT_00033,theprint,2026-04-14 10:23:36,"Ahmed and Govindaraj are considered close aides of Siddaramaiah but missed making it to the Council of Ministers. Siddaramaiah, however, carved out several posts within his administration that accorded lofty titles with Cabinet rank and perks to nearly 150 people, including the likes of Ahmed. “The chief minister has his own sources of information, and for the benefit of the party has taken a decision in the Naseer Ahmed issue,” KPCC president and Deputy Chief Minister D.K. Shivakumar told reporters on Tuesday."
7ab24c88bd556e0c_p011,7ab24c88bd556e0c,EVT_00033,theprint,2026-04-14 10:23:36,"Shamnur Shivashankarappa, a veteran Congress leader and incumbent MLA from Davanagere South, died on December 14 last year. He was 94."
7ab24c88bd556e0c_p012,7ab24c88bd556e0c,EVT_00033,theprint,2026-04-14 10:23:36,"Shivashankarappa, one of the biggest leaders of the dominant Lingayat community, was the head of a large political dynasty. Shivashankarappa’s son S.S. Mallikarjun is Karnataka’s minister for Mines & Geology, Horticulture and daughter-in-law Prabha Mallikarjun is the Congress Member of Parliament from Davanagere."
7ab24c88bd556e0c_p013,7ab24c88bd556e0c,EVT_00033,theprint,2026-04-14 10:23:36,"Shivashankarappa, who has several business interests, including rice mills, sugar factories and several educational institutions, wields significant influence in the region, state and among the Lingayat community. His political dynasty does now, however, end with his immediate family. One of his granddaughters is married to the son of M.B. Patil, Karnataka’s Minister for Industries, and the other is married to the son of former Karnataka chief minister and senior BJP leader Jagadish Shettar."
7ab24c88bd556e0c_p014,7ab24c88bd556e0c,EVT_00033,theprint,2026-04-14 10:23:36,"After Shivashankarappa’s death, Mallikarjun instantly proposed his son (Samarth) as the bypoll candidate, fuelling dissent. Led by Housing Minister Zameer Ahmed Khan, the Muslim community demanded that a member of their community be the party candidate."
7ab24c88bd556e0c_p015,7ab24c88bd556e0c,EVT_00033,theprint,2026-04-14 10:23:36,"Muslims have around 70,000 votes in Davanagere South, making them a formidable force in the constituency. But the party high command chose to back Samarth, despite opposition, among others from Siddaramaiah himself who argued against concentration of power in a single household."
7ab24c88bd556e0c_p016,7ab24c88bd556e0c,EVT_00033,theprint,2026-04-14 10:23:36,"Disillusioned, a section of the Muslim community rebelled against the Congress, citing it as a ‘betrayal’ of their continued support. “Some senior Congress leaders had planned a major conspiracy to defeat Samarth. The minorities, however, have voted in favour of the party,” KPCC working president Saleem Ahmed told reporters on Friday."
7ab24c88bd556e0c_p017,7ab24c88bd556e0c,EVT_00033,theprint,2026-04-14 10:23:36,"Saadiq Pehelwan, a local Congress strongman contested as an Independent. But a delegation of Congress MLAs like Rizwan Arshad, Saleem Ahmed and others helped defuse the situation and convinced Pehelwan to withdraw. Soon after, Khan, Ahmed, Jabbar and a few others allegedly started to fund the Social Democratic Party of India (SDPI) candidate, Afsar Kudlipet, to split the Muslim vote."
7ab24c88bd556e0c_p018,7ab24c88bd556e0c,EVT_00033,theprint,2026-04-14 10:23:36,"“Bypolls are usually closely monitored. In general elections, a lot of such issues may be overlooked, ” the Congress leader cited above said. According to multiple people aware of the developments, the disgruntled Muslim leaders started to fund the SDPI candidate to split the minority votes which would benefit the BJP indirectly. Apparently Rs 15 crore was given for this cause and transactions of these were found in the AICC report as well as the state intelligence report on the issue."
7ab24c88bd556e0c_p019,7ab24c88bd556e0c,EVT_00033,theprint,2026-04-14 10:23:36,"On whether action will be taken against Khan, the Congress MLA cited above said that it was up to the party high command. “The party will not tolerate all this nonsense. They may set the time on when to take action. But the party will not tolerate indiscipline,” the MLA added."
7ab24c88bd556e0c_p020,7ab24c88bd556e0c,EVT_00033,theprint,2026-04-14 10:23:36,(Edited by Nardeep Singh Dahiya)
1e90ef59b5041d03_p001,1e90ef59b5041d03,EVT_00033,the_new_indian_express,2026-04-16 16:26:24,"Congress leader K C Venugopal demanded withdrawal of the proposed amendments to the women’s quota law and called for an all-party meeting on its implementation, saying the Congress would cooperate with the government."
1e90ef59b5041d03_p002,1e90ef59b5041d03,EVT_00033,the_new_indian_express,2026-04-16 16:26:24,"Participating in the debate on three bills introduced in the Lok Sabha to amend the Women’s Reservation Act, 2023, and set up a delimitation commission, he alleged that the government was using women’s reservation as a weapon to undermine democracy."
1e90ef59b5041d03_p003,1e90ef59b5041d03,EVT_00033,the_new_indian_express,2026-04-16 16:26:24,"“Please withdraw this bill. Call an all-party meeting on how to implement the women’s reservation bill. We will give good suggestions. We are ready to cooperate with the government. Don’t try to sabotage Indian democracy,” Venugopal said."
1e90ef59b5041d03_p004,1e90ef59b5041d03,EVT_00033,the_new_indian_express,2026-04-16 16:26:24,"Opposing the Constitution (One Hundred and Thirty-First Amendment) Bill, 2026; the Delimitation Bill, 2026; and the Union Territories Laws (Amendment) Bill, 2026, he said the intention of the government is not to empower women through these laws, but to win elections only."
1e90ef59b5041d03_p005,1e90ef59b5041d03,EVT_00033,the_new_indian_express,2026-04-16 16:26:24,"Prime Minister Narendra Modi, in his speech, did not use the word ""delimitation"" even once, he said, adding that the opposition parties have serious concerns over the government's intentions."
1e90ef59b5041d03_p006,1e90ef59b5041d03,EVT_00033,the_new_indian_express,2026-04-16 16:26:24,"The prime minister talked only about women's quota, a bill which was passed in 2023 itself, Venugopal pointed out, adding ""who stopped the government"" from implementing the law in 2024."
1e90ef59b5041d03_p007,1e90ef59b5041d03,EVT_00033,the_new_indian_express,2026-04-16 16:26:24,"The government is also taking away the constitutional cover of the delimitation issue, he said."
1e90ef59b5041d03_p008,1e90ef59b5041d03,EVT_00033,the_new_indian_express,2026-04-16 16:26:24,"""The prime minister is advising us that if you oppose this bill, then future of your politics will be in danger. What is this? Complete drama by the prime minister,"" he said."
1e90ef59b5041d03_p009,1e90ef59b5041d03,EVT_00033,the_new_indian_express,2026-04-16 16:26:24,"Intervening in the debate in the Lok Sabha earlier, Modi said the ruling dispensation does not want praise for the implementation of the women's reservation law in 2029 and offered to give credit to the opposition."
1e90ef59b5041d03_p010,1e90ef59b5041d03,EVT_00033,the_new_indian_express,2026-04-16 16:26:24,"Venugopal asked why the Modi government, which came to power in 2014, brought the women's reservation Bill to the Parliament only in 2023."
1e90ef59b5041d03_p011,1e90ef59b5041d03,EVT_00033,the_new_indian_express,2026-04-16 16:26:24,"""Now, tell me who delayed it,"" he asked."
1e90ef59b5041d03_p012,1e90ef59b5041d03,EVT_00033,the_new_indian_express,2026-04-16 16:26:24,He also said that it was the Congress which gave India its first woman prime minister and the first woman Speaker of the Lok Sabha.
1e90ef59b5041d03_p013,1e90ef59b5041d03,EVT_00033,the_new_indian_express,2026-04-16 16:26:24,"""We are for women's reservation,"" the Alappuzha MP said, adding the Congress President has written two letters to the prime minister to call an all-party meeting on this."
1e90ef59b5041d03_p014,1e90ef59b5041d03,EVT_00033,the_new_indian_express,2026-04-16 16:26:24,"""What stopped you from calling the meeting?"" he said, asking why the government had not convened the session after the state assembly elections."
1e90ef59b5041d03_p015,1e90ef59b5041d03,EVT_00033,the_new_indian_express,2026-04-16 16:26:24,"""I am questioning your intention."""
1e90ef59b5041d03_p016,1e90ef59b5041d03,EVT_00033,the_new_indian_express,2026-04-16 16:26:24,"Intervening on this, Parliamentary Affairs Minister Kiren Rijiju said Congress never came forward on the issue and only wrote letters."
1e90ef59b5041d03_p017,1e90ef59b5041d03,EVT_00033,the_new_indian_express,2026-04-16 16:26:24,"""I personally requested all the leaders and political parties. They came and attended; you could have asked whatever you wanted in the meeting. Congress party never came forward, only written letter,"" Rijiju said, adding all parties, including DMK, Samajwadi Party and NCP-SCP attended the meeting."
1e90ef59b5041d03_p018,1e90ef59b5041d03,EVT_00033,the_new_indian_express,2026-04-16 16:26:24,"Venugopal said that earlier, all delimitation legislations were approved by consensus, and the government can verify that."
1e90ef59b5041d03_p019,1e90ef59b5041d03,EVT_00033,the_new_indian_express,2026-04-16 16:26:24,"He added that the government wants to portray the Congress as opposing women's reservation, but the people are witnessing these proceedings."
1e90ef59b5041d03_p020,1e90ef59b5041d03,EVT_00033,the_new_indian_express,2026-04-16 16:26:24,He also questioned who had decided how many seats would be increased.
1e90ef59b5041d03_p021,1e90ef59b5041d03,EVT_00033,the_new_indian_express,2026-04-16 16:26:24,"""On what basis you decided that,"" he said, adding that the prime minister has earlier made ""bogus"" claims on job creation and black money."
1e90ef59b5041d03_p022,1e90ef59b5041d03,EVT_00033,the_new_indian_express,2026-04-16 16:26:24,"""If you are sincere,"" then put the numbers in the legislation, he said."
1e90ef59b5041d03_p023,1e90ef59b5041d03,EVT_00033,the_new_indian_express,2026-04-16 16:26:24,The Congress leader said that the prime minister does not understand the sentiments and pain of Tamil Nadu and Kerala.
1e90ef59b5041d03_p024,1e90ef59b5041d03,EVT_00033,the_new_indian_express,2026-04-16 16:26:24,"""There is a pain in some states. whether we are not part of this country. That pain is there in Odisha, in Punjab, in Kerala, in Tamil Nadu, in Karnataka,"" he said."
1e90ef59b5041d03_p025,1e90ef59b5041d03,EVT_00033,the_new_indian_express,2026-04-16 16:26:24,"He claimed that the government is doing the delimitation to win the 2029 general elections and urged it to withdraw the bill, saying that smaller states are apprehensive."
1e90ef59b5041d03_p026,1e90ef59b5041d03,EVT_00033,the_new_indian_express,2026-04-16 16:26:24,"""The government should come out with a bill with 'heart', not 'brain',"" he said, adding, ""every state has their own place in this country. You are trying to diminish the status of some states""."
f9db550e4b90f6ac_p001,f9db550e4b90f6ac,EVT_00042,indian_express,2026-04-14 07:05:52,"A week to go, but where are they? Rahul Gandhi, Vijay trail in Tamil Nadu’s visibility race"
f9db550e4b90f6ac_p002,f9db550e4b90f6ac,EVT_00042,indian_express,2026-04-14 07:05:52,"While leaders from DMK, AIADMK, and BJP intensify their efforts in the final leg of the campaign, national Congress leaders and the actor-politician have been conspicuous by their near absence."
f9db550e4b90f6ac_p003,f9db550e4b90f6ac,EVT_00042,indian_express,2026-04-14 07:05:52,"With barely a week left for campaigning to end on April 21, Congress leaders in Tamil Nadu say their requests to the party high command for campaign dates have, for now, gone quiet. The absence has been conspicuous and, they admit privately, increasingly difficult to explain, especially as other parties intensify their ground operations across the state."
f9db550e4b90f6ac_p004,f9db550e4b90f6ac,EVT_00042,indian_express,2026-04-14 07:05:52,"“There were queries, there were follow-ups until last week. Now even the questions have stopped,” says a senior Congress functionary, describing the “lukewarm response” from Delhi at a crucial stage of the election."
f9db550e4b90f6ac_p005,f9db550e4b90f6ac,EVT_00042,indian_express,2026-04-14 07:05:52,"The contrast is sharp. The BJP, with four MLAs and contesting 27 seats as part of the AIADMK-led alliance, has deployed significant logistical muscle: hiring two helicopters and a special aircraft for its campaign. Union Minister Piyush Goyal is using the aircraft, while leaders such as Khushbu Sundar, former Tamil Nadu BJP chief K Annamalai and state chief Nainar Nagendran have been using choppers to move rapidly between constituencies."
f9db550e4b90f6ac_p006,f9db550e4b90f6ac,EVT_00042,indian_express,2026-04-14 07:05:52,"National leaders have also made appearances during nomination filings, reinforcing the sense of a campaign backed by resources and urgency. The absence of Prime Minister Narendra Modi and Union Home Minister Amit Shah till now is likely to be compensated, with two major rallies scheduled in the coming days."
f9db550e4b90f6ac_p007,f9db550e4b90f6ac,EVT_00042,indian_express,2026-04-14 07:05:52,"The Congress, in comparison, has seen only limited central engagement. The only high-profile leader to campaign so far has been Karnataka Deputy Chief Minister D K Shivakumar, who has visited the state to support Tamil Nadu Congress chief K Selvaperunthagai. It is a trip that party insiders say was driven more by personal rapport than organisational planning. According to a senior Congress leader, Leader of Opposition Rahul Gandhi is likely to participate in a DMK roadshow in Chennai on April 20, a day before campaigning ends."
f9db550e4b90f6ac_p008,f9db550e4b90f6ac,EVT_00042,indian_express,2026-04-14 07:05:52,"For many in the Congress, the current situation is difficult to reconcile. Campaigning in Kerala and Puducherry concluded on April 7 and leaders from Tamil Nadu expected central leaders to arrive from April 8 onwards. Nearly a week later, there is still no visible plan. A senior Congress functionary says leaders such as party president Mallikarjun Kharge, Wayanad MP Priyanka Gandhi, Telangana CM Revanth Reddy, and Karnataka CM Siddaramaiah should have been in the state by now."
f9db550e4b90f6ac_p009,f9db550e4b90f6ac,EVT_00042,indian_express,2026-04-14 07:05:52,"The absence is particularly striking given the stakes. The Congress has been allotted 28 seats in alliance with the DMK — one more than the BJP has secured in its alliance — and currently has 18 MLAs, compared to the BJP’s four. Yet, the scale of its campaign does not reflect that weight, party leaders said."
f9db550e4b90f6ac_p010,f9db550e4b90f6ac,EVT_00042,indian_express,2026-04-14 07:05:52,"“This is not about helping the DMK,” says a Congress leader. “Rahul Gandhi need not come to make a DMK candidate win. They have their own campaign machinery. This is about whether the Congress wants to fight seriously for its own space. It is upsetting that Rahul hasn’t visited partymen in the state after the 2024 poll victory.”"
f9db550e4b90f6ac_p011,f9db550e4b90f6ac,EVT_00042,indian_express,2026-04-14 07:05:52,"The unease has also prompted questions: if the party was dissatisfied with seat-sharing or strategy, why remain in the alliance? And if it intends to stay, why not campaign with full force?"
f9db550e4b90f6ac_p012,f9db550e4b90f6ac,EVT_00042,indian_express,2026-04-14 07:05:52,"Rahul Gandhi’s absence, in particular, has become a point of discussion in the state unit. His limited visits to Tamil Nadu since 2021, including a brief appearance during the 2024 campaign, are now being revisited by party workers who say sustained engagement could have strengthened organisational morale."
f9db550e4b90f6ac_p013,f9db550e4b90f6ac,EVT_00042,indian_express,2026-04-14 07:05:52,"A senior Congress leader draws parallels with actor-politician Vijay, whose party TVK is also facing questions about campaign visibility. Despite launching his party as an alternative to both Dravidian majors and the BJP, Vijay’s campaign has been sparse, with large parts of the state remaining untouched even in the final stretch."
f9db550e4b90f6ac_p014,f9db550e4b90f6ac,EVT_00042,indian_express,2026-04-14 07:05:52,"District-level leaders point to gaps that are difficult to ignore. In Tenkasi, which has five Assembly seats, Vijay has not visited in two years since he launched the TVK. There are several districts like that. In Virudhunagar (seven seats), Ramanathapuram (four), Pudukkottai (six), Theni (four), and the Nilgiris (three), there has been little or no direct engagement. In Dindigul, he travelled recently, but for a film shoot, not to meet party workers, says a TVK district leader."
f9db550e4b90f6ac_p015,f9db550e4b90f6ac,EVT_00042,indian_express,2026-04-14 07:05:52,"Even now, his campaign schedule appears limited. Permissions have been obtained for rallies in Dharmapuri and Tiruppur on Tuesday, with additional meetings planned in Tiruvallur in the coming days. But according to a senior TVK leader, Vijay is expected to campaign for “at least four days” in the remaining week, a much slower pace compared to his rivals."
f9db550e4b90f6ac_p016,f9db550e4b90f6ac,EVT_00042,indian_express,2026-04-14 07:05:52,"At the same time, AIADMK leader Edappadi K Palaniswami is maintaining a high tempo, covering five to six constituencies daily, usually across two districts, with back-to-back public meetings, temple visits, and cadre interactions designed to maximise ground presence."
f9db550e4b90f6ac_p017,f9db550e4b90f6ac,EVT_00042,indian_express,2026-04-14 07:05:52,"Chief Minister M K Stalin is also running a high-frequency campaign, typically moving across two districts a day, stitching together large public meetings with smaller roadside interactions, morning walks that include door-to-door visits, often covering eight to 10 constituencies in a tightly scheduled circuit. His son and Deputy CM Udhayanidhi Stalin is operating in parallel, focusing on dense clusters of constituencies, sometimes addressing as many as 10 seats in a day, particularly targeting youth-heavy and urban pockets, say party insiders"
f9db550e4b90f6ac_p018,f9db550e4b90f6ac,EVT_00042,indian_express,2026-04-14 07:05:52,"In contrast, the relative absence of both Rahul Gandhi and Vijay has created what one former AIADMK minister described as “a vacuum of expectation”, particularly among younger voters who might otherwise have been drawn to their campaigns."
f9db550e4b90f6ac_p019,f9db550e4b90f6ac,EVT_00042,indian_express,2026-04-14 07:05:52,"For the BJP, the campaign has unfolded differently. While its second-level national leaders have been active in the state and seniormost faces were expected to make only limited appearances — Modi and Shah are likely to address rallies in Coimbatore and Kanyakumari — the party has aligned itself with the AIADMK’s state-led strategy."
f9db550e4b90f6ac_p020,f9db550e4b90f6ac,EVT_00042,indian_express,2026-04-14 07:05:52,"Former state president K Annamalai, who was opposed to an alliance with the AIADMK, remains a key draw on the ground, with even AIADMK candidates lobbying for his presence at rallies. “Where Vijay is not going, and where the Congress is not seen, the AIADMK is filling that space,” says a TVK district leader in Coimbatore."
f9db550e4b90f6ac_p021,f9db550e4b90f6ac,EVT_00042,indian_express,2026-04-14 07:05:52,"With just days left, the question for both the Congress and the TVK is no longer about strategy but about presence and whether, in an election defined by pace and perception, absence itself becomes a message."
bb11c7da1413f9e1_p001,bb11c7da1413f9e1,EVT_00042,india_today,2026-04-16 18:49:12,What changes for Tamil Nadu under delimitation bill? Here's the math
bb11c7da1413f9e1_p002,bb11c7da1413f9e1,EVT_00042,india_today,2026-04-16 18:49:12,"As Tamil Nadu remains at the centre of the delimitation debate, the government accused the DMK of doing a ""political stunt"", while maintaining that southern states will gain representation rather than losing it. Per the delimitation plan, Tamil Nadu will see an increase of Lok Sabha seats from 39 to 59."
bb11c7da1413f9e1_p003,bb11c7da1413f9e1,EVT_00042,india_today,2026-04-16 18:49:12,"The government on Thursday accused the DMK of indulging in a “political stunt” over delimitation of Tamil Nadu's Lok Sabha seats as Parliament debates the proposed legislation that mandates a 50 per cent increase in Lok Sabha and Assembly seats, along with a “quota within quota” provision, sources told India Today TV on Thursday."
bb11c7da1413f9e1_p004,bb11c7da1413f9e1,EVT_00042,india_today,2026-04-16 18:49:12,"Tamil Nadu will see a sharp jump in representation, with its Lok Sabha seats projected to rise from 39 to 59. Assembly constituencies of 31 states and Union Territories will also be redrawn on the same Census basis, with the total number of seats potentially increasing from 4,123 to 6,186 under delimitation."
bb11c7da1413f9e1_p005,bb11c7da1413f9e1,EVT_00042,india_today,2026-04-16 18:49:12,"The DMK has opposed delimitation, arguing that a population-based redrawing of constituencies would reduce the political weight of southern states like Tamil Nadu, which have effectively controlled population growth, while benefiting more populous northern states and weakening the South’s voice in Parliament and the federal balance. The government has rejected the claims, saying no one will face injustice, with BJP MP Tejasvi Surya, calling the move a ""best deal"" for South."
bb11c7da1413f9e1_p006,bb11c7da1413f9e1,EVT_00042,india_today,2026-04-16 18:49:12,MATH OF DELIMITATION BILL EXPLAINED:
bb11c7da1413f9e1_p007,bb11c7da1413f9e1,EVT_00042,india_today,2026-04-16 18:49:12,"The Lok Sabha strength is proposed to be increased to 815 seats, of which 272 seats – one-third of the House – will be reserved for women. This provision is linked to the Constitution (131st Amendment) Bill, which seeks to implement the women’s reservation law by reserving one-third of seats in the Lok Sabha and state assemblies for women, along with related changes to the delimitation framework."
bb11c7da1413f9e1_p008,bb11c7da1413f9e1,EVT_00042,india_today,2026-04-16 18:49:12,"The three-day Parliament session, which began today, is debating three key bills, including the Constitution (131st Amendment) Bill, which seeks to modify the women’s reservation law, along with the Union Territories Laws (Amendment) Bill and the Delimitation Bill aimed at implementing the quota framework in Union Territories such as Puducherry, Delhi and Jammu and Kashmir."
bb11c7da1413f9e1_p009,bb11c7da1413f9e1,EVT_00042,india_today,2026-04-16 18:49:12,"Government sources said that the proposed delimitation exercise will be based on the 2011 Census and is aimed at significantly expanding electoral representation across the country. As part of the plan, Lok Sabha and state Assembly seats are expected to increase by around 50 per cent."
bb11c7da1413f9e1_p010,bb11c7da1413f9e1,EVT_00042,india_today,2026-04-16 18:49:12,"The delimitation bill also introduces a “quota within quota” provision, ensuring vertical reservation for Scheduled Castes and Scheduled Tribes within the women’s reservation framework, government sources said. In the current (18th) Lok Sabha, women make up only about 15 percent of MPs."
bb11c7da1413f9e1_p011,bb11c7da1413f9e1,EVT_00042,india_today,2026-04-16 18:49:12,"Southern parties, particularly the DMK, opposed delimitation, arguing that a population-based redrawing of constituencies could reduce the relative political weight of southern states like Tamil Nadu, which have successfully implemented population control policies. The party has warned that this could strengthen more populous northern states and weaken the South’s voice in Parliament."
bb11c7da1413f9e1_p012,bb11c7da1413f9e1,EVT_00042,india_today,2026-04-16 18:49:12,"However, Union Home Minister Amit Shah on Thursday sought to allay concerns and said the delimitation exercise will benefit southern states, while outlining a significant increase in their representation. He said Karnataka’s seats will rise from 28 to 42, Andhra Pradesh from 25 to 38, Telangana from 17 to 26, Tamil Nadu from 39 to 59 and Kerala from 20 to 30."
bb11c7da1413f9e1_p013,bb11c7da1413f9e1,EVT_00042,india_today,2026-04-16 18:49:12,"Shah said that collectively, southern states are projected to see their share increase from 129 to 195 seats, accounting for about 24 per cent of the total 850 Lok Sabha seats under the proposed framework."
bb11c7da1413f9e1_p014,bb11c7da1413f9e1,EVT_00042,india_today,2026-04-16 18:49:12,"Earlier today, Prime Minister Narendra Modi asserted that no state – big or small, north or south, east or west – will be discriminated against in the delimitation exercise linked to the implementation of women’s reservation law."
bb11c7da1413f9e1_p015,bb11c7da1413f9e1,EVT_00042,india_today,2026-04-16 18:49:12,"Earlier on Thursday, Tamil Nadu Chief Minister MK Stalin intensified his protest against the Centre’s proposed delimitation move by burning a copy of the bill and hoisting a black flag, coinciding with the special three-day Parliament session."
bb11c7da1413f9e1_p016,bb11c7da1413f9e1,EVT_00042,india_today,2026-04-16 18:49:12,"Under the proposal, the Centre plans to expand Lok Sabha strength from 543 to 850 seats, including 815 for states and 35 for Union Territories, while also moving to implement women’s reservation ahead of the 2029 Lok Sabha elections by amending the 2023 law and delinking delimitation from the 2027 Census through a constitutional amendment."
fceb5de2f2e09c9f_p001,fceb5de2f2e09c9f,EVT_00043,theprint,2026-04-14 11:10:58,New Delhi: BJP’s Samrat Choudhary was Tuesday named Nitish Kumar’s successor as Bihar’s chief minister–making him the first from the BJP to hold the state’s top post when he takes oath Wednesday.
fceb5de2f2e09c9f_p002,fceb5de2f2e09c9f,EVT_00043,theprint,2026-04-14 11:10:58,"Choudhary (57), held the position of Deputy Chief Minister in the outgoing Nitish Kumar government."
fceb5de2f2e09c9f_p003,fceb5de2f2e09c9f,EVT_00043,theprint,2026-04-14 11:10:58,The decision was announced by deputy CM Vijay Kumar Sinha Tuesday after Choudhury was elected BJP Legislative Party leader in Bihar. BJP central observer for the state and Union Minister Shivraj Singh Chouhan attended the event in Patna.
fceb5de2f2e09c9f_p004,fceb5de2f2e09c9f,EVT_00043,theprint,2026-04-14 11:10:58,"Hours earlier, Janata Dal (United) supremo Nitish Kumar resigned as Bihar CM, ending a tenure that spanned a record 10 oath-taking ceremonies. Kumar pledged his “full support and guidance” to the incoming government."
fceb5de2f2e09c9f_p005,fceb5de2f2e09c9f,EVT_00043,theprint,2026-04-14 11:10:58,"Often termed as the OBC face of BJP, Choudhury won the Tarapur assembly seat by a margin of 45,843 votes."
fceb5de2f2e09c9f_p006,fceb5de2f2e09c9f,EVT_00043,theprint,2026-04-14 11:10:58,"Choudhary started his political career with the Rashtriya Janata Dal (RJD) in 1999, but parted ways with it to join the Janata Dal (United) in 2014. He joined the BJP three years later."
fceb5de2f2e09c9f_p007,fceb5de2f2e09c9f,EVT_00043,theprint,2026-04-14 11:10:58,"The BJP leader who had once taken a vow of sporting a turban and removing it only after “dethroning” Nitish Kumar is said to have developed a good rapport with the JD(U) supremo, according to party insiders."
fceb5de2f2e09c9f_p008,fceb5de2f2e09c9f,EVT_00043,theprint,2026-04-14 11:10:58,"Choudhary comes from a family with political legacy. His father Shakuni Choudhary was one of the founding members of the Samata Party, and had several stints as MLA and MP. Shakuni Choudhary was considered close to RJD patriarch Lalu Prasad at the time."
fceb5de2f2e09c9f_p009,fceb5de2f2e09c9f,EVT_00043,theprint,2026-04-14 11:10:58,His mother Parvati Devi once represented the Tarapur constituency.
fceb5de2f2e09c9f_p010,fceb5de2f2e09c9f,EVT_00043,theprint,2026-04-14 11:10:58,"Before 2024, Choudhary won two assembly elections – 2000 and 2010 – but he also lost two times, in 2005 and 2015."
fceb5de2f2e09c9f_p011,fceb5de2f2e09c9f,EVT_00043,theprint,2026-04-14 11:10:58,"Nitish Kumar–who had held the CM post since 2015, barring a brief interlude–announced his resignation on X after meeting Governor Syed Ata Hasnain Tuesday."
fceb5de2f2e09c9f_p012,fceb5de2f2e09c9f,EVT_00043,theprint,2026-04-14 11:10:58,"“We have done a lot of work for the people of Bihar. For so long, we have continuously served the people. I had decided to step down from the position of Chief Minister. So, today, after the cabinet meeting, I met the Honourable Governor and submitted my resignation,” Kumar said."
fceb5de2f2e09c9f_p013,fceb5de2f2e09c9f,EVT_00043,theprint,2026-04-14 11:10:58,"He added, “A new government will now take charge here. The new government will have my full support and guidance. Good work will continue in the future, and Bihar will progress further.”"
fceb5de2f2e09c9f_p014,fceb5de2f2e09c9f,EVT_00043,theprint,2026-04-14 11:10:58,"आप जानते हैं कि 24 नवंबर, 2005 को राज्य में पहली बार एन०डी०ए० सरकार बनी थी। तब से राज्य में कानून का राज है और हम लगातार विकास के काम में लगे हुए हैं। सरकार ने शुरू से ही सभी तबकों का विकास किया है चाहे हिंदू हो, मुस्लिम हो, अपर कास्ट हो, पिछड़ा हो, अति पिछड़ा हो, दलित हो,…"
fceb5de2f2e09c9f_p015,fceb5de2f2e09c9f,EVT_00043,theprint,2026-04-14 11:10:58,"— Nitish Kumar (@NitishKumar) April 14, 2026"
fceb5de2f2e09c9f_p016,fceb5de2f2e09c9f,EVT_00043,theprint,2026-04-14 11:10:58,"Kumar first announced his intention to quit as CM in March, when he also expressed a desire to move to the Rajya Sabha. He was sworn into the upper house of Parliament on 10 April."
fceb5de2f2e09c9f_p017,fceb5de2f2e09c9f,EVT_00043,theprint,2026-04-14 11:10:58,"But Kumar’s decision to step down came amid months of speculation and concerns about his health and governance. BJP also wanted its own party leader at the top spot, considering it won most assembly seats–89 out of 243–in the 2025 elections. Bihar was the only state in the Hindi heartland where the BJP never had its own chief minister."
fceb5de2f2e09c9f_p018,fceb5de2f2e09c9f,EVT_00043,theprint,2026-04-14 11:10:58,"Nicknamed ‘Paltu Ram’—a jibe at his habit of switching sides—by political adversaries, Kumar Tuesday recalled NDA’s two-decade run in Bihar."
fceb5de2f2e09c9f_p019,fceb5de2f2e09c9f,EVT_00043,theprint,2026-04-14 11:10:58,"“You know that on 24 November 2005, the NDA government was formed in the state for the first time. Since then, the rule of law has prevailed in the state, and we have been continuously engaged in development work. The government has worked for the development of all sections of society from the very beginning—whether Hindus, Muslims, upper castes, backward classes, extremely backward classes, Dalits, or Mahadalits—work has been done for everyone,” he said."
fceb5de2f2e09c9f_p020,fceb5de2f2e09c9f,EVT_00043,theprint,2026-04-14 11:10:58,Kumar reserved particular thanks for Prime Minister Narendra Modi and the Centre.
fceb5de2f2e09c9f_p021,fceb5de2f2e09c9f,EVT_00043,theprint,2026-04-14 11:10:58,"“The Centre is also providing full cooperation in Bihar’s development. For this, we bow to the honourable Prime Minister Shri Narendra Modi Ji. Bihar will develop even faster and join the top states of the country, thereby making an important contribution to the progress of the nation,” Kumar said."
079dc3924a4e4b1f_p001,079dc3924a4e4b1f,EVT_00043,theprint,2026-04-15 13:09:45,"New Delhi: Putting to rest all speculation on JD(U) chief Nitish Kumar’s son Nishant Kumar becoming the deputy chief minister of Bihar, senior JD(U) leaders Vijay Kumar Chaudhary and Bijendra Yadav took oath along with BJP’s Samrat Choudhary Wednesday."
079dc3924a4e4b1f_p002,079dc3924a4e4b1f,EVT_00043,theprint,2026-04-15 13:09:45,"According to JD(U) sources, the party tried to persuade Nishant Kumar to become the deputy chief minister, but he refused. Instead, Bijendra Prasad Yadav and Vijay Kumar Chaudhary have been designated deputy chief ministers of new Bihar govt."
079dc3924a4e4b1f_p003,079dc3924a4e4b1f,EVT_00043,theprint,2026-04-15 13:09:45,"“Party leaders tried their best until late night to persuade him but he refused. His logic is that he has yet to gain the requisite experience for such a task, which is why he will spend more time with party workers and the public to decide on the future course of action. Within the party, a section feels he should have taken the position to keep Nitish Kumar-ji’s legacy alive,” said a senior party leader."
079dc3924a4e4b1f_p004,079dc3924a4e4b1f,EVT_00043,theprint,2026-04-15 13:09:45,"Sources further said that Nishant (44) has conveyed to the party that he is unlikely to accept any position for the next six months. Nishant took the political plunge last month when he officially joined the JD(U). His father, Nitish Kumar, was not present during his joining."
079dc3924a4e4b1f_p005,079dc3924a4e4b1f,EVT_00043,theprint,2026-04-15 13:09:45,"One party leader said that both Nitish and Nishant have always opposed dynastic politics, which is why Nishant wants to “earn” the position and trust of the people."
079dc3924a4e4b1f_p006,079dc3924a4e4b1f,EVT_00043,theprint,2026-04-15 13:09:45,"“By not joining the cabinet, they have shut down any criticism regarding dynasticy politics. This is the same argument we use against Lalu Yadav and the Gandhis, so taking the position made no sense. Not only is it good optics, but it will also allow Nishant to work at the grassroots level and gain a better understanding of how to run the government,” said another leader."
079dc3924a4e4b1f_p007,079dc3924a4e4b1f,EVT_00043,theprint,2026-04-15 13:09:45,"“Nishant joined Bihar politics only after his father decided to shift to the Rajya Sabha. He wants to focus on strengthening the party, especially now Nitish has shifted to Delhi,” he added."
079dc3924a4e4b1f_p008,079dc3924a4e4b1f,EVT_00043,theprint,2026-04-15 13:09:45,"The BJP had been keen on a change of guard in Bihar as early as possible. Last year, the JD(U) and the BJP contested an equal number of seats in the Bihar elections—sending the message that neither would play ‘big brother’. The BJP finally managed to get its first chief minister in the state with Kumar’s shift to the Rajya Sabha."
079dc3924a4e4b1f_p009,079dc3924a4e4b1f,EVT_00043,theprint,2026-04-15 13:09:45,"Speaking to ThePrint, JD(U) spokesperson Rajeev Ranjan Prasad said: “Nishant-ji will be actively involved in party affairs. He will engage in dialogue with people and party workers. What he intends to do next is something that he will decide.”"
079dc3924a4e4b1f_p010,079dc3924a4e4b1f,EVT_00043,theprint,2026-04-15 13:09:45,"Experts point out that with the BJP getting its first chief minister in Bihar, it will now focus on introducing “BJP culture” in the state."
079dc3924a4e4b1f_p011,079dc3924a4e4b1f,EVT_00043,theprint,2026-04-15 13:09:45,"A source painted a slightly different picture. He said there were multiple factions within the JD(U) currently; while one faction was pushing Nishant Kumar to at least become the deputy chief minister, the other faction prevailed."
079dc3924a4e4b1f_p012,079dc3924a4e4b1f,EVT_00043,theprint,2026-04-15 13:09:45,"“The other faction is under the control of the BJP. After getting full control and its own chief minister, the BJP will now want to work according to its own culture which it has been following in other states,” he added."
079dc3924a4e4b1f_p013,079dc3924a4e4b1f,EVT_00043,theprint,2026-04-15 13:09:45,"A JD(U) MLA said the party was facing a “crisis”, and Nitish Kumar’s shift to the Centre—even though he promised continued support and guidance—has demotivated many workers."
079dc3924a4e4b1f_p014,079dc3924a4e4b1f,EVT_00043,theprint,2026-04-15 13:09:45,"“Had Nishant become deputy CM from the JDU’s side, the party would definitely have become stronger and the workers would have been motivated. It would have also allowed Nishant to learn the tricks of the trade, and over time, he would have gained some popularity at least. The BJP naturally wants no competition, and the larger plan seems to be to merge the JDU into BJP,” explained another JD(U) leader."
079dc3924a4e4b1f_p015,079dc3924a4e4b1f,EVT_00043,theprint,2026-04-15 13:09:45,"Experts point out that the BJP has finally succeeded in installing its own chief minister for the first time in Bihar, and it will ensure that the government is “run by the Centre”."
079dc3924a4e4b1f_p016,079dc3924a4e4b1f,EVT_00043,theprint,2026-04-15 13:09:45,"Speaking to ThePrint, Dr Ravindra Kumar Verma, a retired associate professor of political science at B. R. A. Bihar University (BRABU), Muzaffarpur, said that had Nishant been part of the cabinet, the legacy of Nitish Kumar would have remained alive, something the BJP does not want."
079dc3924a4e4b1f_p017,079dc3924a4e4b1f,EVT_00043,theprint,2026-04-15 13:09:45,"“At one level, Nishant himself seemed reluctant about joining active politics and even now doesn’t seem too enthusiastic. At the same time, had he been part of the cabinet, Nitish ki legacy jeevit rehti (Nitish’s legacy would have stayed alive). It could be that the BJP doesn’t want that,” he said."
079dc3924a4e4b1f_p018,079dc3924a4e4b1f,EVT_00043,theprint,2026-04-15 13:09:45,"The logic that Nishant will gain relevant experience within six months and then join the government, he says, does not seem logical."
079dc3924a4e4b1f_p019,079dc3924a4e4b1f,EVT_00043,theprint,2026-04-15 13:09:45,"“What will happen in the next six months, no one can tell… how strong or weak the JD(U) will become, it’s difficult to ascertain. My understanding is that a new political culture, akin to the culture followed by BJP nationally, will develop in Bihar now,” he said."
079dc3924a4e4b1f_p020,079dc3924a4e4b1f,EVT_00043,theprint,2026-04-15 13:09:45,"“In all other states where the BJP announced its chief minister, fresh faces were given a chance, something we did not see in Bihar. Bihar will now be run at one level by the Centre. In Uttar Pradesh, they have the bulldozer baba, and maybe in Bihar under Samrat, they want a more aggressive chief minister,” he added."
aa6859d0074c37d4_p001,aa6859d0074c37d4,EVT_00043,theprint,2026-04-15 04:35:15,"New Delhi: As Bihar’s longest-serving chief minister, Nitish Kumar, hangs up his boots, it marks the end of an era in the state’s politics—one that began with a strong push for development and a challenge to the “jungle raj” narrative, but gradually lost its sheen amid frequent shifts in political alliances with the aim of remaining at the centre of power."
aa6859d0074c37d4_p002,aa6859d0074c37d4,EVT_00043,theprint,2026-04-15 04:35:15,"On Tuesday, Nitish tendered his resignation at Lok Bhavan in Patna after chairing his last Cabinet meeting as the CM."
aa6859d0074c37d4_p003,aa6859d0074c37d4,EVT_00043,theprint,2026-04-15 04:35:15,"Nitish’s tenure concluded with Bihar recording a robust economic growth rate of 13.1 percent in 2025–26, surpassing the national average of 9.8 percent. However, this achievement was largely overshadowed by persistent criticism of his “opportunistic politics” owing to constant shift in allegiances."
aa6859d0074c37d4_p004,aa6859d0074c37d4,EVT_00043,theprint,2026-04-15 04:35:15,"Nitish was sworn in as Bihar CM a record 10 times, giving rise to the phrases, like “Nitish Sabke Hain” and “Paltu Ram”. He made five switches in the last 11 years, while continuing to lead all the coalitions he was a part of to victory."
aa6859d0074c37d4_p005,aa6859d0074c37d4,EVT_00043,theprint,2026-04-15 04:35:15,"The state also witnessed sustained double-digit growth, driven by infrastructure development and welfare expansion, emerging from a low base in the early 2000s during the tenure of Lalu Prasad Yadav."
aa6859d0074c37d4_p006,aa6859d0074c37d4,EVT_00043,theprint,2026-04-15 04:35:15,"Speaking to ThePrint, K.C. Tyagi, a long-time aide of Nitish, described him as a beacon of hope who transformed Bihar’s trajectory, while also acknowledging the state’s lack of industrialisation. “Bihar was in complete disarray—there was anarchy, no development; There was no law and order, no roads, no electricity, and no clear roadmap for development. Badhaal tha Bihar (Bihar was in a bad state),” said the former JD(U) leader."
aa6859d0074c37d4_p007,aa6859d0074c37d4,EVT_00043,theprint,2026-04-15 04:35:15,"Nitish’s contemporaries laud his regime, saying that he won the ideological war. “He instilled a sense of belief among people—even in a hopeless state that was in shambles, where jobs seemed impossible to find. That was his biggest victory: making people believe that change was possible,” said Devesh Kumar, a senior Bihar BJP leader."
aa6859d0074c37d4_p008,aa6859d0074c37d4,EVT_00043,theprint,2026-04-15 04:35:15,"Nitish was often described as a “social stalwart” for advocating for backward castes, particularly by mobilising EBCs and elevating their role in Bihar’s politics. Following the 2023 caste survey, he increased reservations from 50 to 65 percent for Scheduled Castes, Scheduled Tribes, Other Backward Castes, and Economically Backward Castes, though the move was later struck down by the Patna High Court."
aa6859d0074c37d4_p009,aa6859d0074c37d4,EVT_00043,theprint,2026-04-15 04:35:15,"Dr Chandrachur Singh, an associate professor at Delhi University who has written extensively on Bihar, explained how Nitish transformed into a mass leader. “He took charge when Bihar was at a low point, with politics heavily driven by caste divisions. He tried to tone down that aggressive style and focused on bringing backward castes into the mainstream, which helped him gain wider acceptance among people,” Singh told ThePrint."
aa6859d0074c37d4_p010,aa6859d0074c37d4,EVT_00043,theprint,2026-04-15 04:35:15,"Nitish then struck while the iron was hot, capitalising on strong public sentiment and his wave of popularity to ban alcohol in 2016, soon after promising it in 2015—particularly drawing support from women. The move was framed as one of the most defining social reform measures rather than a mere policy decision, as it sought to transform Bihar by addressing deep-rooted issues of alcohol abuse."
aa6859d0074c37d4_p011,aa6859d0074c37d4,EVT_00043,theprint,2026-04-15 04:35:15,"However, the policy also led to several challenges, including the rise of a black market and increased liquor smuggling, hooch-related tragedies and a significant loss of state revenue. Rashtriya Janata Dal leader Tejashwi Yadav took to X, claiming that over 1,300 people have died due to spurious liquor since 2016, adding that the actual figure could be higher and that several victims have also lost their eyesight."
aa6859d0074c37d4_p012,aa6859d0074c37d4,EVT_00043,theprint,2026-04-15 04:35:15,"However, Nitish comfortably positioned himself as a supporter of women, launching key schemes that increased political participation in women and helped in building a strong female voter base."
aa6859d0074c37d4_p013,aa6859d0074c37d4,EVT_00043,theprint,2026-04-15 04:35:15,"He introduced 50 percent reservation for women in panchayats, expanded self-help groups under the Jeevika scheme to improve financial access, and launched the 2006 cycle scheme for school-going girls to reduce dropouts and improve access to education, leading to higher enrolment and attendance."
aa6859d0074c37d4_p014,aa6859d0074c37d4,EVT_00043,theprint,2026-04-15 04:35:15,"Nitish also improved law and order through stricter policing and speedy trials while expanding infrastructure by upgrading roads, bridges, and rural electrification across the state."
aa6859d0074c37d4_p015,aa6859d0074c37d4,EVT_00043,theprint,2026-04-15 04:35:15,"However, Bihar continues to lag on key human development indicators. It recorded one of the lowest scores in the country at 0.609 in 2022, on the Human Development Index, which measures health, education, and income levels. The education sector is also under strain, with enrolment declining by over 23 percent and secondary school dropout rates at around 19.5 percent."
aa6859d0074c37d4_p016,aa6859d0074c37d4,EVT_00043,theprint,2026-04-15 04:35:15,"Higher education participation remains low, with a Gross Enrolment Ratio of just 25.5 percent, placing Bihar among the bottom-performing states and Union Territories. At the same time, migration remains a major concern—an estimated 7.5 million people leave the state in search of work."
aa6859d0074c37d4_p017,aa6859d0074c37d4,EVT_00043,theprint,2026-04-15 04:35:15,"A former IAS officer who grew up under the Lalu Prasad Yadav regime, and later worked during Nitish’s tenure described the state of Bihar as “decaying”, and revolving from “bad to worse” while speaking to ThePrint on condition of anonymity."
aa6859d0074c37d4_p018,aa6859d0074c37d4,EVT_00043,theprint,2026-04-15 04:35:15,"“Crime against women is still a bleak reality, hardly any students stay back in Bihar after school, and there aren’t enough people working for Bihar within the state. Nothing has really changed, Jungle has simply turned into a bureaucratic regime marked by corruption and bribes at every level. Even after 20 years, key industries like sugar mills haven’t been revived, institutions like Patna University have declined, and with the school system deteriorating, everything else seems to follow.” she said."
aa6859d0074c37d4_p019,aa6859d0074c37d4,EVT_00043,theprint,2026-04-15 04:35:15,(Edited by Nardeep Singh Dahiya)
ed8e3934c6061d95_p001,ed8e3934c6061d95,EVT_00043,theprint,2026-04-15 05:51:37,Patna: Bharatiya Janata Party (BJP) leader Samrat Chaudhary took oath as Bihar Chief Minister on Wednesday.
ed8e3934c6061d95_p002,ed8e3934c6061d95,EVT_00043,theprint,2026-04-15 05:51:37,"Chaudhary arrived at, the Governor’s residence, Bihar Lok Bhavan earlier in the morning to be sworn in as CM, succeeding Nitish Kumar, who had served as leader of the state for over a decade before deciding to go to the Rajya Sabha."
ed8e3934c6061d95_p003,ed8e3934c6061d95,EVT_00043,theprint,2026-04-15 05:51:37,Bihar Governor Syed Ata Hasnain administered the oath of office to Samrat Chaudhary at Lok Bhavan in Patna. He becomes the first Bharatiya Janata Party (BJP) Chief Minister of Bihar following the resignation of Nitish Kumar.
ed8e3934c6061d95_p004,ed8e3934c6061d95,EVT_00043,theprint,2026-04-15 05:51:37,"The 57-year-old has big shoes to fill as he is set to succeed Nitish Kumar, who was sworn in as CM for a record 10th time in 2025 after the NDA registered a landmark victory in the assembly elections."
ed8e3934c6061d95_p005,ed8e3934c6061d95,EVT_00043,theprint,2026-04-15 05:51:37,His elevation marks the end of an era dominated by Nitish Kumar’s “Sushasan” (good governance) and the beginning of a new chapter for the NDA in Bihar.
ed8e3934c6061d95_p006,ed8e3934c6061d95,EVT_00043,theprint,2026-04-15 05:51:37,"Choudhary’s rise to power is notable, given his humble beginnings in politics. He started his career in the 1990s with the Rashtriya Janata Dal (RJD) and later joined the BJP in 2018."
ed8e3934c6061d95_p007,ed8e3934c6061d95,EVT_00043,theprint,2026-04-15 05:51:37,"Born in 1968, Samrat Choudhary comes from a family deeply rooted in politics. His father, Shakuni Choudhary, was a six-time MLA from the Tarapur constituency. His mother, Parvati Devi, won the same seat in 1998 for the now-defunct Samta Party."
ed8e3934c6061d95_p008,ed8e3934c6061d95,EVT_00043,theprint,2026-04-15 05:51:37,"Before BJP and JD(U) renewed their alliance in 2024, Choudhary was the sharpest critic of Nitish Kumar. In 2022, he had publicly declared he would not remove his saffron turban (popularly known as muretha in Bihar) until Nitish Kumar was removed from power."
ed8e3934c6061d95_p009,ed8e3934c6061d95,EVT_00043,theprint,2026-04-15 05:51:37,He was appointed as the BJP’s state president in 2023 and later became the Deputy Chief Minister of Bihar in 2024.
ed8e3934c6061d95_p010,ed8e3934c6061d95,EVT_00043,theprint,2026-04-15 05:51:37,"After NDA successfully defended its rule in the 2025 assembly election, speculations about Nitish Kumar’s move away from state politics grew stronger and stronger. Samrat Choudhary, with his strong hold within the OBC community, combined with his aggressive political style, was always in the fray to succeed the CM."
ed8e3934c6061d95_p011,ed8e3934c6061d95,EVT_00043,theprint,2026-04-15 05:51:37,"Earlier today, before the oath taking, Union Minsiter Chirag Paswan met Chaudhary to wish him all the best for his future tenure."
ed8e3934c6061d95_p012,ed8e3934c6061d95,EVT_00043,theprint,2026-04-15 05:51:37,"Paswan wrote on X, “Today, before taking the oath as the Chief Minister of Bihar in Patna, I met with my brother Shri Samrat Chaudhary ji and congratulated him on being elected as the leader of the NDA legislature party, extending my best wishes. I am fully confident that under your leadership, Bihar will reach new heights of development, good governance, and prosperity.”"
ed8e3934c6061d95_p013,ed8e3934c6061d95,EVT_00043,theprint,2026-04-15 05:51:37,"Chaudhary’s appointment is seen as a strategic move to strengthen the party’s outreach among OBC communities, particularly the Koeri/Kushwaha group. (ANI)"
ed8e3934c6061d95_p014,ed8e3934c6061d95,EVT_00043,theprint,2026-04-15 05:51:37,This report is auto-generated from ANI news service. ThePrint holds no responsibility for its content.
fda519ceb89fc0e4_p001,fda519ceb89fc0e4,EVT_00043,news18,2026-04-15 07:36:58,Beyond The CM Chair: Is This Nitish Kumar's Masterplan For Continued Dominance In Bihar?
fda519ceb89fc0e4_p002,fda519ceb89fc0e4,EVT_00043,news18,2026-04-15 07:36:58,The popular narrative that Nitish Kumar gave away Bihar to BJP by stepping into the Rajya Sabha and allowing Samrat Choudhary to occupy the chief minister's chair is superficial
fda519ceb89fc0e4_p003,fda519ceb89fc0e4,EVT_00043,news18,2026-04-15 07:36:58,"Nitish Kumar’s latest political manoeuvre in Bihar can be read as a masterstroke in consolidating his own authority, even as the BJP achieves a historic milestone by having its own chief minister through Samrat Choudhary."
fda519ceb89fc0e4_p004,fda519ceb89fc0e4,EVT_00043,news18,2026-04-15 07:36:58,The transition from speculation about the fading relevance of the Janata Dal (United) in the National Democratic Alliance (NDA) setup to the emergence of a Nitish Kumar‑centric architecture reveals a carefully staged power‑sharing script that deepens his grip over the non‑Yadav OBC‑EBC‑upper‑caste matrix rather than weakening it.
fda519ceb89fc0e4_p005,fda519ceb89fc0e4,EVT_00043,news18,2026-04-15 07:36:58,"- 'New Govt Will Have My Full Cooperation, Guidance': Nitish Kumar In His Farewell Post"
fda519ceb89fc0e4_p006,fda519ceb89fc0e4,EVT_00043,news18,2026-04-15 07:36:58,"- Nitish Kumar Resigns As Bihar Chief Minister, BJP's Samrat Choudhary To Lead New Govt"
fda519ceb89fc0e4_p007,fda519ceb89fc0e4,EVT_00043,news18,2026-04-15 07:36:58,- Nitish Kumar Now Rajya Sabha MP: Who Will Succeed Him As Bihar CM? 5 Top Contenders
fda519ceb89fc0e4_p008,fda519ceb89fc0e4,EVT_00043,news18,2026-04-15 07:36:58,"- Nitish Kumar Takes Oath As Rajya Sabha MP, Bihar To Get New Chief Minister Soon"
fda519ceb89fc0e4_p009,fda519ceb89fc0e4,EVT_00043,news18,2026-04-15 07:36:58,"The popular narrative that Nitish gave away Bihar to the BJP by stepping into the Rajya Sabha and allowing Samrat Choudhary to occupy the chief minister’s chair is superficial. In reality, the move follows a classic pattern unique to him."
fda519ceb89fc0e4_p010,fda519ceb89fc0e4,EVT_00043,news18,2026-04-15 07:36:58,"He has tried to further solidify the grassroots organisation and caste arithmetic while delegating the formal office to a senior ally. By insisting that the BJP accept Choudhary as CM and successfully communicating that choice to New Delhi, he has again demonstrated that this is not a retreat but a rebranding of dominance: he shifts from the visible face of governance to the invisible architect who sets the tone, lineup, and caste calculus of the government."
fda519ceb89fc0e4_p011,fda519ceb89fc0e4,EVT_00043,news18,2026-04-15 07:36:58,"At the social level, the appointment of Choudhary – a Koeri leader from the ‘Luv‑Kush’ (Kurmi-Koeri) social bloc that Nitish has relied on since the 1990s – reaffirms his core non‑Yadav OBC and EBC base. He built his mass politics by positioning himself as the alternative to Lalu Prasad Yadav’s Muslim-Yadav model and, by ensuring that a Koeri becomes CM, he sends a strong signal that the non‑Yadav OBC and EBC communities still see him as their primary political patron."
fda519ceb89fc0e4_p012,fda519ceb89fc0e4,EVT_00043,news18,2026-04-15 07:36:58,It is a strategic recalibration of caste equations to isolate the RJD‑Muslim‑Yadav combine and upgrade the standing of Koeri and allied castes within the NDA structure.
fda519ceb89fc0e4_p013,fda519ceb89fc0e4,EVT_00043,news18,2026-04-15 07:36:58,The expected appointment of Bhumihar upper-caste leader Vijay Chaudhary and Yadav leader Bijendra Prasad Yadav as deputy CMs is the most significant aspect of this power‑sharing matrix.
fda519ceb89fc0e4_p014,fda519ceb89fc0e4,EVT_00043,news18,2026-04-15 07:36:58,"Traditionally, the upper castes in Bihar have been the BJP’s natural social base, while the Muslim‑Yadav have been the core of the social coalition of Lalu Prasad Yadav and now his successor and son, Tejashwi Yadav. Nitish’s ability to pull a Bhumihar leader from his own party into the deputy CM slot and secure the representation of a Yadav leader within the JDU‑led NDA framework signals a tactical reconfiguration of caste alignments."
fda519ceb89fc0e4_p015,fda519ceb89fc0e4,EVT_00043,news18,2026-04-15 07:36:58,"For the BJP, accepting these two deputies alongside its own CM means that the real caste balance of power in Bihar still runs through JD(U). The upper‑caste Bhumihar face legitimises the BJP‑JD(U) coalition in the upper‑caste belt, while the Yadav name creates a fault line in the traditional Yadav‑RJD ecosystem."
fda519ceb89fc0e4_p016,fda519ceb89fc0e4,EVT_00043,news18,2026-04-15 07:36:58,"If Bijendra Prasad Yadav can comfortably occupy a deputy CM seat under a Nitish Kumar-led coalition, it weakens the monopolistic claim that only the RJD represents Yadav interests."
fda519ceb89fc0e4_p017,fda519ceb89fc0e4,EVT_00043,news18,2026-04-15 07:36:58,"Beyond the state‑level structure, Nitish’s positioning also responds to a wider national‑level mood among upper castes."
fda519ceb89fc0e4_p018,fda519ceb89fc0e4,EVT_00043,news18,2026-04-15 07:36:58,"From the 2018 amendment to the SC/ST Prevention of Atrocities Act to the more recent UGC 2026 equity regulations, upper‑caste groups, especially in north India, have expressed unease over what they see as an increasingly assertive, identity-based framework that potentially marginalises their voices. Nitish’s decision to anchor the Bihar government in a more inclusive, caste‑broad coalition without abandoning upper‑caste representation, plays directly into this sentiment."
fda519ceb89fc0e4_p019,fda519ceb89fc0e4,EVT_00043,news18,2026-04-15 07:36:58,"By ensuring that a Bhumihar leader becomes deputy CM and by keeping Brahmin leaders like Sanjay Jha in the national working president position, Nitish signals that the JD(U) is not just a non‑Yadav OBC‑centric party but a multi‑caste, pan‑Bihar formation. This helps the party horizontally expand its base across castes rather than being confined to a limited social category."
fda519ceb89fc0e4_p020,fda519ceb89fc0e4,EVT_00043,news18,2026-04-15 07:36:58,"In the broader picture, Nitish has once again re-established himself as the indispensable balancer in Bihar’s politics. His decision to become a Rajya Sabha member while allowing Choudhary to be CM gives him the freedom to operate at both national and state levels without being bogged down by day-to-day administrative heat."
0fc1c0c556ba1a0e_p001,0fc1c0c556ba1a0e,EVT_00045,theprint,2026-04-15 12:03:20,"Chennai: Tamil Nadu Chief Minister and DMK president M. K. Stalin Wednesday announced a black flag protest across Tamil Nadu Thursday against the Centre’s proposed delimitation exercise under the Constitutional Amendment Bill 2026. The announcement, made in a video on X, came after a meeting with DMK MPs and district secretaries to discuss on the party’s response and mobilisation."
0fc1c0c556ba1a0e_p002,0fc1c0c556ba1a0e,EVT_00045,theprint,2026-04-15 12:03:20,"Tamil Nadu’s other Dravidian major, the AIADMK, which is contesting the upcoming 23 April state polls in alliance with the BJP, has been silent so far."
0fc1c0c556ba1a0e_p003,0fc1c0c556ba1a0e,EVT_00045,theprint,2026-04-15 12:03:20,AIADMK spokesperson Kovai Sathyan told ThePrint said that the party does not want to make any reactive statements and its representative M. Thambidurai would make a detailed statement in Parliament during the special session Thursday.
0fc1c0c556ba1a0e_p004,0fc1c0c556ba1a0e,EVT_00045,theprint,2026-04-15 12:03:20,"On Wednesday, Tamilaga Vettri Kazhagam chief and actor Vijay also said that if the Constitutional Amendment Bill 2026 is passed, the disparity between representation of southern and northern states will increase significantly."
0fc1c0c556ba1a0e_p005,0fc1c0c556ba1a0e,EVT_00045,theprint,2026-04-15 12:03:20,"Last year on 5 March, the AIADMK and the Tamilaga Vettri Kazhagam had participated in an all-party meeting convened by Tamil Nadu Chief Minister MK Stalin to discuss and oppose the proposed Lok Sabha delimitation."
0fc1c0c556ba1a0e_p006,0fc1c0c556ba1a0e,EVT_00045,theprint,2026-04-15 12:03:20,"Following up on a video message on X on 14 April, Stalin urged people to hoist black flags from homes and public spaces on 16 April to protest the “massive historic injustice” to Tamil Nadu and southern states."
0fc1c0c556ba1a0e_p007,0fc1c0c556ba1a0e,EVT_00045,theprint,2026-04-15 12:03:20,"In his video statement on X, he asked: “Punishment for contributing to India’s progress? Is this how Tamil Nadu and the southern states are repaid?” Stalin criticised the Centre for planning to push the delimitation amendment in Parliament in the middle of elections in Tamil Nadu and West Bengal."
0fc1c0c556ba1a0e_p008,0fc1c0c556ba1a0e,EVT_00045,theprint,2026-04-15 12:03:20,"He added: “Every South Indian living south of the Vindhyas is seething with anger and the BJP is playing with fire” by proceeding with a population-based exercise that would unfairly penalise southern states for successfully implementing family planning measures, reducing their relative parliamentary representation, while disproportionately enhancing the political power of northern states."
0fc1c0c556ba1a0e_p009,0fc1c0c556ba1a0e,EVT_00045,theprint,2026-04-15 12:03:20,"Stalin stated: “Across Tamil Nadu, black flags will rise from homes and public spaces tomorrow in protest against delimitation. If the Union government refuses to respect Tamil Nadu’s voice and (does not) step back, you will face the consequences. The price you will pay will be heavy. As President of the DMK, and above all as a self-respecting Tamil, this is my stern warning,” he asserted."
0fc1c0c556ba1a0e_p010,0fc1c0c556ba1a0e,EVT_00045,theprint,2026-04-15 12:03:20,"At the virtual meeting with DMK MPs and all district secretaries before the announcement Wednesday, Stalin discussed delimitation in detail, strategy for the black flag protest, and preparation for larger agitations if the Centre proceeded without addressing the concerns of Tamil Nadu."
0fc1c0c556ba1a0e_p011,0fc1c0c556ba1a0e,EVT_00045,theprint,2026-04-15 12:03:20,"Earlier Tuesday, Stalin, in a video message had cautioned that any move harming Tamil Nadu’s interests would see every family take to the streets under his leadership, reviving the aggressive spirit of the DMK’s 1950s and 1960s movements. He had described it as a “final warning” to Prime Minister Narendra Modi."
0fc1c0c556ba1a0e_p012,0fc1c0c556ba1a0e,EVT_00045,theprint,2026-04-15 12:03:20,"Stalin had earlier highlighted that southern states complied with the Centre’s family planning directives but were now facing “punishment” through reduced political representation. He criticised the lack of consultation, transparency, and any assurance from the Prime Minister despite repeated requests, including those from Congress leader Sonia Gandhi."
0fc1c0c556ba1a0e_p013,0fc1c0c556ba1a0e,EVT_00045,theprint,2026-04-15 12:03:20,"TVK chief and actor Vijay said in a statement that while his party welcomed the amendment Bill that proposed to provide 33 per cent reservation for women in Parliament, it opposed delimitation."
0fc1c0c556ba1a0e_p014,0fc1c0c556ba1a0e,EVT_00045,theprint,2026-04-15 12:03:20,"“If that happens, in matters such as enacting laws related to language, culture, and state rights, as well as formulating the Union government’s policies, the representation of southern states will decrease, while that of northern states will increase,” the statement said."
0fc1c0c556ba1a0e_p015,0fc1c0c556ba1a0e,EVT_00045,theprint,2026-04-15 12:03:20,"TVK said the Bill was “discriminatory” and that if the Bill was passed, the demands of the people of southern states, particularly the voice of the people of Tamil Nadu, would go unheard in Parliament."
0fc1c0c556ba1a0e_p016,0fc1c0c556ba1a0e,EVT_00045,theprint,2026-04-15 12:03:20,"“The passage of this bill appears to impose a ‘punishment’ on a state that has adhered to the Union government’s announcements for generations, while offering a ‘reward’ to states that have not followed it. If this Bill is passed, it could also impact financial allocations. A change in the number of parliamentary constituencies will reflect in the financial allocations to the state,” the statement said."
0fc1c0c556ba1a0e_p017,0fc1c0c556ba1a0e,EVT_00045,theprint,2026-04-15 12:03:20,"Echoing the state government’s accusations against the Union government on potential financial losses to Tamil Nadu, he added that the Centre already does not provide adequate funds and schemes to Tamil Nadu."
0fc1c0c556ba1a0e_p018,0fc1c0c556ba1a0e,EVT_00045,theprint,2026-04-15 12:03:20,"“In such a situation, after constituencies are redelimited, there is a likelihood that funding for population-based schemes will further decrease,” Vijay said, urging that the attempt to pass the Constitution (131st Amendment) Bill, 2026 be abandoned."
0fc1c0c556ba1a0e_p019,0fc1c0c556ba1a0e,EVT_00045,theprint,2026-04-15 12:03:20,"Several other political parties including Congress, CPI, Marumalarchi Dravida Munnetra Kazhagam (MDMK) have also criticised the Union government on delimitation and extended support to DMK."
0fc1c0c556ba1a0e_p020,0fc1c0c556ba1a0e,EVT_00045,theprint,2026-04-15 12:03:20,"Congress MP Karti Chidambaram told ANI Wednesday: ‘If there is going to be delimitation and redrawing of constituencies among states based on the 2011 census, it will be grossly unfair to the southern states and to a few other states which have implemented family planning effectively.”"
0fc1c0c556ba1a0e_p021,0fc1c0c556ba1a0e,EVT_00045,theprint,2026-04-15 12:03:20,"MDMK leader Durai Vaiko said: “I don’t know the reason behind this urgency, but the delimitation Bill has, in fact, raised serious concerns among opposition parties. Our CM M. K. Stalin, and Telangana CM, Karnataka CM, and other opposition CMs put a request to the Prime Minister and to the BJP government, asking for a discussion on this delimitation Bill to make sure that it does not affect states,” he said."
0fc1c0c556ba1a0e_p022,0fc1c0c556ba1a0e,EVT_00045,theprint,2026-04-15 12:03:20,"On the other hand, BJP leader K. Annamalai told ANI that the Tamil Nadu CM, as usual, wants to do politics over everything. “The mothers and sisters of Tamil Nadu want 33 per cent reservation to be implemented as soon as possible. TN CM is seeing defeat staring at him, and this is why he is making politics out of it,” he said."
0fc1c0c556ba1a0e_p023,0fc1c0c556ba1a0e,EVT_00045,theprint,2026-04-15 12:03:20,"The special Parliament session commencing Thursday is expected to take up the Constitutional amendment Bill 2026. Southern chief ministers, including Telangana’s Revanth Reddy and Karnataka’s Siddaramaiah, have also voiced strong opposition and called for a united southern front against any formula that penalises developed states."
0fc1c0c556ba1a0e_p024,0fc1c0c556ba1a0e,EVT_00045,theprint,2026-04-15 12:03:20,"Political observers expect widespread participation in Thursday’s black flag protest by DMK cadre, allies, and the public, ahead of the Tamil Nadu assembly elections on 23 April. The move is expected to consolidate anti-BJP and minority votes in the state in favour of the DMK."
70a8fcca9b1be0e4_p001,70a8fcca9b1be0e4,EVT_00045,theprint,2026-04-15 14:08:22,"New Delhi: The passage of the Constitution (131st Amendment) Bill, 2026, which seeks to increase the Lok Sabha’s sanctioned strength from 550 to 850, appears uncertain ahead of the three-day special sitting of Parliament starting Thursday, with major opposition parties deciding to oppose it, citing the need to safeguard federal rights."
70a8fcca9b1be0e4_p002,70a8fcca9b1be0e4,EVT_00045,theprint,2026-04-15 14:08:22,"The Opposition holds enough numbers in both Houses, particularly the Lok Sabha, to block its approval, necessitating cross-party support for its passage. However, the joint Opposition’s decision, taken at a meeting chaired by Congress president Mallikarjun Kharge Wednesday, showed no signs of any bipartisan consensus."
70a8fcca9b1be0e4_p003,70a8fcca9b1be0e4,EVT_00045,theprint,2026-04-15 14:08:22,"Announcing the Opposition’s decision, Kharge told reporters that they would oppose the Bill despite it being linked to the operationalisation of the Nari Shakti Vandan Adhiniyam, which seeks to reserve one-third of seats in the Lok Sabha and state legislative assemblies for women, as the timing of the move was “politically motivated”."
70a8fcca9b1be0e4_p004,70a8fcca9b1be0e4,EVT_00045,theprint,2026-04-15 14:08:22,"“We have decided to oppose this Bill but I want to tell you we are not against women’s reservation. We are against the delimitation provisions in the Bill,” Kharge said. Leaders of opposition parties including the SP, TMC, DMK, Left, JMM, RJD and AAP attended the meeting at Kharge’s residence. Lok Sabha Leader of Opposition Rahul Gandhi was also present."
70a8fcca9b1be0e4_p005,70a8fcca9b1be0e4,EVT_00045,theprint,2026-04-15 14:08:22,"The current strengths, factoring in vacant seats, of the Lok Sabha and the Rajya Sabha are 540 and 244 respectively, and in a situation where all MPs are present and voting when the Bill is taken up for consideration, the government would require the support of two-thirds of members in each House."
70a8fcca9b1be0e4_p006,70a8fcca9b1be0e4,EVT_00045,theprint,2026-04-15 14:08:22,"This is the stipulation for the passage of Constitution amendment Bills as laid down under Article 368 of the Constitution. The clearance of such Bills is subject to a “special majority” in each House, namely, a majority of the total membership of the House and a majority of not less than two-thirds of members present and voting."
70a8fcca9b1be0e4_p007,70a8fcca9b1be0e4,EVT_00045,theprint,2026-04-15 14:08:22,"In this case, ratification by at least half of the state legislatures would also be required before the amendment is sent to the President for assent."
70a8fcca9b1be0e4_p008,70a8fcca9b1be0e4,EVT_00045,theprint,2026-04-15 14:08:22,"To put it simply, in a situation where the Bill is put to vote in the Lok Sabha, where it will be introduced first, in the presence of all 540 members, it will need the backing of as many as 360 MPs to be passed."
70a8fcca9b1be0e4_p009,70a8fcca9b1be0e4,EVT_00045,theprint,2026-04-15 14:08:22,"Considering that the Opposition’s collective tally in the Lok Sabha is 234, it is abundantly clear that only cross-party support can lead to its passage. Just the top four Opposition parties (Congress, SP, TMC and DMK) having 185 MPs collectively can effectively derail it."
70a8fcca9b1be0e4_p010,70a8fcca9b1be0e4,EVT_00045,theprint,2026-04-15 14:08:22,"On top of that, it remains unclear whether key BJP ally TDP, which has 16 Lok Sabha MPs, will support the proposed legislation in its current form, given apprehensions that it could skew parliamentary representation in favour of the more populous northern states, putting the southern states at a disadvantage."
70a8fcca9b1be0e4_p011,70a8fcca9b1be0e4,EVT_00045,theprint,2026-04-15 14:08:22,"In the Rajya Sabha, where the Bill will be taken up only after it clears the Lok Sabha, the numbers are relatively favourable to the ruling NDA. On a full House strength of 244 members, a two-thirds majority would require 163 votes in favour, assuming all members are present and voting."
70a8fcca9b1be0e4_p012,70a8fcca9b1be0e4,EVT_00045,theprint,2026-04-15 14:08:22,"The NDA’s current tally stands at 141. However, the effective threshold could come down if Opposition members abstain or are absent during voting, thereby reducing the total number of members present and voting, and consequently the number required for a two-thirds majority under Article 368."
70a8fcca9b1be0e4_p013,70a8fcca9b1be0e4,EVT_00045,theprint,2026-04-15 14:08:22,"“Under the garb of bringing forward women’s reservations, the BJP is looking to bulldoze a deeply flawed, unconstitutional and anti-federal delimitation exercise. What was the tearing hurry to introduce this with such little notice? When two major states are going into election, holding a special session for this shows the true devious intentions of this fascist regime,” Congress general secretary (organisation) K.C. Venugopal wrote on X."
70a8fcca9b1be0e4_p014,70a8fcca9b1be0e4,EVT_00045,theprint,2026-04-15 14:08:22,"The Samajwadi Party, which is the second-largest Opposition party in the Lok Sabha, has also voiced its reservations against the Bill, with party chief Akhilesh Yadav calling it a cover to push through delimitation. “In the garb of women’s reservation, they are bringing in delimitation that will allow them to redefine constituencies at will,” Yadav told The Hindu."
70a8fcca9b1be0e4_p015,70a8fcca9b1be0e4,EVT_00045,theprint,2026-04-15 14:08:22,"The TMC, ranked third among the Opposition parties in terms of strength in the Lok Sabha, has dubbed the government’s agenda “devious”. “This govt plots a cheap stunt to mock the Constitution, mock Parliament and mock the women of this great nation. They have never cared a fig about women. Delimitation is the devious agenda. Women, their excuse,” TMC Rajya Sabha MP Derek O’Brien wrote on X."
70a8fcca9b1be0e4_p016,70a8fcca9b1be0e4,EVT_00045,theprint,2026-04-15 14:08:22,"Meanwhile, Tamil Nadu CM and DMK supremo M.K. Stalin has announced a state-wide black flag agitation on 16 April against the proposed delimitation exercise and warned the Centre of consequences and a “heavy price” if it did not heed the state’s voice, upping the ante ahead of the upcoming polls."
3ca2a4ff3aaa399c_p001,3ca2a4ff3aaa399c,EVT_00045,the_hindu,2026-04-16 23:29:00,"Congress MP K.C. Venugopal on Thursday asked the government to withdraw the Constitution (One Hundred and Thirty-First Amendment) Bill, 2026 in its current form and call an all-party meeting to evolve a consensus on implementing the women’s reservation."
3ca2a4ff3aaa399c_p002,3ca2a4ff3aaa399c,EVT_00045,the_hindu,2026-04-16 23:29:00,"Participating in a discussion on the Bill in the Lok Sabha, he said the government’s intention was to push through delimitation in the garb of the Women’s Reservation Bill."
3ca2a4ff3aaa399c_p003,3ca2a4ff3aaa399c,EVT_00045,the_hindu,2026-04-16 23:29:00,"Published - April 16, 2026 11:29 pm IST"
795ac3f60182634b_p001,795ac3f60182634b,EVT_00045,the_new_indian_express,2026-04-16 18:00:52,"The Centre on Thursday introduced key amendment bills to operationalise the Women’s Reservation law passed in 2023, proposing a major expansion of the Lok Sabha and a nationwide delimitation exercise."
795ac3f60182634b_p002,795ac3f60182634b,EVT_00045,the_new_indian_express,2026-04-16 18:00:52,"The Constitution (131st Amendment) Bill, 2026, the centrepiece of the legislative push, proposes increasing the Lok Sabha’s strength from the existing 543 seats to a maximum of 850, including 815 seats for states and 35 for Union Territories."
795ac3f60182634b_p003,795ac3f60182634b,EVT_00045,the_new_indian_express,2026-04-16 18:00:52,"Alongside, the Delimitation Bill, 2026, seeks a readjustment of parliamentary and assembly constituencies."
795ac3f60182634b_p004,795ac3f60182634b,EVT_00045,the_new_indian_express,2026-04-16 18:00:52,"Union Law Minister Arjun Ram Meghwal said the number of seats across states will increase by 50 per cent, with 272 of the 815 seats reserved for women."
795ac3f60182634b_p005,795ac3f60182634b,EVT_00045,the_new_indian_express,2026-04-16 18:00:52,"“Neither men nor any state will suffer any loss after the implementation of the women's quota,” he said in the Lok Sabha."
795ac3f60182634b_p006,795ac3f60182634b,EVT_00045,the_new_indian_express,2026-04-16 18:00:52,He added that reservation for women belonging to Scheduled Castes and the Scheduled Tribes would be provided within the overall quota in both the Parliament and state assemblies.
795ac3f60182634b_p007,795ac3f60182634b,EVT_00045,the_new_indian_express,2026-04-16 18:00:52,"Referring to the Nari Shakti Vandan Adhiniyam, Meghwal said that without the proposed amendment, reservation of constituencies for women may not be feasible in time for the 2029 general elections, as it depends on post-2026 census data."
795ac3f60182634b_p008,795ac3f60182634b,EVT_00045,the_new_indian_express,2026-04-16 18:00:52,"“The main objective of the bill is to give women their due rights,” he said."
795ac3f60182634b_p009,795ac3f60182634b,EVT_00045,the_new_indian_express,2026-04-16 18:00:52,"Highlighting India’s early adoption of equal voting rights, Meghwal said women in the United States received voting rights 144 years after men, while in the United Kingdom, women were granted conditional voting rights in 1918 and full rights only in 1928."
795ac3f60182634b_p010,795ac3f60182634b,EVT_00045,the_new_indian_express,2026-04-16 18:00:52,"“In India, women got the right to vote along with men since the first election,” he said."
795ac3f60182634b_p011,795ac3f60182634b,EVT_00045,the_new_indian_express,2026-04-16 18:00:52,The minister urged all parties to support the legislation.
795ac3f60182634b_p012,795ac3f60182634b,EVT_00045,the_new_indian_express,2026-04-16 18:00:52,"The Lok Sabha took up the Constitution Amendment Bill, the Union Territories Laws (Amendment) Bill, 2026, and the Delimitation Bill, 2026, for debate and passage after a nearly 40-minute discussion."
795ac3f60182634b_p013,795ac3f60182634b,EVT_00045,the_new_indian_express,2026-04-16 18:00:52,"Following the debate, the Constitution (131st Amendment) Bill was introduced with 251 members supporting it and 185 voting against."
795ac3f60182634b_p014,795ac3f60182634b,EVT_00045,the_new_indian_express,2026-04-16 18:00:52,The proposed law states that seats reserved for women in the Lok Sabha and state assemblies “shall be allotted by rotation to different constituencies in a state or Union territory”.
795ac3f60182634b_p015,795ac3f60182634b,EVT_00045,the_new_indian_express,2026-04-16 18:00:52,Several opposition parties have opposed the delimitation provisions while maintaining that they support reservation for women in legislative bodies.
7e2bb107629bb73c_p001,7e2bb107629bb73c,EVT_00045,the_hindu,2026-04-16 18:47:43,"The Centre and the Opposition are sparring over the issue of delimitation, sparked by the introduction of the Delimitation Bill in Parliament."
7e2bb107629bb73c_p002,7e2bb107629bb73c,EVT_00045,the_hindu,2026-04-16 18:47:43,Delimitation is the process of redrawing boundaries of Lok Sabha and Assembly constituencies to ensure equal representation based on population.
7e2bb107629bb73c_p003,7e2bb107629bb73c,EVT_00045,the_hindu,2026-04-16 18:47:43,"Published - April 16, 2026 06:47 pm IST"
adff8304d8670d07_p001,adff8304d8670d07,EVT_00045,the_hindu,2026-04-16 23:23:56,"Women parliamentarians across party lines on Thursday (April 16, 2026), weighing in on the debate on the Constitution (Amendment) Bill, and those bringing in delimitation in the States and Union Territories, while endorsing their party line, cited, in several instances, the positive role of the male founders and leaders of their parties in enabling the participation of women in jobs, education, and politics."
adff8304d8670d07_p002,adff8304d8670d07,EVT_00045,the_hindu,2026-04-16 23:23:56,"Byreddy Shabari of the Telugu Desam Party (TDP), a constituent of the National Democratic Alliance, invoked the legacy of the party’s founder N.T. Rama Rao (NTR) to argue that the idea of women-led development was not new. “In a country ruled by a woman Prime Minister, Indira, is it not a disgrace that women aren’t safe?” she said, quoting NTR. She described this as “the beginning of a vision for women-led development”, adding that her party “calls every woman its sister” and “converts ordinary women into Narayani”."
adff8304d8670d07_p003,adff8304d8670d07,EVT_00045,the_hindu,2026-04-16 23:23:56,"Published - April 16, 2026 11:23 pm IST"
ffdfada494eb4174_p001,ffdfada494eb4174,EVT_00045,the_hindu,2026-04-16 23:42:32,"Describing the Delimitation Bill introduced in Parliament as a “historic corrective” aimed at ensuring balanced representation across the country, TDP State president Palla Srinivasa Rao on Thursday dismissed apprehensions that the proposed exercise would disadvantage southern States, terming such claims as “misplaced and not borne out by facts.”"
ffdfada494eb4174_p002,ffdfada494eb4174,EVT_00045,the_hindu,2026-04-16 23:42:32,"Explaining the contours of the proposed reform, Mr. Srinivasa Rao noted that the Bill departs from a strict population-based approach, benefitting Southern State on uniform basis. This effectively addresses concerns of regional imbalance and ensures that no State is left at a disadvantage in the evolving parliamentary framework."
ffdfada494eb4174_p003,ffdfada494eb4174,EVT_00045,the_hindu,2026-04-16 23:42:32,"Published - April 16, 2026 11:42 pm IST"
1d25f29aa7fbc84b_p001,1d25f29aa7fbc84b,EVT_00046,news18,2026-04-15 15:03:10,Congress Suspends Abdul Jabbar Over ‘Anti-Party Activities’; He Says ‘Party Acted In Haste’
1d25f29aa7fbc84b_p002,1d25f29aa7fbc84b,EVT_00046,news18,2026-04-15 15:03:10,Congress MLC Abdul Jabbar is suspended from primary membership for alleged anti party activity in Davanagere South bypoll.
1d25f29aa7fbc84b_p003,1d25f29aa7fbc84b,EVT_00046,news18,2026-04-15 15:03:10,"Abdul Jabbar has been suspended from the primary membership of the Congress party over alleged anti-party activities during the recent Davanagere South Assembly by-election. The action was taken with immediate effect, according to an official statement from the Karnataka Pradesh Congress Committee (KPCC)."
1d25f29aa7fbc84b_p004,1d25f29aa7fbc84b,EVT_00046,news18,2026-04-15 15:03:10,"Jabbar, who had earlier resigned as chairman of the KPCC Minority Department, was also a contender for a Congress ticket from Davanagere. He is accused of working against the party’s chosen candidate, Shamanur Samarth, during the by-election. There were also allegations that he supported an SDPI candidate in the constituency, leading to further concerns within the party."
1d25f29aa7fbc84b_p005,1d25f29aa7fbc84b,EVT_00046,news18,2026-04-15 15:03:10,"- Karnataka Congress’s Course Correction Or Crackdown? After MLC, Youth Leader, More Heads To Roll?"
1d25f29aa7fbc84b_p006,1d25f29aa7fbc84b,EVT_00046,news18,2026-04-15 15:03:10,"- Karnataka Congress Rift Widens After Bypolls: Minority Wing Chief Quits, Shivakumar Seeks Reports From Davanagere"
1d25f29aa7fbc84b_p007,1d25f29aa7fbc84b,EVT_00046,news18,2026-04-15 15:03:10,- Siddaramaiah’s Secretary Sacked Over Anti-Party Role; 5th Ouster From Karnataka CMO In 10 Months
1d25f29aa7fbc84b_p008,1d25f29aa7fbc84b,EVT_00046,news18,2026-04-15 15:03:10,- Kalliasseri Candidates 2026: Full List of Contestants from Kalliasseri Assembly Constituency in Kerala Election
1d25f29aa7fbc84b_p009,1d25f29aa7fbc84b,EVT_00046,news18,2026-04-15 15:03:10,"In a press release, the office of Karnataka Deputy CM and KPCC president DK Shivakumar stated that Abdul Jabbar, a Member of Legislative Council, has been suspended due to his anti-party activities in the Davanagere South by-election. The statement confirmed that the decision takes effect immediately."
1d25f29aa7fbc84b_p010,1d25f29aa7fbc84b,EVT_00046,news18,2026-04-15 15:03:10,"Alongside Jabbar’s suspension, D.K. Shivakumar has also dissolved all minority committees that were formed under his leadership. This move follows his recent resignation from the post of KPCC Minority wing chief."
1d25f29aa7fbc84b_p011,1d25f29aa7fbc84b,EVT_00046,news18,2026-04-15 15:03:10,The developments come in the wake of internal disagreements within the party during the by-election. The allegations of working against the official candidate and supporting a rival have led to strict disciplinary action. The party leadership has moved quickly to address the issue and reorganise the minority wing structure following Jabbar’s exit.
1d25f29aa7fbc84b_p012,1d25f29aa7fbc84b,EVT_00046,news18,2026-04-15 15:03:10,"Reacting to the suspension, Abdul Jabbar said he would first review the order before making any detailed response. He said those who suspended him would have provided reasons, and he would examine them before replying to both the party and the media."
1d25f29aa7fbc84b_p013,1d25f29aa7fbc84b,EVT_00046,news18,2026-04-15 15:03:10,"He rejected suggestions of any electoral setback, stating that there was no question of the Congress losing and expressing confidence that the party would win. On the issue of candidate selection, he said that it should not be limited to one name and recalled that during a meeting with the Chief Minister, there was a demand to give a ticket to the Kuruba community instead of favouring a single family."
1d25f29aa7fbc84b_p014,1d25f29aa7fbc84b,EVT_00046,news18,2026-04-15 15:03:10,"Jabbar also said he does not know why the party acted in haste. He added that he would not comment on who might be behind the decision, noting that the party had given him position and respect. He said he would respond fully after receiving the official letter."
5d189fbdbe97a770_p001,5d189fbdbe97a770,EVT_00046,hindustan_times,2026-04-16 07:54:07,Cong suspends Abdul Jabbar amid internal rift after bypoll
5d189fbdbe97a770_p002,5d189fbdbe97a770,EVT_00046,hindustan_times,2026-04-16 07:54:07,Congress suspended MLC K Abdul Jabbar for alleged anti-party activities related to the Davanagere South by-election and ticket disputes.
5d189fbdbe97a770_p003,5d189fbdbe97a770,EVT_00046,hindustan_times,2026-04-16 07:54:07,"The Congress on Wednesday suspended MLC K Abdul Jabbar from primary membership, owing to alleged anti-party activities in the run-up to the recent by-election in the Davanagere South assembly segment."
5d189fbdbe97a770_p004,5d189fbdbe97a770,EVT_00046,hindustan_times,2026-04-16 07:54:07,"Deputy chief minister and party state chief DK Shivakumar announced the decision, which reportedly stemmed from a dispute over ticket allocation, after Jabbar’s bid was rejected in favour of sitting MLA late Shamanuru Shivashankarappa’s grandson Samarth Shamanur Mallikarjuna. Senior leaders later accused Jabbar of failing to back the official nominee during the campaign."
5d189fbdbe97a770_p005,5d189fbdbe97a770,EVT_00046,hindustan_times,2026-04-16 07:54:07,"On Sunday, Jabbar stepped down as the head of the party’s minority wing."
5d189fbdbe97a770_p006,5d189fbdbe97a770,EVT_00046,hindustan_times,2026-04-16 07:54:07,"Responding to the order, Jabbar said that ticket discussions included demands to consider candidates from the Kuruba community, rather than favouring a single family. “I have not yet received the suspension letter and had learned of the decision through media reports,” he said, and urged the media to seek clarification on the evidence against him that spurred the move from the state party leadership."
5d189fbdbe97a770_p007,5d189fbdbe97a770,EVT_00046,hindustan_times,2026-04-16 07:54:07,"He alleged that he and Naseer Ahmed, formerly the chief minister’s political secretary, were being singled out, adding that he had worked for the party since his days in the National Students’ Union of India."
5d189fbdbe97a770_p008,5d189fbdbe97a770,EVT_00046,hindustan_times,2026-04-16 07:54:07,He also dismissed claims of any electoral disadvantage of the party. He added that the party had given him both position and recognition and that he would respond fully after receiving official communication.
5d189fbdbe97a770_p009,5d189fbdbe97a770,EVT_00046,hindustan_times,2026-04-16 07:54:07,"As internal reviews continue, additional claims have surfaced within the party’s assessment of the bypoll. Among them is the allegation that some leaders informally supported Social Democratic Party of India candidate Afsar Kodlipete. The leadership has not publicly responded to these claims, though internal assessments and intelligence inputs are said to have pointed to tacit backing for rival candidates."
5d189fbdbe97a770_p010,5d189fbdbe97a770,EVT_00046,hindustan_times,2026-04-16 07:54:07,"The review is also understood to have flagged the roles of Karnataka minister B.Z. Zameer Ahmed Khan and MLC Naseer Ahmed, who serves as political secretary to Chief Minister Siddaramaiah, in actions that may have affected the party’s official campaign. Naseer Ahmed has reportedly been asked to step down from his post, while discussions on further disciplinary measures are ongoing."
5d189fbdbe97a770_p011,5d189fbdbe97a770,EVT_00046,hindustan_times,2026-04-16 07:54:07,- ABOUT THE AUTHORArun Dev
5d189fbdbe97a770_p012,5d189fbdbe97a770,EVT_00046,hindustan_times,2026-04-16 07:54:07,"Arun Dev is an Assistant Editor with the Karnataka bureau of Hindustan Times. A journalist for over 10 years, he has written extensively on crime and politics."
68cdfb4cbb128166_p001,68cdfb4cbb128166,EVT_00046,hindustan_times,2026-04-16 08:53:45,"Census 2027 begins: Over 700 officials to conduct door-to-door survey, Delhi areas divided into blocks"
68cdfb4cbb128166_p002,68cdfb4cbb128166,EVT_00046,hindustan_times,2026-04-16 08:53:45,"Officials said NDMC and DCB areas have been divided into 560 house-listing blocks, with each block covering around 180 households for the census exercise."
68cdfb4cbb128166_p003,68cdfb4cbb128166,EVT_00046,hindustan_times,2026-04-16 08:53:45,"Over 700 trained personnel will start field operations under the house-listing and housing census (HLO), wherein the enumerators will visit households to record their details under Phase-1 of the Census 2027, officials said on Wednesday. The exercise will be carried out over a 30-day period, until May 15."
68cdfb4cbb128166_p004,68cdfb4cbb128166,EVT_00046,hindustan_times,2026-04-16 08:53:45,"Officials said that areas under the jurisdiction of the New Delhi Municipal Council (NDMC) and the Delhi Cantonment Board (DCB) have been divided into 560 house-listing blocks, each comprising 180 households."
68cdfb4cbb128166_p005,68cdfb4cbb128166,EVT_00046,hindustan_times,2026-04-16 08:53:45,"The exercise will begin on Thursday in eight states and Union territories of Andaman and Nicobar Islands, Goa, Karnataka, Lakshadweep, Mizoram, Odisha, and Sikkim, as part of the nationwide census exercise, following the conclusion of a 15-day self-enumeration period in NDMC and DCB areas."
68cdfb4cbb128166_p006,68cdfb4cbb128166,EVT_00046,hindustan_times,2026-04-16 08:53:45,"“The self-enumeration exercise ended on Wednesday. So far, 12 lakh people have self-enumerated in the states and UTs where it started on April 1. In NDMC and Delhi Cantonment Board areas, the figures have been on the lower side, with around 5,000 people completing the process,” a senior government official said."
68cdfb4cbb128166_p007,68cdfb4cbb128166,EVT_00046,hindustan_times,2026-04-16 08:53:45,"The self-enumeration facility will commence from May 1 in areas under the Municipal Corporation of Delhi (MCD), while the house-listing exercise will be conducted from May 16."
68cdfb4cbb128166_p008,68cdfb4cbb128166,EVT_00046,hindustan_times,2026-04-16 08:53:45,"The self-enumeration facility was made available prior to the house-listing exercise to enable residents to submit their details online through a digital platform. During the field visits, enumerators will use a dedicated mobile application to collect data digitally to ensure higher accuracy and faster processing, officials said."
68cdfb4cbb128166_p009,68cdfb4cbb128166,EVT_00046,hindustan_times,2026-04-16 08:53:45,"As part of the exercise, enumerators will collect information relating to housing conditions, household details, amenities available and assets possessed by the households through a structured questionnaire comprising 33 notified questions."
68cdfb4cbb128166_p010,68cdfb4cbb128166,EVT_00046,hindustan_times,2026-04-16 08:53:45,A second official said enumerators will proceed cautiously during the initial days of the house-listing exercise.
68cdfb4cbb128166_p011,68cdfb4cbb128166,EVT_00046,hindustan_times,2026-04-16 08:53:45,"“There is considerable anticipation around SIR (special intensive revision of election rolls) in Delhi, while many residents remain unaware that the first phase of the census has begun. Some may misconstrue enumerators’ visits as part of SIR preparations. Enumerators will therefore focus on putting people at ease and clearly explaining the process,” the official said."
68cdfb4cbb128166_p012,68cdfb4cbb128166,EVT_00046,hindustan_times,2026-04-16 08:53:45,"Residents who have completed the self-enumeration should keep their generated self-enumeration ID ready and share it with the enumerator during the field visit to complete the HLO process, a third official said."
68cdfb4cbb128166_p013,68cdfb4cbb128166,EVT_00046,hindustan_times,2026-04-16 08:53:45,"The official said that they have already held discussions with residents’ welfare associations (RWAs). “For areas that have a large working population, enumerators will visit households post 6pm. They will spend at least 10-15 minutes in each household,” the official said."
68cdfb4cbb128166_p014,68cdfb4cbb128166,EVT_00046,hindustan_times,2026-04-16 08:53:45,- ABOUT THE AUTHORSaloni Bhatia
68cdfb4cbb128166_p015,68cdfb4cbb128166,EVT_00046,hindustan_times,2026-04-16 08:53:45,"Saloni Bhatia is a journalist with over 15 years of experience in reporting and storytelling, with a strong focus on the Delhi government and political developments in the Capital. Over the years, she has closely tracked policy decisions, governance issues, and political shifts. She started off as an entertainment journalist but then moved to covering beats like crime and education. Her experience on the crime beat helped her develop an eye for detail and accuracy, while education reporting allowed her to explore policy impact on students, teachers and institutions. Outside the newsroom, she enjoys reading both fiction and non-fiction. She also has a keen interest in watching Bollywood films.Read More"
418d0e4274fa3db9_p001,418d0e4274fa3db9,EVT_00045,firstpost,2026-04-15 08:34:41,The Union Government has proposed increasing Lok Sabha seats to 850 and revising delimitation rules to allow earlier implementation of women’s reservation
418d0e4274fa3db9_p002,418d0e4274fa3db9,EVT_00045,firstpost,2026-04-15 08:34:41,The proposed law authorises the central government to establish a Delimitation Commission through a notification in the Official Gazette. (PTI)
418d0e4274fa3db9_p003,418d0e4274fa3db9,EVT_00045,firstpost,2026-04-15 08:34:41,"The Union Government has introduced The Constitution (One Hundred and Thirty First Amendment) Bill, 2026, proposing a significant increase in the strength of the Lok Sabha from 543 to 850 members, alongside key changes to delimitation rules and women’s reservation provisions. The Bill is scheduled to be taken up during a Special Session of Parliament on April 16 and 17."
418d0e4274fa3db9_p004,418d0e4274fa3db9,EVT_00045,firstpost,2026-04-15 08:34:41,"The Bill seeks to amend Article 82 of the Constitution, which currently governs the readjustment of parliamentary constituencies after each census."
418d0e4274fa3db9_p005,418d0e4274fa3db9,EVT_00045,firstpost,2026-04-15 08:34:41,STORY CONTINUES BELOW THIS AD
418d0e4274fa3db9_p006,418d0e4274fa3db9,EVT_00045,firstpost,2026-04-15 08:34:41,"At present, the Constitution mandates that delimitation must take place based on the first Census conducted after 2026. The proposed amendment removes this requirement entirely, allowing delimitation to be carried out using data available before the 2026-27 Census."
418d0e4274fa3db9_p007,418d0e4274fa3db9,EVT_00045,firstpost,2026-04-15 08:34:41,"“There will be no disadvantage to southern states,” a top government source said, adding that “the same proportion as it exists today will be maintained” and “there will be no change in the proportionality of seats between states”. The source further stated that while “the headline number will rise by 50 per cent to 850”, the number of seats for each state will also increase by 50 per cent."
418d0e4274fa3db9_p008,418d0e4274fa3db9,EVT_00045,firstpost,2026-04-15 08:34:41,New structure for Lok Sabha seats
418d0e4274fa3db9_p009,418d0e4274fa3db9,EVT_00045,firstpost,2026-04-15 08:34:41,"Under the proposed amendment to Article 81, the Lok Sabha will have a maximum of 815 members representing the States and not more than 35 members representing the Union Territories, as determined by Parliament."
418d0e4274fa3db9_p010,418d0e4274fa3db9,EVT_00045,firstpost,2026-04-15 08:34:41,The Bill also proposes changes that could accelerate the implementation of a one-third reservation for women in the Lok Sabha and State Assemblies.
418d0e4274fa3db9_p011,418d0e4274fa3db9,EVT_00045,firstpost,2026-04-15 08:34:41,"According to the Constitution (106th) Amendment Act, 2023, women’s reservation is to be implemented only after delimitation following the first census after the 2023 law."
418d0e4274fa3db9_p012,418d0e4274fa3db9,EVT_00045,firstpost,2026-04-15 08:34:41,The current proposal seeks to amend Article 334A to allow the implementation of women’s reservation immediately after delimitation.
418d0e4274fa3db9_p013,418d0e4274fa3db9,EVT_00045,firstpost,2026-04-15 08:34:41,"Alongside the constitutional amendment, the Centre has introduced the Delimitation Bill 2026 to replace the Delimitation Act, 2002."
418d0e4274fa3db9_p014,418d0e4274fa3db9,EVT_00045,firstpost,2026-04-15 08:34:41,The proposed law empowers the central government to set up a Delimitation Commission through an official notification.
418d0e4274fa3db9_p015,418d0e4274fa3db9,EVT_00045,firstpost,2026-04-15 08:34:41,"The Commission will be chaired by a current or former Supreme Court judge and will include the Chief Election Commissioner or a nominated Election Commissioner, along with the State Election Commissioner of the concerned state as ex officio members."
418d0e4274fa3db9_p016,418d0e4274fa3db9,EVT_00045,firstpost,2026-04-15 08:34:41,STORY CONTINUES BELOW THIS AD
418d0e4274fa3db9_p017,418d0e4274fa3db9,EVT_00045,firstpost,2026-04-15 08:34:41,"Each state will also have ten associate members, including five Members of Parliament and five Members of the State Legislative Assembly nominated by the respective Speakers. These members will assist in the process but will not have voting rights or authority to sign decisions."
418d0e4274fa3db9_p018,418d0e4274fa3db9,EVT_00045,firstpost,2026-04-15 08:34:41,Seat allocation to be based on latest census data
418d0e4274fa3db9_p019,418d0e4274fa3db9,EVT_00045,firstpost,2026-04-15 08:34:41,The Commission will redraw constituencies and allocate seats based on the latest census figures.
418d0e4274fa3db9_p020,418d0e4274fa3db9,EVT_00045,firstpost,2026-04-15 08:34:41,"Currently, seat allocation is based on the 1971 census, while the division of constituencies relies on the 2001 census, despite demographic changes since then."
418d0e4274fa3db9_p021,418d0e4274fa3db9,EVT_00045,firstpost,2026-04-15 08:34:41,The number of Lok Sabha seats for each State and Union Territory
418d0e4274fa3db9_p022,418d0e4274fa3db9,EVT_00045,firstpost,2026-04-15 08:34:41,The total seats in State Legislative Assemblies
418d0e4274fa3db9_p023,418d0e4274fa3db9,EVT_00045,firstpost,2026-04-15 08:34:41,Reservation of seats for Scheduled Castes and Scheduled Tribes
418d0e4274fa3db9_p024,418d0e4274fa3db9,EVT_00045,firstpost,2026-04-15 08:34:41,The delimitation of parliamentary and assembly constituencies
418d0e4274fa3db9_p025,418d0e4274fa3db9,EVT_00045,firstpost,2026-04-15 08:34:41,"The Bill states that constituencies must be geographically compact and consider administrative boundaries, communication facilities and public convenience."
418d0e4274fa3db9_p026,418d0e4274fa3db9,EVT_00045,firstpost,2026-04-15 08:34:41,Reservation for women and rotation system
418d0e4274fa3db9_p027,418d0e4274fa3db9,EVT_00045,firstpost,2026-04-15 08:34:41,"The Bill provides for reserving nearly one-third of seats in the Lok Sabha and State Assemblies for women, including those belonging to Scheduled Castes and Scheduled Tribes."
418d0e4274fa3db9_p028,418d0e4274fa3db9,EVT_00045,firstpost,2026-04-15 08:34:41,"Reserved seats will be rotated among constituencies, while seats for women from Scheduled Castes and Scheduled Tribes will rotate within constituencies already reserved for those categories."
418d0e4274fa3db9_p029,418d0e4274fa3db9,EVT_00045,firstpost,2026-04-15 08:34:41,"Orders issued by the Delimitation Commission, once published in the Gazette of India, will have the force of law and cannot be challenged in court."
418d0e4274fa3db9_p030,418d0e4274fa3db9,EVT_00045,firstpost,2026-04-15 08:34:41,"However, the existing House or Assembly will continue unchanged until it is dissolved, and any bye-elections held before dissolution will follow the current delimitation framework."
6325e202019df937_p001,6325e202019df937,EVT_00055,firstpost,2026-04-15 19:26:15,"Police said they are probing possible funding angles and international links in the case, adding that the ATS and NIA have been informed and any emerging leads will be pursued as part of the investigation"
6325e202019df937_p002,6325e202019df937,EVT_00055,firstpost,2026-04-15 19:26:15,Operations at the Tata Consultancy Services (TCS) office in Nashik have been suspended and movement restricted within the premises as police intensify investigations into serious allegations involving sexual harassment and attempted religious conversion of employees.
6325e202019df937_p003,6325e202019df937,EVT_00055,firstpost,2026-04-15 19:26:15,"According to a News18 report, citing Nashik Police Commissioner Sandeep Karnik, nine individuals have been named as accused in connected cases, with investigators suspecting the incidents may have been carried out in an organised manner."
6325e202019df937_p004,6325e202019df937,EVT_00055,firstpost,2026-04-15 19:26:15,"Police said among those named is Nida Khan, who has been charged in connection with alleged religious harassment, and Ashwini Chainani, a former HR head, who is accused of discouraging complainants and allegedly enabling the accused."
6325e202019df937_p005,6325e202019df937,EVT_00055,firstpost,2026-04-15 19:26:15,STORY CONTINUES BELOW THIS AD
6325e202019df937_p006,6325e202019df937,EVT_00055,firstpost,2026-04-15 19:26:15,Officials further said the investigation is also looking into whether any external influence played a role in the alleged actions.
6325e202019df937_p007,6325e202019df937,EVT_00055,firstpost,2026-04-15 19:26:15,"“We are looking into possible funding angles and international links. The ATS and NIA have been informed, and any leads that emerge will be pursued as part of the investigation,” he said."
6325e202019df937_p008,6325e202019df937,EVT_00055,firstpost,2026-04-15 19:26:15,"Police said the complaints span multiple allegations, including a male employee who has accused colleagues of attempting religious conversion and hurting religious sentiments, a woman who has alleged rape and religious harassment, four women who have reported sexual harassment at the workplace, and three others who have accused colleagues of both sexual and religious harassment."
6325e202019df937_p009,6325e202019df937,EVT_00055,firstpost,2026-04-15 19:26:15,"Investigators noted that several of the accused held senior positions within the organisation, while the complainants were reportedly working under their supervision, raising concerns over workplace hierarchy and power dynamics."
6325e202019df937_p010,6325e202019df937,EVT_00055,firstpost,2026-04-15 19:26:15,"The case, involving eight women employees at the Nashik facility, has triggered renewed discussion on workplace safety protocols and the effectiveness of internal grievance redressal systems in large IT companies."
6325e202019df937_p011,6325e202019df937,EVT_00055,firstpost,2026-04-15 19:26:15,"Police said nine FIRs have been registered against eight employees so far, with seven of them arrested."
6325e202019df937_p012,6325e202019df937,EVT_00055,firstpost,2026-04-15 19:26:15,"Investigations are continuing, and authorities have appealed for more victims or witnesses to come forward as the scope of the probe widens."
6325e202019df937_p013,6325e202019df937,EVT_00055,firstpost,2026-04-15 19:26:15,NCW sets up panel to probe case
6325e202019df937_p014,6325e202019df937,EVT_00055,firstpost,2026-04-15 19:26:15,"Meanwhile, the National Commission for Women on Wednesday said it has set up a fact-finding committee to probe the alleged incidents of sexual harassment of employees at a Tata Consultancy Services BPO unit in Nashik."
6325e202019df937_p015,6325e202019df937,EVT_00055,firstpost,2026-04-15 19:26:15,"In a statement, the Commission said the panel will visit the facility on April 17 to conduct an on-the-spot inquiry, examine the circumstances leading to the incident and assess the response of the authorities."
6325e202019df937_p016,6325e202019df937,EVT_00055,firstpost,2026-04-15 19:26:15,"“The National Commission for Women (NCW) has taken suo motu cognisance of serious media reports concerning alleged incidents of sexual harassment of women at the Tata Consultancy Services (TCS) BPO unit in Nashik, Maharashtra,” the statement read."
6325e202019df937_p017,6325e202019df937,EVT_00055,firstpost,2026-04-15 19:26:15,STORY CONTINUES BELOW THIS AD
6325e202019df937_p018,6325e202019df937,EVT_00055,firstpost,2026-04-15 19:26:15,"“Taking a serious view of the matter, the Commission, in exercise of its powers under Section 8 of the National Commission for Women Act, 1990, has constituted a fact-finding committee to conduct a detailed inquiry into the incident. The committee will visit the place of incident on 17th April,” it added."
6325e202019df937_p019,6325e202019df937,EVT_00055,firstpost,2026-04-15 19:26:15,"The committee comprises retired Bombay High Court Justice Sadhna Jadhav, former Haryana DGP B K Sinha, Supreme Court advocate Monika Arora and NCW Senior Coordinator Lilabati."
6325e202019df937_p020,6325e202019df937,EVT_00055,firstpost,2026-04-15 19:26:15,"It has been tasked with interacting with victims, police officials, company representatives and other stakeholders, identifying lapses, if any, and recommending appropriate action against those responsible."
6325e202019df937_p021,6325e202019df937,EVT_00055,firstpost,2026-04-15 19:26:15,The panel will also suggest remedial measures to prevent recurrence of such incidents and strengthen workplace safety mechanisms for women.
6325e202019df937_p022,6325e202019df937,EVT_00055,firstpost,2026-04-15 19:26:15,"The committee has been asked to submit its report to the NCW within 10 working days, following which it will present its findings in person, the statement said."
d7165df58588b578_p001,d7165df58588b578,EVT_00055,firstpost,2026-04-15 12:21:40,"Malaysia link emerges in probe at Tata Consultancy Services Nashik unit, where undercover cops exposed alleged harassment and conversion racket with digital evidence pointing to wider network"
d7165df58588b578_p002,d7165df58588b578,EVT_00055,firstpost,2026-04-15 12:21:40,"This image features the entrance of a Tata Consultancy Services (TCS) facility, specifically identifying it as the Nashik campus where a major investigation is currently unfolding. (X)"
d7165df58588b578_p003,d7165df58588b578,EVT_00055,firstpost,2026-04-15 12:21:40,"A possible Malaysia link has emerged as a key thread in the investigation into an alleged harassment and conversion racket inside a Tata Consultancy Services (TCS) BPO unit in Nashik, with investigators tracing digital conversations to a suspected foreign-based preacher."
d7165df58588b578_p004,d7165df58588b578,EVT_00055,firstpost,2026-04-15 12:21:40,"According to investigators cited by India Today, a man identified as Imran—believed to be based in Malaysia—appears in WhatsApp chats recovered from seized devices. He was allegedly introduced to employees through video calls, where he spoke about opportunities abroad and a better lifestyle. Authorities are still verifying his identity and role, but officials say the link could point to a wider, cross-border network."
d7165df58588b578_p005,d7165df58588b578,EVT_00055,firstpost,2026-04-15 12:21:40,STORY CONTINUES BELOW THIS AD
d7165df58588b578_p006,d7165df58588b578,EVT_00055,firstpost,2026-04-15 12:21:40,"The probe began with a tip-off in February, prompting police to deploy women constables disguised as housekeeping staff within the TCS premises. Their observations over several weeks helped map interactions and validate complaints from victims."
d7165df58588b578_p007,d7165df58588b578,EVT_00055,firstpost,2026-04-15 12:21:40,"So far, the Special Investigation Team (SIT) has identified at least 12 alleged targets. Nine FIRs have been registered based on complaints from eight women and one man, invoking charges including sexual harassment, coercion, and outraging religious sentiments."
d7165df58588b578_p008,d7165df58588b578,EVT_00055,firstpost,2026-04-15 12:21:40,Pattern of coercion and digital trail
d7165df58588b578_p009,d7165df58588b578,EVT_00055,firstpost,2026-04-15 12:21:40,"The incidents, involving employees aged between 18 and 25, are believed to have occurred over the past two to three years. Investigators allege that several accused—many in supervisory roles—engaged in inappropriate behaviour and pressured colleagues to adopt specific religious practices."
d7165df58588b578_p010,d7165df58588b578,EVT_00055,firstpost,2026-04-15 12:21:40,"A significant part of the case rests on digital evidence. WhatsApp groups allegedly used to identify targets and coordinate actions have been uncovered, with deleted chats now being retrieved through forensic analysis."
d7165df58588b578_p011,d7165df58588b578,EVT_00055,firstpost,2026-04-15 12:21:40,HR role and ongoing probe
d7165df58588b578_p012,d7165df58588b578,EVT_00055,firstpost,2026-04-15 12:21:40,"The company’s HR manager, Nida Khan, remains absconding, with her role in recruitment and internal handling of complaints under scrutiny. Six accused have been arrested so far, while more names could emerge as the investigation deepens."
d7165df58588b578_p013,d7165df58588b578,EVT_00055,firstpost,2026-04-15 12:21:40,"In response, TCS said it follows a strict zero-tolerance policy and confirmed that employees under investigation have been suspended, as authorities continue to examine the full scope of the case."
d7165df58588b578_p014,d7165df58588b578,EVT_00055,firstpost,2026-04-15 12:21:40,STORY CONTINUES BELOW THIS AD
15287ed7946ed7f4_p001,15287ed7946ed7f4,EVT_00055,india_today,2026-04-16 21:53:15,"Innocent, falsely implicated: TCS Nashik case accused's mother to India Today"
15287ed7946ed7f4_p002,15287ed7946ed7f4,EVT_00055,india_today,2026-04-16 21:53:15,"Tabassum Sheikh, mother of Danish Sheikh, co-accused in the TCS Nashik sex harassment and forced conversion case, denied all allegations against her son. ""He is a very good person,"" she insisted."
15287ed7946ed7f4_p003,15287ed7946ed7f4,EVT_00055,india_today,2026-04-16 21:53:15,"Tabassum Sheikh, mother of Danish Sheikh, who has been arrested and named as one of the co-accused in the major sexual harassment and forced conversion case, has claimed that her son is innocent and has been falsely implicated. She also said that he is a good person, who is in a happy marriage, with his wife being beautiful and fair."
15287ed7946ed7f4_p004,15287ed7946ed7f4,EVT_00055,india_today,2026-04-16 21:53:15,"""My son is a very good person,"" she told India Today TV."
15287ed7946ed7f4_p005,15287ed7946ed7f4,EVT_00055,india_today,2026-04-16 21:53:15,"Addressing the sexual harassment charges against her son, she alleged that the women employees of the TCS BPO unit were wrong."
15287ed7946ed7f4_p006,15287ed7946ed7f4,EVT_00055,india_today,2026-04-16 21:53:15,"""My child cannot do this. Our religion doesn't tell us to point fingers at other faiths. In fact, it says that everyone should follow the path set by their own religion,"" Tabassum said."
15287ed7946ed7f4_p007,15287ed7946ed7f4,EVT_00055,india_today,2026-04-16 21:53:15,"A major scandal of years-long sexual harassment and forced conversion has hit the BPO unit of TCS Nashik after nine women employees came forward with the allegations. Then, a police team carried out a sting operation at the unit disguised as housekeeping staff. Based on the investigations, FIRs have been lodged."
15287ed7946ed7f4_p008,15287ed7946ed7f4,EVT_00055,india_today,2026-04-16 21:53:15,"As many as nine FIRs have been registered so far, including one filed by a male employee, claiming religious harassment and attempted conversion. Seven men – Danish Sheikh, Tausif Attar, Raza Memon, Shahrukh Qureshi, Asif Aftab Ansar and Shahrukh Sheikh – and one woman have been arrested. Another woman, Nida Khan, the HR head of the unit, remains on the run."
15287ed7946ed7f4_p009,15287ed7946ed7f4,EVT_00055,india_today,2026-04-16 21:53:15,"Nashik Police Commissioner Sandeep Karnik said that the investigation so far has suggested that the seven men are co-accused in most of the cases, indicating they acted as a gang. Furthermore, the probe has revealed that most of the targeted individuals were aged between 18 and 25."
15287ed7946ed7f4_p010,15287ed7946ed7f4,EVT_00055,india_today,2026-04-16 21:53:15,"The complaints alleged religious coercion and harassment, including objectionable remarks against Hindu deities, forced consumption of specific food items, attempts at forced religious conversion, and pressure to participate in religious practices, among others."
15287ed7946ed7f4_p011,15287ed7946ed7f4,EVT_00055,india_today,2026-04-16 21:53:15,"However, Tabassum claimed that her son did not attempt to convert anyone. According to her, religious conversion in Islam cannot happen in such a manner and must be conducted by a Maulvi (Islamic cleric)."
15287ed7946ed7f4_p012,15287ed7946ed7f4,EVT_00055,india_today,2026-04-16 21:53:15,"She described Danish as a bright individual with no prior criminal record and alleged that he had been framed in the case. ""My son never had a bad record in school or college either."""
15287ed7946ed7f4_p013,15287ed7946ed7f4,EVT_00055,india_today,2026-04-16 21:53:15,"When asked about her son's alleged relationship with the woman who filed the complaint, she said she was unaware of any such relationship and insisted that he was only a friend. She further said that Danish had informed his wife about the woman and that he never brought her home."
15287ed7946ed7f4_p014,15287ed7946ed7f4,EVT_00055,india_today,2026-04-16 21:53:15,"Tabassum said that her son has a ""beautiful wife"" and a happy family, and that he would have no reason to pursue a relationship with another woman. ""Why will my son have a relationship with another woman? He has a beautiful wife, his wife isn't dark, his wife is very beautiful, and they are happy."""
15287ed7946ed7f4_p015,15287ed7946ed7f4,EVT_00055,india_today,2026-04-16 21:53:15,"She also defended the other accused in the case, saying that they were ""good boys"" and ""innocent""."
15287ed7946ed7f4_p016,15287ed7946ed7f4,EVT_00055,india_today,2026-04-16 21:53:15,"On being asked to describe the situation at her home currently, Tabassum broke down, saying that Danish was the sole breadwinner in the family."
15287ed7946ed7f4_p017,15287ed7946ed7f4,EVT_00055,india_today,2026-04-16 21:53:15,"""There is no one to help me. I am alone,"" she told India Today TV."
15287ed7946ed7f4_p018,15287ed7946ed7f4,EVT_00055,india_today,2026-04-16 21:53:15,"She further said that her daughter-in-law has fallen into depression and has been hospitalised, while the couple's children have been crying constantly."
5a606cfb5e5491d0_p001,5a606cfb5e5491d0,EVT_00055,hindustan_times,2026-04-16 07:21:35,"Details of 'sexual harassment' of employees at TCS-linked BPO shared with NIA, ATS: Nashik Police"
5a606cfb5e5491d0_p002,5a606cfb5e5491d0,EVT_00055,hindustan_times,2026-04-16 07:21:35,"The special investigation team (SIT) is probing into the role of eight accused, all senior employees at the BPO, who have been named in the case so far."
5a606cfb5e5491d0_p003,5a606cfb5e5491d0,EVT_00055,hindustan_times,2026-04-16 07:21:35,"The Nashik City Police have shared details of the alleged incidents of sexual harassment of employees at a Tata Consultancy Services (TCS)-linked BPO (business process outsourcing) with the National Investigation Agency (NIA), the Maharashtra Anti-Terrorism Squad (ATS) and intelligence agencies, seeking their assistance in probing possible links of the accused with extremist organisations and any foreign funding, a senior officer said ion Wednesday."
5a606cfb5e5491d0_p004,5a606cfb5e5491d0,EVT_00055,hindustan_times,2026-04-16 07:21:35,"The special investigation team (SIT) is probing into the role of eight accused, all senior employees at the BPO, who have been named in the case so far, Nashik commissioner of police (CP) Sandeep Karnik told reporters."
5a606cfb5e5491d0_p005,5a606cfb5e5491d0,EVT_00055,hindustan_times,2026-04-16 07:21:35,"“The police have provided all case details to NIA, state ATS and intelligence agencies. Only after receiving inputs from them can we determine whether the accused had any international links or external support for such unlawful activities,” Karnik said."
5a606cfb5e5491d0_p006,5a606cfb5e5491d0,EVT_00055,hindustan_times,2026-04-16 07:21:35,"The development comes as the probe widens beyond workplace misconduct to examine possible larger networks. Nine FIRs were registered between March 26 and April 3—one at Deolali and eight at Mumbai Naka police stations—based on complaints by nine junior employees alleging sexual abuse, harassment and religious coercion."
5a606cfb5e5491d0_p007,5a606cfb5e5491d0,EVT_00055,hindustan_times,2026-04-16 07:21:35,"A Nashik court also took up the matter on Wednesday with additional judicial magistrate RC Narwadiya remanding the operations-cum-HR manager, arrested on April 13, to 14 days of magisterial custody."
5a606cfb5e5491d0_p008,5a606cfb5e5491d0,EVT_00055,hindustan_times,2026-04-16 07:21:35,"So far, seven of the eight accused—six men and one woman—have been arrested, while another woman is absconding. Explaining the role of the two female accused, Karnik said that the arrested operations and HR head of the unit had allegedly discouraged a victim from submitting a complaint, saying “these things happen” and sided with the accused. The other woman accused faces charges of religious harassment."
5a606cfb5e5491d0_p009,5a606cfb5e5491d0,EVT_00055,hindustan_times,2026-04-16 07:21:35,Bajrang Dal calls for nationwide protest
5a606cfb5e5491d0_p010,5a606cfb5e5491d0,EVT_00055,hindustan_times,2026-04-16 07:21:35,"Meanwhile, the Bajrang Dal called for a nationwide protest on April 16 and 17 to denounce alleged instances of sexual harassment and forced conversion at Nashik BPO."
c30c017e7e757c99_p001,c30c017e7e757c99,EVT_00055,india_today,2026-04-16 23:49:54,Man arrested in TCS Nashik conversion case claims he was beaten by jail inmates
c30c017e7e757c99_p002,c30c017e7e757c99,EVT_00055,india_today,2026-04-16 23:49:54,"A key accused in the Nashik IT company conversion case has alleged he was assaulted inside jail, adding a new twist as the court sends both suspects to police custody amid tight security and in-camera proceedings."
c30c017e7e757c99_p003,c30c017e7e757c99,EVT_00055,india_today,2026-04-16 23:49:54,"A fresh controversy has erupted in Maharashtra’s Nashik district after a suspect in a high-profile IT company conversion case alleged he was assaulted inside jail, even as the court sent him and a co-accused to police custody for further interrogation."
c30c017e7e757c99_p004,c30c017e7e757c99,EVT_00055,india_today,2026-04-16 23:49:54,"The accused, Shafi Shaikh, is linked to a case involving the alleged exploitation of women and accusations of hurting religious sentiments at a multinational IT company in Nashik."
c30c017e7e757c99_p005,c30c017e7e757c99,EVT_00055,india_today,2026-04-16 23:49:54,"During proceedings at the District Sessions Court, Shafi Shaikh told the judge that he had been beaten up by other inmates while lodged in Nashik Road Central Jail."
c30c017e7e757c99_p006,c30c017e7e757c99,EVT_00055,india_today,2026-04-16 23:49:54,"The matter came up during a tightly secured in-camera hearing, held behind closed doors due to the sensitivity and rising tensions around the case."
c30c017e7e757c99_p007,c30c017e7e757c99,EVT_00055,india_today,2026-04-16 23:49:54,COURT SENDS ACCUSED TO POLICE CUSTODY
c30c017e7e757c99_p008,c30c017e7e757c99,EVT_00055,india_today,2026-04-16 23:49:54,Both Shafi Shaikh and co-accused Raza Memon were produced before the court under heavy police security. The police sought custody of both accused for further investigation into the alleged forced conversion case.
c30c017e7e757c99_p009,c30c017e7e757c99,EVT_00055,india_today,2026-04-16 23:49:54,"After hearing arguments from both sides, the court remanded the duo to police custody till April 18."
c30c017e7e757c99_p010,c30c017e7e757c99,EVT_00055,india_today,2026-04-16 23:49:54,"The court proceedings were held in camera, given the seriousness of the case and security concerns surrounding the accused."
c30c017e7e757c99_p011,c30c017e7e757c99,EVT_00055,india_today,2026-04-16 23:49:54,"The case, involving allegations of forced conversion and abuse within a corporate workplace, is now being probed further by police to establish the full extent of the network and possible involvement of others."
c30c017e7e757c99_p012,c30c017e7e757c99,EVT_00055,india_today,2026-04-16 23:49:54,"The alleged assault inside jail has added a new dimension to the investigation, with concerns now also being raised over the safety of the accused in custody."
c30c017e7e757c99_p013,c30c017e7e757c99,EVT_00055,india_today,2026-04-16 23:49:54,"Family members of the accused have defended him, claiming the case is being misrepresented."
c30c017e7e757c99_p014,c30c017e7e757c99,EVT_00055,india_today,2026-04-16 23:49:54,"Aiyaz Kazi, uncle of one of the accused, said, “A man is being blamed for the entire community. This is being projected as a love affair issue, and other cases are false.”"
c30c017e7e757c99_p015,c30c017e7e757c99,EVT_00055,india_today,2026-04-16 23:49:54,"He also alleged pressure in the case, claiming political influence behind the developments, while insisting that those responsible for any wrongdoing should be punished."
c30c017e7e757c99_p016,c30c017e7e757c99,EVT_00055,india_today,2026-04-16 23:49:54,"With allegations inside jail and custody proceedings moving ahead, the case has taken multiple turns, widening scrutiny on both the investigation and prison security arrangements."
c30c017e7e757c99_p017,c30c017e7e757c99,EVT_00055,india_today,2026-04-16 23:49:54,Authorities are expected to examine the jail assault claim alongside the ongoing criminal probe.
f4cb9f11fa29d790_p001,f4cb9f11fa29d790,EVT_00060,deccan_herald,2026-04-15 14:19:34,'Southern states will be stifled': Opposition unites in flagging concerns on delimitation
f4cb9f11fa29d790_p002,f4cb9f11fa29d790,EVT_00060,deccan_herald,2026-04-15 14:19:34,Chidambaram claimed that the voice of southern states will be “suppressed and stifled” while demanding that the bill be “opposed unanimously and defeated”.
f4cb9f11fa29d790_p003,f4cb9f11fa29d790,EVT_00060,deccan_herald,2026-04-15 14:19:34,The Prime Minister is a so-called Leader whose only distinguishing feature is his unmatched ability to be a Misleader.
f4cb9f11fa29d790_p004,f4cb9f11fa29d790,EVT_00060,deccan_herald,2026-04-15 14:19:34,"He is a habitual liar who cannot speak the truth, even by mistake. He has engaged in deliberate deceit with the nation over the question of delimitation."
60fbfc3511927142_p001,60fbfc3511927142,EVT_00060,hindustan_times,2026-04-16 08:11:23,‘Anti-national’: Opposition vows unity to defeat govt's proposal for Lok Sabha expansion
60fbfc3511927142_p002,60fbfc3511927142,EVT_00060,hindustan_times,2026-04-16 08:11:23,"The government is set to introduce three bills –The Delimitation Bill, 2026, The Constitution Bill, 2026, and the Union Territories Laws (Amendment) Bill 2026"
60fbfc3511927142_p003,60fbfc3511927142,EVT_00060,hindustan_times,2026-04-16 08:11:23,Opposition parties on Wednesday vowed unity to defeat the government’s legislative proposals to expand the strength of the Lok Sabha to 850 for implementing 33% women’s reservation as the Leader of the Opposition in the Lok Sabha Rahul Gandhi called the bills “anti-national” a day ahead of Parliament’s special sitting.
60fbfc3511927142_p004,60fbfc3511927142,EVT_00060,hindustan_times,2026-04-16 08:11:23,Gandhi demanded that women’s reservation should take into account the caste enumeration proposed in the 2027 census.
60fbfc3511927142_p005,60fbfc3511927142,EVT_00060,hindustan_times,2026-04-16 08:11:23,"“The truth is if Modi ji has his way, the share of smaller states, southern states and the northeast states will be reduced, which is a major loss for them. I consider this as anti-national activity. Our stand is clear: if you want to reserve seats, do it on the basis of the OBC census and the 2026 census. And if you want to implement the women’s bill, it is already there and we will give you full support. But we will not allow action against the OBCs, southern and smaller states,” Gandhi said in a video message."
60fbfc3511927142_p006,60fbfc3511927142,EVT_00060,hindustan_times,2026-04-16 08:11:23,"Earlier in the day, 20 opposition parties and independent MP Kapil Sibal attended a strategy meeting at Congress president Mallikarjun Kharge’s residence. “We all parties should unitedly fight in Parliament. We will oppose this bill, but we are not against the reservation [for women],” Kharge said."
60fbfc3511927142_p007,60fbfc3511927142,EVT_00060,hindustan_times,2026-04-16 08:11:23,Which bills are being introduced in LS today?
60fbfc3511927142_p008,60fbfc3511927142,EVT_00060,hindustan_times,2026-04-16 08:11:23,"The government is set to introduce three bills –The Delimitation Bill, 2026, The Constitution (One Hundred and Thirty-first Amendment) Bill, 2026, and the Union Territories Laws (Amendment) Bill 2026 – to raise the Lok Sabha ceiling from 550 to 850 seats and conduct delimitation based on the latest – effectively the 2011 – census figures to roll out the women’s quota from the 2029 general elections."
60fbfc3511927142_p009,60fbfc3511927142,EVT_00060,hindustan_times,2026-04-16 08:11:23,"In a post on X, Congress general secretary in-charge communications Jairam Ramesh said, “The Opposition will do whatever it takes to defeat the Constitution Amendment Bill especially. The country should prepare itself for a political earthquake.”"
60fbfc3511927142_p010,60fbfc3511927142,EVT_00060,hindustan_times,2026-04-16 08:11:23,"The constitution amendment bill must be passed in each House by a majority of the total membership of that chamber, and by a majority of not less than two-thirds of the members present and voting. The Opposition argues that delimitation based on the 2011 census will put southern states at a disadvantage even as the government says the increase will be proportional – a word not mentioned in the version of the bill circulated to lawmakers on Tuesday."
60fbfc3511927142_p011,60fbfc3511927142,EVT_00060,hindustan_times,2026-04-16 08:11:23,"In the 540 seat-strong Lok Sabha(three seats are vacant), the National Democratic Alliance – which has 292 MPs – needs a large chunk of votes from the Opposition. If all 540 MPs vote, the bill will require the support of 360 MPs. The Opposition will require a minimum of 181 votes to defeat the bill."
60fbfc3511927142_p012,60fbfc3511927142,EVT_00060,hindustan_times,2026-04-16 08:11:23,Can opposition stand united in elections season?
60fbfc3511927142_p013,60fbfc3511927142,EVT_00060,hindustan_times,2026-04-16 08:11:23,"For the Opposition, the biggest challenge is keeping its flock together amid election campaigns in West Bengal and Tamil Nadu, and the government’s efforts to woo lawmakers. According to two senior officials, the Trinamool Congress, which has 28 Lok Sabha MPs, told the Opposition that it could spare only 10 lawmakers for voting in the Lok Sabha as others were busy with the West Bengal poll campaign."
60fbfc3511927142_p014,60fbfc3511927142,EVT_00060,hindustan_times,2026-04-16 08:11:23,The Congress and the BJP have issued whips to their MPs for the special session.
60fbfc3511927142_p015,60fbfc3511927142,EVT_00060,hindustan_times,2026-04-16 08:11:23,"Rahul Gandhi’s message aimed to highlight how the Congress was at the forefront of women’s reservation but would not support the amendments as it went against the caste census and backward castes. “Now a big fraud is being done. The Prime Minister doesn’t want the reservation on the basis of the caste census, OBC census and the new census. He wants to use the 2011 census which doesn’t have OBC figures. He wants to snatch away your representation. The new census has started which will have OBC enumeration, why don’t you pass the women reservation bill on the basis of the new census?” he asked."
60fbfc3511927142_p016,60fbfc3511927142,EVT_00060,hindustan_times,2026-04-16 08:11:23,"Gandhi also hit back at Prime Minister Narendra Modi, saying, “I understand that you want to give a message to the country that you are pro-women. But you are worried about the Epstein files. 35 lakh files are locked in the US and the keys are with Trump ji. And you are scared. But this can’t be the way. You want an increase in seats and delimitation in your way and give nothing to OBC. We will not allow this to happen. Old data would not work. Only 2026 caste census data should be used.”"
60fbfc3511927142_p017,60fbfc3511927142,EVT_00060,hindustan_times,2026-04-16 08:11:23,"Earlier in the day, Rashtriya Janata Dal working president Tejashwi Yadav, Nationalist Congress Party (Sharadchandra Pawar) MP Supriya Sule, Shiv Sena (Uddhav Balasaheb Thackeray) MP Sanjay Raut, Dravida Munnetra Kazhagam’s TR Baalu, Aam Aadmi Party’s Sanjay Singh and other prominent INDIA bloc leaders attended the meeting at Kharge’s residence."
60fbfc3511927142_p018,60fbfc3511927142,EVT_00060,hindustan_times,2026-04-16 08:11:23,Kharge later accused the government of making a “politically motivated” move to suppress the opposition parties.
60fbfc3511927142_p019,60fbfc3511927142,EVT_00060,hindustan_times,2026-04-16 08:11:23,"“We are all in favour of the Women’s Reservation Bill. But the way in which they have brought it, we have reservations about that. It is politically motivated. Just to suppress the opposition parties, the government is doing this. Though we have supported the Women’s Reservation Bill continuously, we insist that the earlier amendments be implemented. They are playing some tricks with delimitation,” he said."
60fbfc3511927142_p020,60fbfc3511927142,EVT_00060,hindustan_times,2026-04-16 08:11:23,"“This delimitation is very dangerous. According to this bill, the proportion of many states will decrease, especially for southern states and north-eastern states. The way the delimitation commission has worked in Assam and Jammu and Kashmir, it is clear that the commission is a weapon in the BJP’s hands to gain a majority. We are against the delimitation. We want women’s reservation from the next Lok Sabha election,” Ramesh said."
60fbfc3511927142_p021,60fbfc3511927142,EVT_00060,hindustan_times,2026-04-16 08:11:23,"Ramesh added that the opposition will democratically oppose the bills in both Houses of Parliament. Southern states have already expressed their concerns over their proportional representation in the Lower House of Parliament reducing. In a post on X, Tamil Nadu chief minister MK Stalin said, “Let the black flag fly tomorrow in the homes, streets, and shops of Tamil Nadu! Let it stand as our symbols of resistance at the doorsteps! This is not the struggle of an individual movement; it is the struggle of Tamil Nadu!”"
60fbfc3511927142_p022,60fbfc3511927142,EVT_00060,hindustan_times,2026-04-16 08:11:23,"He called everyone to rise above party differences to raise a strong and united voice against delimitation. “Therefore, transcending party differences, let us all raise our voices! If we refuse to raise our voices tomorrow, our voice will become worthless in Parliament!” he said."
60fbfc3511927142_p023,60fbfc3511927142,EVT_00060,hindustan_times,2026-04-16 08:11:23,- ABOUT THE AUTHORSaubhadra Chatterji
60fbfc3511927142_p024,60fbfc3511927142,EVT_00060,hindustan_times,2026-04-16 08:11:23,Saubhadra Chatterji is Deputy Political Editor at the Hindustan Times. He writes on both politics and policies.
714faae515f69bb3_p001,714faae515f69bb3,EVT_00060,hindustan_times,2026-04-16 10:36:11,Delimitation bill: Does the math favour the Opposition in Lok Sabha?
714faae515f69bb3_p002,714faae515f69bb3,EVT_00060,hindustan_times,2026-04-16 10:36:11,"The delimitation bill, which proposes an expansion of the Lok Sabha from 545 to 850 seats, has met a wall of resistance from a unified Opposition."
714faae515f69bb3_p003,714faae515f69bb3,EVT_00060,hindustan_times,2026-04-16 10:36:11,"The Central government faces a high-stakes legislative showdown as it prepares to introduce the Constitution (131st Amendment) Bill, 2026 during a three-day special session of Parliament starting Thursday."
714faae515f69bb3_p004,714faae515f69bb3,EVT_00060,hindustan_times,2026-04-16 10:36:11,"The bill, which proposes to expand the Lok Sabha from 545 to 850 seats, has met a wall of resistance from a unified Opposition."
714faae515f69bb3_p005,714faae515f69bb3,EVT_00060,hindustan_times,2026-04-16 10:36:11,"The government has linked the expansion to implementing the Nari Shakti Vandan Adhiniyam (33% women’s reservation), but the Opposition calls it a “political stunt” to push through a controversial delimitation exercise."
714faae515f69bb3_p006,714faae515f69bb3,EVT_00060,hindustan_times,2026-04-16 10:36:11,"As a constitutional amendment, the bill requires a “special majority” under Article 368. This means it must be approved by a majority of the total membership of each House, as well as by at least two-thirds of members present and voting."
714faae515f69bb3_p007,714faae515f69bb3,EVT_00060,hindustan_times,2026-04-16 10:36:11,"In the Lok Sabha, the current effective strength stands at 545 members. If all MPs are present and vote, the bill would need the support of at least 360 members to pass."
714faae515f69bb3_p008,714faae515f69bb3,EVT_00060,hindustan_times,2026-04-16 10:36:11,"The ruling NDA currently has 293 MPs, leaving it short by roughly 67 votes."
714faae515f69bb3_p009,714faae515f69bb3,EVT_00060,hindustan_times,2026-04-16 10:36:11,"The Opposition bloc has 234 MPs, enough to prevent the government from reaching the required two-thirds majority."
714faae515f69bb3_p010,714faae515f69bb3,EVT_00060,hindustan_times,2026-04-16 10:36:11,Even a smaller grouping within the Opposition could stall the bill.
714faae515f69bb3_p011,714faae515f69bb3,EVT_00060,hindustan_times,2026-04-16 10:36:11,"The four largest Opposition parties, Congress, Samajwadi Party (SP), Trinamool Congress (TMC) and Dravida Munnetra Kazhagam (DMK), together account for a substantial chunk of seats. It would make it difficult for the government to push the legislation without cross-party backing."
714faae515f69bb3_p012,714faae515f69bb3,EVT_00060,hindustan_times,2026-04-16 10:36:11,"Uncertainty also surrounds the decision of key allies such as the Telugu Desam Party (TDP), which has 16 MPs and has expressed concerns over the potential impact of delimitation on southern states."
714faae515f69bb3_p013,714faae515f69bb3,EVT_00060,hindustan_times,2026-04-16 10:36:11,"In the Rajya Sabha, where the bill will be taken up after clearing the Lok Sabha, the ruling NDA is in a relatively stronger position but still short of the required two-thirds majority."
714faae515f69bb3_p014,714faae515f69bb3,EVT_00060,hindustan_times,2026-04-16 10:36:11,"Of a total strength of 244 members, the bill would require at least 163 votes if all members are present and voting. The NDA’s strength is 141."
714faae515f69bb3_p015,714faae515f69bb3,EVT_00060,hindustan_times,2026-04-16 10:36:11,"The required number could come down if Opposition members abstain or are absent during voting, since the two-thirds requirement applies only to those present and voting."
714faae515f69bb3_p016,714faae515f69bb3,EVT_00060,hindustan_times,2026-04-16 10:36:11,| House of Parliament | Total members | Votes needed to pass (2/3) | What the govt (NDA) has | The gap |
714faae515f69bb3_p017,714faae515f69bb3,EVT_00060,hindustan_times,2026-04-16 10:36:11,| Lok Sabha (Lower House) | 545 | 360 | 293 | -67 |
714faae515f69bb3_p018,714faae515f69bb3,EVT_00060,hindustan_times,2026-04-16 10:36:11,| Rajya Sabha (Upper House) | 244 | 163 | 141 | -22 |
714faae515f69bb3_p019,714faae515f69bb3,EVT_00060,hindustan_times,2026-04-16 10:36:11,"The Opposition, at a Wednesday meeting chaired by Congress President Mallikarjun Kharge, agreed to oppose the bill because of its ""politically motivated"" link to delimitation."
714faae515f69bb3_p020,714faae515f69bb3,EVT_00060,hindustan_times,2026-04-16 10:36:11,"They said that using the 2011 Census to redraw maps is a ""backdoor entry"" to redraw the electoral field before the 2029 elections."
714faae515f69bb3_p021,714faae515f69bb3,EVT_00060,hindustan_times,2026-04-16 10:36:11,"Congress leader Rahul Gandhi and Samajwadi Party’s Akhilesh Yadav have both termed this a ""conspiracy""."
714faae515f69bb3_p022,714faae515f69bb3,EVT_00060,hindustan_times,2026-04-16 10:36:11,Tamil Nadu Chief Minister MK Stalin has announced a statewide black flag protest against the proposed changes. He called the delimitation plan a “black law” and warned of serious consequences if the Centre proceeds without addressing state concerns. He also set fire to the bill.
714faae515f69bb3_p023,714faae515f69bb3,EVT_00060,hindustan_times,2026-04-16 10:36:11,"“We have decided to oppose this bill but I want to tell you we are not against women’s reservation. We are against the delimitation provisions in the bill,” Kharge said."
714faae515f69bb3_p024,714faae515f69bb3,EVT_00060,hindustan_times,2026-04-16 10:36:11,"Congress general secretary KC Venugopal said the government was trying to “bulldoze a deeply flawed, unconstitutional and anti-federal delimitation exercise” with undue haste."
714faae515f69bb3_p025,714faae515f69bb3,EVT_00060,hindustan_times,2026-04-16 10:36:11,TMC leader Derek O’Brien described this as a “devious agenda.”
714faae515f69bb3_p026,714faae515f69bb3,EVT_00060,hindustan_times,2026-04-16 10:36:11,"The government has defended the bill, maintaining that it is a historic step towards women’s empowerment. Union minister Kiren Rijiju said there was wide agreement in principle on women’s reservation and seemed confident that the required support would be secured."
714faae515f69bb3_p027,714faae515f69bb3,EVT_00060,hindustan_times,2026-04-16 10:36:11,- ABOUT THE AUTHORAnita Goswami
714faae515f69bb3_p028,714faae515f69bb3,EVT_00060,hindustan_times,2026-04-16 10:36:11,"Anita Goswami is a Senior Content Producer at Hindustan Times, where she primarily covers Indian and international news."
714faae515f69bb3_p029,714faae515f69bb3,EVT_00060,hindustan_times,2026-04-16 10:36:11,"With four years of industry experience, she has led coverage of Indian General elections, Assembly elections, and national polls in the United States, Canada, Bangladesh, and Nepal."
714faae515f69bb3_p030,714faae515f69bb3,EVT_00060,hindustan_times,2026-04-16 10:36:11,"Her reporting covers global wars and major events, including Operation Sindoor, Sheikh Hasina's ouster and the Mahakumbh Mela."
714faae515f69bb3_p031,714faae515f69bb3,EVT_00060,hindustan_times,2026-04-16 10:36:11,She verifies facts and uses clear sources to ensure accurate reporting.
714faae515f69bb3_p032,714faae515f69bb3,EVT_00060,hindustan_times,2026-04-16 10:36:11,"As former Chief Copy Editor at Storytailors, she managed teams to produce top-quality content for networks like NDTV, Profit, CNBC-TV18, Upstox and News18."
714faae515f69bb3_p033,714faae515f69bb3,EVT_00060,hindustan_times,2026-04-16 10:36:11,"Her work is featured in NDTV, Meaww, and Global Pulse."
714faae515f69bb3_p034,714faae515f69bb3,EVT_00060,hindustan_times,2026-04-16 10:36:11,"Throughout her tenure, Anita has collaborated with and been mentored by top industry experts."
714faae515f69bb3_p035,714faae515f69bb3,EVT_00060,hindustan_times,2026-04-16 10:36:11,"When not reading, Anita can be found outdoors or at a bakery."
714faae515f69bb3_p036,714faae515f69bb3,EVT_00060,hindustan_times,2026-04-16 10:36:11,"Fields of interest: Indian political history, international elections, historical policy analysis, global conflicts, cultural events, Formula 1, art, media ethics and reporting on socio-political change over time.Read More"
9ae0e353b9f731f1_p001,9ae0e353b9f731f1,EVT_00060,news18,2026-04-16 17:58:55,50% Delimitation Formula: Which States Will Get What Based On 2011 Census
9ae0e353b9f731f1_p002,9ae0e353b9f731f1,EVT_00060,news18,2026-04-16 17:58:55,A central feature of this reform is the dramatic expansion of the Lok Sabha's maximum strength from 550 to 850 members
9ae0e353b9f731f1_p003,9ae0e353b9f731f1,EVT_00060,news18,2026-04-16 17:58:55,"The introduction of the Delimitation Bills of 2026 marks a transformative shift in India’s legislative landscape, fundamentally altering the composition of the Lok Sabha and the procedural requirements for women’s reservation. According to a study by PRS Legislative Research, this legislative package—comprising the Constitution (131st Amendment) Bill, the Delimitation Bill, and the Union Territories Laws (Amendment) Bill—seeks to bypass the significant delays inherent in waiting for the 2027 Census results. Under previous statutes, women’s reservation was tethered to the first census conducted after 2023, a timeline that would have effectively excluded the 2029 general elections. This new reform decouples that requirement, enabling delimitation to proceed based on the 2011 Census and ensuring that the one-third quota for women can be operationalised in the immediate future."
9ae0e353b9f731f1_p004,9ae0e353b9f731f1,EVT_00060,news18,2026-04-16 17:58:55,"A central feature of this reform is the dramatic expansion of the Lok Sabha’s maximum strength from 550 to 850 members. As highlighted by the PRS study, this increase is designed to restore the principle of proportional representation, where each state’s seat share reflects its actual population. However, this shift inevitably reopens the debate over the “population stabilisation"" incentives that had frozen seat allocations since 1976. By shifting the baseline to the 2011 Census, the relative political weight of states will change significantly. High-growth states in the north, such as Uttar Pradesh and Bihar, are projected to see substantial increases in their tallies, while southern states like Tamil Nadu and Kerala, which successfully implemented population control measures, face a relative decline in their share of the House."
9ae0e353b9f731f1_p005,9ae0e353b9f731f1,EVT_00060,news18,2026-04-16 17:58:55,"- Lok Sabha Seats In States To Be Increased By 50%, 272 Reserved For Women: Law Minister"
9ae0e353b9f731f1_p006,9ae0e353b9f731f1,EVT_00060,news18,2026-04-16 17:58:55,"- Women's Reservation Bill Highlights: INDIA Bloc To Oppose Women Reservation Bill, Says Kharge"
9ae0e353b9f731f1_p007,9ae0e353b9f731f1,EVT_00060,news18,2026-04-16 17:58:55,"- Delimitation Bill 2026 LIVE Updates: Amit Shah Says No Loss To Southern States, Slams Oppn For Spreading Misinformation"
9ae0e353b9f731f1_p008,9ae0e353b9f731f1,EVT_00060,news18,2026-04-16 17:58:55,- Delimitation Row: Centre Likely To Specify State-Wise Allocation Of Lok Sabha Seats In Parliament Today
9ae0e353b9f731f1_p009,9ae0e353b9f731f1,EVT_00060,news18,2026-04-16 17:58:55,"Beyond the geographic distribution of power, the expansion carries profound implications for the internal mechanics of Parliament and the balance between its two Houses. While the Lok Sabha grows by over 50 per cent, the Rajya Sabha’s strength remains frozen at 250 members. The PRS analysis points out that this widening disparity alters the constitutional ratio between the two bodies from 2.2:1 to roughly 3.3:1, effectively diluting the Rajya Sabha’s influence during joint sittings and in the election of the President and Vice-President. Furthermore, a larger Lok Sabha will naturally lead to an increase in the permissible size of the Council of Ministers, which could grow from 81 to 122 members, potentially reviving concerns about the administrative efficiency of oversized cabinets."
9ae0e353b9f731f1_p010,9ae0e353b9f731f1,EVT_00060,news18,2026-04-16 17:58:55,"Finally, the Bills introduce a notable change in how delimitation is triggered and governed. By granting Parliament the power to determine both the timing of future delimitations and the specific census to be utilised via a simple majority, the amendment moves away from the rigid constitutional periodicity of the past. This provides the executive with greater flexibility but, as the PRS research notes, also removes certain constitutional certainties regarding the use of the latest data. As the new Delimitation Commission prepares to redraw the map of 850 constituencies, the focus will remain on how individual Members of Parliament manage their roles in a more crowded chamber, where the time available for debates, questions, and legislative scrutiny will be significantly more constrained."
aa7427ed919fa400_p001,aa7427ed919fa400,EVT_00060,news18,2026-04-16 18:30:17,Amit Shah's ‘No-Loss’ Guarantee For Southern States To Quell ‘Federal Friction’ On Delimitation
aa7427ed919fa400_p002,aa7427ed919fa400,EVT_00060,news18,2026-04-16 18:30:17,The Home Minister provided specific projections to illustrate this proportional growth across the Deccan region
aa7427ed919fa400_p003,aa7427ed919fa400,EVT_00060,news18,2026-04-16 18:30:17,"During the high-decibel special session of Parliament on April 16, Union Home Minister Amit Shah sought to quell long-standing anxieties regarding the “North-South divide"" by detailing the projected growth of southern states in an expanded Lok Sabha. Addressing the House, Shah emphasised that the proposed framework for the Constitution (131st Amendment) Bill is designed as a “no-loss"" model, ensuring that no region faces a reduction in political representation. By increasing the total strength of the House to 850 seats, the government intends to provide a cushion that allows for women’s reservation while simultaneously augmenting the seat counts of states that have historically feared being penalised for successful population control."
aa7427ed919fa400_p004,aa7427ed919fa400,EVT_00060,news18,2026-04-16 18:30:17,"The Home Minister provided specific projections to illustrate this proportional growth across the Deccan region. Under the proposed pro-rata model, Tamil Nadu is expected to see its tally rise significantly from 39 to 59 seats, maintaining a 7.23 per cent share of the House. Similarly, Karnataka is projected to move from 28 to 42 seats (5.14 per cent), while Andhra Pradesh would increase from 25 to 38 seats (4.65 per cent). Even states with the most stringent population stabilisation records, such as Telangana and Kerala, are set for absolute gains; Telangana is projected to rise from 17 to 26 seats (3.18 per cent), and Kerala is expected to grow from 16 to 20 seats (3.67 per cent)."
aa7427ed919fa400_p005,aa7427ed919fa400,EVT_00060,news18,2026-04-16 18:30:17,- ‘Religion-Based Quota Unconstitutional’: Amit Shah Snaps At SP MP's Muslim Women Reservation Demand
aa7427ed919fa400_p006,aa7427ed919fa400,EVT_00060,news18,2026-04-16 18:30:17,- What Is Delimitation Bill And How Is It Linked To Women's Reservation? 10 Big Questions Answered
aa7427ed919fa400_p007,aa7427ed919fa400,EVT_00060,news18,2026-04-16 18:30:17,"- Women's Reservation Bill Highlights: INDIA Bloc To Oppose Women Reservation Bill, Says Kharge"
aa7427ed919fa400_p008,aa7427ed919fa400,EVT_00060,news18,2026-04-16 18:30:17,- Delimitation Row: Centre Likely To Specify State-Wise Allocation Of Lok Sabha Seats In Parliament Today
aa7427ed919fa400_p009,aa7427ed919fa400,EVT_00060,news18,2026-04-16 18:30:17,"Shah’s intervention was a strategic attempt to de-escalate the federal friction that has stalled delimitation since the 1970s. By using the 2011 Census as the immediate baseline rather than more recent population projections, the government is attempting to “freeze"" the relative political weightage of the southern states. The Home Minister argued that the absolute increase in numbers across the South serves as a guarantee that the “Hindi Heartland"" will not swallow the voice of the Peninsula. He maintained that this expansion is the only mathematically viable path to redraw the map of India in time for the 2029 general elections."
aa7427ed919fa400_p010,aa7427ed919fa400,EVT_00060,news18,2026-04-16 18:30:17,"However, the debate remains far from settled. While the absolute numbers are rising for everyone, Opposition leaders from the South have noted that the “gap"" in absolute seat counts between the North and South continues to widen. For instance, while Tamil Nadu gains 20 seats, Uttar Pradesh is set to gain considerably more due to its massive base. As the Delimitation Commission prepares to begin its work in June 2026, the Home Minister’s “proportional growth"" narrative will be the primary shield against charges of regional marginalisation, setting the stage for a new era of Indian representative mathematics."
fe0d612d0169dfc1_p001,fe0d612d0169dfc1,EVT_00062,firstpost,2026-04-15 15:00:19,India’s External Affairs Minister S. Jaishankar on Wednesday said that attacks on merchant vessels are “completely unacceptable.” His remarks came during the ‘Azec Plus’ meeting hosted by Japan.
fe0d612d0169dfc1_p002,fe0d612d0169dfc1,EVT_00062,firstpost,2026-04-15 15:00:19,Jaishankar said that India remains strongly committed to ensuring safe and smooth passage for maritime shipping. Photo: X
fe0d612d0169dfc1_p003,fe0d612d0169dfc1,EVT_00062,firstpost,2026-04-15 15:00:19,"India’s External Affairs Minister S. Jaishankar on Wednesday said that attacks on merchant vessels are “completely unacceptable.” His remarks came during the ‘Azec Plus’ meeting hosted by Japan, where leaders discussed disruptions in global energy supply chains."
fe0d612d0169dfc1_p004,fe0d612d0169dfc1,EVT_00062,firstpost,2026-04-15 15:00:19,"The statement is significant as it comes at a time when US President Donald Trump has announced a US blockade in the Strait of Hormuz, a key shipping route through which roughly 20 per cent of the world’s oil passes."
fe0d612d0169dfc1_p005,fe0d612d0169dfc1,EVT_00062,firstpost,2026-04-15 15:00:19,STORY CONTINUES BELOW THIS AD
fe0d612d0169dfc1_p006,fe0d612d0169dfc1,EVT_00062,firstpost,2026-04-15 15:00:19,"In a post shared on social media platform X after the meeting, Jaishankar said that India remains strongly committed to ensuring safe and smooth passage for maritime shipping. He underlined that global economic growth depends heavily on uninterrupted energy supplies, which in turn rely on secure sea routes."
fe0d612d0169dfc1_p007,fe0d612d0169dfc1,EVT_00062,firstpost,2026-04-15 15:00:19,Participated in the ‘AZEC Plus’ meeting convened by Japan to discuss supply chain disruptions in the energy markets.
fe0d612d0169dfc1_p008,fe0d612d0169dfc1,EVT_00062,firstpost,2026-04-15 15:00:19,"Underlined India’s strong commitment to safe and unimpeded transit passage of maritime shipping. Attacks on merchant shipping are completely unacceptable. Global… pic.twitter.com/wsiQokYU5e — Dr. S. Jaishankar (@DrSJaishankar) April 15, 2026"
fe0d612d0169dfc1_p009,fe0d612d0169dfc1,EVT_00062,firstpost,2026-04-15 15:00:19,Jaishankar highlighted that free and secure maritime transit is essential for international trade. He said any form of attack on merchant shipping threatens not just individual countries but the global economy as a whole.
fe0d612d0169dfc1_p010,fe0d612d0169dfc1,EVT_00062,firstpost,2026-04-15 15:00:19,"India’s concerns regarding the safety of merchant vessels is significant, as a large number of attacks on ships have been reported in the Strait of Hormuz, since the conflict in West Asia started on February 28."
fe0d612d0169dfc1_p011,fe0d612d0169dfc1,EVT_00062,firstpost,2026-04-15 15:00:19,"Several ships have been attacked by projectiles, explosive boats and drones. According to reports, at least 16 vessels have been hit in the region during the conflict period only."
fe0d612d0169dfc1_p012,fe0d612d0169dfc1,EVT_00062,firstpost,2026-04-15 15:00:19,STORY CONTINUES BELOW THIS AD
fe0d612d0169dfc1_p013,fe0d612d0169dfc1,EVT_00062,firstpost,2026-04-15 15:00:19,"Shipping routes carry a large share of the world’s energy supplies, including oil and gas. Disruptions in these routes can lead to price spikes and supply shortages, affecting industries and consumers worldwide."
fe0d612d0169dfc1_p014,fe0d612d0169dfc1,EVT_00062,firstpost,2026-04-15 15:00:19,Energy markets and global growth
fe0d612d0169dfc1_p015,fe0d612d0169dfc1,EVT_00062,firstpost,2026-04-15 15:00:19,"Jaishankar pointed out that global growth depends on stable and accessible energy markets. If supply chains are disrupted, it can slow down economic activity and create uncertainty."
fe0d612d0169dfc1_p016,fe0d612d0169dfc1,EVT_00062,firstpost,2026-04-15 15:00:19,"As one of the world’s largest energy consumers, India has a strong interest in ensuring that energy flows remain steady and predictable. Jaishankar emphasised that countries must work together to avoid bottlenecks and maintain stability in the market."
fe0d612d0169dfc1_p017,fe0d612d0169dfc1,EVT_00062,firstpost,2026-04-15 15:00:19,Jaishankar said India will continue to work with like-minded partners to build stronger and more reliable supply chains. He stressed the need for cooperation among nations to address shared challenges in energy and trade.
fe0d612d0169dfc1_p018,fe0d612d0169dfc1,EVT_00062,firstpost,2026-04-15 15:00:19,"The Azec Plus meeting, hosted by Japan, is part of broader efforts to strengthen collaboration in the energy sector. It aims to ensure that countries can better respond to disruptions and maintain the smooth functioning of global supply networks."
fe0d612d0169dfc1_p019,fe0d612d0169dfc1,EVT_00062,firstpost,2026-04-15 15:00:19,"The Azec (Asia Zero Emission Community) was launched by Japan in 2022. It is a platform that brings countries together to address energy-related challenges, and focus on energy security and supply chain resilience at a time when global uncertainties continue to affect trade and transport."
46510ab70edbf818_p001,46510ab70edbf818,EVT_00062,the_times_of_india,2026-04-16 06:39:00,"NEW DELHI: External affairs minister S Jaishankar Wednesday underlined India's strong commitment to safe and unimpeded transit passage of maritime shipping, saying attacks on merchant shipping were completely unacceptable."
46510ab70edbf818_p002,46510ab70edbf818,EVT_00062,the_times_of_india,2026-04-16 06:39:00,"The minister gave vent to India's concerns related to merchant shipping disruptions in Strait of Hormuz, while participating in a meeting convened by Japan to discuss supply chain disruptions in energy markets."
46510ab70edbf818_p003,46510ab70edbf818,EVT_00062,the_times_of_india,2026-04-16 06:39:00,India Engages Israel On Iran And Hormuz Crisis As Jaishankar Pushes Dialogue Amid Rising Tensions
46510ab70edbf818_p004,46510ab70edbf818,EVT_00062,the_times_of_india,2026-04-16 06:39:00,"""Global growth demands that energy markets are not constricted. As a major energy consumer, India will work with like-minded partners to develop supply chain resilience,"" said Jaishankar in a post on X."
46510ab70edbf818_p005,46510ab70edbf818,EVT_00062,the_times_of_india,2026-04-16 06:39:00,He was participating in the Asia Zero Emission Community Plus Online Summit on Energy Resilience that was convened by Japanese PM Sanae Takaichi.
997917a009e175a8_p001,997917a009e175a8,EVT_00062,hindustan_times,2026-04-16 07:11:56,India calls for safe Strait of Hormuz transit: Attacks on merchat shipping ‘completely unacceptable’
997917a009e175a8_p002,997917a009e175a8,EVT_00062,hindustan_times,2026-04-16 07:11:56,"India calls for safe transit of vessels amid Strait of Hormuz disruptions, emphasizing supply chain resilience and cooperation with global partners."
997917a009e175a8_p003,997917a009e175a8,EVT_00062,hindustan_times,2026-04-16 07:11:56,"India on Wednesday called for safe and unimpeded transit of merchant vessels as the closure of the Strait of Hormuz disrupted energy flows, with external affairs minister S Jaishankar backing closer coordination with partners to shore up supply chain resilience."
997917a009e175a8_p004,997917a009e175a8,EVT_00062,hindustan_times,2026-04-16 07:11:56,"Jaishankar represented India at the “Asia Zero-Emission Community (AZEC) Plus” meeting chaired by Japanese Prime Minister Sanae Takaichi, which focused on energy supply disruptions caused by the closure of the Strait of Hormuz. The waterway is used to transport about half of India’s oil imports. Follow live updates on Iran-US war"
997917a009e175a8_p005,997917a009e175a8,EVT_00062,hindustan_times,2026-04-16 07:11:56,"“Underlined India’s strong commitment to safe and unimpeded transit passage of maritime shipping. Attacks on merchant shipping are completely unacceptable,” Jaishankar said on social media after the meeting."
997917a009e175a8_p006,997917a009e175a8,EVT_00062,hindustan_times,2026-04-16 07:11:56,"“Global growth demands that energy markets are not constricted. As a major energy consumer, India will work with like-minded partners to develop supply chain resilience,” he added."
997917a009e175a8_p007,997917a009e175a8,EVT_00062,hindustan_times,2026-04-16 07:11:56,"The meeting –attended by the 11 members of AZEC, including Australia and Singapore, and partners such as India, Bangladesh and South Korea –saw Japan unveil a new initiative, Partnership on Wide Energy and Resources Resilience (POWERR) Asia, aimed at supporting countries hit by fuel supply disruptions."
997917a009e175a8_p008,997917a009e175a8,EVT_00062,hindustan_times,2026-04-16 07:11:56,"The initiative will provide financial cooperation of about $10 billion to Asian countries, according to a readout from Japan’s foreign ministry. As part of efforts to strengthen supply systems, Japan will support crude oil stockpiling systems, construction of infrastructure such as storage tanks, restoration of oil production facilities in oil-producing countries in West Asia, and securing the safety of sea lanes."
997917a009e175a8_p009,997917a009e175a8,EVT_00062,hindustan_times,2026-04-16 07:11:56,"Takaichi said Asian countries were among the most affected by disruptions linked to the Strait of Hormuz and must work together to address the shared challenge. She described POWERR Asia as a framework combining emergency responses with longer-term structural measures, including financing crude procurement and maintaining supply chains."
997917a009e175a8_p010,997917a009e175a8,EVT_00062,hindustan_times,2026-04-16 07:11:56,"Participants included Philippines President Ferdinand Marcos Jr., Malaysian Prime Minister Anwar Ibrahim, Singapore Prime Minister Lawrence Wong, and Bangladesh Prime Minister Tarique Rahman."
997917a009e175a8_p011,997917a009e175a8,EVT_00062,hindustan_times,2026-04-16 07:11:56,"Separately, external affairs ministry spokesperson Randhir Jaiswal said Prime Minister Narendra Modi had emphasised the need to keep the Strait of Hormuz “open, safe and secure” during a phone call with US President Donald Trump on Tuesday. Trump briefed Modi on developments in the West Asia crisis."
997917a009e175a8_p012,997917a009e175a8,EVT_00062,hindustan_times,2026-04-16 07:11:56,"Fifteen Indian-flagged or owned vessels are currently located west of the Strait of Hormuz, while nine vessels -- most of them LPG carriers -- have transited the waterway since the start of the conflict on February 28."
997917a009e175a8_p013,997917a009e175a8,EVT_00062,hindustan_times,2026-04-16 07:11:56,"“We are talking with several countries about the Strait of Hormuz to ensure that the rest of our vessels can transit in a safe manner and come to India,” Jaiswal said."
997917a009e175a8_p014,997917a009e175a8,EVT_00062,hindustan_times,2026-04-16 07:11:56,"With a US waiver on sanctions on Russian oil having expired and another on Iranian oil set to end, Jaiswal reiterated India’s focus on diversification. “We continue to buy oil from diversified sources keeping in mind the energy security needs of 1.4 billion people… and the global situation that we have to deal with,” he said."
06be4ffdd05a777c_p001,06be4ffdd05a777c,EVT_00064,indian_express,2026-04-16 07:00:04,"Amid firestorm over delimitation, why Parliament should rise to clear women’s quota"
06be4ffdd05a777c_p002,06be4ffdd05a777c,EVT_00064,indian_express,2026-04-16 07:00:04,"Will Parliament, Treasury camp and Opposition show wisdom and statesmanship to resolve the impasse? Or will women of India have to wait for another 30 years to get their due share? That is the heart of the matter."
06be4ffdd05a777c_p003,06be4ffdd05a777c,EVT_00064,indian_express,2026-04-16 07:00:04,"The Opposition has questioned why the special sitting of Parliament during April 16-18 to clear the Bills to operationalise the Nari Shakti Vandan Ahiniyam or women’s quota legislation should have been called amidst the ongoing elections in Tamil Nadu and West Bengal, arguing that it could have just been held after the end of polling on April 29."
06be4ffdd05a777c_p004,06be4ffdd05a777c,EVT_00064,indian_express,2026-04-16 07:00:04,"The logic for it is not easy to understand. If by passing these Bills, the BJP wanted to influence women voters, it would get only three days of canvassing in Tamil Nadu and a little over a week in Bengal. Most voters make up their minds before the last stretch of campaigning."
06be4ffdd05a777c_p005,06be4ffdd05a777c,EVT_00064,indian_express,2026-04-16 07:00:04,"A North-South slugfest over the Bills has also erupted with the three Bills unleashing sentiments of sub-nationalism, which might help DMK chief M K Stalin and TMC supremo Mamata Banerjee. The two Chief Ministers have dubbed the legislation an “injustice” against their states, alleging that Tamil and Bengali interests would be made subservient to the interest of the BJP-dominated Hindi heartland."
06be4ffdd05a777c_p006,06be4ffdd05a777c,EVT_00064,indian_express,2026-04-16 07:00:04,"The focus has also shifted from women’s reservation issue to delimitation, to which the legislation is linked, and which may lead to a decline in the number of Lok Sabha seats from the South and the East as compared to the North."
06be4ffdd05a777c_p007,06be4ffdd05a777c,EVT_00064,indian_express,2026-04-16 07:00:04,A Tamil woman committed to the cause of women’s quota remarked angrily: “Women’s reservation can wait. I want my state to get proper representation first and that matters to me more.” This indicated that the opposition to the Narendra Modi government’s move may have a ground level resonance in the South.
06be4ffdd05a777c_p008,06be4ffdd05a777c,EVT_00064,indian_express,2026-04-16 07:00:04,What has riled the Opposition leaders is the silence of the Bills on the assurance that had been held out by the government – that the existing seat ratio between the states would be maintained.
06be4ffdd05a777c_p009,06be4ffdd05a777c,EVT_00064,indian_express,2026-04-16 07:00:04,"Despite the Opposition’s misgivings, the BJP-led NDA, which does not have a two-thirds majority in either House of Parliament required to pass the 131st Constitution amendment Bill, has decided to go ahead and hold the special sitting in the extended Budget session."
06be4ffdd05a777c_p010,06be4ffdd05a777c,EVT_00064,indian_express,2026-04-16 07:00:04,"It shows how high the stakes are for the BJP in Bengal. Every vote counts and women are an important segment of Mamata’s support base. Apart from the Bengal polls, the BJP would also hope to win over the larger constituency of women across the country."
06be4ffdd05a777c_p011,06be4ffdd05a777c,EVT_00064,indian_express,2026-04-16 07:00:04,"Even if the Bills do not go through, the BJP may hope to put the Opposition in the dock – as the parties “opposed” to women’s reservation."
06be4ffdd05a777c_p012,06be4ffdd05a777c,EVT_00064,indian_express,2026-04-16 07:00:04,"The Opposition suspects that the government has advanced the implementation of the women’s quota legislation, passed in September 2023, only as a “ploy”. It believes that the government wants to undertake delimitation in time for the 2029 Lok Sabha elections so that the constituencies are redrawn in a manner that would give it an “advantage”."
06be4ffdd05a777c_p013,06be4ffdd05a777c,EVT_00064,indian_express,2026-04-16 07:00:04,"Even the contentious Hindu Code Bill, which challenged centuries of entrenched discriminatory attitudes towards women, took less than a decade for passage in the face of stiff opposition from various quarters, including the then President. It was passed in the form of several laws on inheritance, property, marriage, divorce and adoption in the 1950s."
06be4ffdd05a777c_p014,06be4ffdd05a777c,EVT_00064,indian_express,2026-04-16 07:00:04,"For those who have tracked the trajectory of the Women’s Reservation Bill, know that it could not be passed for three decades because there was an inner resistance to it within every party even as they paid lip service. The resistance came not because male MPs have been anti-women, but stemmed from a fear that their constituencies might get axed in the process of ensuring one third seats to women in the Lok Sabha and the state Assemblies."
06be4ffdd05a777c_p015,06be4ffdd05a777c,EVT_00064,indian_express,2026-04-16 07:00:04,"That was a key reason why the Bill first introduced in 1996, then again in 1998,1999 and in 2008, was allowed to lapse even though the government of the day enjoyed a majority. It was passed with a near unanimity in September 2023, but not operationalised because it was linked to the delimitation which would follow the upcoming census."
06be4ffdd05a777c_p016,06be4ffdd05a777c,EVT_00064,indian_express,2026-04-16 07:00:04,"The 2026 amendment Bill proposes to increase the seats in the Lok Sabha to 815 – a 50% increase on its existing strength of 543 – to provide for one-third seats for women, calculated apparently to allay the apprehensions of male MPs. This has been caught in a fresh storm over a North-South divide."
06be4ffdd05a777c_p017,06be4ffdd05a777c,EVT_00064,indian_express,2026-04-16 07:00:04,"It is a shame that women add up to no more than 13.6% of the Lok Sabha members today. Their number has gone up by just 9.22% in 80 years, up from 4.41% in the first Lok Sabha. It adds up to less than 1% rise in every decade."
06be4ffdd05a777c_p018,06be4ffdd05a777c,EVT_00064,indian_express,2026-04-16 07:00:04,Women in India had a headstart in getting constitutionally guaranteed equal rights – as compared to western suffragettes who had to struggle for a long period – and the process was aided by the nation’s founding fathers.
06be4ffdd05a777c_p019,06be4ffdd05a777c,EVT_00064,indian_express,2026-04-16 07:00:04,"When Sarojini Naidu first gave the call in 1917 for women’s right to vote, she had made a case for women inclusion in the decision-making processes in the country at all levels."
06be4ffdd05a777c_p020,06be4ffdd05a777c,EVT_00064,indian_express,2026-04-16 07:00:04,"When Naidu was chosen in 1925 to lead the Congress to spearhead the fight for freedom, just two out of 100 women could read or write."
06be4ffdd05a777c_p021,06be4ffdd05a777c,EVT_00064,indian_express,2026-04-16 07:00:04,"In 1942, it was Aruna Asaf Ali who hoisted the national flag at the August Kranti Maidan in Bombay (now Mumbai) with the “quit India” call, symbolising the key role women were set to play in the independent country’s journey."
06be4ffdd05a777c_p022,06be4ffdd05a777c,EVT_00064,indian_express,2026-04-16 07:00:04,"But when freedom came, women got token representation in Parliament and Assemblies. It was only in the 1980s and 1990s, when women saw how they were being systematically kept out of the political arena for reasons like their “inability to win”, “lack of resources” or because of an inherent bias against them, that they began to demand affirmative action for their political empowerment."
06be4ffdd05a777c_p023,06be4ffdd05a777c,EVT_00064,indian_express,2026-04-16 07:00:04,"However, each time an attempt was made to increase their representation in the legislative bodies, some hurdle was put in the way."
06be4ffdd05a777c_p024,06be4ffdd05a777c,EVT_00064,indian_express,2026-04-16 07:00:04,"In the past, the demand for a “quota within quota” for OBC women, torpedoed the Bill. This time equally serious issues have been invoked –"
06be4ffdd05a777c_p025,06be4ffdd05a777c,EVT_00064,indian_express,2026-04-16 07:00:04,"equality, federalism, neglect of the South and the East, the principle of “one person, one vote, one value”, the constitutional validity of linking delimitation to the 2011 census, altering the basic structure of the Constitution – and these cannot be ignored. But nor should the women’s reservation issue be kicked down the road yet again."
06be4ffdd05a777c_p026,06be4ffdd05a777c,EVT_00064,indian_express,2026-04-16 07:00:04,"No solution is ever perfect. All eyes are now on the special sitting. Will Parliament, the Treasury camp and the Opposition show wisdom and statesmanship to resolve the impasse? Or will women of India – who have an “urja” which could transform India – have to wait for another 30 years to get their due share in the country’s decision-making processes? That is the heart of the matter."
06be4ffdd05a777c_p027,06be4ffdd05a777c,EVT_00064,indian_express,2026-04-16 07:00:04,"(Neerja Chowdhury, Contributing Editor, The Indian Express, has covered the last 11 Lok Sabha elections. She is the author of ‘How Prime Ministers Decide’.)"
77f94c465dbddb5a_p001,77f94c465dbddb5a,EVT_00064,hindustan_times,2026-04-16 13:54:02,"Bill burnt, black flags raised: How Opposition pushed back against 3 key bills introduced in Parliament"
77f94c465dbddb5a_p002,77f94c465dbddb5a,EVT_00064,hindustan_times,2026-04-16 13:54:02,Prime Minister Narendra Modi will speak in the Lok Sabha at 3 pm today.
77f94c465dbddb5a_p003,77f94c465dbddb5a,EVT_00064,hindustan_times,2026-04-16 13:54:02,"The Opposition pushed back fiercely against the Centre’s three key bills in the Parliament premises on Thursday. From wearing black clothes to raising strong objections during remarks in Lok Sabha, the Opposition left no stone unturned to convey its criticism of the government moves. In Tamil Nadu, chief minister MK Stalin was seen burning copies of the delimitation bill."
77f94c465dbddb5a_p004,77f94c465dbddb5a,EVT_00064,hindustan_times,2026-04-16 13:54:02,"The government introduced three legislations, a Constitution Amendment Bill to modify the women’s quota law, a delimitation bill, and the Union Territories Laws (Amendment) Bill, aimed at implementing 33% reservation for women in Parliament and State Assemblies. This faced strong resistance from major Opposition parties, including the Congress, Samajwadi Party (SP), Trinamool Congress (TMC), and Dravida Munnetra Kazhagam (DMK)."
77f94c465dbddb5a_p005,77f94c465dbddb5a,EVT_00064,hindustan_times,2026-04-16 13:54:02,"The Constitution Amendment Bill was introduced after a division of votes in the House. A total of 251 members supported its introduction, while 185 opposed it. Prime Minister Narendra Modi will speak in the Lok Sabha later in the day."
77f94c465dbddb5a_p006,77f94c465dbddb5a,EVT_00064,hindustan_times,2026-04-16 13:54:02,Union Law Minister Arjun Ram Meghwal told the Lok Sabha that the total number of seats in the House would be increased to 815. He said seats across states would be expanded by around 50%.
77f94c465dbddb5a_p007,77f94c465dbddb5a,EVT_00064,hindustan_times,2026-04-16 13:54:02,"Of the proposed 815 seats, 272 will be reserved for women."
77f94c465dbddb5a_p008,77f94c465dbddb5a,EVT_00064,hindustan_times,2026-04-16 13:54:02,Opposition parties said they were not against women’s reservation but opposed linking it with delimitation.
77f94c465dbddb5a_p009,77f94c465dbddb5a,EVT_00064,hindustan_times,2026-04-16 13:54:02,"DMK MPs arrived in the Lok Sabha dressed in black as a mark of protest. Senior leader TR Baalu said, “We favour the 2023 women quota law; but the present bill aims at delimitation.” He added that the party supports reservation for women but not its linkage with redrawing constituencies."
77f94c465dbddb5a_p010,77f94c465dbddb5a,EVT_00064,hindustan_times,2026-04-16 13:54:02,The Congress also framed the bill as a threat to federal principles. Senior leader KC Venugopal called it a “fundamental attack on Indian federal structure” and said that “women’s right is an excuse.”
77f94c465dbddb5a_p011,77f94c465dbddb5a,EVT_00064,hindustan_times,2026-04-16 13:54:02,"Opposition leaders alleged that the proposed delimitation exercise, based on the 2011 Census, could alter the political balance ahead of the 2029 general elections."
77f94c465dbddb5a_p012,77f94c465dbddb5a,EVT_00064,hindustan_times,2026-04-16 13:54:02,"Several leaders directly opposed the bill during the debate. AIMIM chief Asaduddin Owaisi said, “I oppose its introduction… it is a violation of federalism.”"
77f94c465dbddb5a_p013,77f94c465dbddb5a,EVT_00064,hindustan_times,2026-04-16 13:54:02,"Akhilesh Yadav alleged that the government was “deliberately leaving out Muslims,” prompting a sharp response from Union Home Minister Amit Shah, who said, “No reservation on the basis of religion,” adding that such provisions would be unconstitutional."
77f94c465dbddb5a_p014,77f94c465dbddb5a,EVT_00064,hindustan_times,2026-04-16 13:54:02,"The Communist Party of India (Marxist) demanded a complete rollback, saying the government must “withdraw all 3 bills.”"
77f94c465dbddb5a_p015,77f94c465dbddb5a,EVT_00064,hindustan_times,2026-04-16 13:54:02,The Congress announced that the Opposition would boycott the election of the Rajya Sabha Deputy Chairman as a mark of protest.
77f94c465dbddb5a_p016,77f94c465dbddb5a,EVT_00064,hindustan_times,2026-04-16 13:54:02,Tamil Nadu CM burns bill
77f94c465dbddb5a_p017,77f94c465dbddb5a,EVT_00064,hindustan_times,2026-04-16 13:54:02,"Earlier, Tamil Nadu Chief Minister MK Stalin burnt a copy of the delimitation bill in protest and called it a “conspiracy and a black law.”"
77f94c465dbddb5a_p018,77f94c465dbddb5a,EVT_00064,hindustan_times,2026-04-16 13:54:02,"In a statement, he said, “May the resistance spread across Tamil Nadu. May the arrogance of the fascist BJP collapse… I have ignited another fire by burning a copy of the black law that turns Tamils into refugees in their own land.” He also called for black flag protests across the state."
77f94c465dbddb5a_p019,77f94c465dbddb5a,EVT_00064,hindustan_times,2026-04-16 13:54:02,Deputy Chief Minister Udhayanidhi Stalin said the Union government was “trying to reduce the representation from Tamil Nadu” through the proposed exercise.
77f94c465dbddb5a_p020,77f94c465dbddb5a,EVT_00064,hindustan_times,2026-04-16 13:54:02,"Earlier, Congress president Mallikarjun Kharge said, “We have decided to oppose this bill but we are not against women’s reservation. We are against the delimitation provisions in the bill.”"
77f94c465dbddb5a_p021,77f94c465dbddb5a,EVT_00064,hindustan_times,2026-04-16 13:54:02,"Congress leader Rahul Gandhi and Akhilesh Yadav described the move as a “conspiracy”. TMC leader Derek O’Brien called it a “devious agenda”, while Congress general secretary Venugopal accused the government of trying to “bulldoze a deeply flawed, unconstitutional and anti-federal delimitation exercise.”"
77f94c465dbddb5a_p022,77f94c465dbddb5a,EVT_00064,hindustan_times,2026-04-16 13:54:02,The proposed framework includes expanding the Lok Sabha from 543 to 850 seats and reserving one-third of them for women. It also seeks to end the freeze on seat redistribution in place since 1976.
77f94c465dbddb5a_p023,77f94c465dbddb5a,EVT_00064,hindustan_times,2026-04-16 13:54:02,- ABOUT THE AUTHORAnita Goswami
77f94c465dbddb5a_p024,77f94c465dbddb5a,EVT_00064,hindustan_times,2026-04-16 13:54:02,"Anita Goswami is a Senior Content Producer at Hindustan Times, where she primarily covers Indian and international news."
77f94c465dbddb5a_p025,77f94c465dbddb5a,EVT_00064,hindustan_times,2026-04-16 13:54:02,"With four years of industry experience, she has led coverage of Indian General elections, Assembly elections, and national polls in the United States, Canada, Bangladesh, and Nepal."
77f94c465dbddb5a_p026,77f94c465dbddb5a,EVT_00064,hindustan_times,2026-04-16 13:54:02,"Her reporting covers global wars and major events, including Operation Sindoor, Sheikh Hasina's ouster and the Mahakumbh Mela."
77f94c465dbddb5a_p027,77f94c465dbddb5a,EVT_00064,hindustan_times,2026-04-16 13:54:02,She verifies facts and uses clear sources to ensure accurate reporting.
77f94c465dbddb5a_p028,77f94c465dbddb5a,EVT_00064,hindustan_times,2026-04-16 13:54:02,"As former Chief Copy Editor at Storytailors, she managed teams to produce top-quality content for networks like NDTV, Profit, CNBC-TV18, Upstox and News18."
77f94c465dbddb5a_p029,77f94c465dbddb5a,EVT_00064,hindustan_times,2026-04-16 13:54:02,"Her work is featured in NDTV, Meaww, and Global Pulse."
77f94c465dbddb5a_p030,77f94c465dbddb5a,EVT_00064,hindustan_times,2026-04-16 13:54:02,"Throughout her tenure, Anita has collaborated with and been mentored by top industry experts."
77f94c465dbddb5a_p031,77f94c465dbddb5a,EVT_00064,hindustan_times,2026-04-16 13:54:02,"When not reading, Anita can be found outdoors or at a bakery."
77f94c465dbddb5a_p032,77f94c465dbddb5a,EVT_00064,hindustan_times,2026-04-16 13:54:02,"Fields of interest: Indian political history, international elections, historical policy analysis, global conflicts, cultural events, Formula 1, art, media ethics and reporting on socio-political change over time.Read More"
77f1c8cf3c0f63b4_p001,77f1c8cf3c0f63b4,EVT_00064,news18,2026-04-17 00:02:19,'2023 Women's Reservation Act In Effect From April 16': Centre As Parliament Debates Amendments
77f1c8cf3c0f63b4_p002,77f1c8cf3c0f63b4,EVT_00064,news18,2026-04-17 00:02:19,"The central government issued the notification bringing the Women's Reservation Act, 2023, into effect from April 16, 2026 – three years after it was passed"
77f1c8cf3c0f63b4_p003,77f1c8cf3c0f63b4,EVT_00064,news18,2026-04-17 00:02:19,"Amid a fierce debate during a special session of Parliament on the Constitution (131st Amendment) Bill to tweak the women’s reservation law, the Centre on Thursday notified the 2023 Act stating that it is in effect from April 16, 2026."
77f1c8cf3c0f63b4_p004,77f1c8cf3c0f63b4,EVT_00064,news18,2026-04-17 00:02:19,"The central government issued the notification bringing the Women’s Reservation Act, 2023, into effect from April 16, 2026 – three years after it was passed – but Parliament is debating the matter late into the night and will vote on the proposed changes tomorrow."
77f1c8cf3c0f63b4_p005,77f1c8cf3c0f63b4,EVT_00064,news18,2026-04-17 00:02:19,"- Chidambaram Calls Delimitation Bill ‘Mischievous, Diabolical’, Flags Impact On Southern States"
77f1c8cf3c0f63b4_p006,77f1c8cf3c0f63b4,EVT_00064,news18,2026-04-17 00:02:19,- What Is Delimitation Bill And How Is It Linked To Women's Reservation? 10 Big Questions Answered
77f1c8cf3c0f63b4_p007,77f1c8cf3c0f63b4,EVT_00064,news18,2026-04-17 00:02:19,- Centre’s Big Outreach Plan: Women From All Sections Invited To Parliament For Reservation Bill
77f1c8cf3c0f63b4_p008,77f1c8cf3c0f63b4,EVT_00064,news18,2026-04-17 00:02:19,"- Women's Reservation Bill Highlights: INDIA Bloc To Oppose Women Reservation Bill, Says Kharge"
77f1c8cf3c0f63b4_p009,77f1c8cf3c0f63b4,EVT_00064,news18,2026-04-17 00:02:19,"According to the notification from the law ministry, the Act gives 33 percent quota to women in legislatures and has came into force from April 16, 2026. It is, however, not immediately known why it has been notified when Parliament is debating to amend it for its implementation in 2029."
77f1c8cf3c0f63b4_p010,77f1c8cf3c0f63b4,EVT_00064,news18,2026-04-17 00:02:19,"The notification read: “In exercise of the powers conferred by sub-section (2) of section 1 of the Constitution (One Hundred and Sixth Amendment) Act, 2023, the Central Government hereby appoints the 16th day of April, 2026 as the date on which the provisions of the said Act shall come into force."""
77f1c8cf3c0f63b4_p011,77f1c8cf3c0f63b4,EVT_00064,news18,2026-04-17 00:02:19,"In September 2023, Parliament passed the ‘Nari Shakti Vandan Adhiniyam’, commonly known as the Women’s Reservation Act, in a significant step towards enhancing women’s representation in legislative bodies. The act provided for the reservation of one-third of seats for women in Lok Sabha and state legislative assemblies. Under it, the reservation will not become enforceable before 2034, as it was tied to the completion of the delimitation exercise post 2027 Census."
77f1c8cf3c0f63b4_p012,77f1c8cf3c0f63b4,EVT_00064,news18,2026-04-17 00:02:19,"The three bills presently being debated in Lok Sabha were brought in by the government so that the women quota could be implemented in 2029. Officials, meanwhile, said though the act has come into force, the reservation cannot be implemented in the current House as it can be implemented after carrying out a delimitation exercise on the basis of the next census."
77f1c8cf3c0f63b4_p013,77f1c8cf3c0f63b4,EVT_00064,news18,2026-04-17 00:02:19,"This curious turn of events, however, did not go unnoticed and the Congress was quick to raise questions over it. The party’s general secretary Jairam Ramesh shared a copy of the gazette notification on X, calling the timing of the notification “absolutely bizarre""."
77f1c8cf3c0f63b4_p014,77f1c8cf3c0f63b4,EVT_00064,news18,2026-04-17 00:02:19,"This is absolutely bizarre. The Nari Shakti Vandan Adhiniyam passed in September 2023 has come into force today while amendments to it are being debated and will be voted upon tomorrow. Completely puzzled. pic.twitter.com/8d9y2bAGmV— Jairam Ramesh (@Jairam_Ramesh) April 16, 2026"
77f1c8cf3c0f63b4_p015,77f1c8cf3c0f63b4,EVT_00064,news18,2026-04-17 00:02:19,"While the government has notified the law, a significant obstacle remains: its implementation is currently contingent on the next Census and the delimitation exercise, effectively pushing it into the future. Hence, the government is now seeking to scrap this linkage to ensure the reservation is rolled out in time for the 2029 Lok Sabha elections."
0d8449891529e10d_p001,0d8449891529e10d,EVT_00065,india_today,2026-04-16 18:18:40,How PM Modi turned debate on women's quota into a dare for opposition
0d8449891529e10d_p002,0d8449891529e10d,EVT_00065,india_today,2026-04-16 18:18:40,"During the debate on the Women's Reservation Act, PM Modi adopted a classic strategy to corner the opposition. PM Modi framed the issue of women's quota as both a moral obligation and a political acid test, thereby raising the stakes for the opposition."
0d8449891529e10d_p003,0d8449891529e10d,EVT_00065,india_today,2026-04-16 18:18:40,"Prime Minister Narendra Modi, the astute politician that he is, turned the debate on the Women's Reservation Act in Parliament into a challenge for the opposition on Thursday. It was a direct dare from PM Modi - oppose the legislation at your peril, as the country's ""nari shakti"" was watching closely, and history has not been kind to those who ""opposed women's rights""."
0d8449891529e10d_p004,0d8449891529e10d,EVT_00065,india_today,2026-04-16 18:18:40,"Speaking in Parliament after the Centre tabled three bills that would pave the way for the early implementation of 33% women's reservation, PM Modi mixed conviction with provocation. At the outset, the Prime Minister made it clear that women were watching all MPs and they would not forget ""ill intentions"" aimed at stalling the legislation, which was passed by Parliament in 2023."
0d8449891529e10d_p005,0d8449891529e10d,EVT_00065,india_today,2026-04-16 18:18:40,"""Hamari neeyat ki khot, desh ki naari shakti kabhi maaf nahi karegi (The women of the nation will never forgive any dishonesty in our intentions). Today, the entire country, especially the women's power, will definitely look at our decisions, but more than the decisions, they will look at our intentions,"" PM Modi said."
0d8449891529e10d_p006,0d8449891529e10d,EVT_00065,india_today,2026-04-16 18:18:40,"In the past decade, parliamentary, as well as state elections, have shown how women voters hold the key in shaping electoral outcomes. It has resulted in parties bending over backwards in wooing them and rolling out women-centric schemes. PM Modi is well aware of this. He had this in mind when he dared the opposition to block the passage of the legislation."
0d8449891529e10d_p007,0d8449891529e10d,EVT_00065,india_today,2026-04-16 18:18:40,"He further underlined that the MPs should not be under the ""illusion"" or ""pride"" that ""we are giving anything to the women of this country"". In the same breath, he reinforced it, ""Not at all, this is their right."""
0d8449891529e10d_p008,0d8449891529e10d,EVT_00065,india_today,2026-04-16 18:18:40,"The Prime Minister stressed that the legislation was already 30 years too late. It followed a stark reminder to the opposition, who have objected to linking the bill to the delimitation exercise."
0d8449891529e10d_p009,0d8449891529e10d,EVT_00065,india_today,2026-04-16 18:18:40,"""Those who opposed giving this right to women have not been forgiven by the women of this country. They have faced the consequences,"" the Prime Minister said."
0d8449891529e10d_p010,0d8449891529e10d,EVT_00065,india_today,2026-04-16 18:18:40,"History shows that PM Modi has not been completely off the mark. Previously, there were four attempts to give 33% reservation to women in Parliament."
0d8449891529e10d_p011,0d8449891529e10d,EVT_00065,india_today,2026-04-16 18:18:40,"Such a bill was first introduced by the HD Deve Gowda government in 1996. The bill was referred to a committee, but it lapsed after the Gowda government lost a majority as Congress withdrew support. It was revived by the Atal Bihari Vajpayee-led BJP government in 1998 and 1999. On both occasions, the bill failed to proceed. Vajpayee lost the 2004 polls."
0d8449891529e10d_p012,0d8449891529e10d,EVT_00065,india_today,2026-04-16 18:18:40,"The Manmohan Singh government managed to pass the bill in the Rajya Sabha, but could not bring it to the Lok Sabha. The bill lapsed again in 2014 after the UPA made way for the BJP."
0d8449891529e10d_p013,0d8449891529e10d,EVT_00065,india_today,2026-04-16 18:18:40,'GIVE YOU A BLANK CHEQUE'
0d8449891529e10d_p014,0d8449891529e10d,EVT_00065,india_today,2026-04-16 18:18:40,"Perhaps the most dramatic moment came when PM Modi, softening his tone, offered to cede credit for the legislation entirely. It was a political gamble. But Modi has taken many such gambles in his political career."
0d8449891529e10d_p015,0d8449891529e10d,EVT_00065,india_today,2026-04-16 18:18:40,"""I give you a blank cheque... I don't want the credit,"" he said, and even offered to put everyone's photo on hoardings after the passage of the legislation."
0d8449891529e10d_p016,0d8449891529e10d,EVT_00065,india_today,2026-04-16 18:18:40,"However, beneath the Prime Minister's conciliatory tone lay a clear dare as he went about outlining the political pitfalls."
0d8449891529e10d_p017,0d8449891529e10d,EVT_00065,india_today,2026-04-16 18:18:40,"""It is very obvious that if you oppose this bill, then I will get political benefits from it. However, if we walk together, nobody will benefit from it,"" PM Modi emphasised."
0d8449891529e10d_p018,0d8449891529e10d,EVT_00065,india_today,2026-04-16 18:18:40,"In his 40-minute speech, PM Modi blended appeal with accusation, charging the opposition with employing ""technical bahanebaazi"" to stall women's reservation."
0d8449891529e10d_p019,0d8449891529e10d,EVT_00065,india_today,2026-04-16 18:18:40,"""Today, we don't have the courage to deny it openly, so technical excuses are being sought out. But you can't deceive women now,"" he said."
0d8449891529e10d_p020,0d8449891529e10d,EVT_00065,india_today,2026-04-16 18:18:40,PM CALLS OUT 'TECHNICAL BAHANEBAAZI'
0d8449891529e10d_p021,0d8449891529e10d,EVT_00065,india_today,2026-04-16 18:18:40,"The first ""technical excuse"" mentioned by PM Modi involved the opposition's bid to link the delimitation to a fresh Census. The opposition has sought that the delimitation exercise be carried out using the 2021 Census data. However, PM Modi argued that using the 2011 Census as a baseline was a mathematical necessity to implement it before 2029."
0d8449891529e10d_p022,0d8449891529e10d,EVT_00065,india_today,2026-04-16 18:18:40,"The second ""technical excuse"" identified by PM Modi was the debate around the North-South divide over delimitation. The southern states have raised the concern that the redrawing of constituencies would cost them seats and thereby their voice in Parliament."
0d8449891529e10d_p023,0d8449891529e10d,EVT_00065,india_today,2026-04-16 18:18:40,"However, PM Modi assured that the increase in parliamentary constituencies would be uniform across all states and as per existing proportions. He also asserted that he was willing to offer a ""guarantee"" that the proportionate share of states would not change."
0d8449891529e10d_p024,0d8449891529e10d,EVT_00065,india_today,2026-04-16 18:18:40,"The strategy adopted by the Prime Minister was a classic move to corner the opposition while, at the same time, inviting cooperation."
0d8449891529e10d_p025,0d8449891529e10d,EVT_00065,india_today,2026-04-16 18:18:40,"By framing the issue of women's quota as both a moral obligation and a political acid test, PM Modi raised the stakes for the opposition. The writing for the opposition is on the wall - support the legislation or oppose it and risk facing the ire of women voters."
2128a0043c15e573_p001,2128a0043c15e573,EVT_00065,news18,2026-04-16 16:11:03,'Technical Bahanebaazi': PM Modi Calls Out 'Opposition Obstruction' Of Women's Reservation
2128a0043c15e573_p002,2128a0043c15e573,EVT_00065,news18,2026-04-16 16:11:03,"Addressing the Lok Sabha, the PM said the Opposition was continuing decades-long obstructionism disguised as legislative scrutiny"
2128a0043c15e573_p003,2128a0043c15e573,EVT_00065,news18,2026-04-16 16:11:03,"The opening day of the special three-day Parliament session on April 16 was marked by a sharp ideological clash as Prime Minister Narendra Modi accused the Opposition of employing “technical bahanebaazi"" to stall the implementation of the women’s reservation quota. Addressing the Lok Sabha, the Prime Minister framed the Opposition’s procedural concerns regarding the Constitution (131st Amendment) Bill as a continuation of decades-long obstructionism disguised as legislative scrutiny. His remarks came as the government seeks to expand the Lower House to 850 seats, a move designed to operationalise the 33 per cent reservation for women by the 2029 General Elections without reducing the existing share of male representatives."
2128a0043c15e573_p004,2128a0043c15e573,EVT_00065,news18,2026-04-16 16:11:03,The Census Conflict: A Mathematical Necessity or a Delay Tactic?
2128a0043c15e573_p005,2128a0043c15e573,EVT_00065,news18,2026-04-16 16:11:03,- 'Daughters Can't Be Asked To Wait Endlessly...': PM Modi's Letter Over Women's Quota Bill
2128a0043c15e573_p006,2128a0043c15e573,EVT_00065,news18,2026-04-16 16:11:03,- 'Will Publish Your Photo In Govt Ad': PM Modi Says Oppn Can Take Credit For Women's Reservation Bill
2128a0043c15e573_p007,2128a0043c15e573,EVT_00065,news18,2026-04-16 16:11:03,"- ‘Respect For Mothers, Sisters Is Respect For Nation’: PM Modi On Women's Reservation Bill"
2128a0043c15e573_p008,2128a0043c15e573,EVT_00065,news18,2026-04-16 16:11:03,"- 'No Discrimination Against North, South, Big Or Small States': PM Modi's 'Guarantee' On Delimitation"
2128a0043c15e573_p009,2128a0043c15e573,EVT_00065,news18,2026-04-16 16:11:03,"The first “technical"" excuse identified by the Prime Minister involves the linkage of the quota to a fresh Census. While the INDIA bloc has argued that delimitation should only follow a post-2026 population count, the Prime Minister dismissed this as a classic delay tactic. He argued that using the 2011 Census as a baseline is a mathematical necessity to bypass the logistical hurdles of a new Census, ensuring the dream of 2029 is not deferred by administrative paperwork. By delinking the two, the government claims it is removing a primary roadblock that has kept the Nari Shakti Vandan Adhiniyam in a state of suspended animation for years."
2128a0043c15e573_p010,2128a0043c15e573,EVT_00065,news18,2026-04-16 16:11:03,Solving the Federal Puzzle: Why Pro-Rata Expansion is the Key
2128a0043c15e573_p011,2128a0043c15e573,EVT_00065,news18,2026-04-16 16:11:03,"Furthermore, the Prime Minister addressed the “technical"" debate surrounding the federal balance and the North-South divide. As leaders from southern states expressed fears that seat expansion would penalise regions with successful population control, the Prime Minister countered that the “pro-rata expansion"" model is the ultimate technical solution. By increasing every state’s tally by approximately 56 per cent, the government maintains that the relative political weightage remains unchanged. He characterised the Opposition’s focus on this divide as an attempt to trigger regional friction to distract from the core objective of gender parity."
2128a0043c15e573_p012,2128a0043c15e573,EVT_00065,news18,2026-04-16 16:11:03,The ‘Blank Cheque’ Challenge: Moving Beyond Diversionary Demands
2128a0043c15e573_p013,2128a0043c15e573,EVT_00065,news18,2026-04-16 16:11:03,"Finally, the Prime Minister took aim at the demand for a “quota within a quota"" for OBC and minority women. He framed this as a diversionary technical demand designed to trap the bill in the committee stage once again. In a rare rhetorical flourish, the Prime Minister offered the Opposition a “blank cheque of credit"", promising to fund advertisements featuring only their photos if they supported the bill. He concluded that the era of using procedural “ifs and buts"" to gatekeep political power is over, and that the modern Indian voter would see through any further technical excuses intended to delay the empowerment of women."
b03b0d527cced07b_p001,b03b0d527cced07b,EVT_00065,hindustan_times,2026-04-16 17:19:29,"‘Credit ka blank cheque’: PM Modi jibes at Oppn over women's quota bill, says ‘ready to give advertisement to anyone’"
b03b0d527cced07b_p002,b03b0d527cced07b,EVT_00065,hindustan_times,2026-04-16 17:19:29,"Calling the women's reservation bill in “favour of the country's democracy,” PM Modi noted that the reservation will be the country's collective decision."
b03b0d527cced07b_p003,b03b0d527cced07b,EVT_00065,hindustan_times,2026-04-16 17:19:29,"Prime Minister Narendra Modi while speaking in Lok Sabha on Thursday said that he does not want credit for the benefits of the women's reservation bill. He also added that after the bill passes, he will give a full-page advertisement to anyone who wants, adding “Samne se credit ka blank cheque aapko de raha hoon.”"
b03b0d527cced07b_p004,b03b0d527cced07b,EVT_00065,hindustan_times,2026-04-16 17:19:29,"PM Modi addressed the Lok Sabha special session to introduce the women's reservation and delimitation bill. Speaking in the house, PM stressed that the Modi government does not need credit for the benefits of the bill. He also said that as soon as the bill passes, he is ready to thank everyone."
b03b0d527cced07b_p005,b03b0d527cced07b,EVT_00065,hindustan_times,2026-04-16 17:19:29,"Further, PM Modi also claimed that related to the benefits of the bill, he is ready to give a full-page ad with whoever's photo you want on the government's expense."
b03b0d527cced07b_p006,b03b0d527cced07b,EVT_00065,hindustan_times,2026-04-16 17:19:29,Follow for live updates on parliament special session
b03b0d527cced07b_p007,b03b0d527cced07b,EVT_00065,hindustan_times,2026-04-16 17:19:29,"Calling the bill in “favour of the country's democracy,” he noted that the reservation will be the country's collective decision, and everyone will be entitled to the credit. “Na treasury bank uska haqdaar hoga na Modi uska haqdaar hoga,” he added."
b03b0d527cced07b_p008,b03b0d527cced07b,EVT_00065,hindustan_times,2026-04-16 17:19:29,"In his address, PM also called out to those calling it a political move, saying, “Isko rajnitik rang dene ki zarurat nahi hai.”"
b03b0d527cced07b_p009,b03b0d527cced07b,EVT_00065,hindustan_times,2026-04-16 17:19:29,"PM urged the opposition to set aside their difference and pass the bill, which requires a two-thirds majority. “If we all come together, it will not go in favour of any one person or party,"" he said. He also warned those who are opposing the bill, saying that they will not be “forgiven” by the women of the country. “Women have not forgotten those who have stood against their rights,” he said."
b03b0d527cced07b_p010,b03b0d527cced07b,EVT_00065,hindustan_times,2026-04-16 17:19:29,"The women's reservation bill was first introduced in 2023 and was passed unanimously. However, it was not implemented due to the delayed census. The centre has now introduced three key bills pushing for the reservation bill to be implemented on the basis of the 2011 census."
b9757cd076fcfca2_p001,b9757cd076fcfca2,EVT_00065,news18,2026-04-16 21:49:26,"'No Discrimination Against North, South, Big Or Small States': PM Modi's 'Guarantee' On Delimitation"
b9757cd076fcfca2_p002,b9757cd076fcfca2,EVT_00065,news18,2026-04-16 21:49:26,"PM Narendra Modi indicated that voices opposing the process are doing so for ""political benefit"", but said it is his guarantee that there will be ""no discrimination, no injustice"""
b9757cd076fcfca2_p003,b9757cd076fcfca2,EVT_00065,news18,2026-04-16 21:49:26,"Prime Minister Narendra Modi on Thursday said there will be no discrimination among states when it comes to the delimitation exercise, whether they are “North, South, big or small""."
b9757cd076fcfca2_p004,b9757cd076fcfca2,EVT_00065,news18,2026-04-16 21:49:26,"Elaborating on the Delimitation Bill, Prime Minister Modi indicated that voices opposing the process are simply doing so for “political benefit"", but said it is his “guarantee"" that there will be “no discrimination, no injustice""."
b9757cd076fcfca2_p005,b9757cd076fcfca2,EVT_00065,news18,2026-04-16 21:49:26,- 'Will Publish Your Photo In Govt Ad': PM Modi Says Oppn Can Take Credit For Women's Reservation Bill
b9757cd076fcfca2_p006,b9757cd076fcfca2,EVT_00065,news18,2026-04-16 21:49:26,- ‘Most Important Decision Of 21st Century’: PM Modi On Women Reservation Bill
b9757cd076fcfca2_p007,b9757cd076fcfca2,EVT_00065,news18,2026-04-16 21:49:26,- 'Daughters Can't Be Asked To Wait Endlessly...': PM Modi's Letter Over Women's Quota Bill
b9757cd076fcfca2_p008,b9757cd076fcfca2,EVT_00065,news18,2026-04-16 21:49:26,- ‘Don’t Politicise’: PM Modi Says Those Opposing Women’s Reservation Bill Will Pay Heavy Price Later
b9757cd076fcfca2_p009,b9757cd076fcfca2,EVT_00065,news18,2026-04-16 21:49:26,"“Some are creating trouble just for political benefit. I rise in this House with a sense of responsibility to say from this sacred place that, whether it is the South, North, East, or West; whether small states or large states, the processes being undertaken will not discriminate against anyone,"" Modi said during the special session in Parliament held to discuss the women’s reservation and delimitation bills."
b9757cd076fcfca2_p010,b9757cd076fcfca2,EVT_00065,news18,2026-04-16 21:49:26,"VIDEO | Speaking in the Lok Sabha on the Women’s Reservation Bill, Prime Minister Narendra Modi says, “ I rise in this House with a sense of responsibility to say from this sacred place that, whether it is the South, North, East, or West; whether small states or large states, the… pic.twitter.com/TVfvn9XwNN— Press Trust of India (@PTI_News) April 16, 2026"
b9757cd076fcfca2_p011,b9757cd076fcfca2,EVT_00065,news18,2026-04-16 21:49:26,"He said this decision-making process will not do injustice to any region or section. “Whatever delimitation was carried out in the past, and the proportions that have been followed since then, will remain unchanged. Any future increase will also be in the same proportion,"" he said."
b9757cd076fcfca2_p012,b9757cd076fcfca2,EVT_00065,news18,2026-04-16 21:49:26,"Modi said he will use the words “promise"" and “guarantee"" if that is what is needed as his “intent is clear""."
b9757cd076fcfca2_p013,b9757cd076fcfca2,EVT_00065,news18,2026-04-16 21:49:26,"“If you want the word ‘guarantee’, I am ready to give a guarantee. If you want a promise, I am ready to make a promise. When the intent is clear, there is no need to play with words,"" he added."
b9757cd076fcfca2_p014,b9757cd076fcfca2,EVT_00065,news18,2026-04-16 21:49:26,"The opposition has heavily criticised the ruling NDA for linking the women’s reservation and delimitation bills. But, Modi urged the other side not to give a political colour to the government’s bills for implementation of the women’s reservation law. He said they should be mindful that those who had opposed this in the past had suffered badly in elections."
b9757cd076fcfca2_p015,b9757cd076fcfca2,EVT_00065,news18,2026-04-16 21:49:26,"Intervening in the debate in the Lok Sabha on the three bills moved to amend the women’s quota law and set up a delimitation commission, he said if all sides support the bills, it will not go in favour of politics of any one side but would be in favour of the country."
b9757cd076fcfca2_p016,b9757cd076fcfca2,EVT_00065,news18,2026-04-16 21:49:26,"“Since women’s reservation came into discussion, those who opposed this in the past, were not forgiven by the women of the country and they ended up badly in the elections that followed,"" he said."
b9757cd076fcfca2_p017,b9757cd076fcfca2,EVT_00065,news18,2026-04-16 21:49:26,WHAT ARE THE BILLS UNDER DISCUSSION?
b9757cd076fcfca2_p018,b9757cd076fcfca2,EVT_00065,news18,2026-04-16 21:49:26,The Constitution (131st Amendment) Bill to tweak the women’s quota law was introduced in Lok Sabha on Thursday after a division of votes.
b9757cd076fcfca2_p019,b9757cd076fcfca2,EVT_00065,news18,2026-04-16 21:49:26,"Two ordinary bills – the Delimitation Bill and the Union Territories Laws (Amendment) Bill to implement the proposed amended women’s quota law in Union territories of Delhi, Puducherry and Jammu and Kashmir – were also introduced in the House. These were introduced after a fiery 40-minute debate following which the opposition pressed for the division of votes to introduce the Constitutional (131st Amendment) Bill."
b9757cd076fcfca2_p020,b9757cd076fcfca2,EVT_00065,news18,2026-04-16 21:49:26,The Bill was later introduced with 251 members supporting it and 185 members voting against the introduction.
bdf9e32579c4639a_p001,bdf9e32579c4639a,EVT_00065,news18,2026-04-16 17:11:59,PM Modi's 'Friend' Jab At Akhilesh: Why Both Govt & Oppn Appear Confident In 850-Seat Lok Sabha Showdown
bdf9e32579c4639a_p002,bdf9e32579c4639a,EVT_00065,news18,2026-04-16 17:11:59,"By referring to Akhilesh Yadav as a 'friend' who 'sometimes provides support', PM Modi signalled a confident, almost relaxed posture in Parliament on the issue"
bdf9e32579c4639a_p003,bdf9e32579c4639a,EVT_00065,news18,2026-04-16 17:11:59,"The special Parliament session that commenced on Thursday has witnessed a rare blend of sharp political manoeuvring and personal camaraderie. As Prime Minister Narendra Modi moved to fast-track the Constitution (131st Amendment) Bill, his address to the Lok Sabha was punctuated by unexpected friendly jibes at Samajwadi Party chief Akhilesh Yadav. By referring to Yadav as a “friend"" who “sometimes provides support"", the Prime Minister signalled a confident, almost relaxed posture—one that belies the high-stakes battle over the expansion of the Lok Sabha to 850 seats."
bdf9e32579c4639a_p004,bdf9e32579c4639a,EVT_00065,news18,2026-04-16 17:11:59,Why did the Prime Minister refer to Akhilesh Yadav as a ‘friend’ in his address?
bdf9e32579c4639a_p005,bdf9e32579c4639a,EVT_00065,news18,2026-04-16 17:11:59,- 'Technical Bahanebaazi': PM Modi Calls Out 'Opposition Obstruction' Of Women's Reservation
bdf9e32579c4639a_p006,bdf9e32579c4639a,EVT_00065,news18,2026-04-16 17:11:59,"- ‘Respect For Mothers, Sisters Is Respect For Nation’: PM Modi On Women's Reservation Bill"
bdf9e32579c4639a_p007,bdf9e32579c4639a,EVT_00065,news18,2026-04-16 17:11:59,- 'Daughters Can't Be Asked To Wait Endlessly...': PM Modi's Letter Over Women's Quota Bill
bdf9e32579c4639a_p008,bdf9e32579c4639a,EVT_00065,news18,2026-04-16 17:11:59,"- 'No Discrimination Against North, South, Big Or Small States': PM Modi's 'Guarantee' On Delimitation"
bdf9e32579c4639a_p009,bdf9e32579c4639a,EVT_00065,news18,2026-04-16 17:11:59,"The Prime Minister’s friendly overture towards Akhilesh Yadav was a calculated piece of political theatre designed to disarm the Opposition’s “quota-within-quota"" narrative. By calling the SP leader a “friend"", PM Modi was subtly reminding the House—and the electorate—of the times the Samajwadi Party has historically found itself on the same side as the Treasury on issues of national importance. It served to isolate the more aggressive critics of the bill by suggesting that even within the INDIA bloc, there is a level of personal respect and potential for consensus."
bdf9e32579c4639a_p010,bdf9e32579c4639a,EVT_00065,news18,2026-04-16 17:11:59,"Furthermore, this “friendship"" jibe was a response to the Opposition’s confidence. Akhilesh Yadav has been vocal about the need for an OBC sub-quota within the women’s reservation, a point the Prime Minister addressed by acknowledging his own OBC background while stressing that his duty is to “take everyone forward"". The friendly tone was less about personal affection and more about a “velvet glove"" approach—showing that the government is open to dialogue but remains immovable on its 2029 deadline."
bdf9e32579c4639a_p011,bdf9e32579c4639a,EVT_00065,news18,2026-04-16 17:11:59,What explains the government’s absolute confidence in passing the 850-seat plan?
bdf9e32579c4639a_p012,bdf9e32579c4639a,EVT_00065,news18,2026-04-16 17:11:59,"The Treasury benches are operating with the certainty that they have boxed the Opposition into a corner. By introducing the Delimitation Bill, 2026, alongside the women’s quota, the government has created a legislative package that is difficult to vote against without appearing “anti-women"". The government’s confidence stems from its mathematical solution to the seat-sharing crisis: the pro-rata expansion of the House to 850 seats."
bdf9e32579c4639a_p013,bdf9e32579c4639a,EVT_00065,news18,2026-04-16 17:11:59,"This model ensures that no state loses seats, effectively neutralising the “North-South divide"" argument that previously stalled delimitation. By offering a “blank cheque of credit"" to any Opposition member who supports the bill, the Prime Minister has effectively told the House that the government is willing to share the glory, but is determined to secure the result. This confidence is bolstered by a division vote that saw 251 members supporting the bill’s introduction against 185, a comfortable margin ahead of the final vote on 17 April."
bdf9e32579c4639a_p014,bdf9e32579c4639a,EVT_00065,news18,2026-04-16 17:11:59,Why does the Opposition remain equally defiant in the face of these proposals?
bdf9e32579c4639a_p015,bdf9e32579c4639a,EVT_00065,news18,2026-04-16 17:11:59,"The Opposition’s confidence is rooted in its role as the protector of the “federal balance"" and social justice. While they support the principle of women’s reservation, the INDIA bloc—led by the Congress, DMK, and SP—remains unified in its opposition to the method of implementation. They view the 850-seat expansion as a potential “gerrymandering"" exercise that could disproportionately benefit the Hindi Heartland in the long run, even if the current pro-rata model appears fair on the surface."
bdf9e32579c4639a_p016,bdf9e32579c4639a,EVT_00065,news18,2026-04-16 17:11:59,"The Opposition also gains confidence from their demand for a “caste-based census"" and an OBC sub-quota, which they believe resonates with a significant portion of the electorate. By voting against the delimitation provisions, they are positioning themselves as defenders of the South and the marginalised, calculated to reap rewards in the upcoming 2029 state and national contests. Consequently, the friendly jibes in the House on April 16 mask a deep-seated struggle for the very soul of India’s representative mathematics, with neither side willing to blink first."
c2764c087dd68eb5_p001,c2764c087dd68eb5,EVT_00065,hindustan_times,2026-04-16 16:07:43,‘Akhilesh ji mere mitr hai’: PM Modi's banter at SP chief during Lok Sabha address
c2764c087dd68eb5_p002,c2764c087dd68eb5,EVT_00065,hindustan_times,2026-04-16 16:07:43,PM Modi was addressing the lower house during a debate on the Constitutional Amendment Bill over women's reservation in LS and state assemblies.
c2764c087dd68eb5_p003,c2764c087dd68eb5,EVT_00065,hindustan_times,2026-04-16 16:07:43,"Prime Minister Narendra Modi addressed the Lok Sabha on Thursday where he took a jibe at SP chief Akhilesh Yadav, calling him a “friend”, even as he highlighted that he comes from the most backward community."
c2764c087dd68eb5_p004,c2764c087dd68eb5,EVT_00065,hindustan_times,2026-04-16 16:07:43,The prime minister was addressing the lower house during a debate on the Constitutional Amendment Bill over women's reservation in Lok Sabha and state assemblies.
c2764c087dd68eb5_p005,c2764c087dd68eb5,EVT_00065,hindustan_times,2026-04-16 16:07:43,"PM Modi said that even though he himself is from backward community, it is his responsibility to take everyone along. His remarks came while speaking in support of the Women’s Reservation Bill in the Lok Sabha."
c2764c087dd68eb5_p006,c2764c087dd68eb5,EVT_00065,hindustan_times,2026-04-16 16:07:43,PM Modi stressed that it is 30 years too late to include women in Parliament.
c2764c087dd68eb5_p007,c2764c087dd68eb5,EVT_00065,hindustan_times,2026-04-16 16:07:43,"""The need was that 25-30 years ago, when this idea first emerged, we should have implemented it right then. Today, we would have brought it to a considerable level of maturity. As needed, it would have seen improvements from time to time, and that, after all, is the beauty of democracy,"" PM Modi said."
c2764c087dd68eb5_p008,c2764c087dd68eb5,EVT_00065,hindustan_times,2026-04-16 16:07:43,"He added that those who oppose the women quota bill will pay a price for a long time, adding that this move will not benefit any specific party and that it should not be measured in political terms."
c2764c087dd68eb5_p009,c2764c087dd68eb5,EVT_00065,hindustan_times,2026-04-16 16:07:43,PM Modi said that there are some important moments in the life of a country and the mindset of the society and the capability of the leadership can capture that moment and turn it into an asset for the nation.
c2764c087dd68eb5_p010,c2764c087dd68eb5,EVT_00065,hindustan_times,2026-04-16 16:07:43,"“Discussion on this important bill began this morning. Many members have raised various issues, and we will provide detailed and accurate information to the House on those matters. That is why I do not wish to go into those specifics. There are some important moments in the life of a country. At such a time, the mindset of the society and the capability of the leadership capture that moment and turn it into an asset for the nation, creating a strong legacy. In the history of India's parliamentary democracy, these are such moments.”"
c2764c087dd68eb5_p011,c2764c087dd68eb5,EVT_00065,hindustan_times,2026-04-16 16:07:43,"He added that the members of parliament are fortunate to have this opportunity to participate in such an important, nation-building process. He urged the members to not pass on this opportunity."
c2764c087dd68eb5_p012,c2764c087dd68eb5,EVT_00065,hindustan_times,2026-04-16 16:07:43,"“I said at the outset that we are all fortunate to have the opportunity to participate in such an important, nation-building process involving half the country's population... We MPs must not let this important opportunity slip away. Together, we Indians are going to give the country a new direction. We are going to make a meaningful effort to infuse our governance system with sensitivity. This will not only shape the nation's politics, but it will also determine the direction and condition of the country.”"
c2764c087dd68eb5_p013,c2764c087dd68eb5,EVT_00065,hindustan_times,2026-04-16 16:07:43,Akhilesh Yadav's mic turned off
c2764c087dd68eb5_p014,c2764c087dd68eb5,EVT_00065,hindustan_times,2026-04-16 16:07:43,"Samajwadi Party leader Akhilesh Yadav took a jibe at the Prime Minister’s “backward community” remark, saying that when he seeks votes from the community, he conveniently associates himself with it."
c2764c087dd68eb5_p015,c2764c087dd68eb5,EVT_00065,hindustan_times,2026-04-16 16:07:43,"Responding to Yadav, PM Modi said, ""Akhilesh ji (Yadav) is my friend, so at times he does offer support. It is true that I come from an extremely backward section of society, but my responsibility is to take everyone along. The Constitution has shown me this path, and for me, the Constitution is supreme. It is the strength of our Constitution that a person like me, from a very humble and backward background, has been entrusted with such a great responsibility by the country.”"
c2764c087dd68eb5_p016,c2764c087dd68eb5,EVT_00065,hindustan_times,2026-04-16 16:07:43,- ABOUT THE AUTHORHT News Desk
c2764c087dd68eb5_p017,c2764c087dd68eb5,EVT_00065,hindustan_times,2026-04-16 16:07:43,"Follow the latest breaking news and developments from India and around the world with Hindustan Times' newsdesk. From politics and policies to the economy and the environment, from local issues to national events and global affairs, we've got you covered.Read More"
ffb5e55df68aa954_p001,ffb5e55df68aa954,EVT_00065,india_today,2026-04-16 21:14:39,"In 37 minutes, PM turned women's quota debate into a masterclass in messaging"
ffb5e55df68aa954_p002,ffb5e55df68aa954,EVT_00065,india_today,2026-04-16 21:14:39,"Prime Minister Narendra Modi steered a high-stakes Lok Sabha debate on the women's quota, blending optics with sharp political messaging as the Opposition signalled resistance through notes, nudges and coordinated responses on the floor."
ffb5e55df68aa954_p003,ffb5e55df68aa954,EVT_00065,india_today,2026-04-16 21:14:39,"Inside the Lok Sabha on Thursday afternoon, politics wasn’t just spoken. It was performed, in words, in silences, and in everything in between."
ffb5e55df68aa954_p004,ffb5e55df68aa954,EVT_00065,india_today,2026-04-16 21:14:39,"As a political reporter, it was striking to see both Prime Minister Narendra Modi and Priyanka Gandhi Vadra wearing blue on the opening day of the debate on the Women’s Reservation Bill."
ffb5e55df68aa954_p005,ffb5e55df68aa954,EVT_00065,india_today,2026-04-16 21:14:39,"Prime Minister Modi was scheduled to address the House on amendments to the bill. I reached the visitors’ gallery at 2:40 pm, a full 20 minutes before he was to rise. Even before the speech began, the atmosphere hinted at careful planning."
ffb5e55df68aa954_p006,ffb5e55df68aa954,EVT_00065,india_today,2026-04-16 21:14:39,"Across the four public galleries, one detail stood out: a visible, deliberate presence of women. In one section, a group dressed in traditional Bengali attire filled the space. The political messaging was hard to miss, especially with West Bengal heading into elections. The optics were not subtle; they were strategic."
ffb5e55df68aa954_p007,ffb5e55df68aa954,EVT_00065,india_today,2026-04-16 21:14:39,THE ARRIVALS: A STAGE FILLS UP
ffb5e55df68aa954_p008,ffb5e55df68aa954,EVT_00065,india_today,2026-04-16 21:14:39,"The Lok Sabha felt like a cricket match, with both sides -- the Opposition and the ruling party -- fielding their strongest players. At 2:48 pm, Priyanka Gandhi Vadra walked in, draped in a dark blue sari. A minute later, Finance Minister Nirmala Sitharaman entered and took her seat in the front rows. Soon after, actor-turned-MP Kangana Ranaut arrived in a pink sari, adding to the growing presence of key figures."
ffb5e55df68aa954_p009,ffb5e55df68aa954,EVT_00065,india_today,2026-04-16 21:14:39,"At 2:52 pm, Home Minister Amit Shah entered in a crisp light blue kurta. Within moments, BJP MP Nishikant Dubey approached him. The two exchanged a few words and notes. By 2:55 pm, Defence Minister Rajnath Singh had taken his seat next to Shah, completing the front row of the government’s top leadership."
ffb5e55df68aa954_p010,ffb5e55df68aa954,EVT_00065,india_today,2026-04-16 21:14:39,THE OPPOSITION: PREPARATION AND ABSENCE
ffb5e55df68aa954_p011,ffb5e55df68aa954,EVT_00065,india_today,2026-04-16 21:14:39,"On the Congress benches, Priyanka Gandhi appeared laser-focused. Pen in hand, notepad ready, she looked less like a politician and more like an attentive and observant student preparing for an exam. At 2:57 pm, KC Venugopal briefly conferred with her."
ffb5e55df68aa954_p012,ffb5e55df68aa954,EVT_00065,india_today,2026-04-16 21:14:39,"Across the aisle, however, the Opposition benches told a mixed story. While the Congress had a visible presence, key figures such as Rahul Gandhi, Akhilesh Yadav and Asaduddin Owaisi were notably absent at that point."
ffb5e55df68aa954_p013,ffb5e55df68aa954,EVT_00065,india_today,2026-04-16 21:14:39,"At 2:58 pm, Prime Minister Modi entered the Lok Sabha, accompanied by ministers including Kiren Rijiju, Jitendra Singh and Arjun Ram Meghwal. As he stepped in, slogans of ‘Bharat Mata ki Jai’ echoed through the House. The treasury benches were vocal; the Opposition largely watched in silence."
ffb5e55df68aa954_p014,ffb5e55df68aa954,EVT_00065,india_today,2026-04-16 21:14:39,EARLY MOMENTS: DISTRACTIONS AND ENTRY WAVES
ffb5e55df68aa954_p015,ffb5e55df68aa954,EVT_00065,india_today,2026-04-16 21:14:39,"Even before the speech began, disruptions surfaced. As Hardeep Singh Puri entered around 3 pm, Congress MP Varsha Gaikwad raised slogans referencing Epstein, a moment the BJP benches chose to ignore. Prime Minister Modi began speaking at 3:02 pm."
ffb5e55df68aa954_p016,ffb5e55df68aa954,EVT_00065,india_today,2026-04-16 21:14:39,"Soon after, at 3:05 pm, Akhilesh Yadav entered with his MPs, followed by Awadhesh Prasad. At 3:07 pm, Dimple Yadav also took her seat."
ffb5e55df68aa954_p017,ffb5e55df68aa954,EVT_00065,india_today,2026-04-16 21:14:39,"NOTES, NODS AND POLITICAL SIGNALS"
ffb5e55df68aa954_p018,ffb5e55df68aa954,EVT_00065,india_today,2026-04-16 21:14:39,"Six minutes into the speech, at 3:08 pm, Priyanka Gandhi began jotting down points, reacting in real time to the Prime Minister’s remarks. The pattern continued throughout: listen, note, prepare."
ffb5e55df68aa954_p019,ffb5e55df68aa954,EVT_00065,india_today,2026-04-16 21:14:39,"PM Modi opened on a lighter note, taking a subtle swipe at the Congress while referring to consultations with political parties. His gaze briefly shifted toward the Opposition benches as he spoke; Priyanka Gandhi promptly noted the remark. For a political observer, such small gestures like a glance, a note, a pause often reveal more than words."
ffb5e55df68aa954_p020,ffb5e55df68aa954,EVT_00065,india_today,2026-04-16 21:14:39,THE DEBATE HEATS UP: OBC FLASHPOINT
ffb5e55df68aa954_p021,ffb5e55df68aa954,EVT_00065,india_today,2026-04-16 21:14:39,"At 3:16 pm, Samajwadi Party MPs, led by Akhilesh Yadav and Dharmendra Yadav, stood up to raise concerns about OBC representation. The Prime Minister seized the moment, identifying himself as an OBC and turning the argument into a political counterpoint."
ffb5e55df68aa954_p022,ffb5e55df68aa954,EVT_00065,india_today,2026-04-16 21:14:39,"Akhilesh Yadav responded at 3:19 pm, acknowledging the statement but pressing for fair treatment of OBCs. It was a brief exchange that injected energy into the debate."
ffb5e55df68aa954_p023,ffb5e55df68aa954,EVT_00065,india_today,2026-04-16 21:14:39,RAHUL GANDHI’S ENTRY AND OPPOSITION SIGNALS
ffb5e55df68aa954_p024,ffb5e55df68aa954,EVT_00065,india_today,2026-04-16 21:14:39,"At 3:20 pm, Rahul Gandhi finally entered the House. As he walked past Priyanka Gandhi, he tapped her shoulder -- a small gesture between siblings that stood out."
ffb5e55df68aa954_p025,ffb5e55df68aa954,EVT_00065,india_today,2026-04-16 21:14:39,"Moments later, he signalled to Akhilesh Yadav with a thumbs-up; Akhilesh responded with folded hands. It was brief but telling sign of Opposition coordination."
ffb5e55df68aa954_p026,ffb5e55df68aa954,EVT_00065,india_today,2026-04-16 21:14:39,SPARSE BENCHES AND SPONTANEOUS MOMENTS
ffb5e55df68aa954_p027,ffb5e55df68aa954,EVT_00065,india_today,2026-04-16 21:14:39,"The Trinamool Congress benches remained largely empty, with leaders such as Mahua Moitra absent."
ffb5e55df68aa954_p028,ffb5e55df68aa954,EVT_00065,india_today,2026-04-16 21:14:39,"At 3:29 pm, Kalyan Banerjee suddenly stood up to speak. His microphone was not active, but the Prime Minister, in a lighter vein, remarked that he should be allowed to speak -- a subtle jab with a political undertone."
ffb5e55df68aa954_p029,ffb5e55df68aa954,EVT_00065,india_today,2026-04-16 21:14:39,A STATESMAN’S OFFER: CREDIT AND CONSENSUS
ffb5e55df68aa954_p030,ffb5e55df68aa954,EVT_00065,india_today,2026-04-16 21:14:39,"As the debate turned to credit-taking, PM Modi struck a conciliatory tone. He offered the Opposition full credit for the Women’s Reservation Bill, even suggesting government-funded advertisements featuring leaders chosen by them."
ffb5e55df68aa954_p031,ffb5e55df68aa954,EVT_00065,india_today,2026-04-16 21:14:39,"It was a calculated move, blending magnanimity with political messaging. The underlying message was clear: consensus over conflict, at least in framing."
ffb5e55df68aa954_p032,ffb5e55df68aa954,EVT_00065,india_today,2026-04-16 21:14:39,STRATEGY HUDDLES AND FINAL MOMENTS
ffb5e55df68aa954_p033,ffb5e55df68aa954,EVT_00065,india_today,2026-04-16 21:14:39,"As the speech progressed, Congress leaders Rahul Gandhi, KC Venugopal and Manickam Tagore gathered to discuss their next steps. Priyanka Gandhi, however, remained focused, continuing her note-taking."
ffb5e55df68aa954_p034,ffb5e55df68aa954,EVT_00065,india_today,2026-04-16 21:14:39,"After 37 minutes, at 3:39 pm, the Prime Minister concluded on a lighter note, thanking members for the “kala tika” -- a reference to DMK MPs wearing black."
ffb5e55df68aa954_p035,ffb5e55df68aa954,EVT_00065,india_today,2026-04-16 21:14:39,AFTER THE SPEECH: QUIET STRATEGY CONTINUES
ffb5e55df68aa954_p036,ffb5e55df68aa954,EVT_00065,india_today,2026-04-16 21:14:39,"Once the Prime Minister finished, attention shifted back to the Opposition benches. Rahul Gandhi, Priyanka Gandhi, KC Venugopal and Manickam Tagore formed a tight huddle, deep in discussion. Their focus had already moved to the next phase -- strategy, response and Priyanka Gandhi’s upcoming speech."
ffb5e55df68aa954_p037,ffb5e55df68aa954,EVT_00065,india_today,2026-04-16 21:14:39,"Soon after, the four leaders walked out together, their conversation continuing beyond the floor of the House."
ffb5e55df68aa954_p038,ffb5e55df68aa954,EVT_00065,india_today,2026-04-16 21:14:39,"What unfolded in those 37 minutes was more than a speech. It was a layered political moment -- marked by optics, timing, sharp exchanges and subtle gestures. From carefully curated galleries to spontaneous rebuttals, from silent note-taking to visible coordination, every element contributed to a broader narrative."
0e539d038bb244ee_p001,0e539d038bb244ee,EVT_00066,the_times_of_india,2026-04-16 06:35:00,"NEW DELHI: The Travancore Devaswom Board (TDB) on Wednesday asked a nine-judge bench of SC hearing the Sabarimala reference if despite the Constitution's making every religious denomination subject to 'public order, health and morality' and nudity in public being an offence, can courts ban public appearance of naked sadhus of Jainism's Digambar sect?"
0e539d038bb244ee_p002,0e539d038bb244ee,EVT_00066,the_times_of_india,2026-04-16 06:35:00,"This query from senior advocate A M Singhvi, on behalf of TDB, was in response to persistent questions from a nine-judge bench headed by Chief Justice Surya Kant over why courts cannot test whether a custom or tenet is part of an essential religious practice to be immune from judicial scrutiny and whether judicial test should be confined to constitutional parameters of 'public order, health and morality' under Article 25. Singhvi said that even certain extreme examples do not come under the ambit of judicial scrutiny. ""There is no doubt that nudity is abhorrent to normal canons of civilised behaviour in most societies. Yet, since Digambar Jain practices, including nude existence and nude movement in public, are undeniably accepted as a core part of a well-known religion, it would not be liable to be struck down under Article 25."""
0e539d038bb244ee_p003,0e539d038bb244ee,EVT_00066,the_times_of_india,2026-04-16 06:35:00,"Solicitor general Tushar Mehta joined Singhvi and cited the example of 'Naga Sadhus', who go around naked. Nepal's Supreme Court had last Sept dismissed a petition which had sought a ban on entry of Naga Sadhus at Pashupatinath temple during Mahashivaratri festival, claiming that their public nudity disturbed other devotees."
26703c93ac27e376_p001,26703c93ac27e376,EVT_00066,the_hindu,2026-04-16 11:10:24,The Supreme Court in 2025 had said that the delimitation exercise conducted before the post-2026 census data must not “destabilise the uniform electoral framework” envisaged by the Constitution and blur the clear demarcation between constitutional prescription and political discretion.
26703c93ac27e376_p002,26703c93ac27e376,EVT_00066,the_hindu,2026-04-16 11:10:24,"The court was dealing with a plea in the K. Purushottam Reddy case for the conduct of delimitation and re-adjustment of Legislative Assembly seats in Andhra Pradesh and Telangana. The petitioner had argued that by conducting delimitation of constituencies in the Union Territory of Jammu and Kashmir in 2022, the Centre was discriminating against the two States. The plea had sought parity."
26703c93ac27e376_p003,26703c93ac27e376,EVT_00066,the_hindu,2026-04-16 11:10:24,"Published - April 16, 2026 11:10 am IST"
0e912ba37dc01642_p001,0e912ba37dc01642,EVT_00067,news18,2026-04-16 20:09:16,"Priyanka Gandhi Takes 'Chanakya' Swipe At Amit Shah On Delimitation, Invoking Ancient Strategy To Critique Modern Maths"
0e912ba37dc01642_p002,0e912ba37dc01642,EVT_00067,news18,2026-04-16 20:09:16,The core of Priyanka Gandhi Vadra’s argument was that the BJP is 'strengthening the foundation of their party by damaging the Constitution of India'
0e912ba37dc01642_p003,0e912ba37dc01642,EVT_00067,news18,2026-04-16 20:09:16,"In a day defined by high-stakes constitutional amendment moves and intense legislative debate, the Lok Sabha witnessed a rare moment of levity on April 16. Congress leader Priyanka Gandhi Vadra, while critiquing the government’s move to expand the House to 850 seats, took a witty swipe at the Treasury benches that momentarily broke the tension of the special session. Her “Chanakya"" jibe, directed at Union Minister Amit Shah and delivered with a mix of sarcasm and political sharpness, has since gone viral, highlighting the deep-seated rivalry between the INDIA bloc and the NDA over the true intent behind the 131st Constitutional Amendment."
0e912ba37dc01642_p004,0e912ba37dc01642,EVT_00067,news18,2026-04-16 20:09:16,Why did Priyanka Gandhi invoke the name of Chanakya during the debate?
0e912ba37dc01642_p005,0e912ba37dc01642,EVT_00067,news18,2026-04-16 20:09:16,- Amit Shah's ‘No-Loss’ Guarantee For Southern States To Quell ‘Federal Friction’ On Delimitation
0e912ba37dc01642_p006,0e912ba37dc01642,EVT_00067,news18,2026-04-16 20:09:16,"- 'UCC In Six Months, One Crore Jobs': Amit Shah Releases BJP's West Bengal Manifesto"
0e912ba37dc01642_p007,0e912ba37dc01642,EVT_00067,news18,2026-04-16 20:09:16,- ‘Religion-Based Quota Unconstitutional’: Amit Shah Snaps At SP MP's Muslim Women Reservation Demand
0e912ba37dc01642_p008,0e912ba37dc01642,EVT_00067,news18,2026-04-16 20:09:16,- 'Technical Bahanebaazi': PM Modi Calls Out 'Opposition Obstruction' Of Women's Reservation
0e912ba37dc01642_p009,0e912ba37dc01642,EVT_00067,news18,2026-04-16 20:09:16,"The reference to Chanakya, the ancient Indian polymath and master strategist known for Arthashastra, was a direct commentary on what Gandhi described as the “cunningness"" of the current administration. After Prime Minister Narendra Modi’s earlier address, which framed the 33% women’s quota as a historic act of “atonement,"" Gandhi argued that the move was less about empowerment and more about electoral survival. When she noticed Union Home Minister Amit Shah and several other BJP MPs laughing at her “political trump card"" theory, she cheekily remarked that even Chanakya would have been shocked by the strategic depth—or “cunningness""—on display by the modern-day BJP."
0e912ba37dc01642_p010,0e912ba37dc01642,EVT_00067,news18,2026-04-16 20:09:16,"By invoking Chanakya, Gandhi was tapping into a long-standing political trope in India where the BJP’s leadership, particularly the Prime Minister and the Home Minister, are often compared to the legendary strategist for their ability to outmanoeuvre the Opposition. However, her tone was far from complimentary; she suggested that by linking the popular women’s reservation to the controversial delimitation exercise, the BJP had created a legislative “pincer movement"" that effectively forced the Opposition to choose between supporting a flawed expansion or appearing anti-woman."
0e912ba37dc01642_p011,0e912ba37dc01642,EVT_00067,news18,2026-04-16 20:09:16,How did the ‘Chanakya’ jibe reflect the Opposition’s stance on the 850-seat plan?
0e912ba37dc01642_p012,0e912ba37dc01642,EVT_00067,news18,2026-04-16 20:09:16,"The core of Gandhi’s argument was that the BJP is “strengthening the foundation of their party by damaging the Constitution of India"". This refers to the government’s decision to use the 2011 Census as a baseline and expand the Lok Sabha to 850 seats. The Opposition views this as a strategic masterstroke designed to preserve the NDA’s electoral advantage in the Hindi Heartland while simultaneously implementing the women’s quota. Gandhi’s remark about the government coming “fully planned"" suggests that the INDIA bloc sees this not as a spontaneous reform, but as a long-term tactical play to redraw the political map of India in their favour before 2029."
0e912ba37dc01642_p013,0e912ba37dc01642,EVT_00067,news18,2026-04-16 20:09:16,"The laughter from the Treasury benches, which prompted the “Chanakya"" retort, underscored the government’s current confidence. With a division vote earlier in the day showing a clear majority in favour of the bill’s introduction, the BJP MPs appeared unbothered by the charge of being “over-strategic"". For the government, the strategy is a legitimate solution to a thirty-year deadlock; for Gandhi and her colleagues, it is a subversion of federal principles under the guise of gender justice."
0e912ba37dc01642_p014,0e912ba37dc01642,EVT_00067,news18,2026-04-16 20:09:16,What is the strategic significance of the ‘cunningness’ Priyanka mentioned?
0e912ba37dc01642_p015,0e912ba37dc01642,EVT_00067,news18,2026-04-16 20:09:16,"The “cunningness"" Gandhi alluded to lies in the unique “no-loss"" mathematics of the 850-seat model. By ensuring that every state sees a proportional increase in seats, the government has made it politically difficult for regional parties—such as the DMK or the TMC—to launch a full-scale protest without alienating their own female voters. As the session continues into its second day, the “Chanakya"" point remains a talking point in the Central Hall, serving as a reminder that in 2026, the battle for the Indian voter is being fought with equal parts legislative ambition and rhetorical wit. As the Delimitation Commission looms, the question remains whether this strategic expansion will indeed be the “trump card"" that secures the next decade for the NDA."
2ca87d575006a16e_p001,2ca87d575006a16e,EVT_00067,india_today,2026-04-16 18:03:09,Chanakya would've been shocked: Priyanka Gandhi to Amit Shah over women's quota
2ca87d575006a16e_p002,2ca87d575006a16e,EVT_00067,india_today,2026-04-16 18:03:09,Congress's Wayanad MP Priyanka Gandhi Vadra took a 'Chanakya' swipe at Union Home Minister Amit Shah during the women's quota debate. Her remark saw Union Home Minister Amit Shah smiling.
2ca87d575006a16e_p003,2ca87d575006a16e,EVT_00067,india_today,2026-04-16 18:03:09,"Congress MP Priyanka Gandhi countered the Centre's proposed women's reservation bill in Lok Sabha on Thursday, with a jab referencing Chanakya – the philosopher and political strategist – which left Home Minister Amit Shah in splits. The Wayanad MP said that while Congress supports reservations for women MPs, the debate is not on that but on the fact that the bill smells of politics."
2ca87d575006a16e_p004,2ca87d575006a16e,EVT_00067,india_today,2026-04-16 18:03:09,"In a light-hearted moment during her address, Priyanka Gandhi said that the women's quota move was actually the NDA-ruled Centre's Trump card to retain electoral advantage. Referring to Prime Minister Narendra Modi's earlier address, wherein he spoke about how the BJP has been a champion of women's rights, she said that by damaging the Constitution of India, the BJP is strengthening the foundation of their party."
2ca87d575006a16e_p005,2ca87d575006a16e,EVT_00067,india_today,2026-04-16 18:03:09,"Seeing Shah and several other BJP MPs laughing at her statement, Priyanka Gandhi cheekily replied, ""You have all come fully planned. Today, if Chanakya had been alive, he also would have been shocked by your cunningness."""
2ca87d575006a16e_p006,2ca87d575006a16e,EVT_00067,india_today,2026-04-16 18:03:09,"The remark drew massive laughter from Amit Shah, Kiren Rijiju and other BJP MPs, who took it sportingly."
2ca87d575006a16e_p007,2ca87d575006a16e,EVT_00067,india_today,2026-04-16 18:03:09,"Referencing the PM's address again, Priyanka Gandhi said that the BJP should tread cautiously because women are good at sensing those who lie."
2ca87d575006a16e_p008,2ca87d575006a16e,EVT_00067,india_today,2026-04-16 18:03:09,"""Prime Minister's remarks today suggested that the BJP have been the champions, proponents, and biggest supporters of women's reservation. This was the theme throughout his speech, even while claiming he didn't want any credit for it...A few years after reading Rahul Gandhi's letter in 2023, finally, when the government of respected Prime Minister Narendra Modi unanimously passed this Act in 2023, the Indian National Congress fully supported it, in keeping with its ideology,"" she added, while stressing that Congress will always support women's reservation."
2ca87d575006a16e_p009,2ca87d575006a16e,EVT_00067,india_today,2026-04-16 18:03:09,"The Wayanad MP also asked why 33 per cent reservations cannot be given within the 543 seats of Lok Sabha currently. ""If this Constitution amendment bill is passed, democracy will be finished in this country,"" she said."
2ca87d575006a16e_p010,2ca87d575006a16e,EVT_00067,india_today,2026-04-16 18:03:09,"Pointing to PM Modi's speech wherein, in a veiled dig at Congress, he mentioned how the women's quota move has always been opposed in the past, she spoke about her great-great-grandfather Motilal Nehru."
2ca87d575006a16e_p011,2ca87d575006a16e,EVT_00067,india_today,2026-04-16 18:03:09,"""I would like to give a little background on this topic."
2ca87d575006a16e_p012,2ca87d575006a16e,EVT_00067,india_today,2026-04-16 18:03:09,"Because the Prime Minister mentioned a lot in his speech about who stopped it, how it was stopped, and how this decision was stalled for 30 years."
2ca87d575006a16e_p013,2ca87d575006a16e,EVT_00067,india_today,2026-04-16 18:03:09,"My colleagues in the ruling party may not like this, but the historical background is that it was also initiated by a man named Nehru."
2ca87d575006a16e_p014,2ca87d575006a16e,EVT_00067,india_today,2026-04-16 18:03:09,"But don't worry, this is not the Nehru you so shy away from."
2ca87d575006a16e_p015,2ca87d575006a16e,EVT_00067,india_today,2026-04-16 18:03:09,"His father, Motilal Nehru, prepared a report in 1928 and presented it to the Congress Party's Working Committee."
2ca87d575006a16e_p016,2ca87d575006a16e,EVT_00067,india_today,2026-04-16 18:03:09,"In it, he listed 19 fundamental rights."
2ca87d575006a16e_p017,2ca87d575006a16e,EVT_00067,india_today,2026-04-16 18:03:09,"In 1931, the Congress session was held in Karachi under the chairmanship of Sardar Patel."
2ca87d575006a16e_p018,2ca87d575006a16e,EVT_00067,india_today,2026-04-16 18:03:09,"This resolution was passed at that Karachi session, marking the beginning of women's equal rights becoming a part of our country's politics."
2ca87d575006a16e_p019,2ca87d575006a16e,EVT_00067,india_today,2026-04-16 18:03:09,"At the same time, the principle of 'One Vote, One Citizen, One Value' was also established in our politics."
2ca87d575006a16e_p020,2ca87d575006a16e,EVT_00067,india_today,2026-04-16 18:03:09,"In countries like the United States, they had to wait and struggle for this right for 150 years."
2ca87d575006a16e_p021,2ca87d575006a16e,EVT_00067,india_today,2026-04-16 18:03:09,"Implementing women's reservations in our country's political system was a unique step in the world,"" she said."
2ca87d575006a16e_p022,2ca87d575006a16e,EVT_00067,india_today,2026-04-16 18:03:09,Priyanka Gandhi added that the 33 per cent reservation in municipalities and panchayats was first introduced in the House by the Congress government under her late father and PM Rajiv Gandhi.
2ca87d575006a16e_p023,2ca87d575006a16e,EVT_00067,india_today,2026-04-16 18:03:09,"In his address, PM Modi said that those who opposed the women's quota in the past had to suffer, indirectly jabbing the Congress. He also said that the reservation was not a gift but the right of women MPs."
2ca87d575006a16e_p024,2ca87d575006a16e,EVT_00067,india_today,2026-04-16 18:03:09,"Under the Constitution (131st Amendment) Bill, the Centre has proposed to increase the Lok Sabha seats from 543 to 850, with 815 for states and 35 for Union Territories. This will allow the Delimitation Bill and the Union Territories Laws (Amendment) Bill to implement the women's quota law. However, the southern states – mostly ruled by the opposition parties – have vehemently opposed it, arguing that the delimitation exercise would significantly advantage the Hindi heartland, BJP's stronghold."
a54d45f54c0b3a1c_p001,a54d45f54c0b3a1c,EVT_00067,indian_express,2026-04-16 19:50:27,‘Delimitation won’t reduce South’s share in Lok Sabha’: Amit Shah breaks down the numbers
a54d45f54c0b3a1c_p002,a54d45f54c0b3a1c,EVT_00067,indian_express,2026-04-16 19:50:27,"Asked where the numbers he cited were mentioned in the Delimitation Bill, Union Home Minister says he will explain it all on Friday in “a language so simple that KG (kindergarten) students can understand”."
a54d45f54c0b3a1c_p003,a54d45f54c0b3a1c,EVT_00067,indian_express,2026-04-16 19:50:27,"Participating in the Lok Sabha debate on the early implementation of the women’s reservation law, Union Home Minister Amit Shah on Thursday addressed the concerns of the southern and smaller states and said the Opposition’s narrative that the South’s share in the Lok Sabha would go down was incorrect."
a54d45f54c0b3a1c_p004,a54d45f54c0b3a1c,EVT_00067,indian_express,2026-04-16 19:50:27,"Shah presented the numbers each state will get in proportion, following the passage of the Constitution (One Hundred and Thirty-First Amendment) Bill, 2026."
a54d45f54c0b3a1c_p005,a54d45f54c0b3a1c,EVT_00067,indian_express,2026-04-16 19:50:27,"Stating that while he would present the government’s response on Friday, Shah said he would like to speak and clarify certain points about the three Bills as he did not want anyone to spend the night with any confusion. Presenting the numbers, the Home Minister said:"
a54d45f54c0b3a1c_p006,a54d45f54c0b3a1c,EVT_00067,indian_express,2026-04-16 19:50:27,"- Karnataka has 28 seats in the Lok Sabha at present, representing 5.15% of the House. After delimitation, the number of seats will increase to 42, representing 5.14% of the expanded House."
a54d45f54c0b3a1c_p007,a54d45f54c0b3a1c,EVT_00067,indian_express,2026-04-16 19:50:27,"- Andhra Pradesh has 25 seats representing 4.6% of the House and after delimitation, it will have 38 MPs representing 4.65% of the House."
a54d45f54c0b3a1c_p008,a54d45f54c0b3a1c,EVT_00067,indian_express,2026-04-16 19:50:27,"- Tamil Nadu — Shah noted several MPs wearing black in protest — will see the number of MPs go up from 39 to 59, increasing its share in the House from 7.18% to 7.23%."
a54d45f54c0b3a1c_p009,a54d45f54c0b3a1c,EVT_00067,indian_express,2026-04-16 19:50:27,"- Kerala, the Home Minister said, will see the number of Lok Sabha MPs go up from 20 to 30, with its share in the House changing from 3.68% to 3.67%."
a54d45f54c0b3a1c_p010,a54d45f54c0b3a1c,EVT_00067,indian_express,2026-04-16 19:50:27,"- Telangana has 17 seats, or 3.13% of the Lok Sabha strength, at the moment. This will increase to 26 seats, representing 3.18% of the expanded House."
a54d45f54c0b3a1c_p011,a54d45f54c0b3a1c,EVT_00067,indian_express,2026-04-16 19:50:27,"In total, Shah said, the southern states have 129 MPs in the 543-member Lok Sabha, representing 23.75% of total MPs. This will increase to 195 seats in the expanded Lok Sabha, increasing representation to 23.9%. The South’s representation, he said, was going up and not down."
a54d45f54c0b3a1c_p012,a54d45f54c0b3a1c,EVT_00067,indian_express,2026-04-16 19:50:27,"Responding to Congress MP K C Venugopal, Shah said, “I, Amit Shah, the Home Minister, the minister who has piloted the Bill, am saying this.” Asked where the numbers on the southern states’ share were mentioned in the Delimitation Bill, Shah said he would explain it on Friday in “a language so simple that KG (kindergarten) students can understand”. He then took a dig at the Opposition, saying that when he responds, the rival parties should listen to him patiently and not walk out."
a54d45f54c0b3a1c_p013,a54d45f54c0b3a1c,EVT_00067,indian_express,2026-04-16 19:50:27,"The Union Home Minister said the narrative that the government does not want to conduct a caste census was not true. He said people familiar with the process know that there are two parts to the Census: counting the buildings and then the people. He said that when the second part of the Census is conducted, the “caste census will happen”."
a54d45f54c0b3a1c_p014,a54d45f54c0b3a1c,EVT_00067,indian_express,2026-04-16 19:50:27,"Shah said the Delimitation Commission Act had not been changed by the government and there was no way for the government to “manipulate the process unless those in power then put in such provisions”. He said even if such provisions existed, the government would not manipulate. “There is no way to manipulate the mandate of 130 crore Indians. Those who tried during the Emergency were ended by the people, but democracy did not,” he said."
a54d45f54c0b3a1c_p015,a54d45f54c0b3a1c,EVT_00067,indian_express,2026-04-16 19:50:27,"The Home Minister said even though the Bills were being brought in now in the middle of Assembly elections, they would not be implemented till Parliament approves them and the President signs. “So Akhilesh Yadav should not worry,” Shah said, responding to the Samajwadi Party president’s remarks."
e7832fb86b117644_p001,e7832fb86b117644,EVT_00067,hindustan_times,2026-04-16 21:26:25,‘Even Chanakya would be shocked’: Priyanka Gandhi's banter with Amit Shah in Lok Sabha
e7832fb86b117644_p002,e7832fb86b117644,EVT_00067,hindustan_times,2026-04-16 21:26:25,"Breaking into a smile herself, Priyanka Gandhi said in Lok Sabha, “the home minister is laughing, their entire plan is ready""."
e7832fb86b117644_p003,e7832fb86b117644,EVT_00067,hindustan_times,2026-04-16 21:26:25,"Congress leader and member of Parliament Priyanka Gandhi Vadra, in a light-hearted banter with home minister Amit Shah on the treasury bench across her, took a jibe at the minister, saying that even Chanakya would be ""shocked"" by his “political scheming”."
e7832fb86b117644_p004,e7832fb86b117644,EVT_00067,hindustan_times,2026-04-16 21:26:25,"While speaking during the ongoing special session of Lok Sabha to discuss the three three bills that seek to increase the seats from the existing 543 to 850 and ensure one-third women representation in the lower house, Priyanka said that the bills are a means for the Bharatiya Janata Party (BJP) to retain power."
e7832fb86b117644_p005,e7832fb86b117644,EVT_00067,hindustan_times,2026-04-16 21:26:25,"“The current government is once again trying to deceive the nation, launching a major attack on the country’s integrity. On one hand, it speaks at length about women’s empowerment, while on the other, it is quietly taking away the rights of OBCs and weakening some states. By undermining India's democracy, it is building a framework to strengthen its party ahead of the next elections,” Priyanka said when she caught Amit Shah smiling from the bend across the Lok Sabha."
e7832fb86b117644_p006,e7832fb86b117644,EVT_00067,hindustan_times,2026-04-16 21:26:25,"Addressing that and breaking into a smile herself, she says, “the home minister is laughing, their entire plan is ready""."
e7832fb86b117644_p007,e7832fb86b117644,EVT_00067,hindustan_times,2026-04-16 21:26:25,"“If Chanakya was alive, he would be shocked by your political scheming,” she said, as the entire house burst into a light laughter."
e7832fb86b117644_p008,e7832fb86b117644,EVT_00067,hindustan_times,2026-04-16 21:26:25,Amit Shah's assurance to southern states
e7832fb86b117644_p009,e7832fb86b117644,EVT_00067,hindustan_times,2026-04-16 21:26:25,"Home minister Amit Shah, speaking after Priyanka Gandhi, sought to assure that the increment in Lok Sabha would not lead to disadvantage to or discrimination against any state."
e7832fb86b117644_p010,e7832fb86b117644,EVT_00067,hindustan_times,2026-04-16 21:26:25,"Addressing the concerns of the Opposition over the representation of Southern states, Shah said the seats in Lok Sabha will be increased in proportion to the existing seats."
e7832fb86b117644_p011,e7832fb86b117644,EVT_00067,hindustan_times,2026-04-16 21:26:25,"He also provided details of the number of seats that will be increased for southern states, saying that Karnataka's Lok Sabha seats will increase from 28 to 42, Andhra Pradesh's will increase from 25 to 38, Telangana's will increase from 17 to 26 and Tamil Nadu's seats will increase from 39 to 59."
e7832fb86b117644_p012,e7832fb86b117644,EVT_00067,hindustan_times,2026-04-16 21:26:25,He also said that the representation of all these states will remain similar to its current proportion even after the seats are increased.
e7832fb86b117644_p013,e7832fb86b117644,EVT_00067,hindustan_times,2026-04-16 21:26:25,"Women quota bill won't discriminate, says PM Modi"
e7832fb86b117644_p014,e7832fb86b117644,EVT_00067,hindustan_times,2026-04-16 21:26:25,Prime Minister Narendra Modi also addressed the Lok Sabha on Thursday and assured that the women reservation bill will not discriminate against anyone.
e7832fb86b117644_p015,e7832fb86b117644,EVT_00067,hindustan_times,2026-04-16 21:26:25,"Urging the Opposition to support the bill, Modi said that he is providing a “guarantee” that it would not lead to political benefit for a single group."
e7832fb86b117644_p016,e7832fb86b117644,EVT_00067,hindustan_times,2026-04-16 21:26:25,"However, he also warned that those who raise objection to the bill will not be “forgiven” by the women of the country."
e7832fb86b117644_p017,e7832fb86b117644,EVT_00067,hindustan_times,2026-04-16 21:26:25,- ABOUT THE AUTHORNikita Sharma
e7832fb86b117644_p018,e7832fb86b117644,EVT_00067,hindustan_times,2026-04-16 21:26:25,Nikita Sharma is a Senior Content Producer with Hindustan Times.
e7832fb86b117644_p019,e7832fb86b117644,EVT_00067,hindustan_times,2026-04-16 21:26:25,"She is a Delhi-based digital journalist with five years of experience writing and editing news stories across beats including crime, politics, tech, trends and much more, both national and international."
e7832fb86b117644_p020,e7832fb86b117644,EVT_00067,hindustan_times,2026-04-16 21:26:25,"At Hindustan Times, she is part of the news team and focuses on breaking news, keeping a track of what is happening where, and chasing ever-developing news stories."
e7832fb86b117644_p021,e7832fb86b117644,EVT_00067,hindustan_times,2026-04-16 21:26:25,"She has a penchant for covering crime, geopolitics, and Indian politics with a keen eye for stories often overlooked in the daily news cycle."
e7832fb86b117644_p022,e7832fb86b117644,EVT_00067,hindustan_times,2026-04-16 21:26:25,"At Hindustan Times, she has extensively covered several key events including the US Presidential elections, Air India plane crash, Pahalgam terror attack and Operation Sindoor, US’ tariff war, and others."
e7832fb86b117644_p023,e7832fb86b117644,EVT_00067,hindustan_times,2026-04-16 21:26:25,"As a Delhi aficionado, she particularly enjoys roaming and writing about the national capital — its heritage, food, art and culture, and the many problems that come with it — the pollution, waterlogging, traffic, and more."
e7832fb86b117644_p024,e7832fb86b117644,EVT_00067,hindustan_times,2026-04-16 21:26:25,Nikita did her Bachelor in Journalism and Mass Communication from GGSIPU and started working as a digital journalist in 2021.
e7832fb86b117644_p025,e7832fb86b117644,EVT_00067,hindustan_times,2026-04-16 21:26:25,"During her first stint, she covered hyperlocal news at a Delhi-based newsroom, writing and editing stories on builder-buyer conflicts, civic issues such as potholes, waterlogging, lack of facilities at hospitals in Delhi, crippling of the city during peak monsoon season."
e7832fb86b117644_p026,e7832fb86b117644,EVT_00067,hindustan_times,2026-04-16 21:26:25,"She also wrote features covering Delhi’s art exhibitions, heritage walks, artist profiles, museums, classical Hindustani music concerts and dance shows."
e7832fb86b117644_p027,e7832fb86b117644,EVT_00067,hindustan_times,2026-04-16 21:26:25,She entered mainstream news in 2023 and has previously worked at NDTV.Read More
18bcd62e445c0f8f_p001,18bcd62e445c0f8f,EVT_00068,the_times_of_india,2026-04-16 17:06:00,"NEW DELHI: A ground collision between two aircraft at Indira Gandhi International Airport on Thursday left both planes damaged after a SpiceJet aircraft, while taxiing, struck a stationary Akasa Air plane."
18bcd62e445c0f8f_p002,18bcd62e445c0f8f,EVT_00068,the_times_of_india,2026-04-16 17:06:00,"Officials said the impact occurred on the taxiway, with the wings of the two aircraft coming into contact, forcing both to be grounded for inspection."
18bcd62e445c0f8f_p003,18bcd62e445c0f8f,EVT_00068,the_times_of_india,2026-04-16 17:06:00,"According to a SpiceJet spokesperson, a B737-700 aircraft was involved in a ground incident while taxiing on April 16. The aircraft’s right winglet struck the left-hand horizontal stabiliser of another plane belonging to a different airline. The SpiceJet aircraft has since been grounded in Delhi for inspection."
18bcd62e445c0f8f_p004,18bcd62e445c0f8f,EVT_00068,the_times_of_india,2026-04-16 17:06:00,"Meanwhile, Akasa Air confirmed that its aircraft, operating flight QP 1406 from Delhi to Hyderabad, was stationary at the time of the incident when it was hit by another airline’s plane. Following the collision, the aircraft returned to the bay."
18bcd62e445c0f8f_p005,18bcd62e445c0f8f,EVT_00068,the_times_of_india,2026-04-16 17:06:00,Do you believe that ground collisions at airports are a serious safety concern?
18bcd62e445c0f8f_p006,18bcd62e445c0f8f,EVT_00068,the_times_of_india,2026-04-16 17:06:00,"“All passengers and crew were safely disembarked, and our ground teams are making alternative arrangements to fly passengers to Hyderabad at the earliest,” an Akasa Air spokesperson said."
18bcd62e445c0f8f_p007,18bcd62e445c0f8f,EVT_00068,the_times_of_india,2026-04-16 17:06:00,"No injuries were reported, and further details are awaited as authorities assess the extent of the damage and investigate the incident."
eeddd5d514b5c927_p001,eeddd5d514b5c927,EVT_00068,the_new_indian_express,2026-04-16 18:36:54,"NEW DELHI: The aviation watchdog, the Directorate General of Civil Aviation, on Thursday de-rostered an officer of IGIA's Air Traffic Control (ATC) along with both the pilots operating the Spicejet aircraft involved in the collision. Sources familiar with the issue said it was very likely that a Surface Movement Controller (SMC) in the ATC was at fault in this incident prompting the regulator to remove the individual from duty with immediate effect."
eeddd5d514b5c927_p002,eeddd5d514b5c927,EVT_00068,the_new_indian_express,2026-04-16 18:36:54,"An official said, ""The SMCs in any airport play a critical role in safety of passengers and the aircraft. They are responsible for the aircraft movement on the runways, the taxiways and the apron area which includes the parking bays."" They visually observe every aircraft apart from deploying tools like Surface Movement Radars to keep track of every plane inside the airport, he added."
eeddd5d514b5c927_p003,eeddd5d514b5c927,EVT_00068,the_new_indian_express,2026-04-16 18:36:54,""" The SMC in this specific instance must have given clearance for the Spicejet plane which arrived from Leh to taxi to its alloted parking bay - No. 106. ""The controller should also have known the Akasa Air aircraft was waiting on the apron after push back to take off to Hyderabad. The task of ensuring the right distance is maintained between flights is the role of the SMC. There must be accuracy and no room for error in it. This controller needs to communicate and guide the cockpit crew perfectly. Hence the regulator has placed the SMC on duty under suspension."""
eeddd5d514b5c927_p004,eeddd5d514b5c927,EVT_00068,the_new_indian_express,2026-04-16 18:36:54,"While the Air Traffic Controllers take care of take-off and landing of flights, these surface controllers are responsible for movement of every vehicle inside the premises of the space where flights operate, added an airport source."
eeddd5d514b5c927_p005,eeddd5d514b5c927,EVT_00068,the_new_indian_express,2026-04-16 18:36:54,"A veteran with decades of piloting planes said, ""Pilots steering a plane can see clearly only the view on front of the nose of the aircraft. They cannot view both sides of the plane and completely go by the guidance offered to them. The communication relayed to them is what they follow. """
eeddd5d514b5c927_p006,eeddd5d514b5c927,EVT_00068,the_new_indian_express,2026-04-16 18:36:54,"The pilots may have been grounded as they were on this flight involved in the mishap but it is highly likely they had no role in it and were merely following the guidance given to them, he added.."
eeddd5d514b5c927_p007,eeddd5d514b5c927,EVT_00068,the_new_indian_express,2026-04-16 18:36:54,"Asked about these specific aspects, Spicejet refused comment."
eeddd5d514b5c927_p008,eeddd5d514b5c927,EVT_00068,the_new_indian_express,2026-04-16 18:36:54,The exact picture will after the detailed investigation carried out by the DGCA and internal investigations by the airlines.
18ebef6da99ddb0c_p001,18ebef6da99ddb0c,EVT_00062,india_today,2026-04-16 19:13:37,"Noida violence linked to Pakistan-based X handles, probe finds"
18ebef6da99ddb0c_p002,18ebef6da99ddb0c,EVT_00062,india_today,2026-04-16 19:13:37,"Fresh findings point to a cross-border social media trigger behind the Noida violence, with investigators tracing provocative posts to Pakistan-based handlers who allegedly used misinformation to spark unrest and chaos."
18ebef6da99ddb0c_p003,18ebef6da99ddb0c,EVT_00062,india_today,2026-04-16 19:13:37,"A Pakistan-linked social media trail has emerged in the Noida violence case, with investigators finding that misinformation spread through X handles triggered unrest in parts of Uttar Pradesh’s Gautam Buddh Nagar."
18ebef6da99ddb0c_p004,18ebef6da99ddb0c,EVT_00062,india_today,2026-04-16 19:13:37,"Sources told India Today that key details, including the identities of handlers, indicate that accounts operated from Pakistan played a role in instigating the violence."
18ebef6da99ddb0c_p005,18ebef6da99ddb0c,EVT_00062,india_today,2026-04-16 19:13:37,"According to the findings, multiple attempts were made by the handlers to provoke unrest even before the violence broke out."
18ebef6da99ddb0c_p006,18ebef6da99ddb0c,EVT_00062,india_today,2026-04-16 19:13:37,"On April 13, 2026, posts were shared from X accounts @Proudindiannavi and @Mir_llyas_INC. Investigators believe these posts were aimed at disturbing public order and inciting tensions."
18ebef6da99ddb0c_p007,18ebef6da99ddb0c,EVT_00062,india_today,2026-04-16 19:13:37,"The misleading content quickly spread, fuelling fear and anger among residents in several areas of Gautam Buddh Nagar."
18ebef6da99ddb0c_p008,18ebef6da99ddb0c,EVT_00062,india_today,2026-04-16 19:13:37,VIOLENCE ERUPTS IN MULTIPLE AREAS
18ebef6da99ddb0c_p009,18ebef6da99ddb0c,EVT_00062,india_today,2026-04-16 19:13:37,"Following the circulation of the posts, tensions escalated on the ground. An aggressive crowd resorted to stone-pelting and attacked people present at the scene."
18ebef6da99ddb0c_p010,18ebef6da99ddb0c,EVT_00062,india_today,2026-04-16 19:13:37,"Vehicles were damaged, and both private and public property were vandalised and set on fire during the violence."
18ebef6da99ddb0c_p011,18ebef6da99ddb0c,EVT_00062,india_today,2026-04-16 19:13:37,Police registered a case at Sector-20 police station in Gautam Buddh Nagar under case number 121/26.
18ebef6da99ddb0c_p012,18ebef6da99ddb0c,EVT_00062,india_today,2026-04-16 19:13:37,"The accused have been booked under several sections of the Bharatiya Nyaya Sanhita, along with provisions of the IT Act, including Section 66."
18ebef6da99ddb0c_p013,18ebef6da99ddb0c,EVT_00062,india_today,2026-04-16 19:13:37,"During the investigation, authorities sought details of the account users from the social media platform and carried out technical analysis."
18ebef6da99ddb0c_p014,18ebef6da99ddb0c,EVT_00062,india_today,2026-04-16 19:13:37,The probe found that both X handles were being operated from Pakistan. Investigators also found that VPN services were used to conceal identities and mask the origin of the posts.
18ebef6da99ddb0c_p015,18ebef6da99ddb0c,EVT_00062,india_today,2026-04-16 19:13:37,Officials believe similar attempts to incite unrest had been made earlier through these handles.
18ebef6da99ddb0c_p016,18ebef6da99ddb0c,EVT_00062,india_today,2026-04-16 19:13:37,The findings have raised fresh concerns over the role of cross-border misinformation campaigns in triggering law and order situations in India.
4d8a0c94a3b4bb62_p001,4d8a0c94a3b4bb62,EVT_00062,india_today,2026-04-16 22:47:57,"India, Pakistan navies operate in rare close proximity near Strait of Hormuz"
4d8a0c94a3b4bb62_p002,4d8a0c94a3b4bb62,EVT_00062,india_today,2026-04-16 22:47:57,"Indian and Pakistan naval vessels came unusually close near the Strait of Hormuz amid rising tensions over shipping routes, with both sides escorting energy cargoes as fears grow over disruption in West Asia waters."
4d8a0c94a3b4bb62_p003,4d8a0c94a3b4bb62,EVT_00062,india_today,2026-04-16 22:47:57,"A rare maritime development near the Strait of Hormuz has brought Indian and Pakistan naval operations into unusually close proximity, with warships of both countries observed operating just 18 nautical miles apart amid rising tensions in West Asia waters."
4d8a0c94a3b4bb62_p004,4d8a0c94a3b4bb62,EVT_00062,india_today,2026-04-16 22:47:57,"The movement was reported by open-source intelligence analyst Damien Symon, associated with The Intel Lab, who flagged the proximity of the vessels operating off the coast of Oman."
4d8a0c94a3b4bb62_p005,4d8a0c94a3b4bb62,EVT_00062,india_today,2026-04-16 22:47:57,"“A rare event observed a short while ago: Indian and Pakistani navy vessels are operating just 18 nautical miles apart off the coast of Oman, likely as both countries work to secure their merchant shipping interests amid the West Asia conflict,” Symon said, sharing a map indicating the positioning."
4d8a0c94a3b4bb62_p006,4d8a0c94a3b4bb62,EVT_00062,india_today,2026-04-16 22:47:57,"Shortly after, he noted that a Pakistan-flagged crude oil tanker, Sargodha, was en route to Karachi under Pakistan Navy escort."
4d8a0c94a3b4bb62_p007,4d8a0c94a3b4bb62,EVT_00062,india_today,2026-04-16 22:47:57,"The development comes as both countries step up maritime security measures in and around the Strait of Hormuz, a critical global energy chokepoint."
4d8a0c94a3b4bb62_p008,4d8a0c94a3b4bb62,EVT_00062,india_today,2026-04-16 22:47:57,INDIAN NAVY ESCORTING ENERGY CARGOES
4d8a0c94a3b4bb62_p009,4d8a0c94a3b4bb62,EVT_00062,india_today,2026-04-16 22:47:57,"The Indian Navy has been identifying and escorting India-bound ships carrying liquefied petroleum gas, liquefied natural gas and crude oil under Operation Urja Suraksha, launched to ensure safe passage through volatile waters."
4d8a0c94a3b4bb62_p010,4d8a0c94a3b4bb62,EVT_00062,india_today,2026-04-16 22:47:57,"The operation is aimed at escorting, guiding and safeguarding energy shipments bound for Indian ports as tensions escalate over shipping risks in the region following disruptions linked to West Asia conflict dynamics."
4d8a0c94a3b4bb62_p011,4d8a0c94a3b4bb62,EVT_00062,india_today,2026-04-16 22:47:57,"An official told The Hindu, “We are escorting and, to some extent, helping ships in navigation for smooth movement through the Persian Gulf and the Strait of Hormuz, till the Arabian Sea.”"
4d8a0c94a3b4bb62_p012,4d8a0c94a3b4bb62,EVT_00062,india_today,2026-04-16 22:47:57,The official also said Indian Navy destroyers and frigates are extending protection beyond the Strait as well.
4d8a0c94a3b4bb62_p013,4d8a0c94a3b4bb62,EVT_00062,india_today,2026-04-16 22:47:57,"In recent weeks, the Navy has escorted multiple energy carriers through the region."
4d8a0c94a3b4bb62_p014,4d8a0c94a3b4bb62,EVT_00062,india_today,2026-04-16 22:47:57,"LPG carriers Pine Gas and Jag Vasant, carrying nearly 92,000 tonnes of cooking gas, reached Indian ports between March 26 and 27 after protected transit."
4d8a0c94a3b4bb62_p015,4d8a0c94a3b4bb62,EVT_00062,india_today,2026-04-16 22:47:57,"Other vessels escorted include LPG carriers Shivalik and Nanda Devi, along with crude oil tanker Jag Laadki."
4d8a0c94a3b4bb62_p016,4d8a0c94a3b4bb62,EVT_00062,india_today,2026-04-16 22:47:57,"An Indian-flagged vessel, Jag Vikram, carrying 20,400 metric tonnes of LPG, arrived at Deendayal Port Authority in Gujarat on Wednesday, marking the ninth Indian vessel to exit the Persian Gulf since early March."
4d8a0c94a3b4bb62_p017,4d8a0c94a3b4bb62,EVT_00062,india_today,2026-04-16 22:47:57,Officials said about 15 Indian-flagged ships are still in the region awaiting passage.
4d8a0c94a3b4bb62_p018,4d8a0c94a3b4bb62,EVT_00062,india_today,2026-04-16 22:47:57,"Meanwhile, Pakistan has also stepped up escort operations for its merchant fleet. A Pakistan-flagged crude oil tanker Sargodha was seen moving towards Karachi under naval protection after passing through the Strait."
4d8a0c94a3b4bb62_p019,4d8a0c94a3b4bb62,EVT_00062,india_today,2026-04-16 22:47:57,"Earlier this week, two Pakistani merchant vessels were allowed to cross the Strait of Hormuz to Kuwait and the United Arab Emirates after initially being denied passage by Iranian authorities."
4d8a0c94a3b4bb62_p020,4d8a0c94a3b4bb62,EVT_00062,india_today,2026-04-16 22:47:57,The Strait of Hormuz and the adjoining Gulf of Oman remain critical maritime routes through which a significant share of global oil shipments pass. Increasing naval presence by regional forces reflects growing concerns over potential disruptions to trade flows amid the evolving West Asia situation.
294a5225a8301673_p001,294a5225a8301673,EVT_00073,the_new_indian_express,2026-04-16 08:02:20,"A charged political debate is underway on the first day of the special session of Parliament on Thursday after Union ministers Arjun Ram Meghwal and Amit Shah introduced three bills in the Lok Sabha to amend the women’s quota law and set up a delimitation commission, amid opposition protests calling the proposals ""anti-constitutional."""
294a5225a8301673_p002,294a5225a8301673,EVT_00073,the_new_indian_express,2026-04-16 08:02:20,"Lok Sabha Speaker Om Birla sanctioned a 15–18 hour debate on the three bills, with voting scheduled for 4 pm on Friday."
294a5225a8301673_p003,294a5225a8301673,EVT_00073,the_new_indian_express,2026-04-16 08:02:20,"Defending the bills, Union Law Minister Arjun Ram Meghwal said ""no state will suffer any loss"" due to the implementation of this quota, while Congress MP Gaurav Gogoi accused the government of ""bulldozing"" the delimitation via backdoor using the Women's Reservation Act."
294a5225a8301673_p004,294a5225a8301673,EVT_00073,the_new_indian_express,2026-04-16 08:02:20,"According to the draft Constitution amendment bill, Lok Sabha seats will be increased to a maximum of 850 from the current 543 to ""operationalise"" the women's reservation law before the 2029 parliamentary polls, following a delimitation exercise based on the 2011 Census."
294a5225a8301673_p005,294a5225a8301673,EVT_00073,the_new_indian_express,2026-04-16 08:02:20,"Seats will also be increased in state and Union territory assemblies to accommodate 33 per cent reservation for women. The seats reserved for women in the Lok Sabha and legislative assemblies ""shall be allotted by rotation to different constituencies in a state or Union territory"", the draft bill circulated among Lok Sabha members said."
294a5225a8301673_p006,294a5225a8301673,EVT_00073,the_new_indian_express,2026-04-16 08:02:20,"BJP MP Kangana Ranaut attacked the Congress for questioning the government's intention behind introducing a bill to amend the women's reservation law, and wondered why the opposition party kept the matter hanging for three decades when it was in power."
294a5225a8301673_p007,294a5225a8301673,EVT_00073,the_new_indian_express,2026-04-16 08:02:20,"Participating in a debate in the Lok Sabha, the actor-politician said, ""Sonia Gandhi says why are they (BJP) in a hurry to bring the bill. Should we be like you and let it hang for 30 years?"""
294a5225a8301673_p008,294a5225a8301673,EVT_00073,the_new_indian_express,2026-04-16 08:02:20,Ranaut also said she feels that Prime Minister Narendra Modi is hurrying to deliver justice for women.
294a5225a8301673_p009,294a5225a8301673,EVT_00073,the_new_indian_express,2026-04-16 08:02:20,"""What didn't happen in 60 years, he achieved in 10, be it pucca houses, providing gas cylinders, or inducting women into defence forces. One thing is certain: he is in a hurry to give justice to women."""
294a5225a8301673_p010,294a5225a8301673,EVT_00073,the_new_indian_express,2026-04-16 08:02:20,"Janasena Party MP from Andhra Pradesh, Tangella Uday Srinivas, on Thursday extended support to the women's quota bill, saying India speaks of women-led development under the leadership of Prime Minister Narendra Modi."
294a5225a8301673_p011,294a5225a8301673,EVT_00073,the_new_indian_express,2026-04-16 08:02:20,"Participating in the discussion on the three bills related to women's quota and delimitation in the Lok Sabha, Srinivas said ""this is not a change in words, this is a change in direction, vision""."
294a5225a8301673_p012,294a5225a8301673,EVT_00073,the_new_indian_express,2026-04-16 08:02:20,"""When you give women a seat, they do not just fill it, they transform it,"" Srinivas said."
294a5225a8301673_p013,294a5225a8301673,EVT_00073,the_new_indian_express,2026-04-16 08:02:20,"He also said the bill to amend the women's quota law is a historic beginning, but what follows will define its true success."
294a5225a8301673_p014,294a5225a8301673,EVT_00073,the_new_indian_express,2026-04-16 08:02:20,"""Reservation creates presence, but presence without support or real agency can become tokenism. We can not allow the reserved seats to become inherited positions quietly occupied by wives, daughters or relatives of those already in power,"" Srinivas said."
294a5225a8301673_p015,294a5225a8301673,EVT_00073,the_new_indian_express,2026-04-16 08:02:20,"Congress leader K C Venugopal on Thursday demanded that the proposed amendments to the women's quota law be withdrawn and called for an all-party meeting to discuss its implementation, asserting that the Congress would support and cooperate with the government on this."
294a5225a8301673_p016,294a5225a8301673,EVT_00073,the_new_indian_express,2026-04-16 08:02:20,"""Please withdraw this bill. Call an all-party meeting (on) how to implement the women's reservation bill. We will give good suggestions. We are ready to cooperate with the government. Don't try to sabotage the Indian democracy,"" Venugopal said."
294a5225a8301673_p017,294a5225a8301673,EVT_00073,the_new_indian_express,2026-04-16 08:02:20,"Opposing the Constitution (One Hundred and Thirty-First Amendment) Bill, 2026; the Delimitation Bill, 2026; and the Union Territories Laws (Amendment) Bill, 2026, he said the intention of the government is not to empower women through these laws, but to win elections only."
294a5225a8301673_p018,294a5225a8301673,EVT_00073,the_new_indian_express,2026-04-16 08:02:20,"BJP MP Bansuri Swaraj accused the opposition leaders of attempting to divide the country into north and south for political gains ahead of the Assembly elections in Tamil Nadu, saying that such efforts would fail."
294a5225a8301673_p019,294a5225a8301673,EVT_00073,the_new_indian_express,2026-04-16 08:02:20,"""There are elections in Tamil Nadu, and the leaders of that state, for their political interests, are making efforts to divide the country into north and south. But these efforts will be unsuccessful,"" Swaraj said."
294a5225a8301673_p020,294a5225a8301673,EVT_00073,the_new_indian_express,2026-04-16 08:02:20,"Participating in a debate in the Lok Sabha on three bills introduced for amendments to the women's quota law and setting up a delimitation commission, Swaraj said the women's reservation law is the ultimate destination, while the delimitation process is the road to achieve it."
294a5225a8301673_p021,294a5225a8301673,EVT_00073,the_new_indian_express,2026-04-16 08:02:20,"Delimitation is not a BJP conspiracy but a mandatory constitutional provision needed to implement the Nari Shakti Vandan Adhiniyam, the New Delhi MP said."
294a5225a8301673_p022,294a5225a8301673,EVT_00073,the_new_indian_express,2026-04-16 08:02:20,"Union Home Minister Amit Shah said a ""completely false"" narrative is being spread that the representation of southern states will go down in the Lok Sabha after its strength is increased to 816 seats following the implementation of women's reservation and delimitation of constituencies."
294a5225a8301673_p023,294a5225a8301673,EVT_00073,the_new_indian_express,2026-04-16 08:02:20,"Intervening in the debate in Lok Sabha on the three bills introduced for amendment of the women's quota law and to set up a delimitation commission, Shah said the fact is that the number of seats will go up and power will grow."
294a5225a8301673_p024,294a5225a8301673,EVT_00073,the_new_indian_express,2026-04-16 08:02:20,He said the number of Lok Sabha seats in the five southern states will go up from the present 129 to 195 seats while the percentage of power will increase from 23.76 per cent to 23.87 or almost 24 per cent.
294a5225a8301673_p025,294a5225a8301673,EVT_00073,the_new_indian_express,2026-04-16 08:02:20,"Congress MP Priyanka Gandhi Vadra on Thursday said the party supports women’s reservation, but stressed that the current debate is not about the principle of the quota."
294a5225a8301673_p026,294a5225a8301673,EVT_00073,the_new_indian_express,2026-04-16 08:02:20,"""Congress supports women's reservation but debate not on that; bills smell of politics,"" she said."
294a5225a8301673_p027,294a5225a8301673,EVT_00073,the_new_indian_express,2026-04-16 08:02:20,"She said all sections cannot receive their due share without a caste census, and criticised the government for moving ahead on the basis of the 2011 Census, which does not include updated data on Other Backward Classes (OBCs)."
294a5225a8301673_p028,294a5225a8301673,EVT_00073,the_new_indian_express,2026-04-16 08:02:20,"She added that if the proposed Constitution amendment bill gets passed, democracy in India will be finished."
294a5225a8301673_p029,294a5225a8301673,EVT_00073,the_new_indian_express,2026-04-16 08:02:20,"In a response to Prime Minister Narendra Modi's speech in the Lok Sabha on Thursday, the Congress said the prime minister addressed every issue except delimitation and showed ""willful blindness"" to the concerns of several states in the South, East, Northeast and North."
294a5225a8301673_p030,294a5225a8301673,EVT_00073,the_new_indian_express,2026-04-16 08:02:20,"Congress general secretary in-charge communications, Jairam Ramesh, said that uncharacteristically, ""the non-grihasthi prime minister"" delivered only a 40-minute speech in the Lok Sabha."
294a5225a8301673_p031,294a5225a8301673,EVT_00073,the_new_indian_express,2026-04-16 08:02:20,"""Characteristically, he addressed every matter other than the key issue that is actually at stake in the special session of Parliament â delimitation."
294a5225a8301673_p032,294a5225a8301673,EVT_00073,the_new_indian_express,2026-04-16 08:02:20,"He didn't address a single concern raised around it,"" Ramesh said."
294a5225a8301673_p033,294a5225a8301673,EVT_00073,the_new_indian_express,2026-04-16 08:02:20,"The Congress also claimed that the government's ""insidious attempt"" to subvert the Constitution and hijack the system will undoubtedly face defeat in the Lok Sabha when the three bills to amend the women's quota law and set up a delimitation commission are put to vote."
294a5225a8301673_p034,294a5225a8301673,EVT_00073,the_new_indian_express,2026-04-16 08:02:20,"असामान्य रूप से, स्वयं को बिना गृहस्थ के बताने वाले प्रधानमंत्री ने आज लोकसभा में केवल 40 मिनट का भाषण दिया। और अपने स्वभाव के अनुरूप, उन्होंने हर उस विषय पर बात की, सिवाय उस मुख्य मुद्दे के, जो इस विशेष सत्र का केंद्र है-परिसीमन। इस पर उठाई गई एक भी चिंता का उन्होंने जवाब नहीं…"
294a5225a8301673_p035,294a5225a8301673,EVT_00073,the_new_indian_express,2026-04-16 08:02:20,"— Jairam Ramesh (@Jairam_Ramesh) April 16, 2026"
294a5225a8301673_p036,294a5225a8301673,EVT_00073,the_new_indian_express,2026-04-16 08:02:20,"The ruling NDA lacks the numbers in Parliament to pass the women’s reservation bills with the required two-thirds majority, unless it secures backing from other parties or ensures some members abstain."
294a5225a8301673_p037,294a5225a8301673,EVT_00073,the_new_indian_express,2026-04-16 08:02:20,"The NDA currently has the backing of 293 Lok Sabha members, accounting for 54 per cent of the House, while the opposition holds 233 MPs."
294a5225a8301673_p038,294a5225a8301673,EVT_00073,the_new_indian_express,2026-04-16 08:02:20,"While 7 MPs are independents, seven belong to parties like the YSRCP, AIMIM and Shiromani Akali Dal, which have yet to openly support the bills."
294a5225a8301673_p039,294a5225a8301673,EVT_00073,the_new_indian_express,2026-04-16 08:02:20,"The rules require 360 MPs to support the bills, including the Constitution amendment bill, which comes to two-thirds of those present and voting."
294a5225a8301673_p040,294a5225a8301673,EVT_00073,the_new_indian_express,2026-04-16 08:02:20,"For the bills to get approval from the Lok Sabha, at least two main opposition parties from amongst the Samajwadi Party (37 MPs), Trinamool Congress (28 MPs) or DMK (22 MPs) would have to abstain."
294a5225a8301673_p041,294a5225a8301673,EVT_00073,the_new_indian_express,2026-04-16 08:02:20,"Prime Minister Narendra Modi on Thursday said that Members of Parliament have been given an opportunity to include women in decision-making through the women’s quota law, calling it a key step in India’s development journey."
294a5225a8301673_p042,294a5225a8301673,EVT_00073,the_new_indian_express,2026-04-16 08:02:20,"Addressing the Lok Sabha, he said India is moving ahead in the 21st century with confidence. He added that a truly developed nation is not defined by infrastructure alone, but by the meaningful participation of women in policymaking."
294a5225a8301673_p043,294a5225a8301673,EVT_00073,the_new_indian_express,2026-04-16 08:02:20,Modi said those who opposed reservation for women were “never forgiven” by women in the country and warned that those opposing the bill now would pay a political price for a long time.
294a5225a8301673_p044,294a5225a8301673,EVT_00073,the_new_indian_express,2026-04-16 08:02:20,He further asserted that no injustice will be done to any state while implementing the women's reservation law.
294a5225a8301673_p045,294a5225a8301673,EVT_00073,the_new_indian_express,2026-04-16 08:02:20,"Urging the opposition to pass the amendments to women reservation law unanimously, Modi said, ""I give you a blank cheque for claiming credit on passage of the women's quota bill""."
294a5225a8301673_p046,294a5225a8301673,EVT_00073,the_new_indian_express,2026-04-16 08:02:20,"He urged MPs not to miss the opportunity to implement the quota, stressing that it should not be viewed through a political lens."
294a5225a8301673_p047,294a5225a8301673,EVT_00073,the_new_indian_express,2026-04-16 08:02:20,"He also said the issue should not be given a political colour, adding that if all parties move forward together, the decision would strengthen the country’s democracy rather than benefit any single party."
294a5225a8301673_p048,294a5225a8301673,EVT_00073,the_new_indian_express,2026-04-16 08:02:20,"In a jibe at the DMK for the black attire protest, Modi said that he thanks them for putting 'Kala Tika' on bills to ward off evil eye."
294a5225a8301673_p049,294a5225a8301673,EVT_00073,the_new_indian_express,2026-04-16 08:02:20,"Highlighting his own background, Modi said he comes from a “most backward community” but sees it as his responsibility to take everyone along."
294a5225a8301673_p050,294a5225a8301673,EVT_00073,the_new_indian_express,2026-04-16 08:02:20,"#ParliamentSession2026 | This is an important moment for India's democracy. This should have been implemented long ago, and it will provide an opportunity for half the population to participate in policy-making: PM #NarendraModi in #LokSabha. #Delimitation… pic.twitter.com/YcQABhadWK"
294a5225a8301673_p051,294a5225a8301673,EVT_00073,the_new_indian_express,2026-04-16 08:02:20,"— The New Indian Express (@NewIndianXpress) April 16, 2026"
294a5225a8301673_p052,294a5225a8301673,EVT_00073,the_new_indian_express,2026-04-16 08:02:20,Union Home Minister Amit Shah said on Thursday that Muslims will not be given reservation on the basis of religion as such a quota would be unconstitutional.
294a5225a8301673_p053,294a5225a8301673,EVT_00073,the_new_indian_express,2026-04-16 08:02:20,"During a fiery 40-minute debate, following which three bills were introduced in the Lok Sabha for amendment of the women's quota law and to set up a delimitation commission, Shah said a caste census will be carried out along with population enumeration during the ongoing census exercise."
294a5225a8301673_p054,294a5225a8301673,EVT_00073,the_new_indian_express,2026-04-16 08:02:20,"""The question of providing reservation to Muslim women on the basis of religion does not even arise. Our Constitution does not allow at all to give reservation on the basis of religion. I want to make it clear our government's resolve that Muslims will not be given reservation on the basis of religion. Such reservation is unconstitutional,"" a combative Shah said after the Samajwadi Party's Akhilesh Yadav and Dharmendra Yadav spoke in favour of giving a quota to Muslims."
294a5225a8301673_p055,294a5225a8301673,EVT_00073,the_new_indian_express,2026-04-16 08:02:20,"""Right now, the counting of households is underway and the households do not have any caste. If the Samajwadi Party had its way, they would determine the caste of households as well,"" he said."
294a5225a8301673_p056,294a5225a8301673,EVT_00073,the_new_indian_express,2026-04-16 08:02:20,"Shah also said ""if the Samajwadi Party gives all its tickets to Muslim women, where do we have any objection, we have no objections at all."" He said that during the population enumeration, the census authorities would keep a provision for caste enumeration, ""which I personally want too."""
294a5225a8301673_p057,294a5225a8301673,EVT_00073,the_new_indian_express,2026-04-16 08:02:20,"""I want to make it clear that this census will be conducted along with caste enumeration,"" the home minister said."
294a5225a8301673_p058,294a5225a8301673,EVT_00073,the_new_indian_express,2026-04-16 08:02:20,"Samajwadi Party chief Akhilesh Yadav alleged the women’s reservation bill was driven by electoral motives, claiming it was aimed at helping the BJP stay in power rather than delivering reform."
294a5225a8301673_p059,294a5225a8301673,EVT_00073,the_new_indian_express,2026-04-16 08:02:20,"Speaking during the debate in Lok Sabha, Akhilesh took a dig at the government on the Women’s Reservation Bill, saying, ""BJP has made ‘Nari’ (women) their ‘Nara’ (slogan)."""
294a5225a8301673_p060,294a5225a8301673,EVT_00073,the_new_indian_express,2026-04-16 08:02:20,"He said the party would not succeed, citing discontent among women over rising household costs and shortages of essentials such as LPG cylinders, adding the BJP’s ""dice will not suffice."""
294a5225a8301673_p061,294a5225a8301673,EVT_00073,the_new_indian_express,2026-04-16 08:02:20,"""The BJP’s vote is reducing and they are bringing reservation for that. The BJP is playing this ploy through women, but the most troubled are women. Their kitchens have been empty,"" Yadav said."
294a5225a8301673_p062,294a5225a8301673,EVT_00073,the_new_indian_express,2026-04-16 08:02:20,"BJP MP Tejasvi Surya defended the government’s delimitation push, accusing the opposition of ""misleading"" southern states and calling it the ""best deal"" for the South and smaller states that have controlled population growth."
294a5225a8301673_p063,294a5225a8301673,EVT_00073,the_new_indian_express,2026-04-16 08:02:20,"""Opposition is misleading the people of southern states. This is the best deal the Modi government has provided to the South and smaller states that have controlled their population,"" he told the Lok Sabha."
294a5225a8301673_p064,294a5225a8301673,EVT_00073,the_new_indian_express,2026-04-16 08:02:20,"Tejasvi said the Constitution mandates delimitation in 2026 and the government was acting to fulfil that requirement, while accusing Congress governments of ""politics of postponement."""
294a5225a8301673_p065,294a5225a8301673,EVT_00073,the_new_indian_express,2026-04-16 08:02:20,"He rejected Telangana Chief Minister Revanth Reddy’s GSDP-linked delimitation model as ""unconstitutiona"", ""ludicrous"" and ""laughable"", arguing GDP cannot be the basis for seat allocation."
294a5225a8301673_p066,294a5225a8301673,EVT_00073,the_new_indian_express,2026-04-16 08:02:20,"Surya also criticised DMK protests in Tamil Nadu as ""drama"" and accused the opposition of opposing the bills ""for the sake of opposing."""
294a5225a8301673_p067,294a5225a8301673,EVT_00073,the_new_indian_express,2026-04-16 08:02:20,"Congress president Mallikarjun Kharge on Thursday said that the opposition stands united in opposing the delimitation bill ""disguised as women's reservation."""
294a5225a8301673_p068,294a5225a8301673,EVT_00073,the_new_indian_express,2026-04-16 08:02:20,"""The Opposition will not allow Parliament to be hijacked by flawed delimitation bills disguised as Women's Reservation. We stand united and will fight this devious assault on our Democracy with all our strength,"" Kharge posted on X."
294a5225a8301673_p069,294a5225a8301673,EVT_00073,the_new_indian_express,2026-04-16 08:02:20,"Gaurav Gogoi, the Congress' Deputy leader in Lok Sabha, told the House that the government’s bills were not aimed at women’s reservation, but were intended to ""push delimitation through the backdoor."""
294a5225a8301673_p070,294a5225a8301673,EVT_00073,the_new_indian_express,2026-04-16 08:02:20,"Gogoi claimed the government is ""bulldozing"" delimitation in the name of women’s reservation and called for the quota to be implemented on the current strength of 543 Lok Sabha seats, not linked to delimitation."
294a5225a8301673_p071,294a5225a8301673,EVT_00073,the_new_indian_express,2026-04-16 08:02:20,"He flayed the Government for ""creating obstacles repeatedly"" and accused it of not being in favour of women's reservation and caste census."
294a5225a8301673_p072,294a5225a8301673,EVT_00073,the_new_indian_express,2026-04-16 08:02:20,"""You are again and again creating hurdles for women's reservation. If you had listened to us in 2023, women's reservation would have been implemented in 2024. We are urging that women's reservation should not be linked with delimitation. If you do that, we will definitely support it. This bill is not for women's reservation, but it is for delimitation through the back door,"" Gogoi said."
294a5225a8301673_p073,294a5225a8301673,EVT_00073,the_new_indian_express,2026-04-16 08:02:20,"Defending the proposed legislations, Union Law Minister Arjun Ram Meghwal said there would be an equal increase in the strength of the Lok Sabha to 815 seats, of which 272 would be reserved for women, adding that neither men nor any state would suffer any loss after the implementation of the quota."
294a5225a8301673_p074,294a5225a8301673,EVT_00073,the_new_indian_express,2026-04-16 08:02:20,"Meghwal also added that there will be quota for women belonging to SC, ST within the women quota in Lok Sabha and state assemblies."
294a5225a8301673_p075,294a5225a8301673,EVT_00073,the_new_indian_express,2026-04-16 08:02:20,"""There will be an equal, 50 percent increase in the strength of Lok Sabha members, and this will translate to 815 seats, of which 272 will be reserved for women, which comes to one-third of the strength of the House. There will be no loss to anyone (states), and they will retain their strength,"" Meghwal told the Lok Sabha."
294a5225a8301673_p076,294a5225a8301673,EVT_00073,the_new_indian_express,2026-04-16 08:02:20,"Speaking in Lok Sabha, Union Minister Kiren Rijiju says, ""The discussion will be held for 12 hours. The speaker should have the authority to extend the time for discussion. The voting on the bills will be done tomorow."""
294a5225a8301673_p077,294a5225a8301673,EVT_00073,the_new_indian_express,2026-04-16 08:02:20,"Speaker Om Birla says, ""Discussion on these three bills will be held for 15-18 hours. Voting on these bills will be done at 4 pm tomorrow."""
294a5225a8301673_p078,294a5225a8301673,EVT_00073,the_new_indian_express,2026-04-16 08:02:20,"Constitution amendment bill to tweak women quota law -- officially known as the Constitution (One Hundred and Sixth Amendment) Act, 2023 -- introduced in Lok Sabha after division of votes. As many as 251 members support introduction of bill to amend women quota law. 185 oppose it."
294a5225a8301673_p079,294a5225a8301673,EVT_00073,the_new_indian_express,2026-04-16 08:02:20,"Lok Sabha allowed the introduction of the Constitution (One Hundred and Thirty-First Amendment) Bill, 2026, aiming to expand the Lok Sabha's strength from 543 to 850 members, after 207 MPs vote for and 126 members voted against the legislation after Opposition pressed for division of votes to introduce bill to tweak women quota law."
294a5225a8301673_p080,294a5225a8301673,EVT_00073,the_new_indian_express,2026-04-16 08:02:20,"Law Minister Arjun Ram Meghwal proposed to introduce the Constitution (One Hundred and Thirty-First Amendment) Bill, 2026, in the Lok Sabha."
294a5225a8301673_p081,294a5225a8301673,EVT_00073,the_new_indian_express,2026-04-16 08:02:20,"Home Minister Amit Shah proposed to introduce the Union Territories Laws (Amendment) Bill, 2026, in the Lok Sabha. Law Minister Arjun Ram Meghwal proposes to introduce the Delimitation Bill, 2026 in the Lok Sabha"
294a5225a8301673_p082,294a5225a8301673,EVT_00073,the_new_indian_express,2026-04-16 08:02:20,Rajya Sabha proceedings were adjourned till Friday morning after oath-taking by newly elected members and obituary references.
294a5225a8301673_p083,294a5225a8301673,EVT_00073,the_new_indian_express,2026-04-16 08:02:20,"BJP national president Nitin Nabin was among those who took oath as a Rajya Sabha member. The newly elected MPs represent Assam, Bihar, Haryana, Chhattisgarh, Himachal Pradesh, Telangana, Odisha and Maharashtra."
294a5225a8301673_p084,294a5225a8301673,EVT_00073,the_new_indian_express,2026-04-16 08:02:20,"The MPs who took the oath are Terash Gowalla (BJP), Jogen Mohan (BJP), and Pramod Boro (UPP-L), all from Assam."
294a5225a8301673_p085,294a5225a8301673,EVT_00073,the_new_indian_express,2026-04-16 08:02:20,"Nabin, Upendra Kushwaha (RLM), Ram Nath Thakur (JDU), and Shivesh Kumar (BJP) have been elected from Bihar; while Laxmi Verma (BJP) and Phulo Devi Netam (Congress) represent Chhattisgarh."
294a5225a8301673_p086,294a5225a8301673,EVT_00073,the_new_indian_express,2026-04-16 08:02:20,"Karamvir Singh Boudh (Congress) and Sanjay Bhatia (BJP) represent Haryana, while Anurag Sharma of Congress has been elected from Himachal Pradesh."
294a5225a8301673_p087,294a5225a8301673,EVT_00073,the_new_indian_express,2026-04-16 08:02:20,"Others who took the oath were Vinod Shridhar Tawde (BJP, Maharashtra) and Sujeet Kumar (BJP, Odisha)."
294a5225a8301673_p088,294a5225a8301673,EVT_00073,the_new_indian_express,2026-04-16 08:02:20,"Abhishek Manu Singhvi and Vem Narendar Reddy, both from Congress, represent Telangana."
294a5225a8301673_p089,294a5225a8301673,EVT_00073,the_new_indian_express,2026-04-16 08:02:20,"Opposing the bills introduced by the Centre, DMK’s TR Baalu said in the Lok Sabha, ""We favour the 2023 women’s quota law, but the present bill is aimed at delimitation."""
294a5225a8301673_p090,294a5225a8301673,EVT_00073,the_new_indian_express,2026-04-16 08:02:20,"Earlier in the day, Tamil Nadu Chief Minister MK Stalin hoisted a black flag and burnt a copy of the proposed Delimitation Bill, intensifying his protest against the Centre’s move to table the legislation in Parliament."
294a5225a8301673_p091,294a5225a8301673,EVT_00073,the_new_indian_express,2026-04-16 08:02:20,DMK members were dressed in black clothes in LS to protest amendments to women reservation law.
294a5225a8301673_p092,294a5225a8301673,EVT_00073,the_new_indian_express,2026-04-16 08:02:20,CPI(M) Rajya Sabha MP John Brittas said parliamentary assemblies could become “dysfunctional” if the number of members increases following delimitation.
294a5225a8301673_p093,294a5225a8301673,EVT_00073,the_new_indian_express,2026-04-16 08:02:20,"""The governement is using people, especially Women Reservation Bill, for their own reputation and political image… After 543 seats, and especially after delimitation, people are asking what will happen. It is not about North-South divide, but there is a fear that parliamentary assemblies could become dysfunctional if the number of members increases too much, like 815 members, making it difficult to manage effectively,"" he said."
294a5225a8301673_p094,294a5225a8301673,EVT_00073,the_new_indian_express,2026-04-16 08:02:20,"""If this balance of representation is disturbed, even leaders like Gandhi or Atal Bihari Vajpayee would have found it problematic. There is concern that such changes may not be good governance and may not serve the country well,"" Brittas addded."
294a5225a8301673_p095,294a5225a8301673,EVT_00073,the_new_indian_express,2026-04-16 08:02:20,"Samajwadi Party protested the bills seeking changes to the women’s quota law, questioning the move to delink delimitation from the Census. Calling for wider inclusion, SP’s Dharmendra Yadav said women from backward classes must be accommodated in the quota for Parliament."
294a5225a8301673_p096,294a5225a8301673,EVT_00073,the_new_indian_express,2026-04-16 08:02:20,"Samajwadi Party chief Akhilesh Yadav questioned the rush to introduce the bills. “We support women’s reservation in legislatures, but why not conduct the Census?” he asked in the Lok Sabha."
294a5225a8301673_p097,294a5225a8301673,EVT_00073,the_new_indian_express,2026-04-16 08:02:20,"Responding to Akhilesh, HM Amit Shah said, ""Akhilesh Yadav asked why the census is not being conducted. I want to inform the entire country that the census process has already begun. The government has taken a decision to conduct a caste census, and the enumeration is being carried out along with caste data."""
294a5225a8301673_p098,294a5225a8301673,EVT_00073,the_new_indian_express,2026-04-16 08:02:20,"""If it were up to the Samajwadi Party, they would even assign castes to households. Dharmendra Yadav spoke about giving reservations to Muslim women. This is unconstitutional. Reservation based on religion is unconstitutional,"" he added."
294a5225a8301673_p099,294a5225a8301673,EVT_00073,the_new_indian_express,2026-04-16 08:02:20,"As the Centre introduced the delimitation and women’s quota bills in the Lok Sabha, Congress MP KC Venugopal launched a scathing attack, questioning why proposed changes to the women’s quota law were being incorporated when it had already been passed by Parliament."
294a5225a8301673_p100,294a5225a8301673,EVT_00073,the_new_indian_express,2026-04-16 08:02:20,"""I object to the bill introduced by Union Ministers Arjun Ram Meghwal and Amit Shah. This bill is a fundamental attack on the Indian federal structure. What exactly is the intention of this bill? The parliament passed the bill in both Lok Sabha and Rajya Sabha, ensuring 33 per cent reservation of women,"" Venugopal said in the House."
294a5225a8301673_p101,294a5225a8301673,EVT_00073,the_new_indian_express,2026-04-16 08:02:20,"To this Union Home Minister Amit Shah responded claiming Venugopal ""cannot speak on the merits of bills, and he can raise only technical objections to the introduction of the bills."" He added that the government ""will give a strong reply to the Opposition during the debate."""
294a5225a8301673_p102,294a5225a8301673,EVT_00073,the_new_indian_express,2026-04-16 08:02:20,Union Law Minister Arjun Ram Meghwal and Home Minister Amit Shah moves to introduce bills to tweak women quota law and set up delimitation panel.
294a5225a8301673_p103,294a5225a8301673,EVT_00073,the_new_indian_express,2026-04-16 08:02:20,"Shah introduced a bill in the Lok Sabha to amend the Women’s Reservation Act, 2023, officially known as the Constitution (One Hundred and Sixth Amendment) Act, 2023, which reserves one-third of seats in the Lok Sabha and state assemblies for women ahead of the 2029 general elections."
294a5225a8301673_p104,294a5225a8301673,EVT_00073,the_new_indian_express,2026-04-16 08:02:20,"Meghwal proposed to introduce the Constitution (One Hundred and Thirty-First Amendment) Bill, 2026, in the Lok Sabha, aiming to expand the Lok Sabha's strength from 543 to 850 members."
294a5225a8301673_p105,294a5225a8301673,EVT_00073,the_new_indian_express,2026-04-16 08:02:20,"Prior to the proceedings, Opposition parties under the INDIA bloc met in the Parliament premises on Thursday to chalk out their strategy for the special session, focusing on their stand on the Women's Reservation Bill and the proposed delimitation Bill. Opposition parties are set to bills, including those on women's reservation and delimitation, in both Houses of Parliament."
294a5225a8301673_p106,294a5225a8301673,EVT_00073,the_new_indian_express,2026-04-16 08:02:20,The three-day special session of Parliament with focus on women's reservation and delimitation is underway.
294a5225a8301673_p107,294a5225a8301673,EVT_00073,the_new_indian_express,2026-04-16 08:02:20,"Union Law Minister Arjun Ram Meghwal on Thursday said that discussions regarding the Women's Reservation Bill and the proposed delimitation exercise would take place in Parliament. ""Further discussions on this will take place in the House,"" Meghwal told ANI, responding to queries on the Women's Reservation Bill and delimitation."
294a5225a8301673_p108,294a5225a8301673,EVT_00073,the_new_indian_express,2026-04-16 08:02:20,"The three important bills are likely to be introduced in the special session of Parliament starting today, including one to reserve seats for women in the 2029 Lok Sabha elections and another to redraw constituency boundaries. The opposition has raised concerns about the reasons for changing these boundaries and increasing the number of Lok Sabha seats from 543 to a maximum of 850."
294a5225a8301673_p109,294a5225a8301673,EVT_00073,the_new_indian_express,2026-04-16 08:02:20,The Congress on Thursday said the true intent of the bills being brought by the government in the garb of implementing women's quota law is mischievous and they have to be rejected completely in their present shape and form.
294a5225a8301673_p110,294a5225a8301673,EVT_00073,the_new_indian_express,2026-04-16 08:02:20,Congress general secretary in-charge communications Jairam Ramesh said the three bills are being taken up in Lok Sabha and the packaging and marketing is women's reservation but the fundamentals have to do with delimitation.
294a5225a8301673_p111,294a5225a8301673,EVT_00073,the_new_indian_express,2026-04-16 08:02:20,"""Many concerns have been raised from across the country regarding the delimitation proposals that privilege a few populous states where the BJP is strong now. The relative strength of a number of states in the Lok Sabha will actually decline,"" Ramesh said on X."
294a5225a8301673_p112,294a5225a8301673,EVT_00073,the_new_indian_express,2026-04-16 08:02:20,"The way delimitation has actually been done in Assam and Jammu and Kashmir shows how ""diabolically the Modi-Shah duo work"" he said."
294a5225a8301673_p113,294a5225a8301673,EVT_00073,the_new_indian_express,2026-04-16 08:02:20,"""The true intent of these Bills is mischievous, their content devious, and their damage enormous. They have to be rejected completely in their present shape and form,"" Ramesh asserted."
294a5225a8301673_p114,294a5225a8301673,EVT_00073,the_new_indian_express,2026-04-16 08:02:20,"""The Opposition demand is simple: Reserve one-third of the current strength of the Lok Sabha of 543 for women along with reservation for women belonging to SC, ST, and OBC communities,"" he said."
294a5225a8301673_p115,294a5225a8301673,EVT_00073,the_new_indian_express,2026-04-16 08:02:20,"This was the Opposition's position in 2023 and this continues to be the position even now, he added."
294a5225a8301673_p116,294a5225a8301673,EVT_00073,the_new_indian_express,2026-04-16 08:02:20,Three Bills are being taken up in the Lok Sabha. The packaging and marketing is women’s reservation but the fundamentals have to do with delimitation.
294a5225a8301673_p117,294a5225a8301673,EVT_00073,the_new_indian_express,2026-04-16 08:02:20,"— Jairam Ramesh (@Jairam_Ramesh) April 16, 2026"
294a5225a8301673_p118,294a5225a8301673,EVT_00073,the_new_indian_express,2026-04-16 08:02:20,Many concerns have been raised from across the country regarding the delimitation proposals that privilege a few populous…
294a5225a8301673_p119,294a5225a8301673,EVT_00073,the_new_indian_express,2026-04-16 08:02:20,"Delimitation Bill, 2026 (replacing the 2002 law), proposes expanding Lok Sabha from 543 to 850 seats based on 2011 Census. Law to override existing provisions. Delimitation Act, 2002, to be repealed."
294a5225a8301673_p120,294a5225a8301673,EVT_00073,the_new_indian_express,2026-04-16 08:02:20,"Centre to constitute a Delimitation Commission via notification, which will redraw Lok Sabha and Assembly seats using 2011 Census data."
294a5225a8301673_p121,294a5225a8301673,EVT_00073,the_new_indian_express,2026-04-16 08:02:20,"Commission to be headed by current or former Supreme Court judge; Chief Election Commissioner or an Election Commissioner nominated by the CEC, and the concerned State Election Commissioner to serve as ex-officio members."
294a5225a8301673_p122,294a5225a8301673,EVT_00073,the_new_indian_express,2026-04-16 08:02:20,"Commission’s term to be fixed, with provision for extension by Centre"
294a5225a8301673_p123,294a5225a8301673,EVT_00073,the_new_indian_express,2026-04-16 08:02:20,"Mandate includes seat allocation to states/UTs and redrawing constituencies. Up to 10 associate members per state (MPs, MLAs) to assist the exercise. Commission can seek inputs from Census officials, Surveyor General, GIS experts"
294a5225a8301673_p124,294a5225a8301673,EVT_00073,the_new_indian_express,2026-04-16 08:02:20,"Constituencies to be geographically compact, factoring boundaries and connectivity. Draft proposals to be published; objections invited before finalisation."
294a5225a8301673_p125,294a5225a8301673,EVT_00073,the_new_indian_express,2026-04-16 08:02:20,"Tamil Nadu Chief Minister MK Stalin on Thursday hoisted a black flag and burnt a copy of the proposed Delimitation Bill, intensifying his protest against the Centre’s move to table the legislation in Parliament."
294a5225a8301673_p126,294a5225a8301673,EVT_00073,the_new_indian_express,2026-04-16 08:02:20,"The symbolic protest is part of a larger statewide call given by him, urging people to hoist black flags at their homes, in streets, and at commercial establishments to express opposition."
294a5225a8301673_p127,294a5225a8301673,EVT_00073,the_new_indian_express,2026-04-16 08:02:20,"After burning the bill, slogans of “Tamil Nadu will fight” and “We will win together” were raised by the Chief Minister and others present."
294a5225a8301673_p128,294a5225a8301673,EVT_00073,the_new_indian_express,2026-04-16 08:02:20,"Ahead of the special Parliament sitting, Prime Minister Narendra Modi on Friday said that India was set to take a ""historic step"" towards women's empowerment."
294a5225a8301673_p129,294a5225a8301673,EVT_00073,the_new_indian_express,2026-04-16 08:02:20,"""Starting today, in the special session of Parliament, our country is all set to take a historic step towards women's empowerment. The respect for our mothers and sisters is the respect for the nation, and with this very spirit, we are moving forward resolutely in this direction,"" the PM posted on X."
294a5225a8301673_p130,294a5225a8301673,EVT_00073,the_new_indian_express,2026-04-16 08:02:20,The Centre has called a special sitting of Parliament from April 16 to 18.
294a5225a8301673_p131,294a5225a8301673,EVT_00073,the_new_indian_express,2026-04-16 08:02:20,The government is planning to implement the women's reservation ahead of the 2029 General Elections by bringing in an amendment to the 2023 Act and a constitutional amendment to delink the delimitation process from the 2027 census.
294a5225a8301673_p132,294a5225a8301673,EVT_00073,the_new_indian_express,2026-04-16 08:02:20,"The government has proposed to increase the number of seats in the House to 850, with 815 seats proposed for the States and the remaining 35 for the Union Territories. The Lok Sabha has 543 seats at present."
294a5225a8301673_p133,294a5225a8301673,EVT_00073,the_new_indian_express,2026-04-16 08:02:20,"The opposition to the proposed delimitation bill has been mounting for a long time and has escalated after the Centre's recent approval of draft amendment bills to operationalise the Nari Shakti Vandan Adhiniyam, 2023. The opposition has also objected to haste in convening a special Parliament sitting amid the election season."
294a5225a8301673_p134,294a5225a8301673,EVT_00073,the_new_indian_express,2026-04-16 08:02:20,"Union Home Minister Amit Shah, along with Law Minister Arjun Ram Meghwal, is set to table the amendment to the Nari Shakti Vandan Adhiniyam at the special three-day sitting of the Budget Session."
294a5225a8301673_p135,294a5225a8301673,EVT_00073,the_new_indian_express,2026-04-16 08:02:20,Prime Minister Narendra Modi is likely to address the special session of Parliament this afternoon.
294a5225a8301673_p136,294a5225a8301673,EVT_00073,the_new_indian_express,2026-04-16 08:02:20,"The Nari Shakti Vandan Adhiniyam, which provides for 33 per cent reservation for women legislators, is linked to the delimitation process in the Lok Sabha. The government is planning to implement the women's reservation ahead of the 2029 General Elections by bringing in an amendment to the 2023 Act and a constitutional amendment to delink the delimitation process from the 2027 census."
294a5225a8301673_p137,294a5225a8301673,EVT_00073,the_new_indian_express,2026-04-16 08:02:20,"Opposition parties across the country have questioned the BJP-led NDA government over delimitation, expressing concern over the proposed exercise that has seen southern non-BJP CMs rally together, expressing concern over their state's interests."
294a5225a8301673_p138,294a5225a8301673,EVT_00073,the_new_indian_express,2026-04-16 08:02:20,"Opposition leaders raised concerns over the lack of consensus and timing of the session and have resolved to vote against the amendments in Parliament, Congress president Mallikarjun Kharge said."
294a5225a8301673_p139,294a5225a8301673,EVT_00073,the_new_indian_express,2026-04-16 08:02:20,"Kharge said in Delhi that several opposition parties have decided to unitedly vote against the delimitation provisions in the Constitution amendment bill in Parliament, while asserting that they are not against womens' reservation. They were opposed to the manner in which the bill is being brought."
294a5225a8301673_p140,294a5225a8301673,EVT_00073,the_new_indian_express,2026-04-16 08:02:20,"""All of us are in favour of the women reservation bill, but have reservations on the way in which it is being brought. It is politically motivated. Just to gag and suppress opposition parties, the government is doing this,"" Kharge said."
294a5225a8301673_p141,294a5225a8301673,EVT_00073,the_new_indian_express,2026-04-16 08:02:20,"""We are continuously supporting women's reservation. We are insisting that an earlier amendment that was passed be implemented. They (the BJP-led government) are playing tricks with delimitation. Therefore, all parties have taken a decision unitedly to oppose this bill,"" he added."
294a5225a8301673_p142,294a5225a8301673,EVT_00073,the_new_indian_express,2026-04-16 08:02:20,"Parliament is set for a high-stakes showdown during a special session from April 16 to 18, as the Union government moves to amend the Nari Shakti Vandan Adhiniyam (Women’s Reservation Act) and introduce a delimitation bill to expand the Lok Sabha to 850 seats."
294a5225a8301673_p143,294a5225a8301673,EVT_00073,the_new_indian_express,2026-04-16 08:02:20,"The core issue is delimitation, which opposition parties say would reduce representation for southern states while favouring northern ones. They have urged the government not to link the delimitation exercise with the implementation of the women’s reservation law."
294a5225a8301673_p144,294a5225a8301673,EVT_00073,the_new_indian_express,2026-04-16 08:02:20,"The government plans to operationalise the Nari Shakti Vandan Adhiniyam (106th Constitutional Amendment Act, 2023), which reserves one-third of seats in the Lok Sabha and state assemblies for women, ahead of the 2029 general elections through an amendment to the 2023 law."
294a5225a8301673_p145,294a5225a8301673,EVT_00073,the_new_indian_express,2026-04-16 08:02:20,"It will also introduce the Constitution (131st Amendment) Bill, 2026, proposing to expand the Lok Sabha to 850 seats and amend Articles 81 and 82. The bill seeks to delink delimitation from the 2027 census, allowing the exercise to be based on pre-2026 population data."
294a5225a8301673_p146,294a5225a8301673,EVT_00073,the_new_indian_express,2026-04-16 08:02:20,"Three bills are slated for the April 16–18 session: the Constitution (One Hundred and Thirty-First Amendment) Bill, 2026, the Delimitation Bill, 2026, and the Union Territories Laws (Amendment) Bill, 2026."
294a5225a8301673_p147,294a5225a8301673,EVT_00073,the_new_indian_express,2026-04-16 08:02:20,"The proposed expansion would raise Lok Sabha seats from the current 543 to 850, including 815 seats for states and 35 for union territories."
9cbc3a7b463b109c_p001,9cbc3a7b463b109c,EVT_00073,ndtv,2026-04-16 18:25:47,"Union home minister Amit Shah, speaking during the debate in parliament on the women's reservation bill, said the southern states are spinning a false narrative on delimitation and presented data, which, he said, proves that even the south will gain after delimitation. The Opposition is standing firmly against the Constitution amendment bills tabled today, clarifying that while they are not against reservation for women, the government's move to club delimitation with quota is an opportunistic plan to ""gerrymander"" Lok Sabha seats to its advantage for the 2029 elections."
9cbc3a7b463b109c_p002,9cbc3a7b463b109c,EVT_00073,ndtv,2026-04-16 18:25:47,"The Opposition's biggest grouse is that a population-based delimitation using the 2011 census data will push southern states to the fringes of parliament, leaving the Hindi heartland in the driver's seat. This, they have contended, goes against the principles of federalism, where every state should be given equal importance and representation in parliament. The Opposition has contended that they will remove their roadblock if the women's bill is delinked from delimitation."
9cbc3a7b463b109c_p003,9cbc3a7b463b109c,EVT_00073,ndtv,2026-04-16 18:25:47,"The government has said the planned 50 per cent increase in seats will give more seats to every state in south India. Giving examples today, Shah said Tamil Nadu will get 20 more seats, Kerala 10, Telangana 9 and Andhra Pradesh 13 seats. Maharashtra, which after Uttar Pradesh, has the second highest number of MPs in the Lok Sabha, will gain 24 more seats."
9cbc3a7b463b109c_p004,9cbc3a7b463b109c,EVT_00073,ndtv,2026-04-16 18:25:47,"* Karnataka: Seats to rise from 28 to 42, share remains broadly stable at about 5.1 per cent"
9cbc3a7b463b109c_p005,9cbc3a7b463b109c,EVT_00073,ndtv,2026-04-16 18:25:47,"* Andhra Pradesh: A rise from 25 to 38 seats, seat share rises slightly from about 4.6 per cent to 4.65 per cent"
9cbc3a7b463b109c_p006,9cbc3a7b463b109c,EVT_00073,ndtv,2026-04-16 18:25:47,* Telangana: 17 to 26 seats -- seat share increases from 3.13 per cent to 3.18 per cent
9cbc3a7b463b109c_p007,9cbc3a7b463b109c,EVT_00073,ndtv,2026-04-16 18:25:47,* Tamil Nadu: 39 to 59 seats -- share moves from 7.18 per cent to about 7.23 per cent
9cbc3a7b463b109c_p008,9cbc3a7b463b109c,EVT_00073,ndtv,2026-04-16 18:25:47,* Kerala: 20 to 30 seats -- share remains nearly unchanged at about 3.67 per cent
9cbc3a7b463b109c_p009,9cbc3a7b463b109c,EVT_00073,ndtv,2026-04-16 18:25:47,Shah said the total number of Lok Sabha seats in the five southern states will go up from the current 129 seats to 195 while the percentage of power will increase from 23.76 per cent to 23.87 per cent.
9cbc3a7b463b109c_p010,9cbc3a7b463b109c,EVT_00073,ndtv,2026-04-16 18:25:47,"""They asked where the figure of 850 came from. I will explain it. This figure of 850 is derived in the following way: Hypothetically, if there are 100 seats and 33 per cent reservation is to be given to women, then increasing the total seats by 50 per cent makes it 150. And when the reservation is applied as 33 per cent of 150, it automatically comes back to 100 seats,"" he said."
9cbc3a7b463b109c_p011,9cbc3a7b463b109c,EVT_00073,ndtv,2026-04-16 18:25:47,"""So, with 543 members currently sitting, there will be a 50 per cent increase, and when 33 per cent is reserved for mothers, then all 543 seats will be open where women can also contest. So this 50 per cent has come about in this way. And 850 is a round figure -- 816 will be the exact number. They will ask again why this was done -- even now -- the round figure is not 543, it is more than 543,"" Shah added."
9cbc3a7b463b109c_p012,9cbc3a7b463b109c,EVT_00073,ndtv,2026-04-16 18:25:47,"To implement women's quota, the government has planned to conduct delimitation on basis of the 2011 data and then increase the figure by 50 per cent so the numbers in the Lok Sabha add up to 816."
9cbc3a7b463b109c_p013,9cbc3a7b463b109c,EVT_00073,ndtv,2026-04-16 18:25:47,The Delimitation Bill states that the total number of seats will be increased. The boundaries of the electoral constituencies will be redrawn on the basis of 2011 Census data.
9cbc3a7b463b109c_p014,9cbc3a7b463b109c,EVT_00073,ndtv,2026-04-16 18:25:47,"Seven articles of the constitution will be amended through the bills -- Articles 55, 81, 82, 170, 330, 332, and 334(a)."
9cbc3a7b463b109c_p015,9cbc3a7b463b109c,EVT_00073,ndtv,2026-04-16 18:25:47,"Shah also said the Delimitation Commission law is ""strictly in accordance with the existing law"". ""There is no change. It will not impact the ongoing elections,"" he added."
9cbc3a7b463b109c_p016,9cbc3a7b463b109c,EVT_00073,ndtv,2026-04-16 18:25:47,The numbers in parliament indicate that the government could be in a tight spot if the Opposition stands together. A constitution amendment bill requires a two-thirds majority in terms of the members present and voting in each house of parliament.
9cbc3a7b463b109c_p017,9cbc3a7b463b109c,EVT_00073,ndtv,2026-04-16 18:25:47,"Given the effective strength of 541 in the Lok Sabha, the two-thirds mark stands at 360. The ruling NDA which has 293 members, falls short by 67 seats. The magic number for the Rajya Sabha is 163 and the NDA's strength of 142-plus members leaves it 21 seats short of majority mark."
b15b01acc3e4ca81_p001,b15b01acc3e4ca81,EVT_00073,the_hindu,2026-04-16 23:47:38,"Prime Minister Narendra Modi and Union Home Minister Amit Shah on Thursday (April 16, 2026) told the Lok Sabha that the Bills to amend the women’s reservation law and carry out a fresh delimitation exercise will keep current proportional representation of southern States intact while increasing the absolute number of seats for each State approximately by 50%."
b15b01acc3e4ca81_p002,b15b01acc3e4ca81,EVT_00073,the_hindu,2026-04-16 23:47:38,"While the Prime Minister gave an assurance that the proportional distribution of seats among States will be maintained, it was the Home Minister who gave a detailed scenario for each southern State after the three Bills become law."
b15b01acc3e4ca81_p003,b15b01acc3e4ca81,EVT_00073,the_hindu,2026-04-16 23:47:38,"Published - April 16, 2026 11:47 pm IST"
cb1ecc0fc88ddbef_p001,cb1ecc0fc88ddbef,EVT_00073,theprint,2026-04-16 15:53:09,"New Delhi: The proportion of Lok Sabha seats in southern states will increase from 23.76 per cent to 23.87 per cent after the increase in the size of Lok Sabha, Union Home Minister Amit Shah said Thursday, seeking to allay the apprehensions of southern states that they will suffer in terms of representation. In terms of numbers, Shah said, Lok Sabha seats in southern states will increase from 129 to 195."
cb1ecc0fc88ddbef_p002,cb1ecc0fc88ddbef,EVT_00073,theprint,2026-04-16 15:53:09,"Speaking in the Lok Sabha, the Union Home Minister also countered the Opposition’s allegation that the delimitation exercise was being done to benefit the Bharatiya Janata Party."
cb1ecc0fc88ddbef_p003,cb1ecc0fc88ddbef,EVT_00073,theprint,2026-04-16 15:53:09,"“Let me clearly state that the Delimitation Commission’s report will come into effect only when it is accepted by Parliament and receives the President’s approval. Therefore, there is no question of it being implemented before 2029. Even the elections till 2029 will be conducted under the existing system and existing constituencies. So there is no need for Akhilesh ji (Yadav) to be worried,” Amit Shah added."
cb1ecc0fc88ddbef_p004,cb1ecc0fc88ddbef,EVT_00073,theprint,2026-04-16 15:53:09,"“Yes, I am talking about 2027. Though he (Akhilesh) will not win, there is no need to be scared,” he added."
cb1ecc0fc88ddbef_p005,cb1ecc0fc88ddbef,EVT_00073,theprint,2026-04-16 15:53:09,‘Overall representation of south states will go up 24%’
cb1ecc0fc88ddbef_p006,cb1ecc0fc88ddbef,EVT_00073,theprint,2026-04-16 15:53:09,"“A narrative is being created and confusion is being spread that these three Bills, the Constitutional Amendment Bill and the two related laws on delimitation and changes in election procedures, will reduce the representation of southern states in the Lok Sabha and cause them significant loss… The Bill before the House is now the property of the House. Based on its practical interpretation, I would like to clarify a few points,” said Shah."
cb1ecc0fc88ddbef_p007,cb1ecc0fc88ddbef,EVT_00073,theprint,2026-04-16 15:53:09,"Shah said, in Karnataka, out of the current strength of 543 seats in the Lok Sabha, there are 28 seats, which is about 5.15 per cent of the total representation. After the passage of this bill and the Constitutional Amendment, Karnataka’s seats will increase from 28 to 42."
cb1ecc0fc88ddbef_p008,cb1ecc0fc88ddbef,EVT_00073,theprint,2026-04-16 15:53:09,"“In a House of 816 members, its share will be around 5.14 per cent. So, there will be no real loss to Karnataka.”"
cb1ecc0fc88ddbef_p009,cb1ecc0fc88ddbef,EVT_00073,theprint,2026-04-16 15:53:09,"On Andhra Pradesh, Shah said it currently has 25 seats, with a representation of 4.60 per cent in the Lok Sabha. “With an increase of around 50 per cent, its seats will rise to 38, and its share will increase from 4.60 per cent to about 4.65 per cent.”"
cb1ecc0fc88ddbef_p010,cb1ecc0fc88ddbef,EVT_00073,theprint,2026-04-16 15:53:09,"“In Telangana, there are 17 seats, with a 3.13 per cent share in the current House of 543 members. After an increase of around 50 per cent, the number of seats will go up to 26, and its share will rise to about 3.18 per cent. As for Tamil Nadu, where many people have been expressing concerns, and so many of them have come sporting black clothes, I want to assure the people of the state that your representation will not decrease, it will increase.”"
cb1ecc0fc88ddbef_p011,cb1ecc0fc88ddbef,EVT_00073,theprint,2026-04-16 15:53:09,"In Tamil Nadu there are 39 seats and it will go up to 59 seats and its percentage increase will be from 7.18 per cent to 7.23 per cent. In Kerala the current seats stand at 20 and will go up to 30, he said."
cb1ecc0fc88ddbef_p012,cb1ecc0fc88ddbef,EVT_00073,theprint,2026-04-16 15:53:09,"Shah added that despite the “narrative” attempted to be built by the Opposition, the overall representation of southern states will go up from 23.76 per cent to 24 per cent."
cb1ecc0fc88ddbef_p013,cb1ecc0fc88ddbef,EVT_00073,theprint,2026-04-16 15:53:09,"Responding to questions raised by a number of opposition leaders that the numbers (being provided by Shah now) are not mentioned in the Bill, Shah said: “As a minister who is piloting this Bill, as the Home Minister of the country I am providing all these details”."
cb1ecc0fc88ddbef_p014,cb1ecc0fc88ddbef,EVT_00073,theprint,2026-04-16 15:53:09,"The home minister said, questions have also been raised about the figure of 850 seats. “The figure of 850 is derived in the following way: Hypothetically, if there are 100 seats and 33 per cent reservation is to be given to women, then increasing the total seats by 50 per cent makes it 150.”"
cb1ecc0fc88ddbef_p015,cb1ecc0fc88ddbef,EVT_00073,theprint,2026-04-16 15:53:09,"Amit Shah also clarified that since there have been no changes to the Delimitation Commission Act, the question of any form of manipulation does not arise, as alleged by Lok Sabha MP Priyanka Gandhi."
cb1ecc0fc88ddbef_p016,cb1ecc0fc88ddbef,EVT_00073,theprint,2026-04-16 15:53:09,"“I would like to say to Hon’ble Member Priyanka-ji that we have not made any changes to the Delimitation Commission Act. Not even a comma or full stop has been altered; we have retained the existing Delimitation Commission Act in its entirety. If you are saying that manipulation happened earlier, and you are now saying that it could happen again, then I can only say this: If the Act was misused in the past, we will not do so.”"
cb1ecc0fc88ddbef_p017,cb1ecc0fc88ddbef,EVT_00073,theprint,2026-04-16 15:53:09,Amit Shah also said that a caste census will be conducted alongside the upcoming population enumeration.
cb1ecc0fc88ddbef_p018,cb1ecc0fc88ddbef,EVT_00073,theprint,2026-04-16 15:53:09,Reacting to claims by the Opposition that women’s reservation would harm democracy in the future Shah said: “No one has the power to end democracy in the country. Those who tried during the Emergency were rejected by the people; democracy remained unharmed.”
ced6eb3dc1554a5c_p001,ced6eb3dc1554a5c,EVT_00073,the_hindu,2026-04-17 00:30:00,"The Left parties argued in the Lok Sabha that without specifying the provision under which 50% increase in the number of seats after delimitation had been promised, the Union government was committing an injustice towards States that had performed well in population control."
ced6eb3dc1554a5c_p002,ced6eb3dc1554a5c,EVT_00073,the_hindu,2026-04-17 00:30:00,"Communist Party of India-Marxist (CPI-M) MP S. Venkatesan, and Revolutionary Socialist Party (RSP) MP N.K. Premachandran said, if passed in the present form, the Bill would take away the Constitutional rights of southern States."
ced6eb3dc1554a5c_p003,ced6eb3dc1554a5c,EVT_00073,the_hindu,2026-04-17 00:30:00,"Published - April 17, 2026 12:30 am IST"
669554057b4a4f44_p001,669554057b4a4f44,EVT_00087,ndtv,2026-04-16 19:15:37,"Observing that a uniform civil code is a ""constitutional ambition"", the Supreme Court agreed on Thursday to hear a PIL challenging the constitutional validity of certain provisions of the Muslim Personal Law (Shariat) Application Act, 1937, on the ground that those are allegedly discriminatory against women, especially when it comes to property rights."
669554057b4a4f44_p002,669554057b4a4f44,EVT_00087,ndtv,2026-04-16 19:15:37,A bench of Chief Justice Surya Kant and Justices Joymalya Bagchi and Vipul M Panchol sought the Union Ministry of Minority Affairs' response on the public interest litigation (PIL) matter filed by Poulomi Pavini Shukla and the Nyaya Naari Foundation.
669554057b4a4f44_p003,669554057b4a4f44,EVT_00087,ndtv,2026-04-16 19:15:37,The court asked lawyer Prashant Bhushan to ensure that some aggrieved Muslim women are part of the proceedings.
669554057b4a4f44_p004,669554057b4a4f44,EVT_00087,ndtv,2026-04-16 19:15:37,"The bench, which was initially reluctant to intervene on the ground that removing or deleting any word or provision in the Shariat application law would amount to judicial legislation, later agreed to examine the issue after Bhushan said a section violates the fundamental right to equality of women guaranteed under the Constitution."
669554057b4a4f44_p005,669554057b4a4f44,EVT_00087,ndtv,2026-04-16 19:15:37,"""Moreover, the property rights of women cannot form an essential religious practice of a religion and hence, cannot be protected under Article 25 of the Constitution,"" he said."
669554057b4a4f44_p006,669554057b4a4f44,EVT_00087,ndtv,2026-04-16 19:15:37,"Article 25 guarantees all persons the fundamental right to freedom of conscience and the right to freely profess, practise and propagate religion. However, the right is not absolute and is subject to public order, morality, health and other fundamental rights."
669554057b4a4f44_p007,669554057b4a4f44,EVT_00087,ndtv,2026-04-16 19:15:37,"When Bhushan said the civil laws of a country should be uniform for all, the CJI said, ""The uniform civil code is a constitutional ambition."" The plea has said the current Shariat inheritance rules are ""manifestly discriminatory"" against women, often granting them only half or less of the share allocated to their male counterparts."
669554057b4a4f44_p008,669554057b4a4f44,EVT_00087,ndtv,2026-04-16 19:15:37,Bhushan said the 1937 Act violates Article 14 (right to equality) of the Constitution.
669554057b4a4f44_p009,669554057b4a4f44,EVT_00087,ndtv,2026-04-16 19:15:37,"He said matters of succession are civil in nature and do not constitute an ""essential religious practice"" protected under Article 25."
669554057b4a4f44_p010,669554057b4a4f44,EVT_00087,ndtv,2026-04-16 19:15:37,"""Saying women will get half or even less than half compared to male counterparts is discriminatory,"" Bhushan said."
669554057b4a4f44_p011,669554057b4a4f44,EVT_00087,ndtv,2026-04-16 19:15:37,"He referred to similar pending cases in the top court when the bench was expressing its disinclination to entertain the PIL and suggested that if the discriminatory provisions of the 1937 law are struck down, the court could direct that the Indian Succession Act, which is gender-agnostic, be applied to Muslims to avoid a legal vacuum."
669554057b4a4f44_p012,669554057b4a4f44,EVT_00087,ndtv,2026-04-16 19:15:37,The bench expressed caution regarding the potential for judicial overreach and said the court may be criticised for intervening.
669554057b4a4f44_p013,669554057b4a4f44,EVT_00087,ndtv,2026-04-16 19:15:37,"The CJI said replacing personal laws with the Indian Succession Act might be venturing into the territory of ""legislating"", a power reserved for Parliament. ""We can neither legislate nor create amendments,"" he said."
669554057b4a4f44_p014,669554057b4a4f44,EVT_00087,ndtv,2026-04-16 19:15:37,"Justice Bagchi added that the ""threshold of reading down"" a law is much higher when the court is asked to delete existing statutes rather than filling an empty legal space."
669554057b4a4f44_p015,669554057b4a4f44,EVT_00087,ndtv,2026-04-16 19:15:37,"""Here, Shariat law exists,"" he said."
669554057b4a4f44_p016,669554057b4a4f44,EVT_00087,ndtv,2026-04-16 19:15:37,"During the proceedings, the CJI emphasised the importance of hearing directly from those impacted by these laws."
669554057b4a4f44_p017,669554057b4a4f44,EVT_00087,ndtv,2026-04-16 19:15:37,"Acknowledging the public-interest element, he said, ""Some aggrieved person has to come."" Bhushan offered to bring ""any number of women who are aggrieved"" to join the petition."
669554057b4a4f44_p018,669554057b4a4f44,EVT_00087,ndtv,2026-04-16 19:15:37,"He also cited support from groups like Indian Muslims for Secular Democracy, who have called for reforms in personal laws."
669554057b4a4f44_p019,669554057b4a4f44,EVT_00087,ndtv,2026-04-16 19:15:37,"Earlier, the bench had asked Bhushan to amend the petition and observed that the time has come for a uniform civil code."
669554057b4a4f44_p020,669554057b4a4f44,EVT_00087,ndtv,2026-04-16 19:15:37,"The bench had termed the plea, seeking striking down of provisions of the Shariat law of 1937 for being discriminatory to Muslim women, a ""very good case"", which advisably only the legislature should look into."
669554057b4a4f44_p021,669554057b4a4f44,EVT_00087,ndtv,2026-04-16 19:15:37,"The bench had wondered whether the court can at all adjudicate the constitutionality of a personal-law practice and referred to the landmark Bombay High Court case of Narasu Appa Mali (1951) that had held that personal laws (religious laws on marriage, inheritance etc.) are not ""laws in force"" under Article 13 of the Constitution and thus, cannot be challenged for violating fundamental rights."
669554057b4a4f44_p022,669554057b4a4f44,EVT_00087,ndtv,2026-04-16 19:15:37,"Bhushan had pointed out that in 2017, the apex court had struck down ""triple talaq"" as an unconstitutional practice."
669554057b4a4f44_p023,669554057b4a4f44,EVT_00087,ndtv,2026-04-16 19:15:37,"""We cannot have a situation in the country now after the Shayara Bano judgment that Muslim women will not have the same rights as Muslim men in matters of divorce,"" he had said, adding that the issue is complicated and requires wide-scale deliberations."
669554057b4a4f44_p024,669554057b4a4f44,EVT_00087,ndtv,2026-04-16 19:15:37,"The bench had allowed Bhushan to amend the petition filed by Shukla and others and posted the matter for further hearing after four weeks, saying it is an ""important issue""."
669554057b4a4f44_p025,669554057b4a4f44,EVT_00087,ndtv,2026-04-16 19:15:37,"(Except for the headline, this story has not been edited by NDTV staff and is published from a syndicated feed.)"
8ae438ad0be3762a_p001,8ae438ad0be3762a,EVT_00087,india_today,2026-04-16 20:15:06,Shariat law faces Supreme Court scrutiny over women's property rights
8ae438ad0be3762a_p002,8ae438ad0be3762a,EVT_00087,india_today,2026-04-16 20:15:06,The petitioner argued that the provisions are not an essential religious practice and restrict individuals' right to dispose of self-acquired property.
8ae438ad0be3762a_p003,8ae438ad0be3762a,EVT_00087,india_today,2026-04-16 20:15:06,"The Supreme Court on Thursday agreed to examine a PIL challenging parts of the Muslim Personal Law (Shariat) Application Act, 1937, even as it flagged the limits of judicial intervention and called a uniform civil code a “constitutional ambition.”"
8ae438ad0be3762a_p004,8ae438ad0be3762a,EVT_00087,india_today,2026-04-16 20:15:06,"A bench led by Chief Justice Surya Kant, along with Justices Joymalya Bagchi and Vipul M Panchol, issued notice to the Union Ministry of Minority Affairs and sought its response on the plea filed by a non-Muslim party -- Poulomi Pavini Shukla and the Nyaya Naari Foundation."
8ae438ad0be3762a_p005,8ae438ad0be3762a,EVT_00087,india_today,2026-04-16 20:15:06,"At the outset, the bench appeared hesitant, noting that striking down or altering provisions of the 1937 law could amount to judicial legislation. “We can neither legislate nor create amendments,” the CJI said, cautioning that replacing personal laws with the Indian Succession Act may cross into Parliament’s domain."
8ae438ad0be3762a_p006,8ae438ad0be3762a,EVT_00087,india_today,2026-04-16 20:15:06,"The court, however, agreed to hear the matter after senior advocate Prashant Bhushan argued that certain provisions violate women’s fundamental right to equality under Article 14."
8ae438ad0be3762a_p007,8ae438ad0be3762a,EVT_00087,india_today,2026-04-16 20:15:06,"Calling the uniform civil code a “constitutional ambition,” the CJI added, “it has nothing to do with religion.”"
8ae438ad0be3762a_p008,8ae438ad0be3762a,EVT_00087,india_today,2026-04-16 20:15:06,"The bench also questioned the maintainability of the petition in its current form. “Can someone who is not a Muslim file such a petition?” the CJI asked, suggesting that affected Muslim women should be part of the proceedings."
8ae438ad0be3762a_p009,8ae438ad0be3762a,EVT_00087,india_today,2026-04-16 20:15:06,"He directed Bhushan to bring “actual sufferers” on record. “You will have to add the affected women as party/intervenors so that it doesn’t appear to be an issue of other persons challenging a faith,” he said, noting that Article 25 concerns may arise later."
8ae438ad0be3762a_p010,8ae438ad0be3762a,EVT_00087,india_today,2026-04-16 20:15:06,"Bhushan told the court that several Muslim organisations have issued statements backing the plea, stressing that inheritance rights of Muslim women must be protected."
8ae438ad0be3762a_p011,8ae438ad0be3762a,EVT_00087,india_today,2026-04-16 20:15:06,"Arguing the case, he said the 1937 law discriminates against women in matters of inheritance. “In the absence of uniform civil law, 100 million Muslim women [are] being discriminated against women receive half or even less of what male counterparts receive,” Bhushan said, calling it a violation of Article 14."
8ae438ad0be3762a_p012,8ae438ad0be3762a,EVT_00087,india_today,2026-04-16 20:15:06,"“It’s discriminatory to say women will get half or less than what male counterpart will get This can’t be essential religious practice protected under Article 25,” he added, describing the issue as “purely civil.”"
8ae438ad0be3762a_p013,8ae438ad0be3762a,EVT_00087,india_today,2026-04-16 20:15:06,"The petitioner argued that the provisions are not an essential religious practice and restrict individuals’ right to dispose of self-acquired property. “Every Muslim who has self-acquired property is being denied the right to will their property according to their decision,” the plea said, adding that they are bound by the Shariat Act."
8ae438ad0be3762a_p014,8ae438ad0be3762a,EVT_00087,india_today,2026-04-16 20:15:06,"Justice Bagchi observed that “reformation should come from within the sect itself,” while also remarking that “the answer is in the Constitution.”"
8ae438ad0be3762a_p015,8ae438ad0be3762a,EVT_00087,india_today,2026-04-16 20:15:06,"Bhushan countered that even Hindu law is not entirely uniform and includes customs and local practices. “For drafting the UCC, one must incorporate the most liberal aspects from all religions which protect the rights of the most people,” he said, adding that any such code should not reinforce fears that it would be based solely on the Hindu Code."
8ae438ad0be3762a_p016,8ae438ad0be3762a,EVT_00087,india_today,2026-04-16 20:15:06,"The bench acknowledged concerns about overreach. Justice Bagchi asked whether it falls within the judiciary’s scope “to make social reforms,” even as Bhushan maintained that the Supreme Court has the power to strike down discriminatory laws."
8ae438ad0be3762a_p017,8ae438ad0be3762a,EVT_00087,india_today,2026-04-16 20:15:06,"Issuing notice, the top court said it would proceed cautiously, mindful of both constitutional principles and the limits of its role."
788e5ebf161efe3f_p001,788e5ebf161efe3f,EVT_00073,firstpost,2026-04-16 21:33:01,"Union Law Minister Arjun Ram Meghwal said on Thursday that 33% women’s reservation will be implemented through Lok Sabha expansion and delimitation, ensuring no loss for any state or existing representation"
788e5ebf161efe3f_p002,788e5ebf161efe3f,EVT_00073,firstpost,2026-04-16 21:33:01,"Members in the Lok Sabha during the second part of the Budget session of Parliament, in New Delhi, March 23, 2026. PTI File"
788e5ebf161efe3f_p003,788e5ebf161efe3f,EVT_00073,firstpost,2026-04-16 21:33:01,"Union Law Minister Arjun Ram Meghwal on Thursday said that the strength of the Lok Sabha will be increased to 815, with 272 seats reserved for women, adding that neither men nor any state will lose representation due to the implementation of the quota."
788e5ebf161efe3f_p004,788e5ebf161efe3f,EVT_00073,firstpost,2026-04-16 21:33:01,In his introductory remarks in the Lok Sabha during the debate on three key bills —including amendments to the women’s reservation law and the setting up of a delimitation commission — Meghwal said the allocation of 272 seats is the “simple formula” for implementing 33 per cent reservation for women.
788e5ebf161efe3f_p005,788e5ebf161efe3f,EVT_00073,firstpost,2026-04-16 21:33:01,STORY CONTINUES BELOW THIS AD
788e5ebf161efe3f_p006,788e5ebf161efe3f,EVT_00073,firstpost,2026-04-16 21:33:01,"“According to the women’s reservation bill, the strength of the Lok Sabha will be increased to 815, of which women’s quota will be of 272 seats,” PTI quoted the minister as saying."
788e5ebf161efe3f_p007,788e5ebf161efe3f,EVT_00073,firstpost,2026-04-16 21:33:01,"He clarified that under the proposed legislation, the current strength of the Lok Sabha will see an increase of 50 per cent."
788e5ebf161efe3f_p008,788e5ebf161efe3f,EVT_00073,firstpost,2026-04-16 21:33:01,"“Neither men nor any state will suffer any loss after the implementation of the women’s quota,” he said."
788e5ebf161efe3f_p009,788e5ebf161efe3f,EVT_00073,firstpost,2026-04-16 21:33:01,"Meghwal also stated that within the women’s quota, seats will be further reserved for women belonging to Scheduled Castes and Scheduled Tribes in both Parliament and state assemblies."
788e5ebf161efe3f_p010,788e5ebf161efe3f,EVT_00073,firstpost,2026-04-16 21:33:01,"He said the implementation of the Nari Shakti Vandan Adhiniyam, 2023, in its current form would not allow reservation of constituencies for women in time for the 2029 elections, as it depends on census data to be made available after 2026. Hence, a constitutional amendment was necessary."
788e5ebf161efe3f_p011,788e5ebf161efe3f,EVT_00073,firstpost,2026-04-16 21:33:01,"“The main objective of the bill is to give women their due rights,” he said."
788e5ebf161efe3f_p012,788e5ebf161efe3f,EVT_00073,firstpost,2026-04-16 21:33:01,"Highlighting India’s democratic history, Meghwal said women in India received voting rights alongside men from the first general election, unlike several Western countries."
788e5ebf161efe3f_p013,788e5ebf161efe3f,EVT_00073,firstpost,2026-04-16 21:33:01,"“In the United States were given voting rights 144 years after men and the women in the United Kingdom were given voting rights with certain conditions in 1918 and fully only 10 years later in 1928, he said."
788e5ebf161efe3f_p014,788e5ebf161efe3f,EVT_00073,firstpost,2026-04-16 21:33:01,STORY CONTINUES BELOW THIS AD
788e5ebf161efe3f_p015,788e5ebf161efe3f,EVT_00073,firstpost,2026-04-16 21:33:01,"“In India, women got the right to vote along with men since the first election,” he said."
788e5ebf161efe3f_p016,788e5ebf161efe3f,EVT_00073,firstpost,2026-04-16 21:33:01,Meghwal urged all parties to support the legislation and ensure its passage in Parliament.
788e5ebf161efe3f_p017,788e5ebf161efe3f,EVT_00073,firstpost,2026-04-16 21:33:01,"The Lok Sabha on Thursday took up the Constitution (131st Amendment) Bill, 2026, the Union Territories Laws (Amendment) Bill, 2026, and the Delimitation Bill, 2026 for discussion and passage."
788e5ebf161efe3f_p018,788e5ebf161efe3f,EVT_00073,firstpost,2026-04-16 21:33:01,"The Constitution amendment bill was introduced after a 40-minute debate, following which the opposition sought a division of votes on its introduction. The Bill was eventually introduced with 251 members voting in favour and 185 against."
788e5ebf161efe3f_p019,788e5ebf161efe3f,EVT_00073,firstpost,2026-04-16 21:33:01,Key provisions of the Bill
788e5ebf161efe3f_p020,788e5ebf161efe3f,EVT_00073,firstpost,2026-04-16 21:33:01,"Under the Constitution (131st Amendment) Bill, Lok Sabha seats will be increased to operationalise the women’s reservation law before the 2029 general elections, following a delimitation exercise based on the 2011 Census."
788e5ebf161efe3f_p021,788e5ebf161efe3f,EVT_00073,firstpost,2026-04-16 21:33:01,Seats in state and Union Territory assemblies will also be increased to implement 33 per cent reservation for women.
788e5ebf161efe3f_p022,788e5ebf161efe3f,EVT_00073,firstpost,2026-04-16 21:33:01,The draft legislation proposes that seats reserved for women in the Lok Sabha and state assemblies will be rotated among different constituencies within states and Union Territories.
788e5ebf161efe3f_p023,788e5ebf161efe3f,EVT_00073,firstpost,2026-04-16 21:33:01,STORY CONTINUES BELOW THIS AD
788e5ebf161efe3f_p024,788e5ebf161efe3f,EVT_00073,firstpost,2026-04-16 21:33:01,"Meanwhile, several opposition parties have decided to jointly vote against the delimitation provisions in the Bill, while clarifying that they support women’s reservation in principle."
788e5ebf161efe3f_p025,788e5ebf161efe3f,EVT_00073,firstpost,2026-04-16 21:33:01,Southern states to gain: Amit Shah
788e5ebf161efe3f_p026,788e5ebf161efe3f,EVT_00073,firstpost,2026-04-16 21:33:01,"Meanwhile, Home Minister Amit Shah on Thursday rejected what he called a “false narrative” being spread around the proposed delimitation exercise and women’s reservation legislation."
788e5ebf161efe3f_p027,788e5ebf161efe3f,EVT_00073,firstpost,2026-04-16 21:33:01,"Intervening in the Lok Sabha debate on three key bills — including amendments to the women’s quota law and the establishment of a delimitation commission — Shah said representation from southern states will not be reduced, but will instead increase significantly."
788e5ebf161efe3f_p028,788e5ebf161efe3f,EVT_00073,firstpost,2026-04-16 21:33:01,"He said the number of Lok Sabha seats in five southern states will rise from 129 to 195, marking an increase of nearly 50 per cent, while their share of representation will remain broadly stable."
788e5ebf161efe3f_p029,788e5ebf161efe3f,EVT_00073,firstpost,2026-04-16 21:33:01,"“Lok Sabha seats in Karnataka will increase to 42 from the present 28; in Andhra Pradesh, the number of Lok Sabha sets will increase to 38 from 25; in Telangana, it will be 26 from present 17; in Tamil Nadu, the number of Lok Sabha seats will go up to 59 from the present 39; and in Kerala, it will be 30 seats from the present 20,” he said."
788e5ebf161efe3f_p030,788e5ebf161efe3f,EVT_00073,firstpost,2026-04-16 21:33:01,STORY CONTINUES BELOW THIS AD
788e5ebf161efe3f_p031,788e5ebf161efe3f,EVT_00073,firstpost,2026-04-16 21:33:01,"Shah said that although some documents mention a figure of up to 850 seats, the actual strength of the Lok Sabha will be 816, describing the higher number as only a rounded projection. He added that the increase represents a 50 per cent expansion over the current strength."
788e5ebf161efe3f_p032,788e5ebf161efe3f,EVT_00073,firstpost,2026-04-16 21:33:01,"“Lok Sabha seats in Karnataka will increase to 42 from the present 28; in Andhra Pradesh, the number of Lok Sabha sets will increase to 38 from 25; in Telangana, it will be 26 from present 17; in Tamil Nadu, the number of Lok Sabha seats will go up to 59 from the present 39; and in Kerala, it will be 30 seats from the present 20,” he said."
788e5ebf161efe3f_p033,788e5ebf161efe3f,EVT_00073,firstpost,2026-04-16 21:33:01,"Explaining the rationale behind the figure, Shah said the new structure ensures proportional growth across states and maintains balance in representation."
788e5ebf161efe3f_p034,788e5ebf161efe3f,EVT_00073,firstpost,2026-04-16 21:33:01,"“The delimitation bill is exactly like the previous law brought by your government. There is no change, not even a comma or a full stop,” he said, rejecting opposition allegations of procedural changes or “mischief” in the exercise."
788e5ebf161efe3f_p035,788e5ebf161efe3f,EVT_00073,firstpost,2026-04-16 21:33:01,STORY CONTINUES BELOW THIS AD
788e5ebf161efe3f_p036,788e5ebf161efe3f,EVT_00073,firstpost,2026-04-16 21:33:01,"He also clarified that the implementation of women’s reservation will take effect only in 2029, and all elections until then— including the 2027 Uttar Pradesh Assembly polls — will be held under the existing system."
788e5ebf161efe3f_p037,788e5ebf161efe3f,EVT_00073,firstpost,2026-04-16 21:33:01,"“Akhilesh ji, (SP chief Akhilesh Yadav) you don’t need to worry even though you are not going to win the elections in Uttar Pradesh,” he said."
788e5ebf161efe3f_p038,788e5ebf161efe3f,EVT_00073,firstpost,2026-04-16 21:33:01,"Shah further dismissed claims that the women’s reservation bill was introduced with electoral timing in mind, including the upcoming West Bengal elections."
788e5ebf161efe3f_p039,788e5ebf161efe3f,EVT_00073,firstpost,2026-04-16 21:33:01,"The Lok Sabha on Thursday debated three bills: the Constitution (131st Amendment) Bill, 2026, the Union Territories Laws (Amendment) Bill, 2026, and the Delimitation Bill, 2026. The constitutional amendment was introduced after a division vote, with 251 members supporting it and 185 opposing it."
788e5ebf161efe3f_p040,788e5ebf161efe3f,EVT_00073,firstpost,2026-04-16 21:33:01,"According to the proposed legislation, Lok Sabha seats will be increased to operationalise 33 per cent women’s reservation following a delimitation exercise based on the 2011 Census. Seats reserved for women will also be rotated across constituencies in states and Union Territories."
788e5ebf161efe3f_p041,788e5ebf161efe3f,EVT_00073,firstpost,2026-04-16 21:33:01,STORY CONTINUES BELOW THIS AD
788e5ebf161efe3f_p042,788e5ebf161efe3f,EVT_00073,firstpost,2026-04-16 21:33:01,Opposition parties have said they support women’s reservation in principle but have expressed disagreement over the delimitation provisions.
94b32dde0f551020_p001,94b32dde0f551020,EVT_00103,the_hindu,2026-04-16 23:13:20,"A nine-judge Constitution Bench of the Supreme Court (SC), led by Chief Justice of India Surya Kant, is currently hearing petitions relating to discrimination against women at religious places, examining the correctness and broader constitutional implications of its 2018 ruling in Indian Young Lawyers’ Association vs. State of Kerala on women’s entry into the Sabarimala Temple in Kerala."
94b32dde0f551020_p002,94b32dde0f551020,EVT_00103,the_hindu,2026-04-16 23:13:20,"On September 28, 2018, a five-judge Constitution Bench of the apex court, by a 4:1 majority, struck down the age-based restriction, declaring Rule 3(b) of the Kerala Hindu Places of Public Worship (Authorisation of Entry) Rules, 1965 – which permitted ‘religious denominations’ to exclude women from public places of worship on grounds of custom — as unconstitutional. The exclusion of women of “menstruating age” violated the guarantees of equality, non-discrimination and dignity, the apex court had held. It further ruled that devotees of Lord Ayyappa do not constitute a separate ‘religious denomination’, and that the said custom does not qualify as an “essential religious practice” (ERP)."
94b32dde0f551020_p003,94b32dde0f551020,EVT_00103,the_hindu,2026-04-16 23:13:20,"Published - April 16, 2026 11:13 pm IST"
ad82f180799ca4e6_p001,ad82f180799ca4e6,EVT_00103,the_new_indian_express,2026-04-16 18:10:27,NEW DELHI: The Supreme Court of India on Thursday upheld the preventive detention order passed by the Central Economic Intelligence Bureau and affirmed the Karnataka High Court order against Kannada actress Ranya Rao for allegedly smuggling gold into the country.
ad82f180799ca4e6_p002,ad82f180799ca4e6,EVT_00103,the_new_indian_express,2026-04-16 18:10:27,"A bench of Justices M M Sundresh and N Kotiswar Singh dismissed the appeals filed by Rao's mother and another accused against the December 19, 2025 order of the Karnataka High Court, which had upheld the preventive detention order."
ad82f180799ca4e6_p003,ad82f180799ca4e6,EVT_00103,the_new_indian_express,2026-04-16 18:10:27,"“Detention order is not in contravention of Article 22(3)(b) of the Constitution. Substantial procedural compliance had been made by the authorities while issuing the detention orders. The detenus had been furnished with the relied-upon documents within the prescribed time and that the contents of electronic evidence, including CCTV footage, had been displayed to them in prison,” the apex court said while dismissing the special leave petitions filed by Rao and others."
ad82f180799ca4e6_p004,ad82f180799ca4e6,EVT_00103,the_new_indian_express,2026-04-16 18:10:27,"The Bench also observed that a detenu has no right to be represented by a legal practitioner before the Advisory Board as a matter of course. Such a right would arise only if the detaining authority itself participates through a legal practitioner, which was not the case here."
ad82f180799ca4e6_p005,ad82f180799ca4e6,EVT_00103,the_new_indian_express,2026-04-16 18:10:27,"“The detention order contained adequate reasons, including prior instances of disposal of foreign-marked gold bars, and that a live and proximate link existed between the alleged activities and the need for preventive detention,” the court said."
ad82f180799ca4e6_p006,ad82f180799ca4e6,EVT_00103,the_new_indian_express,2026-04-16 18:10:27,It added that there was no illegality or violation of constitutional safeguards under Article 22 and upheld the preventive detention order passed by the Central Economic Intelligence Bureau and affirmed by the Karnataka High Court.
ad82f180799ca4e6_p007,ad82f180799ca4e6,EVT_00103,the_new_indian_express,2026-04-16 18:10:27,The petitioners had argued before both the High Court and the Supreme Court that the detenus and their relatives challenged the detention orders on multiple grounds.
ad82f180799ca4e6_p008,ad82f180799ca4e6,EVT_00103,the_new_indian_express,2026-04-16 18:10:27,"“The relied-upon documents were not properly supplied, that there was no imminent possibility of future smuggling activities, and that the detention orders lacked proper subjective satisfaction by the detaining authority,” they argued."
ad82f180799ca4e6_p009,ad82f180799ca4e6,EVT_00103,the_new_indian_express,2026-04-16 18:10:27,The petitioners further submitted that the refusal to permit legal representation before the Advisory Board vitiated the detention proceedings.
ad82f180799ca4e6_p010,ad82f180799ca4e6,EVT_00103,the_new_indian_express,2026-04-16 18:10:27,"“The authorities had failed to establish a proximate link between the alleged past activities and the necessity for preventive detention order,” they contended."
ad82f180799ca4e6_p011,ad82f180799ca4e6,EVT_00103,the_new_indian_express,2026-04-16 18:10:27,Rao has been in jail for more than a year after her arrest in March 2025 in the case. She was detained by the Directorate of Revenue Intelligence at the Kempegowda International Airport in Bengaluru.
e9cd49ce4ca0c176_p001,e9cd49ce4ca0c176,EVT_00103,the_hindu,2026-04-16 23:36:07,The foundation stone for a judicial guest house near Rushikonda will be laid by Andhra Pradesh High Court Chief Justice Dhiraj Singh Thakur during his visit to the city on April 17 and 18.
e9cd49ce4ca0c176_p002,e9cd49ce4ca0c176,EVT_00103,the_hindu,2026-04-16 23:36:07,"Reviewing arrangements on Thursday, District Collector M. Abhishikth Kishore, during a meeting at the Collectorate, directed officials to ensure coordination for the programme, to be held behind the ISKCON temple at Yendada."
e9cd49ce4ca0c176_p003,e9cd49ce4ca0c176,EVT_00103,the_hindu,2026-04-16 23:36:07,"Published - April 16, 2026 11:36 pm IST"
ae4757bb96c0dc20_p001,ae4757bb96c0dc20,EVT_00110,hindustan_times,2026-04-16 07:44:07,"BRS, YSRCP urge Centre to address South’s concerns on delimitation"
ae4757bb96c0dc20_p002,ae4757bb96c0dc20,EVT_00110,hindustan_times,2026-04-16 07:44:07,BRS and YSR Congress support constituency delimitation but urge the Centre to ensure fair representation for southern states amid concerns over reduced seats.
ae4757bb96c0dc20_p003,ae4757bb96c0dc20,EVT_00110,hindustan_times,2026-04-16 07:44:07,"Bharat Rashtra Samithi (BRS) and YSR Congress party, the major opposition parties in Telangana and Andhra Pradesh respectively, on Wednesday welcomed the delimitation of constituencies in the country, but urged the Centre to allay apprehensions over possible injustice caused to the southern states in the process."
ae4757bb96c0dc20_p004,ae4757bb96c0dc20,EVT_00110,hindustan_times,2026-04-16 07:44:07,"Taking to X, BRS working president KT Rama Rao warned that if the delimitation process results in reduced representation for southern states in Parliament, it would trigger a widespread public agitation across south India."
ae4757bb96c0dc20_p005,ae4757bb96c0dc20,EVT_00110,hindustan_times,2026-04-16 07:44:07,"The BRS has been demanding an increase in the number of assembly and Lok Sabha seats as promised in the AP Reorganisation Act, 2014. “Our party’s stance on delimitation has remained unchanged for the past three years. We continue to stand firmly by the position it had adopted earlier,” he said."
ae4757bb96c0dc20_p006,ae4757bb96c0dc20,EVT_00110,hindustan_times,2026-04-16 07:44:07,KTR further asserted that the people of southern states in Parliament would not tolerate any attempt to suppress their voice and representation. He added that they would fight without compromise to protect the rights of South Indian citizens.
ae4757bb96c0dc20_p007,ae4757bb96c0dc20,EVT_00110,hindustan_times,2026-04-16 07:44:07,He urged the Centre to understand the ground realities and expressed hope that “those in power in Delhi will listen and act with wisdom.
ae4757bb96c0dc20_p008,ae4757bb96c0dc20,EVT_00110,hindustan_times,2026-04-16 07:44:07,"He also said there was no need to link women’s reservation with delimitation, and demands immediate implementation of women’s reservation."
ae4757bb96c0dc20_p009,ae4757bb96c0dc20,EVT_00110,hindustan_times,2026-04-16 07:44:07,"On the other hand, YSRCP state coordinator Sajjala Ramakrishna Reddy said the party extends its full support to the proposed delimitation process."
ae4757bb96c0dc20_p010,ae4757bb96c0dc20,EVT_00110,hindustan_times,2026-04-16 07:44:07,Reddy told reporters in the party office at Tadepalli that the party was committed to the Centre’s decision to undertake the redrawing of constituency boundaries. He emphasised that ensuring adequate representation in proportion to the growing population is a fundamental democratic principle.
ae4757bb96c0dc20_p011,ae4757bb96c0dc20,EVT_00110,hindustan_times,2026-04-16 07:44:07,"At the same time, the YSRCP urged the Centre to take into account public concerns and objections that may arise during the delimitation exercise. “Any changes to constituency boundaries should be carried out in a manner that does not inconvenience local populations,” said Reddy, adding that a scientific and systematic resolution of public grievances was necessary."
ae4757bb96c0dc20_p012,ae4757bb96c0dc20,EVT_00110,hindustan_times,2026-04-16 07:44:07,"He reiterated that the delimitation exercise should be conducted in a fair and inclusive manner, ensuring public confidence in the outcome."
ae4757bb96c0dc20_p013,ae4757bb96c0dc20,EVT_00110,hindustan_times,2026-04-16 07:44:07,- ABOUT THE AUTHORSrinivasa Rao Apparasu
ae4757bb96c0dc20_p014,ae4757bb96c0dc20,EVT_00110,hindustan_times,2026-04-16 07:44:07,Srinivasa Rao is Senior Assistant Editor based out of Hyderabad covering developments in Andhra Pradesh and Telangana . He has over three decades of reporting experience.
c0c30a245169d134_p001,c0c30a245169d134,EVT_00110,india_today,2026-04-16 19:34:57,"AAP MP attacks Centre's delimitation move, calls it unfair to Punjab"
c0c30a245169d134_p002,c0c30a245169d134,EVT_00110,india_today,2026-04-16 19:34:57,"AAP sharpens its attack on the proposed delimitation exercise, warning of a larger political battle as Punjab leaders allege bias against certain states and vow to challenge the move across all democratic platforms."
c0c30a245169d134_p003,c0c30a245169d134,EVT_00110,india_today,2026-04-16 19:34:57,"The proposed delimitation exercise has drawn sharp political fire, with the Aam Aadmi Party calling it an “assault on fair representation” and warning of a nationwide challenge against the move."
c0c30a245169d134_p004,c0c30a245169d134,EVT_00110,india_today,2026-04-16 19:34:57,"Punjab AAP MP Malvinder Singh Kang launched a strong attack, saying the exercise was not a routine democratic step but a targeted action against certain states."
c0c30a245169d134_p005,c0c30a245169d134,EVT_00110,india_today,2026-04-16 19:34:57,"“The proposed delimitation exercise is not a routine democratic correction; it is a calculated assault on fair representation, one that punishes states like Punjab,” Kang said."
c0c30a245169d134_p006,c0c30a245169d134,EVT_00110,india_today,2026-04-16 19:34:57,AAP WARNS OF NATIONWIDE PROTEST
c0c30a245169d134_p007,c0c30a245169d134,EVT_00110,india_today,2026-04-16 19:34:57,Kang said Punjab’s contributions to the country cannot be ignored and warned that the state would resist any move seen as undermining its voice.
c0c30a245169d134_p008,c0c30a245169d134,EVT_00110,india_today,2026-04-16 19:34:57,"“Punjab has given this nation its food, its soldiers, its peace, and its sacrifices. We will not accept quiet disenfranchisement,” he said."
c0c30a245169d134_p009,c0c30a245169d134,EVT_00110,india_today,2026-04-16 19:34:57,"He added that the party would challenge the proposal across multiple platforms. “We will oppose this draconian move in the streets, in the courts, and in every democratic forum.”"
c0c30a245169d134_p010,c0c30a245169d134,EVT_00110,india_today,2026-04-16 19:34:57,The AAP leader said the proposed changes risk weakening the federal structure of the country.
c0c30a245169d134_p011,c0c30a245169d134,EVT_00110,india_today,2026-04-16 19:34:57,"“The soul of Indian federalism must not be allowed to be weakened,” Kang said, framing the issue as a broader constitutional concern rather than a state-specific dispute."
c0c30a245169d134_p012,c0c30a245169d134,EVT_00110,india_today,2026-04-16 19:34:57,"The delimitation exercise, which involves redrawing parliamentary and assembly constituencies based on population, has increasingly become a flashpoint, with opposition parties raising concerns over its potential political impact."
b7c606c657fcb489_p001,b7c606c657fcb489,EVT_00092,the_hindu,2026-04-16 23:40:36,"Around 100 women participated in an all-women motorcycle and scooter rally in the city on Thursday, expressing solidarity with the introduction of the Women’s Reservation Bill in the Lok Sabha. The Bill, officially titled the Nari Shakti Vandan Adhiniyam proposes 33% reservation for women in the Lok Sabha and State Legislative Assemblies."
b7c606c657fcb489_p002,b7c606c657fcb489,EVT_00092,the_hindu,2026-04-16 23:40:36,"Before the rally, participants organised a signature campaign at the venue, voicing support for the proposed legislation and urging its passage."
b7c606c657fcb489_p003,b7c606c657fcb489,EVT_00092,the_hindu,2026-04-16 23:40:36,"Published - April 16, 2026 11:40 pm IST"
a3f79ed48e50d444_p001,a3f79ed48e50d444,EVT_00092,ndtv,2026-04-17 00:12:06,"Parliament Special Session LIVE: The Centre on Thursday introduced the Women's Reservation Bill in the Lok Sabha, marking a significant legislative move during the ongoing special session of Parliament."
a3f79ed48e50d444_p002,a3f79ed48e50d444,EVT_00092,ndtv,2026-04-17 00:12:06,"Union Minister for Law and Justice Arjun Ram Meghwal initiated the debate by presenting the proposed Constitution (One Hundred and Thirty-First Amendment) Bill, 2026. He also tabled the Delimitation Bill, 2026, setting the stage for discussions on implementing a one-third reservation for women in legislative bodies."
a3f79ed48e50d444_p003,a3f79ed48e50d444,EVT_00092,ndtv,2026-04-17 00:12:06,"During the proceedings, Union Home Minister Amit Shah introduced the Union Territories Laws (Amendment) Bill, 2026, adding to the legislative agenda of the day."
a3f79ed48e50d444_p004,a3f79ed48e50d444,EVT_00092,ndtv,2026-04-17 00:12:06,The introduction of the Bills triggered strong reactions from the Opposition. Congress MP KC Venugopal opposed all three legislations and formally recorded the party's objections in the House.
a3f79ed48e50d444_p005,a3f79ed48e50d444,EVT_00092,ndtv,2026-04-17 00:12:06,"""The government wants to completely hijack the Constitution,"" the Congress MP said. Parliamentary Affairs Minister Kiren Rijiju and Home Minister Amit Shah clarified that the Bills have just been introduced and the discussion on them is yet to follow."
a3f79ed48e50d444_p006,a3f79ed48e50d444,EVT_00092,ndtv,2026-04-17 00:12:06,Here are the LIVE Updates of Parliament Special Session:
dccb3abe32082c03_p001,dccb3abe32082c03,EVT_00122,the_times_of_india,2026-04-16 19:50:00,"NEW DELHI: The Commission for Air Quality Management (CAQM) on Thursday imposed Stage-I measures across Delhi-NCR under the Graded Response Action Plan (GRAP) after air quality slipped into the ""poor"" category."
dccb3abe32082c03_p002,dccb3abe32082c03,EVT_00122,the_times_of_india,2026-04-16 19:50:00,"“The AQI of Delhi has been showing an increasing trend owing to unfavourable meteorological conditions and was recorded at 226 (‘poor’ category) today. Forecasts by the India Meteorological Department and Indian Institute of Tropical Meteorology indicate that it is likely to remain in the ‘poor’ category over the next two days,” a senior official told PTI."
dccb3abe32082c03_p003,dccb3abe32082c03,EVT_00122,the_times_of_india,2026-04-16 19:50:00,"The CAQM sub-committee subsequently decided to enforce all actions under Stage-I of GRAP across the NCR with immediate effect, the official added."
dccb3abe32082c03_p004,dccb3abe32082c03,EVT_00122,the_times_of_india,2026-04-16 19:50:00,What's allowed and what's not
dccb3abe32082c03_p005,dccb3abe32082c03,EVT_00122,the_times_of_india,2026-04-16 19:50:00,"Under GRAP stage-I curbs, the burning of waste in the open is strictly prohibited. The use of coal or wood as fuel in roadside eateries and commercial kitchens is banned, with hotels, restaurants and open dining areas required to switch to electricity, gas or other cleaner fuels."
dccb3abe32082c03_p006,dccb3abe32082c03,EVT_00122,the_times_of_india,2026-04-16 19:50:00,"Additionally, diesel vehicles older than 10 years and petrol vehicles older than 15 years are barred from operating on the roads of Delhi."
dccb3abe32082c03_p007,dccb3abe32082c03,EVT_00122,the_times_of_india,2026-04-16 19:50:00,"Dust suppression measures, including the deployment of anti-smog guns, will be enforced at all construction and demolition sites. Projects exceeding 500 square metres must adhere to approved dust control plans."
dccb3abe32082c03_p008,dccb3abe32082c03,EVT_00122,the_times_of_india,2026-04-16 19:50:00,How likely are you to switch to cleaner fuel options if mandated by law?
dccb3abe32082c03_p009,dccb3abe32082c03,EVT_00122,the_times_of_india,2026-04-16 19:50:00,The use of diesel generators is permitted only for essential or emergency purposes. Polluting vehicles may face penalties or be impounded. Traffic management measures include deploying police personnel at key intersections and advising motorists in Delhi NCR to switch off engines at red lights.
dccb3abe32082c03_p010,dccb3abe32082c03,EVT_00122,the_times_of_india,2026-04-16 19:50:00,"‘Can’t Stay Two Days In Delhi’: Gadkari On Severe Pollution, Transport Sector Role"
fb5f316c252d8765_p001,fb5f316c252d8765,EVT_00122,ndtv,2026-04-16 19:34:21,"The Commission for Air Quality Management (CAQM) has invoked Stage 1 of the Graded Response Action Plan (GRAP) across Delhi and its surrounding areas, as the national capital's air quality index (AQI) entered into the ""poor"" category."
fb5f316c252d8765_p002,fb5f316c252d8765,EVT_00122,ndtv,2026-04-16 19:34:21,"The CAQM, the central anti-pollution panel for Delhi and its neighbouring states, said in a statement on Thursday that the national capital has been showing an increasing trend owing to unfavourable meteorological conditions. It noted that Delhi's AQI touched 226, which falls under the ""poor"" category."
fb5f316c252d8765_p003,fb5f316c252d8765,EVT_00122,ndtv,2026-04-16 19:34:21,"The body, citing the India Meteorological Department's forecast, said the AQI of Delhi and its neighbouring cities will likely remain in the ""poor category"" over the next two days."
fb5f316c252d8765_p004,fb5f316c252d8765,EVT_00122,ndtv,2026-04-16 19:34:21,"""The Sub-Committee, accordingly, decides to invoke all actions under Stage-I ('Poor Air Quality) of the extant GRAP in the entire NCR, with immediate effect. Actions under Stage-1 of the extant GRAP shall be implemented, monitored and reviewed by all the agencies concerned in the entire NCR to ensure that the AQI levels do not slip further. All implementing agencies shall keep strict vigil and intensify measures of the extant GRAP schedule. Citizens may be requested to strictly adhere to the citizen charter under GRAP Stage-1,"" it said in the statement."
fb5f316c252d8765_p005,fb5f316c252d8765,EVT_00122,ndtv,2026-04-16 19:34:21,"GRAP 1 restrictions come into force when the AQI is between 201 and 300 (which is categorised as 'Poor'), GRAP 2 restrictions when it is between 301 and 400 ('Very Poor'), GRAP 3 between 401 and 450 ('Severe') and GRAP 4 when the AQI crosses 450 ('Severe Plus')."
fb5f316c252d8765_p006,fb5f316c252d8765,EVT_00122,ndtv,2026-04-16 19:34:21,"GRAP Stage 1 measures entail periodic mechanised sweeping and water sprinkling on roads, dust mitigation at construction sites, proper waste management, strict checks on polluting vehicles, better traffic management, and emission controls in industries, power plants, and brick kilns."
8ce738470035c289_p001,8ce738470035c289,EVT_00067,theprint,,Social media has proven to be central to political messaging but Rahul Gandhi has a lot of catching up to do when compared to BJP chief Amit Shah.
8ce738470035c289_p002,8ce738470035c289,EVT_00067,theprint,,"Behind the storm that engulfed the Aam Aadmi Party this week is the story of thwarted ambitions of Kumar Vishwas, the TRP-friendly singing poet with little political clout."
8ce738470035c289_p003,8ce738470035c289,EVT_00067,theprint,,"The issues that the opposition party will attack the government with include foreign policy, employment, Kashmir, personal freedom and farm crisis."
8ce738470035c289_p004,8ce738470035c289,EVT_00067,theprint,,"A series of attacks are targeting the census workers in the ongoing enumeration drive in Pakistan, which began last month. Identity politics based on ethnicity is the suspect."
8ce738470035c289_p005,8ce738470035c289,EVT_00067,theprint,,The BJP used Modi to full effect to win the MCD polls. Losing on their home turf will hurt AAP the most and put a question mark on their preparations for Gujarat assembly polls.
8ce738470035c289_p006,8ce738470035c289,EVT_00067,theprint,,RUHI TEWARI & RAJGOPAL SINGH
8ce738470035c289_p007,8ce738470035c289,EVT_00067,theprint,,Calling for a political dialogue has become the default option for politicians and pundits every time the security situation in the Valley worsens. The optics of talks looks intended to be a healing touch in itself and ends up becoming a tactic to buy time.
8ce738470035c289_p008,8ce738470035c289,EVT_00067,theprint,,"This special edition of Cut The Clutter, straight from the Siliguri corridor, details the strategic importance of the narrow strip of land in West Bengal, and how it’s a vital link connecting the Northeast to the rest of India."
8ce738470035c289_p009,8ce738470035c289,EVT_00067,theprint,,We now live in a world order that will keep shifting. India must use this window. This also means we remain disciplined enough not to be knee-jerked into reacting to what Pakistan sees as its moment in the sun.
da935e9808d3e636_p001,da935e9808d3e636,EVT_00043,theprint,,Choudhary is the first BJP CM of Bihar. His elevation marks the end of an era dominated by Nitish Kumar's 'sushasan' and the beginning of a new chapter for the NDA in the state.
da935e9808d3e636_p002,da935e9808d3e636,EVT_00043,theprint,,"Nitish was sworn in as Bihar CM 10 times. His tenure is marked by mixed record—initial push to development & improvement in law & order, but state still lags behind on key human indicators."
da935e9808d3e636_p003,da935e9808d3e636,EVT_00043,theprint,,"The 57-year-old is set to take oath on Wednesday. He joined the BJP in 2017 after starting his political journey with RJD in 1999, and switching to JD(U) in 2014."
da935e9808d3e636_p004,da935e9808d3e636,EVT_00043,theprint,,"The case has become a political flashpoint in Maharashtra & has also drawn in the Union labour ministry. TCS has ordered a separate probe, while the HR manager at Nashik unit is on the run."
da935e9808d3e636_p005,da935e9808d3e636,EVT_00043,theprint,,"Alka Lamba & Hazeena Syed are trading barbs, with Syed alleging harassment, denial of ticket for being Muslim. 'Lamba threatened to kill me,' she claims, as Lamba questions her 'character'."
da935e9808d3e636_p006,da935e9808d3e636,EVT_00043,theprint,,"In Deputy CM Brajesh Pathak’s Lucknow Cantt, deletion over 34%. Among top 15 seats with deletion rates exceeding 25 percent, 13 are represented by BJP and two by SP."
da935e9808d3e636_p007,da935e9808d3e636,EVT_00043,theprint,,"Addressing gathering of women, Modi says despite not being a family man, he understands the pain a woman endures. Sonia says delimitation real reason Centre called spl Parliament session."
da935e9808d3e636_p008,da935e9808d3e636,EVT_00043,theprint,,"This special edition of Cut The Clutter, straight from the Siliguri corridor, details the strategic importance of the narrow strip of land in West Bengal, and how it’s a vital link connecting the Northeast to the rest of India."
da935e9808d3e636_p009,da935e9808d3e636,EVT_00043,theprint,,We now live in a world order that will keep shifting. India must use this window. This also means we remain disciplined enough not to be knee-jerked into reacting to what Pakistan sees as its moment in the sun.
154645f6e086a44b_p001,154645f6e086a44b,EVT_00024,indian_express,2026-04-10 07:20:14,"Malda, Murshidabad seats dominate Bengal voter deletions list: Here are the top 10 constituencies"
154645f6e086a44b_p002,154645f6e086a44b,EVT_00024,indian_express,2026-04-10 07:20:14,"Poll panel releases Assembly constituency-level numbers; in top 10, seven seats from Murshidabad, two from Malda, and one from South 24 Parganas."
154645f6e086a44b_p003,154645f6e086a44b,EVT_00024,indian_express,2026-04-10 07:20:14,"The top 10 Assembly constituencies in West Bengal where voters were deleted from the electoral rolls after the adjudication process are in the Muslim-dominated border districts of Murshidabad and Malda, Election Commission (EC) data shows. The poll panel released the number of deletions from each constituency on Thursday."
154645f6e086a44b_p004,154645f6e086a44b,EVT_00024,indian_express,2026-04-10 07:20:14,"Of the 60.06 lakh names under adjudication, 27.16 lakh, or 45.22%, have been removed from the rolls. All the top 10 constituencies with the highest deletions are currently held by the Trinamool Congress (TMC). They are:"
154645f6e086a44b_p005,154645f6e086a44b,EVT_00024,indian_express,2026-04-10 07:20:14,"Samserganj (Murshidabad district): 74,775 deletions, or 29.57% of its pre-SIR electorate as per the 2025 rolls"
154645f6e086a44b_p006,154645f6e086a44b,EVT_00024,indian_express,2026-04-10 07:20:14,"- Lalgola (Murshidabad): 55,420, or 21.96%"
154645f6e086a44b_p007,154645f6e086a44b,EVT_00024,indian_express,2026-04-10 07:20:14,"- Bhagabangola (Murshidabad): 47,493, or 16.85%"
154645f6e086a44b_p008,154645f6e086a44b,EVT_00024,indian_express,2026-04-10 07:20:14,"- Raghunathganj (Murshidabad): 46,100, or 17.29%"
154645f6e086a44b_p009,154645f6e086a44b,EVT_00024,indian_express,2026-04-10 07:20:14,"- Metiaburuz (South 24 Parganas): 39,579, or 15.04"
154645f6e086a44b_p010,154645f6e086a44b,EVT_00024,indian_express,2026-04-10 07:20:14,"- Farakka (Murshidabad): 38,222, or 15.99%"
154645f6e086a44b_p011,154645f6e086a44b,EVT_00024,indian_express,2026-04-10 07:20:14,"- Suti (Murshidabad): 37,965 deletions, or 13.42%"
154645f6e086a44b_p012,154645f6e086a44b,EVT_00024,indian_express,2026-04-10 07:20:14,"- Mothabari (Malda): 37,255 deletions, or 17.53%"
154645f6e086a44b_p013,154645f6e086a44b,EVT_00024,indian_express,2026-04-10 07:20:14,"- Jangipur (Murshidabad): 36,581 deletions, or 13.65%"
154645f6e086a44b_p014,154645f6e086a44b,EVT_00024,indian_express,2026-04-10 07:20:14,"- Ratua (Malda): 35,573 deletions, or 11.9%"
154645f6e086a44b_p015,154645f6e086a44b,EVT_00024,indian_express,2026-04-10 07:20:14,"“You can see the trend of major deletion also continued in the adjudication process. During the first and second phases of Special Intensive Revision (SIR), mainly deletions occurred in the minority, Matua, and Hindi-speaking areas. This continued during the adjudication process,” said an Election Commission (EC) official."
154645f6e086a44b_p016,154645f6e086a44b,EVT_00024,indian_express,2026-04-10 07:20:14,"The EC data shows 12 Assembly constituencies recorded deletions of over 30,000 names — Karandighi and Goalpokhor in Uttar Dinajpur (the district has a sizable Muslim population) recorded 31,562, or 11.22% of the pre-SIR electorate, and 31,384 deletions or 12.64%, respectively, during adjudication — and 99 Assembly seats with deletions of over 10,000 voters."
154645f6e086a44b_p017,154645f6e086a44b,EVT_00024,indian_express,2026-04-10 07:20:14,"Constituencies with a high percentage of Matua and Muslim voters have also seen significant deletions, such as Rajarhat-New Town near Kolkata (24,132 names or 7.4%), Ranaghat Uttar Purba (20,796 or 7.7%), Gaighata (19,638, or 7.4%), Ranaghat Dakshin (17,411, 5.95%), Habra (18,791 or 7.48%), Madhyamgram (14,842, or 5.18%)."
154645f6e086a44b_p018,154645f6e086a44b,EVT_00024,indian_express,2026-04-10 07:20:14,"The lowest levels of deletions in adjudication cases were in the Adivasi belt of Bankura and Purulia. In the Manbazar Assembly seat in Purulia district, only 71 electors were struck off the rolls, while the Onda constituency in Bankura saw 114 deletions."
154645f6e086a44b_p019,154645f6e086a44b,EVT_00024,indian_express,2026-04-10 07:20:14,"The deletion of voters had led to protests at various crossings on National Highway-12 in Malda district on April 1. Most of the protesters were people whose names or those of their kin were deleted from the rolls. The same day at the Kaliachak-II BDO office in the Mothabari Assembly seat, which is in the top 10 list, seven judicial officers were gheraoed by protesters for several hours and had to be rescued by the police late at night. During the rescue, the protesters pelted stones at the police, injuring two constables. The police arrested at least 35 people in connection with the protests."
4751e4daf0a5d054_p001,4751e4daf0a5d054,EVT_00051,firstpost,2026-04-15 16:16:47,An official delegation from India will travel to Washington next week for fresh trade talks with US. The visit comes at a time when both countries are working to finalise the framework for a bilateral trade agreement.
4751e4daf0a5d054_p002,4751e4daf0a5d054,EVT_00051,firstpost,2026-04-15 16:16:47,An official delegation from India will travel to Washington next week for fresh trade talks with the US authorities. The visit comes at a time when both countries are working to finalise the framework for a bilateral trade agreement that has been under discussion for several months.
4751e4daf0a5d054_p003,4751e4daf0a5d054,EVT_00051,firstpost,2026-04-15 16:16:47,"According to a report by The Economic Times , the delegation’s travel to Washington next week is part of India’s renewed efforts to move forward with the trade discussions after earlier postponements and policy uncertainties slowed the process."
4751e4daf0a5d054_p004,4751e4daf0a5d054,EVT_00051,firstpost,2026-04-15 16:16:47,"The upcoming meeting is expected to focus on advancing negotiations on the proposed trade pact, which has gained importance amid changes in the global tariff environment. The talks were originally expected to progress earlier this year but were delayed due to tariff related uncertainties in the United States."
4751e4daf0a5d054_p005,4751e4daf0a5d054,EVT_00051,firstpost,2026-04-15 16:16:47,Framework for interim trade agreement
4751e4daf0a5d054_p006,4751e4daf0a5d054,EVT_00051,firstpost,2026-04-15 16:16:47,"In February, India and the US had announced the completion of a framework for an interim trade agreement. Under the proposed arrangement, the US had agreed to reduce tariffs on Indian goods to around 18 per cent."
4751e4daf0a5d054_p007,4751e4daf0a5d054,EVT_00051,firstpost,2026-04-15 16:16:47,"The pact was initially expected to be signed in March. However, the situation changed after shifts in the US tariff structure, which affected the timeline for final approval."
4751e4daf0a5d054_p008,4751e4daf0a5d054,EVT_00051,firstpost,2026-04-15 16:16:47,Officials said at that time that the agreement would be signed only after clarity emerges on the new global tariff system being developed by the United States.
4751e4daf0a5d054_p009,4751e4daf0a5d054,EVT_00051,firstpost,2026-04-15 16:16:47,"The delay comes after significant changes in US trade policy following a Supreme Court ruling related to President Donald Trump’s reciprocal tariff measures. In response, the US administration introduced a 10 per cent tariff on all countries for a period of 150 days starting February 24."
4751e4daf0a5d054_p010,4751e4daf0a5d054,EVT_00051,firstpost,2026-04-15 16:16:47,"These changes have impacted ongoing trade negotiations with multiple partners, including India. As a result, the earlier advantage that India had in the trade framework compared to some competing economies has been reduced."
4751e4daf0a5d054_p011,4751e4daf0a5d054,EVT_00051,firstpost,2026-04-15 16:16:47,"Due to these developments, a scheduled meeting between chief negotiators from India and the US was postponed last month. The two sides were earlier expected to meet in February to finalise the legal text of the agreement."
4751e4daf0a5d054_p012,4751e4daf0a5d054,EVT_00051,firstpost,2026-04-15 16:16:47,Officials indicated that the revised meeting is aimed at reassessing terms and ensuring that the agreement aligns with the updated US tariff policy.
4751e4daf0a5d054_p013,4751e4daf0a5d054,EVT_00051,firstpost,2026-04-15 16:16:47,Section 301 investigations add complexity
4751e4daf0a5d054_p014,4751e4daf0a5d054,EVT_00051,firstpost,2026-04-15 16:16:47,The upcoming talks also come amid two ongoing trade investigations initiated by the United States Trade Representative (USTR) under Section 301.
4751e4daf0a5d054_p015,4751e4daf0a5d054,EVT_00051,firstpost,2026-04-15 16:16:47,"On March 11, the USTR launched an investigation into policies and industrial practices of 16 economies, including India and China. A second probe on March 12 expanded the scope to 60 countries, examining issues related to forced labour and trade restrictions."
4751e4daf0a5d054_p016,4751e4daf0a5d054,EVT_00051,firstpost,2026-04-15 16:16:47,These investigations will assess whether certain practices in partner countries are unreasonable or discriminatory and whether they place a burden on US commerce.
7e38dc167299a4da_p001,7e38dc167299a4da,EVT_00051,hindustan_times,2026-04-15 22:44:15,China surpasses US as India's largest trading partner in FY26; trade gap swells to $112 billion
7e38dc167299a4da_p002,7e38dc167299a4da,EVT_00051,hindustan_times,2026-04-15 22:44:15,The US was India's largest trading partner for four consecutive years till 2024-25.
7e38dc167299a4da_p003,7e38dc167299a4da,EVT_00051,hindustan_times,2026-04-15 22:44:15,"New Delhi: China has overtaken the US to emerge as India's largest trading partner in 2025-26, with bilateral trade reaching USD 151.1 billion, while the country's trade deficit with Beijing widened to USD 112.16 billion during the period, government data showed."
7e38dc167299a4da_p004,7e38dc167299a4da,EVT_00051,hindustan_times,2026-04-15 22:44:15,The US was India's largest trading partner for four consecutive years till 2024-25.
7e38dc167299a4da_p005,7e38dc167299a4da,EVT_00051,hindustan_times,2026-04-15 22:44:15,"India's exports to China rose 36.66 per cent to USD 19.47 billion during the last fiscal year, while imports increased 16 per cent to USD 131.63 billion. The trade deficit swelled to an all-time high of USD 112.6 billion in 2025-26 as against USD 99.2 billion in 2024-25."
7e38dc167299a4da_p006,7e38dc167299a4da,EVT_00051,hindustan_times,2026-04-15 22:44:15,"On the other hand, the country's outbound shipments to the US grew marginally 0.92 per cent to USD 87.3 billion during the last fiscal year, while imports increased 15.95 per cent to USD 52.9 billion. The trade surplus declined to USD 34.4 billion in 2025-26 from USD 40.89 billion in 2024-25."
7e38dc167299a4da_p007,7e38dc167299a4da,EVT_00051,hindustan_times,2026-04-15 22:44:15,"According to commerce ministry data, China was India's top trading partner from 2013-14 till 2017-18 and also in 2020-21. Before China, the UAE was the country's largest trading partner. The US has been the largest partner since 2021-22."
7e38dc167299a4da_p008,7e38dc167299a4da,EVT_00051,hindustan_times,2026-04-15 22:44:15,"The major trading partners with which India recorded negative exports growth in 2025-26 include the Netherlands, the UK, Singapore, Bangladesh, Saudi Arabia, Australia, France, South Africa, and Malaysia."
7e38dc167299a4da_p009,7e38dc167299a4da,EVT_00051,hindustan_times,2026-04-15 22:44:15,"However, exports to the UAE, Germany, Hong Kong, Italy, Nepal, Brazil, Spain, Belgium, and Vietnam registered positive growth last fiscal year."
7e38dc167299a4da_p010,7e38dc167299a4da,EVT_00051,hindustan_times,2026-04-15 22:44:15,"The major trading partners with which India recorded negative imports growth in 2025-26 include Russia, Iraq, Indonesia, Australia, Qatar, and Taiwan."
7e38dc167299a4da_p011,7e38dc167299a4da,EVT_00051,hindustan_times,2026-04-15 22:44:15,"However, imports from the UAE, Saudi Arabia, Hong Kong, Switzerland, Singapore, Japan, Korea, Germany, Thailand, and Malaysia registered positive growth in the last fiscal year."
68c82184ffaf1a33_p001,68c82184ffaf1a33,EVT_00088,ndtv,2026-04-16 16:38:37,"A SpiceJet plane was taxiing at Delhi airport at around 2:15 pm on Thursday when it hit a stationary Akasa aircraft, resulting in a minor collision that resulted in damage to the two planes. No one was injured in the accident."
68c82184ffaf1a33_p002,68c82184ffaf1a33,EVT_00088,ndtv,2026-04-16 16:38:37,"The Directorate General of Civil Aviation (DGCA) in a statement said that the SpiceJet pilots involved in the incident and the concerned Air Traffic Control officer have been de-rostered, pending investigation."
68c82184ffaf1a33_p003,68c82184ffaf1a33,EVT_00088,ndtv,2026-04-16 16:38:37,"""On 16.04.2026 winglet of Spicejet B-737-700 aircraft VT-SLB taxying in to the allocated parking bay No. 106 after operating flight SG-124 (Leh-Delhi) at Terminal 1 hit the Horizontal tail surface (HTS) of Akasa B-737 aircraft positioned on the apron after push back for operating flight QP 1406 (Delhi-Hyderabad). Due to impact RH winglet of Spicejet aircraft and HTS of Akasa aircraft is damaged. DGCA is carrying out further investigation. Concerned Air Traffic control officer and the involved pilots of SpiceJet have been off rostered pending investigation,"" the DGCA statement read."
68c82184ffaf1a33_p004,68c82184ffaf1a33,EVT_00088,ndtv,2026-04-16 16:38:37,The right winglet of SpiceJet was damaged and the left-hand horizontal stabilizer of Akasa was hit. Akasa Air's plane was to operate flight QP-1406 from Delhi to Hyderabad while the SpiceJet aircraft had arrived from Leh.
68c82184ffaf1a33_p005,68c82184ffaf1a33,EVT_00088,ndtv,2026-04-16 16:38:37,"Both aircraft have been grounded due to damages suffered in the accident, according to officials."
68c82184ffaf1a33_p006,68c82184ffaf1a33,EVT_00088,ndtv,2026-04-16 16:38:37,"""Preliminary information indicates that Akasa's aircraft was stationary when another airline's aircraft made contact with it. All passengers and crew were safely disembarked, and our ground teams are making alternative arrangements to fly our passengers to Hyderabad at the earliest,"" Akasa airline said in a statement."
68c82184ffaf1a33_p007,68c82184ffaf1a33,EVT_00088,ndtv,2026-04-16 16:38:37,"""In line with established protocols, the relevant authorities have been informed, and the matter is under investigation."
68c82184ffaf1a33_p008,68c82184ffaf1a33,EVT_00088,ndtv,2026-04-16 16:38:37,"At Akasa Air, the safety and security of our passengers and crew remain our highest priority,"" the airline underlined."
68c82184ffaf1a33_p009,68c82184ffaf1a33,EVT_00088,ndtv,2026-04-16 16:38:37,Aviation regulator DGCA (Directorate General Of Civil Aviation) is investigating the matter.
68c82184ffaf1a33_p010,68c82184ffaf1a33,EVT_00088,ndtv,2026-04-16 16:38:37,"""On 16.04.2026 Spicejet winglet of B-737-700 aircraft, VT-SLB taxiing in the allocated parking bay after operating flight SG-124 (Leh-Delhi) at Terminal 1 has hit Horizontal tail surface (HTS) of Akasa B-737 aircraft positioned on the apron after push back for operating flight on sector (Delhi-Hyderabad). Due to impact RH winglet of Spicejet aircraft and THS of Akasa aircraft is damaged,"" the DGCA said."
d13af8bda50777c2_p001,d13af8bda50777c2,EVT_00088,hindustan_times,2026-04-16 16:56:14,"Akasa, SpiceJet aircraft involved in minor collision at Delhi airport"
d13af8bda50777c2_p002,d13af8bda50777c2,EVT_00088,hindustan_times,2026-04-16 16:56:14,"The incident took place at around 2.15 pm near Terminal 1, when the Akasa flight was being taxied out from the stand."
d13af8bda50777c2_p003,d13af8bda50777c2,EVT_00088,hindustan_times,2026-04-16 16:56:14,A SpiceJet aircraft was involved in a minor collision with an Akasa Air plane on the runway at the Indira Gandhi International Airport in Delhi.
d13af8bda50777c2_p004,d13af8bda50777c2,EVT_00088,hindustan_times,2026-04-16 16:56:14,"The incident took place at around 2.15 pm near Terminal 1, when the Akasa flight was being taxied out from the stand, while the SpiceJet flight was arrival flight was taxiing in for stand. The concerned air traffic control officer and SpiceJet pilots involved in the incident were were de-rostered, the DGCA said in a statement."
d13af8bda50777c2_p005,d13af8bda50777c2,EVT_00088,hindustan_times,2026-04-16 16:56:14,"The Akasa Air flight, QP-1406, was bound for Hyderabad, while the Spice Jet flight, SG-124, had just arrived from Leh. Information regarding the incident was conveyed to all concerned officials."
d13af8bda50777c2_p006,d13af8bda50777c2,EVT_00088,hindustan_times,2026-04-16 16:56:14,"The Directorate General of Civil Aviation said the SpiceJet flight had hit the “horizontal tail surface (HTS)” of Akasa Air, which was “positioned on the apron after push back” for operating its flight to Hyderabad. Owing to the impact, the right-hand (RH) winglet of the SpiceJet flight and the HTS of Akasa aircraft was damaged, the DGCA said, while stating that it was investigating the matter."
d13af8bda50777c2_p007,d13af8bda50777c2,EVT_00088,hindustan_times,2026-04-16 16:56:14,"Passengers, crew safely disembarked, says Akasa spokesperson"
d13af8bda50777c2_p008,d13af8bda50777c2,EVT_00088,hindustan_times,2026-04-16 16:56:14,"In a statement released after the incident, an Akasa Air spokesperson said the airline's aircraft was “was stationary when another airline’s aircraft made contact with it.”"
d13af8bda50777c2_p009,d13af8bda50777c2,EVT_00088,hindustan_times,2026-04-16 16:56:14,"“Akasa Air’s aircraft operating flight QP 1406 from Delhi to Hyderabad had to return to the bay on April 16, 2026…” the spokesperson said, adding that all passengers and crew were safely disembarked following the minor collision. The airline further said that ground teams were making alternative arrangements “at the earliest” to fly the passengers to Hyderabad."
d13af8bda50777c2_p010,d13af8bda50777c2,EVT_00088,hindustan_times,2026-04-16 16:56:14,"“In line with established protocols, the relevant authorities have been informed, and the matter is under investigation. At Akasa Air, the safety and security of our passengers and crew remain our highest priority,” the spokesperson added."
d13af8bda50777c2_p011,d13af8bda50777c2,EVT_00088,hindustan_times,2026-04-16 16:56:14,Second such incident in two months
d13af8bda50777c2_p012,d13af8bda50777c2,EVT_00088,hindustan_times,2026-04-16 16:56:14,"This is the second such incident in over two months, after an Air India and IndiGo aircraft were involved in a minor collision on ground at Mumbai's Chhatrapati Shivaji International Airport in February."
d13af8bda50777c2_p013,d13af8bda50777c2,EVT_00088,hindustan_times,2026-04-16 16:56:14,"According to ground reports, the wing tips of both planes brushed against each other while on the taxiway. The Air India flight AI 2732 (Mumbai–Coimbatore) was pushing back for departure, while IndiGo flight 6E 791 (Hyderabad–Mumbai) was taxiing after landing."
d13af8bda50777c2_p014,d13af8bda50777c2,EVT_00088,hindustan_times,2026-04-16 16:56:14,"The incident took place while passengers were on board both aircraft. However, no injuries were reported, and all passengers were safely disembarked, an Air India spokesperson later stated."
d13af8bda50777c2_p015,d13af8bda50777c2,EVT_00088,hindustan_times,2026-04-16 16:56:14,"“'Flight AI2732 operating from Mumbai to Coimbatore on 3 February was delayed after the aircraft scheduled to operate the service came into contact with another airline’s aircraft while waiting on the taxiway prior to take-off. The wingtips of the two aircraft made contact, resulting in damage to our aircraft’s wingtip,” Air India said in a statement after the incident. The aircraft was grounded for checks, and ground teams made alternative arrangements for them to fly. IndiGo also stated that an investigation had been launched."
d13af8bda50777c2_p016,d13af8bda50777c2,EVT_00088,hindustan_times,2026-04-16 16:56:14,"Arya Mishra is a Content Producer at Hindustan Times, based in New Delhi, and a key member of the digital news team focusing on urgent breaking developments across India and the world. With a sharp editorial instinct and strong reporting skills, Arya covers high-impact crime incidents, public safety and justice issues, political developments, education policy and international affairs, consistently delivering clear, accurate and timely journalism."
d13af8bda50777c2_p017,d13af8bda50777c2,EVT_00088,hindustan_times,2026-04-16 16:56:14,"Her recent reporting highlights include detailed coverage of serious criminal cases, politics as well as analyses of national education reforms and international diplomatic moves. On the world news front, she has written about global trade policy changes and security developments, including tariff shifts by the United States and strategic counter-terrorism strategies being rolled out by Ministry of Home Affairs. Arya thrives in fast-paced environments – running live blogs, crafting in-depth explainers and real-time news coverage that keeps readers informed as stories evolve."
d13af8bda50777c2_p018,d13af8bda50777c2,EVT_00088,hindustan_times,2026-04-16 16:56:14,"Before joining Hindustan Times, she was a part of The Indian Express online team. Outside the newsroom, she is an avid reader, with a love for thriller and suspense fiction, and enjoys music as a way to unwind. With more than three years of experience in dynamic newsrooms, Arya brings curiosity, clarity and commitment to every story she covers.Read More"
3e81f4a2055350c0_p001,3e81f4a2055350c0,EVT_00088,india_today,2026-04-16 17:55:32,SpiceJet plane hits stationary Akasa Air plane at Delhi airport
3e81f4a2055350c0_p002,3e81f4a2055350c0,EVT_00088,india_today,2026-04-16 17:55:32,A major aviation incident occurred at the Indira Gandhi International Airport in Delhi when a taxiing SpiceJet Boeing 737 aircraft collided with a stationary Akasa Air plane.
3e81f4a2055350c0_p003,3e81f4a2055350c0,EVT_00088,india_today,2026-04-16 17:55:32,"A case concerning alleged religious conversions and sexual harassment at a Tata Consultancy Services facility has reached the Supreme Court. An application has been filed in a suo moto case, with a plea claiming that the national racket has shaken the conscience of the country. The controversy involves at least 12 female employees, with nine officially filing First Information Reports. The accused allegedly targeted young women in financial need, passing inappropriate and indecent remarks about Hindu deities and the Hindu religion."
3e81f4a2055350c0_p004,3e81f4a2055350c0,EVT_00088,india_today,2026-04-16 17:55:32,"Furthermore, the accused made offensive comments regarding the personal and marital lives of the victims. In one instance, a woman unable to conceive faced deliberate remarks that escalated into an indecent proposal and an intention of sexual intimacy. The complaints also highlight the role of the human resources manager, who allegedly won the trust of the affected women but failed to take any actionable steps to address their grievances. The legal proceedings are currently underway at the top court."
3e81f4a2055350c0_p005,3e81f4a2055350c0,EVT_00088,india_today,2026-04-16 17:55:32,A major aviation incident occurred at the Indira Gandhi International Airport in Delhi when a taxiing SpiceJet Boeing 737 aircraft collided with a stationary Akasa Air plane.
3e81f4a2055350c0_p006,3e81f4a2055350c0,EVT_00088,india_today,2026-04-16 17:55:32,"Prime Minister Narendra Modi, who addressed the Lok Sabha on the Women's Reservation Bill, urged the opposition not to politicise the women's reservation bill and assured that the proposed legislation will not lead to any injustice or discrimination against any state."
3e81f4a2055350c0_p007,3e81f4a2055350c0,EVT_00088,india_today,2026-04-16 17:55:32,Prime Minister Narendra Modi on Thursday urged the opposition not to give political colour to the women's reservation bill and warned that women won't forgive those who oppose the proposed 33 percent reservation for women.
3e81f4a2055350c0_p008,3e81f4a2055350c0,EVT_00088,india_today,2026-04-16 17:55:32,"A security breach occurred during Mamata Banerjee’s padyatra in Jalpaiguri district, when a youth broke through the security cordon and ran towards the West Bengal Chief Minister, attempting to touch her feet. He was swiftly intercepted and removed by her security personnel. Banerjee briefly paused her yatra following the incident but resumed it shortly after."
05e1d2b1b0789e0b_p001,05e1d2b1b0789e0b,EVT_00062,firstpost,2026-04-16 09:24:16,"India’s LPG supply disruption could take up to four years to normalise amid Hormuz blockade, with damaged Gulf infrastructure, limited storage, and heavy import reliance worsening shortages and price pressures"
05e1d2b1b0789e0b_p002,05e1d2b1b0789e0b,EVT_00062,firstpost,2026-04-16 09:24:16,A worker unloads liquefied petroleum gas (LPG) cooking cylinders from a supply truck outside a distribution centre in the western Indian city of Ahmedabad. File image/Reuters
05e1d2b1b0789e0b_p003,05e1d2b1b0789e0b,EVT_00062,firstpost,2026-04-16 09:24:16,"The restoration of India’s disrupted Liquefied Petroleum Gas (LPG) supply chains may take between three to four years, as uncertainty persists over whether production facilities in West Asia have suffered permanent damage or temporary halts."
05e1d2b1b0789e0b_p004,05e1d2b1b0789e0b,EVT_00062,firstpost,2026-04-16 09:24:16,"Speaking to Moneycontrol, a senior government official said that the timeline for a return to normalcy is increasingly bleak. The crisis stems from the ongoing blockade of the Strait of Hormuz and Iranian strikes on regional energy infrastructure, which have severely choked the flow of cooking gas to South Asia."
05e1d2b1b0789e0b_p005,05e1d2b1b0789e0b,EVT_00062,firstpost,2026-04-16 09:24:16,The official noted that inputs from global suppliers suggest a prolonged recovery period. The primary concern is the ambiguity surrounding the status of key production wells and processing units in the Gulf.
05e1d2b1b0789e0b_p006,05e1d2b1b0789e0b,EVT_00062,firstpost,2026-04-16 09:24:16,"“Your LPG supply might take that long because some very critical supplies are shut down,” the official was quoted as saying. “What ‘shut’ exactly means is not fully clear—whether entire wells have been exhausted or production has stopped—but suppliers themselves are saying it will take at least three years."""
05e1d2b1b0789e0b_p007,05e1d2b1b0789e0b,EVT_00062,firstpost,2026-04-16 09:24:16,India’s strategic vulnerability
05e1d2b1b0789e0b_p008,05e1d2b1b0789e0b,EVT_00062,firstpost,2026-04-16 09:24:16,"India’s strategic vulnerability has come sharply into focus amid the ongoing disruption, largely due to its heavy dependence on energy imports."
05e1d2b1b0789e0b_p009,05e1d2b1b0789e0b,EVT_00062,firstpost,2026-04-16 09:24:16,"Nearly 60% of the country’s LPG consumption is sourced from overseas, and until recently, about 90% of these supplies passed through the Strait of Hormuz, making it a critical chokepoint."
05e1d2b1b0789e0b_p010,05e1d2b1b0789e0b,EVT_00062,firstpost,2026-04-16 09:24:16,"Compounding the risk is India’s limited storage capacity, which covers barely 15 days of consumption against an annual demand of 33 million tonnes."
05e1d2b1b0789e0b_p011,05e1d2b1b0789e0b,EVT_00062,firstpost,2026-04-16 09:24:16,"The impact is already being felt on the ground, with prices of a 14.2 kg domestic cylinder rising by Rs 60 since mid-March, while commercial cylinders have become costlier by Rs 115."
05e1d2b1b0789e0b_p012,05e1d2b1b0789e0b,EVT_00062,firstpost,2026-04-16 09:24:16,"To manage the strain, the government has prioritised household consumption over industrial use and increased the gap between cylinder bookings. Although efforts to diversify sourcing have reduced dependence on the Gulf from 90 per cent to 55 per cent by late March, effective supply disruption is still estimated at 40 per cent to 50 per cent."
d81822ba62c864e4_p001,d81822ba62c864e4,EVT_00024,theprint,,"ThePrint visited Murshidabad, Cooch Behar, Malda, Nadia, Kolkata, Nandigram, where some decisions by Mamata haven't gone down well with community that has traditionally supported TMC."
d81822ba62c864e4_p002,d81822ba62c864e4,EVT_00024,theprint,,"The agency rejected Kejriwal’s allegation of ‘ideological bias’, calling his plea for the judge’s recusal in the excise policy case hearing ‘wholly vexatious’."
d81822ba62c864e4_p003,d81822ba62c864e4,EVT_00024,theprint,,"Chennai: The Dravidian leaders prefer to call them as ‘social investments’, or ‘personalised gifts’. But a familiar sight is back in poll: Dravida Munnetra..."
d81822ba62c864e4_p004,d81822ba62c864e4,EVT_00024,theprint,,"A victory here would not only mark Gogoi’s first entry into Assam assembly, but also endear him to a quieter, yet sizeable, constituency across Assam that finds Sarma’s style unappealing."
d81822ba62c864e4_p005,d81822ba62c864e4,EVT_00024,theprint,,"While the Godavari and the Krishna rivers were already linked in 2015, the current plan will also connect their tributaries as well as some major rivers in northern Andhra Pradesh."
d81822ba62c864e4_p006,d81822ba62c864e4,EVT_00024,theprint,,"This special edition of Cut The Clutter, straight from the Siliguri corridor, details the strategic importance of the narrow strip of land in West Bengal, and how it’s a vital link connecting the Northeast to the rest of India."
d81822ba62c864e4_p007,d81822ba62c864e4,EVT_00024,theprint,,We now live in a world order that will keep shifting. India must use this window. This also means we remain disciplined enough not to be knee-jerked into reacting to what Pakistan sees as its moment in the sun.
9b421ea7b314a812_p001,9b421ea7b314a812,EVT_00208,indian_express,2026-06-29 15:19:07,Why DMK has hit the streets over TVK minister’s two-year-old video
9b421ea7b314a812_p002,9b421ea7b314a812,EVT_00208,indian_express,2026-06-29 15:19:07,"The video shows Sarath Kumar seated among spectators during an IPL match while handling a small quantity of white, powder-like substance on the screen of a smartphone"
9b421ea7b314a812_p003,9b421ea7b314a812,EVT_00208,indian_express,2026-06-29 15:19:07,"The DMK on Monday mounted one of its first major street protests against Chief Minister C Joseph Vijay’s government, demanding the dismissal and arrest of Human Resources Management Minister D Sarath Kumar over a resurfaced viral video that many allege depicts conduct resembling drug use."
9b421ea7b314a812_p004,9b421ea7b314a812,EVT_00208,indian_express,2026-06-29 15:19:07,"The police denied permission for the demonstration, but in Chennai, dozens of DMK workers and members of the party’s students wing assembled near Rajarathinam Stadium and later staged a road blockade at Doveton in Vepery, briefly disrupting traffic. Officers detained more than 50 protesters, including party functionaries, before dispersing the gathering, citing prohibitory orders. Officials said those detained were likely to be released later."
9b421ea7b314a812_p005,9b421ea7b314a812,EVT_00208,indian_express,2026-06-29 15:19:07,"The protest was all about the Opposition party’s attempt to turn a social media controversy into a political issue, arguing that a minister should be held to a higher standard, particularly amid public campaigns against narcotics."
9b421ea7b314a812_p006,9b421ea7b314a812,EVT_00208,indian_express,2026-06-29 15:19:07,VIDEO | Tamil Nadu: Over 250 DMK cadres detained by police for staging protest against Minister Sarathkumar and seeking his dismissal over allegations of his narcotics substance use in public.
9b421ea7b314a812_p007,9b421ea7b314a812,EVT_00208,indian_express,2026-06-29 15:19:07,(Full video available on PTI Videos – https://t.co/n147TvrpG7) pic.twitter.com/25c0dOuX5E
9b421ea7b314a812_p008,9b421ea7b314a812,EVT_00208,indian_express,2026-06-29 15:19:07,"— Press Trust of India (@PTI_News) June 29, 2026"
9b421ea7b314a812_p009,9b421ea7b314a812,EVT_00208,indian_express,2026-06-29 15:19:07,"The controversy stems from a short video that has resurfaced online after reportedly first appearing as an Instagram story posted by Sarath Kumar about two years ago with the caption “Thug Life”. The clip, apparently recorded during an IPL match at Chennai’s M A Chidambaram Stadium, shows the minister seated among spectators handling a small quantity of white, powder-like substance on the screen of a smartphone."
9b421ea7b314a812_p010,9b421ea7b314a812,EVT_00208,indian_express,2026-06-29 15:19:07,"Interestingly, the video surfaced on the same day Vijay ran a “Start Run, Stop Drugs” anti-drug awareness marathon in Chennai last week, adding a strong edge to the controversy around his minister."
9b421ea7b314a812_p011,9b421ea7b314a812,EVT_00208,indian_express,2026-06-29 15:19:07,"In the footage, Sarath Kumar appears to use an ATM card to press, scrape and gather the substance into a finer powder. A Rs 500 currency note is visible nearby, and at one point he appears to wipe or clean the card or his hand against a handle."
9b421ea7b314a812_p012,9b421ea7b314a812,EVT_00208,indian_express,2026-06-29 15:19:07,"Many online argued that the sequence bears a resemblance to familiar visual depictions of narcotics being prepared, prompting allegations on social media that the minister was using drugs."
9b421ea7b314a812_p013,9b421ea7b314a812,EVT_00208,indian_express,2026-06-29 15:19:07,The video has since triggered sharp political criticism from Opposition parties.
9b421ea7b314a812_p014,9b421ea7b314a812,EVT_00208,indian_express,2026-06-29 15:19:07,"Sarath Kumar has categorically denied the allegation, saying the substance shown was not narcotics but a medicine tablet that he crushed to administer to his sick daughter, who was with him at the match. According to the minister, he used the card simply to crush the tablet into powder so it could be given more easily to the child. He said the clip had been stripped of its context and was being deliberately misrepresented on social media."
9b421ea7b314a812_p015,9b421ea7b314a812,EVT_00208,indian_express,2026-06-29 15:19:07,"The allegation, therefore, remains based on interpretations of the visuals in the video."
9b421ea7b314a812_p016,9b421ea7b314a812,EVT_00208,indian_express,2026-06-29 15:19:07,"Despite that clarification, the DMK intensified its attack. Its students wing announced a statewide agitation demanding Sarath Kumar’s immediate dismissal from the Cabinet, arguing that a minister should not be associated with visuals that raise questions during an anti-drug campaign."
9b421ea7b314a812_p017,9b421ea7b314a812,EVT_00208,indian_express,2026-06-29 15:19:07,"In a statement announcing Monday’s protest, the organisation said combating drug abuse was a collective social responsibility and alleged that the minister’s actions ran contrary to that objective. It further accused him of “hiding behind a child to play politics”."
9b421ea7b314a812_p018,9b421ea7b314a812,EVT_00208,indian_express,2026-06-29 15:19:07,"Former Health Minister M A Subramanian accused the government of suppressing democratic protests and criticised what he described as its handling of drug-related issues. DMK spokesperson Saravanan also criticised the police action, alleging that party workers attempting to make arrangements for the protest had been detained overnight."
9b421ea7b314a812_p019,9b421ea7b314a812,EVT_00208,indian_express,2026-06-29 15:19:07,"The controversy has also drawn criticism beyond the DMK. DMDK general secretary Premalatha Vijayakanth described the footage as “highly condemnable”, saying public representatives should maintain proper conduct and that the emergence of the video during an anti-drug campaign was unfortunate. Separately, a woman advocate, Saranya, submitted a complaint to the Chennai City Police Commissioner seeking legal action against the minister."
9b421ea7b314a812_p020,9b421ea7b314a812,EVT_00208,indian_express,2026-06-29 15:19:07,"Sarath Kumar, who was only recently inducted into the Vijay cabinet, continues to reject the allegations. His party, the TVK, has since sought to distance itself from the episode as political pressure over the viral video continues to grow."
01424f0f5da0a0f6_p001,01424f0f5da0a0f6,EVT_00211,theprint,2026-06-30 15:27:22,"New Delhi: The Cockroach Janta Party (CJP), which has projected itself as a citizens’ movement for educational reforms and accountability in government, is increasingly drawing political attention, even as its founder Abhijeet Dipke maintains the CJP has no electoral ambitions, and its only agenda is seeking reform."
01424f0f5da0a0f6_p002,01424f0f5da0a0f6,EVT_00211,theprint,2026-06-30 15:27:22,"Dipke has repeatedly rejected the CJP’s comparisons with the Aam Aadmi Party (AAP), which emerged from the India Against Corruption movement before entering electoral politics. The CJP is a student-led campaign, Dipke has maintained."
01424f0f5da0a0f6_p003,01424f0f5da0a0f6,EVT_00211,theprint,2026-06-30 15:27:22,"However, the movement’s latest outreach to political parties has fuelled speculation over whether it is acquiring a political colour."
01424f0f5da0a0f6_p004,01424f0f5da0a0f6,EVT_00211,theprint,2026-06-30 15:27:22,"When ThePrint spoke to Dipke earlier this month, he said the movement was not dependent on political parties. Asked whether the absence of Opposition leaders and thinning crowds had disappointed him, Dipke had said, “We are not relying on any political parties to carry this movement forward; this movement is by the students.”"
01424f0f5da0a0f6_p005,01424f0f5da0a0f6,EVT_00211,theprint,2026-06-30 15:27:22,"He, however, added that he hoped all political parties would put aside their differences and unite for the students’ cause. His latest appeal to all parties to join his protest builds on that position."
01424f0f5da0a0f6_p006,01424f0f5da0a0f6,EVT_00211,theprint,2026-06-30 15:27:22,"Dipke has invited all political parties, including BJP members, to join the agitation, while urging them to come with the Tiranga and not their party flags."
01424f0f5da0a0f6_p007,01424f0f5da0a0f6,EVT_00211,theprint,2026-06-30 15:27:22,The invitation came even as BJP national president Nitin Nabin took an indirect swipe at the movement during a speech in Telangana.
01424f0f5da0a0f6_p008,01424f0f5da0a0f6,EVT_00211,theprint,2026-06-30 15:27:22,"“New virus and cockroach-like parties are emerging in the country with the aim to destroy it… They are the ones who want to break the country into pieces, and BJP workers will teach them a lesson,” he said."
01424f0f5da0a0f6_p009,01424f0f5da0a0f6,EVT_00211,theprint,2026-06-30 15:27:22,"Despite its growing online popularity, the movement has not received formal backing from any major political party."
01424f0f5da0a0f6_p010,01424f0f5da0a0f6,EVT_00211,theprint,2026-06-30 15:27:22,"The CJP’s first protest at Jantar Mantar on 6 June was attended by CPI leader Annie Raja, CPI(ML) Liberation General Secretary Dipankar Bhattacharya and climate activist Sonam Wangchuk. According to sources, the movement was also discussed at an INDIA bloc meeting after Bhattacharya raised the issue."
01424f0f5da0a0f6_p011,01424f0f5da0a0f6,EVT_00211,theprint,2026-06-30 15:27:22,"On Tuesday, CPI general secretary D. Raja, CPI(M) general secretary M.A. Baby and senior CPI(M) leader Brinda Karat also attended the protest at Jantar Mantar."
01424f0f5da0a0f6_p012,01424f0f5da0a0f6,EVT_00211,theprint,2026-06-30 15:27:22,Several Opposition leaders have also publicly endorsed the movement’s demands without formally joining the agitation.
01424f0f5da0a0f6_p013,01424f0f5da0a0f6,EVT_00211,theprint,2026-06-30 15:27:22,"AAP national convener Arvind Kejriwal backed the CJP’s central demand of Union Education Minister Dharmendra Pradhan’s resignation, saying the movement reflected widespread anger among students over repeated examination controversies and incidents of paper leaks."
01424f0f5da0a0f6_p014,01424f0f5da0a0f6,EVT_00211,theprint,2026-06-30 15:27:22,Please note. https://t.co/EEj16kxACr
01424f0f5da0a0f6_p015,01424f0f5da0a0f6,EVT_00211,theprint,2026-06-30 15:27:22,"— Abhijeet Dipke (@abhijeet_dipke) June 29, 2026"
01424f0f5da0a0f6_p016,01424f0f5da0a0f6,EVT_00211,theprint,2026-06-30 15:27:22,"Samajwadi Party chief Akhilesh Yadav, Shiv Sena (UBT) chief Uddhav Thackeray and NCP (Sharadchandra Pawar) leader Rohit Pawar have also voiced support for the protesters."
01424f0f5da0a0f6_p017,01424f0f5da0a0f6,EVT_00211,theprint,2026-06-30 15:27:22,"The Congress, too, has supported the issues raised by the movement while maintaining organisational distance from the protest."
01424f0f5da0a0f6_p018,01424f0f5da0a0f6,EVT_00211,theprint,2026-06-30 15:27:22,"Also Read: Why Delhi Police photographers at Cockroach Party protest wore orange vests, body cameras"
01424f0f5da0a0f6_p019,01424f0f5da0a0f6,EVT_00211,theprint,2026-06-30 15:27:22,‘Crowd not only measure of success’
01424f0f5da0a0f6_p020,01424f0f5da0a0f6,EVT_00211,theprint,2026-06-30 15:27:22,Rajya Sabha MP Abhishek Manu Singhvi told ThePrint that the success of a protest should not be measured solely by the size of the crowd.
01424f0f5da0a0f6_p021,01424f0f5da0a0f6,EVT_00211,theprint,2026-06-30 15:27:22,"“Times have changed,” Singhvi said, arguing that the movement had generated significant traction online and reflected genuine dissatisfaction among young people over the education system."
01424f0f5da0a0f6_p022,01424f0f5da0a0f6,EVT_00211,theprint,2026-06-30 15:27:22,"However, the Congress has not officially endorsed the Cockroach Janta Party’s agitation. Instead, its student wing, the National Students’ Union of India (NSUI), and the Indian Youth Congress have organised separate protests over examination-related issues rather than joining the sit-in at Jantar Mantar."
01424f0f5da0a0f6_p023,01424f0f5da0a0f6,EVT_00211,theprint,2026-06-30 15:27:22,Political scientist Chandrachur Singh said the movement’s outreach to political parties should not automatically be interpreted as evidence of electoral ambitions.
01424f0f5da0a0f6_p024,01424f0f5da0a0f6,EVT_00211,theprint,2026-06-30 15:27:22,"“The central demand is the resignation of Dharmendra Pradhan. Student organisations such as SFI and AISA have their own political affiliations. If the movement wants this demand to be raised inside Parliament, it is only natural that it will seek support from political parties,” he said."
01424f0f5da0a0f6_p025,01424f0f5da0a0f6,EVT_00211,theprint,2026-06-30 15:27:22,Singh further also said that the movement’s objective appeared to be securing political backing for its demands rather than transforming itself into a political party.
01424f0f5da0a0f6_p026,01424f0f5da0a0f6,EVT_00211,theprint,2026-06-30 15:27:22,"“They have been consistent in saying that they want accountability and the minister’s resignation. Seeking support from political parties does not necessarily mean they have a political agenda. They may want legislators to raise the issue inside Parliament. That is different from entering electoral politics,” he said. “Even if they eventually choose to do so, I don’t see them emerging as a major political force, and if they do later want to get into politics they will have to change their name.”"
01424f0f5da0a0f6_p027,01424f0f5da0a0f6,EVT_00211,theprint,2026-06-30 15:27:22,"For now, the Cockroach Janta Party continues to describe itself as a citizens’ movement. But with some political leaders turning up at its protests, parties across the Opposition backing its demands, and Dipke himself inviting all parties to join the agitation, the movement risks being labelled a political campaign."
01424f0f5da0a0f6_p028,01424f0f5da0a0f6,EVT_00211,theprint,2026-06-30 15:27:22,"Also Read: At Jantar Mantar, Cockroach Janata Party protest settles into a simmer as demands stay unchanged"
508fc06fff56540b_p001,508fc06fff56540b,EVT_00213,indian_express,2026-06-30 15:30:20,Ram Mandir ‘Theft’ row: Will VHP’s campaign to ‘free’ temples be hit?
508fc06fff56540b_p002,508fc06fff56540b,EVT_00213,indian_express,2026-06-30 15:30:20,"A section of the outfit feels the initiative has suffered a setback, says ""next few months are critical""; others bank on public's “short memory” to overcome setback"
508fc06fff56540b_p003,508fc06fff56540b,EVT_00213,indian_express,2026-06-30 15:30:20,The recent alleged embezzlement of donations at the Ram Janmabhoomi Temple in Ayodhya has triggered fresh concerns within the Sangh Parivar about the long-running campaign of the Vishwa Hindu Parishad (VHP) to liberate Hindu temples from government control.
508fc06fff56540b_p004,508fc06fff56540b,EVT_00213,indian_express,2026-06-30 15:30:20,"While the VHP has officially maintained that the alleged theft will not derail its efforts, several voices within the broader Sangh ecosystem believe the campaign has suffered a significant setback."
508fc06fff56540b_p005,508fc06fff56540b,EVT_00213,indian_express,2026-06-30 15:30:20,"“Abhi to lagta hai, yah abhiyan khatai mein pad gaya hai (it seems like the campaign has derailed),” remarked a senior VHP leader, suggesting the movement is currently caught in a dilemma."
508fc06fff56540b_p006,508fc06fff56540b,EVT_00213,indian_express,2026-06-30 15:30:20,"The VHP has consistently highlighted the issue of government interference in temple affairs. In a resolution passed during its Board of Trustees meeting in Faridabad on July 17-18, 2021, the organisation urged the Centre “to enact a legislation handing over Hindu temples and religious institutions to Hindu society”."
508fc06fff56540b_p007,508fc06fff56540b,EVT_00213,indian_express,2026-06-30 15:30:20,"The resolution emphasised that devotees offer donations according to their capacity to support religious, educational, health, and social activities run by temples, and stressed that “temples should not be treated as government property”."
508fc06fff56540b_p008,508fc06fff56540b,EVT_00213,indian_express,2026-06-30 15:30:20,"VHP functionaries and religious leaders associated with it have often cited substantial financial figures to underscore their demand. At the Mahakumbh in Prayagraj on January 24, 2025, Avdheshanand Giri claimed that donations worth Rs 1.86 lakh crore from temples were flowing into government coffers."
508fc06fff56540b_p009,508fc06fff56540b,EVT_00213,indian_express,2026-06-30 15:30:20,"In July last year, the VHP’s Governing Council meeting in Jalgaon, Maharashtra, reiterated that temples must be managed by Hindus and their funds used exclusively for the benefit of Hindu society."
508fc06fff56540b_p010,508fc06fff56540b,EVT_00213,indian_express,2026-06-30 15:30:20,"VHP president Alok Kumar told The Indian Express that the organisation remains undeterred. “We have already held meetings with Governors and chief ministers of several states. The next course of action will be decided in the Board of Trustees meeting scheduled for July 19-20 in Delhi,” he said."
508fc06fff56540b_p011,508fc06fff56540b,EVT_00213,indian_express,2026-06-30 15:30:20,"However, some senior RSS pracharaks closely involved in the Ram Temple movement expressed deeper worries. One key strategist from Uttar Pradesh noted, “The latest episode in Ayodhya has weakened the ‘free Hindu temples’ campaign. Our failure to properly manage offerings and donations at the Ram Temple has exposed shortcomings in selecting the right people for the job. We must restore people’s faith before pushing ahead.”"
508fc06fff56540b_p012,508fc06fff56540b,EVT_00213,indian_express,2026-06-30 15:30:20,"Another pracharak described the alleged theft as “a big setback,” adding, “Ram Janmabhoomi is not just any temple. If we have failed here, people will naturally question our ability to manage other temples. But please don’t forget that government-managed temples also have such allegations. The fact is that those temples, from time to time, have suffered more mismanagement of funds and other related allegations.”"
508fc06fff56540b_p013,508fc06fff56540b,EVT_00213,indian_express,2026-06-30 15:30:20,"However, despite the concerns, the VHP plans to intensify its outreach by meeting legislators across the country to build support for its demand. One VHP leader involved in the “free temple campaign” struck a note of cautious optimism: “It is a setback, but people’s memory is short. Even after these allegations, offerings, donations, and devotee footfall in Ayodhya have not declined. In a few months, this will be forgotten.”"
508fc06fff56540b_p014,508fc06fff56540b,EVT_00213,indian_express,2026-06-30 15:30:20,"A contrasting view came from another office-bearer, who stressed the need for swift action: “We must restore public faith urgently. The next few months are critical. The FIR registered in Ayodhya should be investigated promptly and tried in a fast-track court. Everything depends on how effectively we rebuild trust.”"
508fc06fff56540b_p015,508fc06fff56540b,EVT_00213,indian_express,2026-06-30 15:30:20,"The country is estimated to have around 10 lakh temples, though no official comprehensive count exists. While most are small and community-managed, the administration of major temples has long been contentious, with many governed by state-specific legislation that places them under government control."
508fc06fff56540b_p016,508fc06fff56540b,EVT_00213,indian_express,2026-06-30 15:30:20,"A few years ago, a committee headed by Swami Parmatmananda, General Secretary of the All India Acharya Sabha, was formed with representation from various organisations, including the VHP, to address these issues."
508fc06fff56540b_p017,508fc06fff56540b,EVT_00213,indian_express,2026-06-30 15:30:20,"The Ayodhya controversy has now brought renewed focus on whether the VHP can overcome this challenge and sustain momentum for its flagship temple liberation campaign. There were conferences organised in this regard, of which a few were attended by former RSS sarkaryavah Bhaiyaji Joshi."
dd8acdcce507c12d_p001,dd8acdcce507c12d,EVT_00208,theprint,2026-07-01 13:16:32,New Delhi: TVK leader and Tamil Nadu minister R Nirmal Kumar on Wednesday alleged horse trading attempt by DMK leadership to lure his party legislators and said that three persons have been arrested by police in this connection.
dd8acdcce507c12d_p002,dd8acdcce507c12d,EVT_00208,theprint,2026-07-01 13:16:32,"Based on the complaint lodged by a TVK MLA, the three men, which includes a person identified as Naresh, who is in “close touch” with “DMK leader V Senthilbalaji and his brother Ashok,” has been arrested in connection with “horse-trading”, he said."
dd8acdcce507c12d_p003,dd8acdcce507c12d,EVT_00208,theprint,2026-07-01 13:16:32,"Kumar, Minister for Energy Resources, told reporters that for the past about 40 days, his party has been stating that MK Stalin and Edappadi K Palaniswami, top leaders of the DMK and AIADMK respectively, have been trying to form the government through “short-cut.”"
dd8acdcce507c12d_p004,dd8acdcce507c12d,EVT_00208,theprint,2026-07-01 13:16:32,"The minister claimed that on the behest of DMK leaders such as Stalin and leader of opposition Udhayanidhi, people like Senthilbalaji have contacted several TVK MLAs and offered inducement ranging between Rs 10 and Rs 50 crore."
dd8acdcce507c12d_p005,dd8acdcce507c12d,EVT_00208,theprint,2026-07-01 13:16:32,"Meanwhile, the City Police said that a person claiming himself to be the head of a political survey organization was among the three arrested for contacting N Ilayaraja, TVK MLA from Uthangarai Assembly Constituency in Krishnagiri district. The MLA was lured with Rs 35 crore seeking his “cooperation” over an Assembly resolution against the Speaker."
dd8acdcce507c12d_p006,dd8acdcce507c12d,EVT_00208,theprint,2026-07-01 13:16:32,"“Surprised by the proposal, the MLA firmly declined, stating that he had no interest and instructed (accused) Thirunavukkarasu not to contact him again. Thirunavukkarasu allegedly threatened that if the conversation was disclosed, both the MLA and his family would face serious consequences,” a police release said."
dd8acdcce507c12d_p007,dd8acdcce507c12d,EVT_00208,theprint,2026-07-01 13:16:32,"Following a complaint from the MLA, the city police registered a case and arrested Thirunavukkarasu, Naresh and Thiyagarajan for their alleged involvement in the case, it said."
dd8acdcce507c12d_p008,dd8acdcce507c12d,EVT_00208,theprint,2026-07-01 13:16:32,"“Inquiry disclosed that V Ashok Kumar, younger brother of former DMK Minister and current Coimbatore South MLA V Senthil Balaji met accused Naresh in Chennai. Further inquiry revealed that Thirunavukkarasu contacted the MLA and carried out the alleged acts on the instructions of Senthil Balaji and Ashok Kumar,” it said."
dd8acdcce507c12d_p009,dd8acdcce507c12d,EVT_00208,theprint,2026-07-01 13:16:32,This report is auto-generated from PTI news service. ThePrint holds no responsibility for its content.
a183ac4a8a66cdce_p001,a183ac4a8a66cdce,EVT_00252,india_today,2026-07-02 08:01:28,Sanae Takaichi India Visit Highlights: PM Takaichi bats for stronger India-Japan partnership amid global uncertainty
a183ac4a8a66cdce_p002,a183ac4a8a66cdce,EVT_00252,india_today,2026-07-02 08:01:28,All live updates to this blog has ended
a183ac4a8a66cdce_p003,a183ac4a8a66cdce,EVT_00252,india_today,2026-07-02 08:01:28,Sanae Takaichi in India: The countries to mark 75 years of diplomatic ties with special events in 2027
a183ac4a8a66cdce_p004,a183ac4a8a66cdce,EVT_00252,india_today,2026-07-02 08:01:28,"India and Japan will celebrate 2027 as the India-Japan Year of Shared Horizons to mark 75 years of diplomatic ties, the Ministry of External Affairs said. The two countries will organise 10 commemorative programmes with a strong focus on youth participation. Foreign Secretary Vikram Misri also said Japanese Prime Minister Sanae Takaichi has invited Prime Minister Narendra Modi to Japan for next year's annual summit."
a183ac4a8a66cdce_p005,a183ac4a8a66cdce,EVT_00252,india_today,2026-07-02 08:01:28,Sanae Takaichi India Visit: Both the countries agree to strengthen crude oil partnership
a183ac4a8a66cdce_p006,a183ac4a8a66cdce,EVT_00252,india_today,2026-07-02 08:01:28,"During Japanese Prime Minister Sanae Takaichi's visit, India and Japan agreed to strengthen cooperation on strategic crude oil reserves and maritime energy transportation as part of efforts to bolster energy security and resilient supply chains."
a183ac4a8a66cdce_p007,a183ac4a8a66cdce,EVT_00252,india_today,2026-07-02 08:01:28,Sanae Takaichi India Visit: Renewable Energy Secy signs hydrogen pact
a183ac4a8a66cdce_p008,a183ac4a8a66cdce,EVT_00252,india_today,2026-07-02 08:01:28,Ministry of New and Renewable Energy Secretary Santosh Kumar Sarangi witnessed the signing of green hydrogen agreements between ACME Cleantech and Japanese companies during the India-Japan Annual Summit 2026.
a183ac4a8a66cdce_p009,a183ac4a8a66cdce,EVT_00252,india_today,2026-07-02 08:01:28,Sanae Takaichi in India: Future Creation Co. CEO both the countries have complementary strengths
a183ac4a8a66cdce_p010,a183ac4a8a66cdce,EVT_00252,india_today,2026-07-02 08:01:28,"Speaking at the India-Japan Annual Summit 2026, Future Creation Company CEO and CCO Haruyuki Hiratani said India and Japan have complementary strengths, with Japan excelling in mechanical engineering and India in information technology. He said closer collaboration between the two countries could accelerate the development and manufacturing of Internet of Things (IoT) solutions, describing it as a mutually beneficial partnership."
a183ac4a8a66cdce_p011,a183ac4a8a66cdce,EVT_00252,india_today,2026-07-02 08:01:28,Sanae Takaichi India Visit: Japan Press Secy says both the nations see significant scope for cooperation
a183ac4a8a66cdce_p012,a183ac4a8a66cdce,EVT_00252,india_today,2026-07-02 08:01:28,"Speaking during Japanese Prime Minister Sanae Takaichi's visit to India, Press Secretary and Official Spokesperson Toshihiro Kitamura said both India and Japan are facing challenges arising from the weaponisation of economic relations, including difficulties in importing dual-use items from neighbouring countries. He said the two nations see significant scope for cooperation in addressing these challenges and have identified five priority areas for joint projects aimed at strengthening resilient and secure supply chains."
a183ac4a8a66cdce_p013,a183ac4a8a66cdce,EVT_00252,india_today,2026-07-02 08:01:28,Sanae Takaichi India Visit: Akiba Farm Holdings CEO plans to help local Indian farmers
a183ac4a8a66cdce_p014,a183ac4a8a66cdce,EVT_00252,india_today,2026-07-02 08:01:28,"Speaking at the India-Japan Annual Summit 2026, Akiba Farm Holdings President and CEO Hidetake Akiba said the company, which has been engaged in farming in Japan for 140 years, has recently entered the Indian market. He said the firm's focus is on helping local farmers increase their income and improve milk production through its proprietary animal feed. Akiba added that the company has begun operations in Karnataka and Bengaluru and plans to expand its business to northern, southern and western India."
a183ac4a8a66cdce_p015,a183ac4a8a66cdce,EVT_00252,india_today,2026-07-02 08:01:28,Sanae Takaichi in India: Tata Chemicals MD says the two country should deepen EV cooperation
a183ac4a8a66cdce_p016,a183ac4a8a66cdce,EVT_00252,india_today,2026-07-02 08:01:28,"Speaking at the India-Japan Joint Economic Forum, Tata Chemicals Managing Director R. Mukundan said India and Japan should deepen cooperation in electric vehicles, green hydrogen and battery storage to strengthen the clean energy transition."
a183ac4a8a66cdce_p017,a183ac4a8a66cdce,EVT_00252,india_today,2026-07-02 08:01:28,Sanae Takaichi India Visit: Foreign Secy calls Japan PM's visit a significant step
a183ac4a8a66cdce_p018,a183ac4a8a66cdce,EVT_00252,india_today,2026-07-02 08:01:28,"Foreign Secretary Vikram Mistry said Japanese Prime Minister Sanae Takaichi's maiden visit to India marked a significant step in strengthening the India-Japan Special Strategic and Global Partnership. Prime Minister Narendra Modi and Takaichi held restricted and delegation-level talks covering trade, investment, economic security, supply chain resilience, defence, technology, innovation and people-to-people ties."
a183ac4a8a66cdce_p019,a183ac4a8a66cdce,EVT_00252,india_today,2026-07-02 08:01:28,"Both leaders emphasised resilient supply chains, energy security and deeper business collaboration through the Economic Security Factsheet 2.0. They also agreed to cooperate on establishing 1,000 biogas plants in India using Japanese technology and identified artificial intelligence as a key area for future collaboration. Prime Minister Modi will host Takaichi for a private dinner."
a183ac4a8a66cdce_p020,a183ac4a8a66cdce,EVT_00252,india_today,2026-07-02 08:01:28,Sanae Takaichi India Visit: Japan PM explains why strengthening regional autonomy and resilience is essential
a183ac4a8a66cdce_p021,a183ac4a8a66cdce,EVT_00252,india_today,2026-07-02 08:01:28,"Japanese Prime Minister Sanae Takaichi said the world is facing a new era marked by protectionism, economic coercion and rising geopolitical tensions, making it essential to strengthen regional autonomy and resilience. She proposed advancing a vision of ""Growing Stronger and More Prosperous Together,"" founded on the twin principles of autonomy and resilience, and said the approach closely aligns with Prime Minister Narendra Modi's MAHASAGAR initiative."
a183ac4a8a66cdce_p022,a183ac4a8a66cdce,EVT_00252,india_today,2026-07-02 08:01:28,Sanae Takaichi in India: Japan PM says the two countries will further strengthen cooperation
a183ac4a8a66cdce_p023,a183ac4a8a66cdce,EVT_00252,india_today,2026-07-02 08:01:28,"Addressing the forum, Japanese Prime Minister Sanae Takaichi said Japan and India, as two of the region's largest democracies, would further strengthen cooperation to uphold the rule of law, resist coercion, safeguard freedom, promote prosperity and shape the future together. She described energy security as one of the most important pillars of the bilateral partnership."
a183ac4a8a66cdce_p024,a183ac4a8a66cdce,EVT_00252,india_today,2026-07-02 08:01:28,Sanae Takaichi India Visit: PM Modi believes Japan and India together can build resilient global supply chains
a183ac4a8a66cdce_p025,a183ac4a8a66cdce,EVT_00252,india_today,2026-07-02 08:01:28,"Presenting his vision for the future of India-Japan ties, Prime Minister Narendra Modi said Japan's technology and India's market potential could together build resilient global supply chains in semiconductors, pharmaceuticals and critical minerals. He said Japan's capital and India's ambition could drive global leadership in shipbuilding, mobility and clean energy, while startups from both countries could develop next-generation solutions in artificial intelligence, quantum technology and biotechnology. Modi also highlighted the potential for expanded cooperation in aerospace and defence to strengthen global security."
a183ac4a8a66cdce_p026,a183ac4a8a66cdce,EVT_00252,india_today,2026-07-02 08:01:28,Sanae Takaichi India Visit: PM Modi calls for Japanese investment in India worth 10 trillion yen
a183ac4a8a66cdce_p027,a183ac4a8a66cdce,EVT_00252,india_today,2026-07-02 08:01:28,"Prime Minister Narendra Modi called for deeper economic engagement between the two countries, urging businesses to ensure that Japanese investment in India exceeds 10 trillion yen over the next decade and that the number of Japanese companies operating in the country doubles during the same period."
a183ac4a8a66cdce_p028,a183ac4a8a66cdce,EVT_00252,india_today,2026-07-02 08:01:28,Sanae Takaichi in India: PM Modi assures that India is world's fastest-growing economy
a183ac4a8a66cdce_p029,a183ac4a8a66cdce,EVT_00252,india_today,2026-07-02 08:01:28,"Addressing the India-Japan Joint Economic Forum, Prime Minister Narendra Modi said the global economy is facing supply chain disruptions, trade uncertainty and weakening demand. Despite these challenges, he said India remains the world's fastest-growing major economy, with GDP growth of 7.7 per cent in the last financial year. Modi added that by embracing Japan's Kaizen philosophy of continuous improvement over the past 12 years, India has been transforming its economic DNA."
a183ac4a8a66cdce_p030,a183ac4a8a66cdce,EVT_00252,india_today,2026-07-02 08:01:28,Sanae Takaichi India Visit: PM Modi and Japanese PM inaugurate Maruti Suzuki's 4th manufacturing unit
a183ac4a8a66cdce_p031,a183ac4a8a66cdce,EVT_00252,india_today,2026-07-02 08:01:28,"At the India-Japan Joint Economic Forum, Prime Minister Narendra Modi and Japanese Prime Minister Sanae Takaichi jointly inaugurate Maruti Suzuki's fourth vehicle manufacturing facility at Kharkhoda in Haryana via video conferencing."
a183ac4a8a66cdce_p032,a183ac4a8a66cdce,EVT_00252,india_today,2026-07-02 08:01:28,Sanae Takaichi India Visit: PM Modi calls India-Japan ties 'very special'
a183ac4a8a66cdce_p033,a183ac4a8a66cdce,EVT_00252,india_today,2026-07-02 08:01:28,"Addressing the India-Japan Joint Economic Forum, Prime Minister Narendra Modi described India-Japan ties as ""very special"" and highlighted the success of the two countries' economic partnership. Referring to the inauguration of the new Maruti Suzuki plant in Haryana's Kharkhoda, he said nearly two-thirds of Suzuki cars sold globally are manufactured in India and exported to more than 100 countries. Modi said the combination of Japan's expertise and investment with India's speed and scale benefits not only the two nations but the entire world."
a183ac4a8a66cdce_p034,a183ac4a8a66cdce,EVT_00252,india_today,2026-07-02 08:01:28,Sanae Takaichi in India: PM Modi says India-Japan business ties span over 100 years
a183ac4a8a66cdce_p035,a183ac4a8a66cdce,EVT_00252,india_today,2026-07-02 08:01:28,"Addressing the India-Japan Joint Economic Forum, Prime Minister Narendra Modi said several Japanese companies have maintained business ties with India for decades, with some partnerships spanning more than a century. He welcomed the new companies joining the forum and said their participation would further strengthen the India-Japan success story."
a183ac4a8a66cdce_p036,a183ac4a8a66cdce,EVT_00252,india_today,2026-07-02 08:01:28,Sanae Takaichi India Visit: PM Modi visits exhibition with Japanese PM
a183ac4a8a66cdce_p037,a183ac4a8a66cdce,EVT_00252,india_today,2026-07-02 08:01:28,Prime Minister Narendra Modi and Japanese Prime Minister Sanae Takaichi visit an exhibition at the India-Japan Joint Economic Forum.
a183ac4a8a66cdce_p038,a183ac4a8a66cdce,EVT_00252,india_today,2026-07-02 08:01:28,#WATCH | Delhi: Prime Minister Narendra Modi and Japanese PM Japanese Prime Minister Sanae Takaichi watch an exhibition at the India-Japan Joint Economic Forum.
a183ac4a8a66cdce_p039,a183ac4a8a66cdce,EVT_00252,india_today,2026-07-02 08:01:28,(Video Source: DD News) pic.twitter.com/BNYvunntlS
a183ac4a8a66cdce_p040,a183ac4a8a66cdce,EVT_00252,india_today,2026-07-02 08:01:28,Sanae Takaichi India Tour: PM Modi to attend Joint Economic Forum shortyly with Japanese PM
a183ac4a8a66cdce_p041,a183ac4a8a66cdce,EVT_00252,india_today,2026-07-02 08:01:28,"Prime Minister Narendra Modi, along with Japanese Prime Minister Sanae Takaichi, will attend the India-Japan Joint Economic Forum shortly."
a183ac4a8a66cdce_p042,a183ac4a8a66cdce,EVT_00252,india_today,2026-07-02 08:01:28,"#WATCH | Delhi: Prime Minister Narendra Modi and Japanese PM Japanese Prime Minister Sanae Takaichi to attend the India-Japan Joint Economic Forum, shortly."
a183ac4a8a66cdce_p043,a183ac4a8a66cdce,EVT_00252,india_today,2026-07-02 08:01:28,(Video Source: DD News) pic.twitter.com/wnNSQQCXdK
a183ac4a8a66cdce_p044,a183ac4a8a66cdce,EVT_00252,india_today,2026-07-02 08:01:28,Sanae Takaichi in India: PM Modi calls Japan's Takaichi his 'younger sister'
a183ac4a8a66cdce_p045,a183ac4a8a66cdce,EVT_00252,india_today,2026-07-02 08:01:28,"Prime Minister Narendra Modi warmly welcomed his Japanese counterpart, Sanae Takaichi, during their joint press statement, addressing her as ""Excellency and my younger sister, Prime Minister Takaichi."" Greeting the Japanese delegation, dignitaries and members of the media, Modi said it was a matter of great pleasure to host Takaichi on her maiden visit to India for the annual summit."
a183ac4a8a66cdce_p046,a183ac4a8a66cdce,EVT_00252,india_today,2026-07-02 08:01:28,"#WATCH | Delhi: During press statement with Japanese PM Sanae Takaichi, Prime Minister Narendra Modi says, ""Excellency and my younger sister, Prime Minister Takaichi, delegates from both nations, and members of the media—Namaskar. It gives me great pleasure to welcome Primeâ¦ pic.twitter.com/O78kLVnptK"
711a6b6f99125ddf_p001,711a6b6f99125ddf,EVT_00272,firstpost,2026-07-02 13:21:19,"In a candid conversation on leadership, global governance and the starkly different trajectories of Asia’s two rising giants, former PepsiCo Chairperson and CEO Indra Nooyi offered a blunt assessment of how political systems shape economic destiny. While praising China’s economic efficiency, she ultimately defended India’s messy democratic model."
711a6b6f99125ddf_p002,711a6b6f99125ddf,EVT_00272,firstpost,2026-07-02 13:21:19,"Speaking alongside former US Secretary of State Condoleezza Rice at a Hoover Institution panel, Nooyi weighed in on why China rapidly transformed into a manufacturing powerhouse while India continues a slower, more turbulent climb toward superpower status."
711a6b6f99125ddf_p003,711a6b6f99125ddf,EVT_00272,firstpost,2026-07-02 13:21:19,The contrast of ‘order’ and ‘chaos’
711a6b6f99125ddf_p004,711a6b6f99125ddf,EVT_00272,firstpost,2026-07-02 13:21:19,"The discussion began with Rice asking Nooyi how she would encourage American students and tourists to explore India, noting that Western travellers frequently visit China but often hesitate when it comes to India."
711a6b6f99125ddf_p005,711a6b6f99125ddf,EVT_00272,firstpost,2026-07-02 13:21:19,"Nooyi, who was born and raised in Chennai before rising to the pinnacle of corporate America, acknowledged that the two countries require entirely different mindsets."
711a6b6f99125ddf_p006,711a6b6f99125ddf,EVT_00272,firstpost,2026-07-02 13:21:19,"“The interesting thing about China is that it’s relatively homogeneous,” Nooyi remarked. “As a visitor going there and spending some time, it’s easier to do that in China than it is in India. India is a chaotic country. The beauty of India lies in its chaos. Absolute chaos.”"
711a6b6f99125ddf_p007,711a6b6f99125ddf,EVT_00272,firstpost,2026-07-02 13:21:19,"She joked that for those accustomed to predictability and orderly streets, India can initially feel overwhelming."
711a6b6f99125ddf_p008,711a6b6f99125ddf,EVT_00272,firstpost,2026-07-02 13:21:19,"“When you see cows on the road along with the cars, you go, ‘What the hell is going on here?’ Hey, we know how to dodge the cars and keep going… That’s life in India.”"
711a6b6f99125ddf_p009,711a6b6f99125ddf,EVT_00272,firstpost,2026-07-02 13:21:19,Ex-Pepsi CEO on India vs China:
711a6b6f99125ddf_p010,711a6b6f99125ddf,EVT_00272,firstpost,2026-07-02 13:21:19,"""I respect the Chinese system for pulling China out of the dark ages. It became a world power because they did it centrally. India is still struggling to be a world power because democracy rules & progress is slow. But I am glad it is a democracy"" pic.twitter.com/em2zAbk1g9 — Shashank Mattoo (@MattooShashank) July 2, 2026"
711a6b6f99125ddf_p011,711a6b6f99125ddf,EVT_00272,firstpost,2026-07-02 13:21:19,"‘Progress is slow, but I’m glad it is that way’"
711a6b6f99125ddf_p012,711a6b6f99125ddf,EVT_00272,firstpost,2026-07-02 13:21:19,"However, Nooyi argued that India’s apparent “chaos” is inseparable from its greatest strength—its democracy. Drawing a contrast with China, she said India’s slower pace of development stems from a system where everyone has a voice, unlike China’s top-down model of governance."
711a6b6f99125ddf_p013,711a6b6f99125ddf,EVT_00272,firstpost,2026-07-02 13:21:19,"“I respect the Chinese system for pulling China out of the dark ages,” Nooyi said. “And they’ve become a world power because they did it centrally. India is still struggling to be a world power because democracy rules, and when everybody has a vote and everybody has a say, progress is slow. But I’m glad it is that way.”"
711a6b6f99125ddf_p014,711a6b6f99125ddf,EVT_00272,firstpost,2026-07-02 13:21:19,"She went on to emphasise that China’s centralised model lacks the institutional checks and balances that protect individual rights. To illustrate the difference, she pointed to the visibility of the judicial system in India."
711a6b6f99125ddf_p015,711a6b6f99125ddf,EVT_00272,firstpost,2026-07-02 13:21:19,"“Every decent-sized town in India has a courthouse, like there’s one in the towns of America,” she noted. “There are no courthouses in China because the government is your rule maker and your decider. And so that’s where it becomes problematic. That separation—the fact that we have a judiciary that’s so visible—is what gives people comfort that they have a right in the country.”"
711a6b6f99125ddf_p016,711a6b6f99125ddf,EVT_00272,firstpost,2026-07-02 13:21:19,"Her remarks reflect a long-running debate among economists and political scientists over the so-called “authoritarian advantage” in economic development. China’s centralised political system enabled it to rapidly build infrastructure, relocate populations for industrial projects and implement sweeping economic policies with little opposition."
711a6b6f99125ddf_p017,711a6b6f99125ddf,EVT_00272,firstpost,2026-07-02 13:21:19,Why America made her career possible
711a6b6f99125ddf_p018,711a6b6f99125ddf,EVT_00272,firstpost,2026-07-02 13:21:19,"The conversation then turned personal. Reflecting on her own journey, Nooyi said her rise from Chennai to leading one of America’s largest corporations would not have been possible anywhere else."
711a6b6f99125ddf_p019,711a6b6f99125ddf,EVT_00272,firstpost,2026-07-02 13:21:19,"As an immigrant who became the CEO of a Fortune 50 company, she credited the United States’ meritocratic culture for creating opportunities that, in her view, were difficult to find elsewhere. She noted that, at the time, corporate advancement in many countries, including India, was often constrained by social hierarchies, gender biases and family networks."
711a6b6f99125ddf_p020,711a6b6f99125ddf,EVT_00272,firstpost,2026-07-02 13:21:19,Ex-Pepsi CEO on India vs China:
711a6b6f99125ddf_p021,711a6b6f99125ddf,EVT_00272,firstpost,2026-07-02 13:21:19,"""I respect the Chinese system for pulling China out of the dark ages. It became a world power because they did it centrally. India is still struggling to be a world power because democracy rules & progress is slow. But I am glad it is a democracy"" pic.twitter.com/em2zAbk1g9 — Shashank Mattoo (@MattooShashank) July 2, 2026"
711a6b6f99125ddf_p022,711a6b6f99125ddf,EVT_00272,firstpost,2026-07-02 13:21:19,"“I could never have become CEO in any other country in the world, including in India. It’s because the system here in America is a meritocratic system,” Nooyi said."
72a9049358f97323_p001,72a9049358f97323,EVT_00274,the_times_of_india,2026-07-02 13:12:00,"NEW DELHI: The Supreme Court on Thursday underscored the need to regulate the use of artificial intelligence in judicial proceedings, noting that unverified AI-generated material could undermine the administration of justice."
72a9049358f97323_p002,72a9049358f97323,EVT_00274,the_times_of_india,2026-07-02 13:12:00,"Directing the Bar Council of India (BCI) to set up a committee to examine the use of AI in legal practice and adjudication, the court said there was a clear need for regulatory safeguards. It also urged both the Bar and the Bench to exercise caution while using such technology."
72a9049358f97323_p003,72a9049358f97323,EVT_00274,the_times_of_india,2026-07-02 13:12:00,"The court observed that while AI can assist in adjudication, it should not replace human reasoning or decision-making. It emphasised that human oversight must remain central at every stage of the judicial process."
72a9049358f97323_p004,72a9049358f97323,EVT_00274,the_times_of_india,2026-07-02 13:12:00,"Raising concerns about the use of fabricated or non-existent AI-generated legal precedents, the court warned that such material could adversely affect the integrity of the justice system. Describing the use of fake, non-existent and AI-generated hallucinated legal precedents as ""invisible, insidious and catastrophic"" to justice, the court likened it to ""the release of methyl isocyanate (a highly toxic, flammable, and volatile organic compound) in the field of law and justice""."
72a9049358f97323_p005,72a9049358f97323,EVT_00274,the_times_of_india,2026-07-02 13:12:00,"The observations came while the apex court set aside the National Company Law Tribunal (NCLT) and National Company Law Appellate Tribunal (NCLAT) orders in the Essel Infraprojects insolvency case after finding that the NCLT had relied on non-existent, fake and AI-generated hallucinated judicial precedents while deciding the matter. The court held that such reliance strikes at the integrity of the adjudicatory process and warranted fresh consideration of the dispute."
72a9049358f97323_p006,72a9049358f97323,EVT_00274,the_times_of_india,2026-07-02 13:12:00,Why the Supreme Court set aside the Essel Infraprojects orders
72a9049358f97323_p007,72a9049358f97323,EVT_00274,the_times_of_india,2026-07-02 13:12:00,A bench of justices PS Narasimha and Alok Aradhe was hearing an appeal filed by suspended director Pooja Ramesh Singh against the NCLT's decision admitting Essel Infraprojects into the corporate insolvency resolution process on a petition filed by Jammu and Kashmir Bank under Section 7 of the Insolvency and Bankruptcy Code.
72a9049358f97323_p008,72a9049358f97323,EVT_00274,the_times_of_india,2026-07-02 13:12:00,"The insolvency proceedings arose from an alleged default linked to a Rs 200 crore credit facility extended by Jammu and Kashmir Bank to Pan India Utilities Distribution Company Limited. The loan was backed by a corporate guarantee from Essel Infraprojects and a mortgage over land in Gorai, Borivali, Mumbai."
72a9049358f97323_p009,72a9049358f97323,EVT_00274,the_times_of_india,2026-07-02 13:12:00,"The NCLT's Mumbai Bench admitted the insolvency plea in August 2024 over a claimed default of Rs 87.43 crore, and the NCLAT later upheld the order."
72a9049358f97323_p010,72a9049358f97323,EVT_00274,the_times_of_india,2026-07-02 13:12:00,"However, the Supreme Court found that the NCLT had relied on fabricated and non-existent AI-generated judgments as legal precedents while reaching its conclusion."
72a9049358f97323_p011,72a9049358f97323,EVT_00274,the_times_of_india,2026-07-02 13:12:00,"Holding that such reliance cannot be tolerated, the Bench said, ""It is necessary for Courts to adopt a zero-tolerance mode for producing, citing or using AI-generated precedents without verification. It is a misconduct on the part of an advocate to cite such judgments without verification."""
72a9049358f97323_p012,72a9049358f97323,EVT_00274,the_times_of_india,2026-07-02 13:12:00,The court further said it was an equally serious lapse if judges relied on fake or hallucinated AI-generated material while deciding cases.
72a9049358f97323_p013,72a9049358f97323,EVT_00274,the_times_of_india,2026-07-02 13:12:00,"""We have no hesitation in declaring that such a decision is no decision in the eyes of the law, irrespective of whether such material had a direct or indirect bearing on the decision-making. Such decisions are to be set aside even if an iota of fake or hallucinated material enters the decision-making process, as it would violate the sanctity of adjudication,"" the Bench observed."
72a9049358f97323_p014,72a9049358f97323,EVT_00274,the_times_of_india,2026-07-02 13:12:00,"Accordingly, the Supreme Court set aside both the NCLT and NCLAT orders and directed the tribunal to decide the matter afresh on the facts of the case."
72a9049358f97323_p015,72a9049358f97323,EVT_00274,the_times_of_india,2026-07-02 13:12:00,"Clarifying the scope of its ruling, the court said it was not examining the technical reasons behind AI hallucinations or ways to eliminate them. Those issues, it said, were for engineers and scientists. The judiciary's concern was the use of fake, non-existent AI-generated material as legal precedents."
c599c9613fe265c7_p001,c599c9613fe265c7,EVT_00288,the_times_of_india,2026-07-02 13:58:00,"NEW DLEHI: The Indian Navy foiled a piracy attempt in the Gulf of Aden on Wednesday night after warship INS Trikand swiftly responded to a distress call from a merchant vessel carrying critical cargo for India, according to sources."
c599c9613fe265c7_p002,c599c9613fe265c7,EVT_00288,the_times_of_india,2026-07-02 13:58:00,"The affected vessel, MV Golden Arsenal, had one Indian crew member on board when suspected pirates attempted to board the ship."
c599c9613fe265c7_p003,c599c9613fe265c7,EVT_00288,the_times_of_india,2026-07-02 13:58:00,"According to ANI sources, the crew immediately activated anti-piracy protocols by locking themselves inside a designated safe room and alerting authorities through an emergency communication channel."
c599c9613fe265c7_p004,c599c9613fe265c7,EVT_00288,the_times_of_india,2026-07-02 13:58:00,"INS Trikand, which was operating in the region, responded to the distress call and moved towards the merchant vessel."
c599c9613fe265c7_p005,c599c9613fe265c7,EVT_00288,the_times_of_india,2026-07-02 13:58:00,"As the Indian Navy warship closed in on the ship, the suspected pirates fled the area before they could take control of the vessel, sources said."
c599c9613fe265c7_p006,c599c9613fe265c7,EVT_00288,the_times_of_india,2026-07-02 13:58:00,"Following the incident, Indian Navy Marine Commandos (MARCOS) boarded MV Golden Arsenal and conducted a thorough sanitisation operation to ensure the ship was secure and free of any remaining threat."
c599c9613fe265c7_p007,c599c9613fe265c7,EVT_00288,the_times_of_india,2026-07-02 13:58:00,The vessel was subsequently declared safe.
c599c9613fe265c7_p008,c599c9613fe265c7,EVT_00288,the_times_of_india,2026-07-02 13:58:00,ANI Sources said MV Golden Arsenal was carrying critical cargo destined for India.
c599c9613fe265c7_p009,c599c9613fe265c7,EVT_00288,the_times_of_india,2026-07-02 13:58:00,No injuries to the crew or damage to the vessel were immediately reported.
c599c9613fe265c7_p010,c599c9613fe265c7,EVT_00288,the_times_of_india,2026-07-02 13:58:00,"The Gulf of Aden remains one of the world's busiest maritime trade routes and has long witnessed incidents of piracy because of its proximity to the Horn of Africa. The Indian Navy has maintained a continuous presence in the region, deploying frontline warships to safeguard merchant shipping and respond to piracy threats."
c599c9613fe265c7_p011,c599c9613fe265c7,EVT_00288,the_times_of_india,2026-07-02 13:58:00,The latest operation adds to a series of anti-piracy missions carried out by the Indian Navy in the Arabian Sea and Gulf of Aden over the past two years to protect Indian seafarers and commercial vessels transiting through the region.
f5f0b2b3e47f7f92_p001,f5f0b2b3e47f7f92,EVT_00308,firstpost,2026-07-02 18:01:56,"The family of a 33-year-old Indian seafarer whose body was repatriated from Venezuela has sought a high-level investigation after a second post-mortem in Uttar Pradesh allegedly found several major internal organs missing, raising questions over the circumstances of his death."
f5f0b2b3e47f7f92_p002,f5f0b2b3e47f7f92,EVT_00308,firstpost,2026-07-02 18:01:56,"Rakesh Chauhan, a resident of Langra Bazar Tola in Deoria district, had travelled to Venezuela in November 2025 as a crew member on a merchant vessel through a private company, according to his family."
f5f0b2b3e47f7f92_p003,f5f0b2b3e47f7f92,EVT_00308,firstpost,2026-07-02 18:01:56,"They said the company informed them in May that Chauhan had suffered serious injuries after a fall aboard the vessel and was receiving treatment. The following morning, they were told his chances of survival were only five per cent, before being informed later the same day that he had died."
f5f0b2b3e47f7f92_p004,f5f0b2b3e47f7f92,EVT_00308,firstpost,2026-07-02 18:01:56,"The company attributed the death to injuries sustained in the fall and assured the family that his body would be returned to India within a week. However, the body reached his hometown about a month later, in June."
f5f0b2b3e47f7f92_p005,f5f0b2b3e47f7f92,EVT_00308,firstpost,2026-07-02 18:01:56,"Family members said doctors initially refused to conduct another autopsy, stating that a post-mortem had already been performed abroad and a fresh examination required permission from the competent authority."
f5f0b2b3e47f7f92_p006,f5f0b2b3e47f7f92,EVT_00308,firstpost,2026-07-02 18:01:56,A second post-mortem was carried out two days ago on the orders of the district magistrate.
f5f0b2b3e47f7f92_p007,f5f0b2b3e47f7f92,EVT_00308,firstpost,2026-07-02 18:01:56,"Chief Medical Superintendent, Deoria Medical College, Dr HK Mishra said that according to the post-mortem report, several major internal organs, including the brain, heart, both lungs, liver, both kidneys, spleen, pancreas, stomach and intestines, were missing. The report also noted that the thyroid, hyoid bone, larynx and trachea were missing."
f5f0b2b3e47f7f92_p008,f5f0b2b3e47f7f92,EVT_00308,firstpost,2026-07-02 18:01:56,The report further recorded a stitched incision extending about 60 cm from the neck to the pubic region and another stitched incision of about 20 cm across the back of the head. It said the exact cause of death could not be ascertained due to the absence of internal organs.
f5f0b2b3e47f7f92_p009,f5f0b2b3e47f7f92,EVT_00308,firstpost,2026-07-02 18:01:56,"Rakesh Chauhan’s father, Ramdev Chauhan, alleged that the family was kept in the dark about the circumstances surrounding his son’s death. He claimed that no post-mortem report or official documents relating to the examination conducted abroad had been provided to them."
f5f0b2b3e47f7f92_p010,f5f0b2b3e47f7f92,EVT_00308,firstpost,2026-07-02 18:01:56,"He demanded an impartial investigation by the Centre and the Uttar Pradesh government, action against the company concerned and strict punishment for those found responsible."
f5f0b2b3e47f7f92_p011,f5f0b2b3e47f7f92,EVT_00308,firstpost,2026-07-02 18:01:56,"In a statement posted on X, the Federation of Seafarers’ Unions of India said the body had been sent to India without the post-mortem report and other mandatory documents."
f5f0b2b3e47f7f92_p012,f5f0b2b3e47f7f92,EVT_00308,firstpost,2026-07-02 18:01:56,"It demanded that the Venezuelan authorities be held accountable, the Indian Embassy intervene immediately, the complete post-mortem report be made public, the circumstances leading to the seafarer’s death be thoroughly investigated, and the bereaved family be provided justice and adequate compensation."
f1b39d28748096c2_p001,f1b39d28748096c2,EVT_00306,hindustan_times,2026-07-02 20:26:46,No one should object to India-Pak dialogue aimed at improving ties: Omar Abdullah
f1b39d28748096c2_p002,f1b39d28748096c2,EVT_00306,hindustan_times,2026-07-02 20:26:46,Omar Abdullah said the conflict between the two countries was not new and has persisted for the last three to four decades.
f1b39d28748096c2_p003,f1b39d28748096c2,EVT_00306,hindustan_times,2026-07-02 20:26:46,Jammu and Kashmir Chief Minister Omar Abdullah on Thursday said no one should object to dialogue between India and Pakistan aimed at improving bilateral relations.
f1b39d28748096c2_p004,f1b39d28748096c2,EVT_00306,hindustan_times,2026-07-02 20:26:46,"Talking to reporters on the sidelines of a function here, Abdullah said the conflict between the two countries was not new and has persisted for the last three to four decades."
f1b39d28748096c2_p005,f1b39d28748096c2,EVT_00306,hindustan_times,2026-07-02 20:26:46,"""This conflict is 30 to 40 years old, and last year, it intensified after the Pahalgam attack. Now, the PM is being requested, through a letter, that the relations between the two countries should be improved. No one should have any objection to that,"" Abdullah said."
f1b39d28748096c2_p006,f1b39d28748096c2,EVT_00306,hindustan_times,2026-07-02 20:26:46,"A letter coordinated by OP Shah, chairman of the Centre for Peace and Progress, and signed by 61 Indians and 55 Pakistanis, has urged the two countries to engage in bilateral talks."
f1b39d28748096c2_p007,f1b39d28748096c2,EVT_00306,hindustan_times,2026-07-02 20:26:46,"Questioning those criticising the initiative, Abdullah said senior leaders of the RSS had also advocated improving ties between India and Pakistan."
f1b39d28748096c2_p008,f1b39d28748096c2,EVT_00306,hindustan_times,2026-07-02 20:26:46,"""Recently, a senior RSS leader said that India and Pakistan should talk to each other and become friends. When the RSS says this, no one objects, but when the leaders in J-K say the same thing, it becomes an issue."
f1b39d28748096c2_p009,f1b39d28748096c2,EVT_00306,hindustan_times,2026-07-02 20:26:46,"""We are only saying what (former prime minister Atal Bihari) Vajpayee used to say that friends can be changed, but we cannot change neighbours. We want relations between neighbours to improve,"" Abdullah said."
f1b39d28748096c2_p010,f1b39d28748096c2,EVT_00306,hindustan_times,2026-07-02 20:26:46,"More than 100 prominent citizens, including former Jammu and Kashmir chief ministers Farooq Abdullah and Mehbooba Mufti, from India and Pakistan, have urged Indian Prime Minister Narendra Modi and his Pakistani counterpart Shehbaz Sharif to revive bilateral dialogue and restore normal ties."
f1b39d28748096c2_p011,f1b39d28748096c2,EVT_00306,hindustan_times,2026-07-02 20:26:46,"Among the signatories are former RAW chief A S Dulat, Rajya Sabha MP Manoj Jha, former diplomat Ashraf Jehangir Qazi, former Union minister Mani Shankar Aiyar, former Pakistan foreign minister Khurshid Mahmud Kasuri, besides several retired diplomats and civil society members."
f1b39d28748096c2_p012,f1b39d28748096c2,EVT_00306,hindustan_times,2026-07-02 20:26:46,"The letter urged both governments to take ""meaningful and sustained steps towards restoring peace, normalcy, dialogue and cooperation in South Asia""."
ecfbc50b255e6bb2_p001,ecfbc50b255e6bb2,EVT_00272,hindustan_times,2026-07-02 13:00:57,'India only country to match China's scale in...': US senator's remarks over trust and innovation
ecfbc50b255e6bb2_p002,ecfbc50b255e6bb2,EVT_00272,hindustan_times,2026-07-02 13:00:57,The Republican senator from Montana said he leaves his phone behind when travelling to China but carries it with him when visiting India.
ecfbc50b255e6bb2_p003,ecfbc50b255e6bb2,EVT_00272,hindustan_times,2026-07-02 13:00:57,"US Senator Steve Daines on Tuesday underscored the trust Washington places in New Delhi, using a personal anecdote to contrast America’s relationships with India and China."
ecfbc50b255e6bb2_p004,ecfbc50b255e6bb2,EVT_00272,hindustan_times,2026-07-02 13:00:57,"Speaking at an event, the Republican senator from Montana said he leaves his phone behind when travelling to China but carries it with him when visiting India, describing the difference as a reflection of the trust the US places in New Delhi."
ecfbc50b255e6bb2_p005,ecfbc50b255e6bb2,EVT_00272,hindustan_times,2026-07-02 13:00:57,"“When I travel to China, this phone does not go to Beijing with me. It stays on my desk in Washington DC. When I travel to Delhi or anywhere in India, this phone is with me. And that's just a small example of a highly trusted ally and friend, that I can't do that when I go to China. And I' I've made multiple trips to China,” Daines said."
ecfbc50b255e6bb2_p006,ecfbc50b255e6bb2,EVT_00272,hindustan_times,2026-07-02 13:00:57,"At the same time, he stressed that Washington cannot afford to completely sever ties with Beijing despite the trust deficit. “It's an important relationship. It's too big to fail. We can't disengage from China. We need to engage. We need to,” Daines added."
ecfbc50b255e6bb2_p007,ecfbc50b255e6bb2,EVT_00272,hindustan_times,2026-07-02 13:00:57,He said the partnership between India and the United States extends beyond bilateral interests and carries wider global significance.
ecfbc50b255e6bb2_p008,ecfbc50b255e6bb2,EVT_00272,hindustan_times,2026-07-02 13:00:57,"“The relationship that we have between the United States and India is not only important for our two countries. I think it’s important for the world,” he said during the USISPF Annual Leadership Summit, 2026."
ecfbc50b255e6bb2_p009,ecfbc50b255e6bb2,EVT_00272,hindustan_times,2026-07-02 13:00:57,Deeper cooperation to counter China challenge
ecfbc50b255e6bb2_p010,ecfbc50b255e6bb2,EVT_00272,hindustan_times,2026-07-02 13:00:57,Daines argued that Washington should take a more strategic view of India’s role in addressing the geopolitical challenges posed by China.
ecfbc50b255e6bb2_p011,ecfbc50b255e6bb2,EVT_00272,hindustan_times,2026-07-02 13:00:57,"“There’s only one country in the world that can match the size and scale of China’s innovation ecosystem, and it’s India working with the United States,” he said."
ecfbc50b255e6bb2_p012,ecfbc50b255e6bb2,EVT_00272,hindustan_times,2026-07-02 13:00:57,"Highlighting the scale of STEM education in the two countries, Daines added, “China produces roughly 3.5 million science and tech graduates every year. The only hope we have to compete globally is India plus the United States. India produces about 2-2.5 million STEM graduates. America does about 1 million.”"
ecfbc50b255e6bb2_p013,ecfbc50b255e6bb2,EVT_00272,hindustan_times,2026-07-02 13:00:57,- ABOUT THE AUTHORHT News Desk
ecfbc50b255e6bb2_p014,ecfbc50b255e6bb2,EVT_00272,hindustan_times,2026-07-02 13:00:57,"Follow the latest breaking news, major developments and agenda-setting stories from India and around the world with the newsdesk at Hindustan Times. Operating round the clock, the desk brings together experienced editors, reporters and correspondents to deliver fast, accurate and contextual reporting across subjects that influence public policy, governance, business, society and international affairs."
ecfbc50b255e6bb2_p015,ecfbc50b255e6bb2,EVT_00272,hindustan_times,2026-07-02 13:00:57,"The HT News Desk covers politics, elections, government policies, the economy, business and markets, science and technology, the environment, law and order, infrastructure, education, climate issues and geopolitics, while closely tracking developments across states, institutions and global capitals. The team also leads coverage of major breaking news events, policy announcements, court proceedings, natural disasters, public emergencies and significant international developments."
ecfbc50b255e6bb2_p016,ecfbc50b255e6bb2,EVT_00272,hindustan_times,2026-07-02 13:00:57,"Reports published by the newsdesk are based on information gathered from reporters on the ground, official statements, government agencies, court records, regulatory filings, recognised institutions and other authoritative sources. Stories undergo editorial scrutiny and verification processes to ensure accuracy, fairness and relevance, and are updated as events evolve and additional information becomes available."
ecfbc50b255e6bb2_p017,ecfbc50b255e6bb2,EVT_00272,hindustan_times,2026-07-02 13:00:57,"Whether covering a key political decision in New Delhi, an economic policy shift affecting millions, a landmark court ruling or a major global event, the HT News Desk aims to provide readers with reliable, fact-based journalism that delivers not only the latest developments but also the context and analysis needed to understand their wider implications.Read More"
afdf548818124e82_p001,afdf548818124e82,EVT_00288,hindustan_times,2026-07-02 15:27:55,Indian Navy foils piracy attack on merchant ship in Gulf of Aden; crew safe
afdf548818124e82_p002,afdf548818124e82,EVT_00288,hindustan_times,2026-07-02 15:27:55,"Indian Navy Marine Commandos (MARCOS) later boarded the affected vessel, MV Golden Arsenal, which had one Indian crew member on board."
afdf548818124e82_p003,afdf548818124e82,EVT_00288,hindustan_times,2026-07-02 15:27:55,Indian Navy warship INS Trikand thwarted a piracy attempt on a merchant vessel in the Gulf of Aden on Wednesday (July 1) afternoon.
afdf548818124e82_p004,afdf548818124e82,EVT_00288,hindustan_times,2026-07-02 15:27:55,"Indian Navy Marine Commandos (MARCOS) later boarded the affected vessel, MV Golden Arsenal, which had one Indian crew member on board."
afdf548818124e82_p005,afdf548818124e82,EVT_00288,hindustan_times,2026-07-02 15:27:55,"The crew locked themselves inside a safe room after pirates attempted to board the ship and immediately alerted authorities through a communication channel, news agency ANI reported."
afdf548818124e82_p006,afdf548818124e82,EVT_00288,hindustan_times,2026-07-02 15:27:55,"As INS Trikand approached the vessel, the suspected pirates fled the area. MARCOS subsequently boarded the ship and sanitised it to ensure it was secure."
afdf548818124e82_p007,afdf548818124e82,EVT_00288,hindustan_times,2026-07-02 15:27:55,"Earlier, on the afternoon of June 19, INS Trikand had responded to a distress call from merchant vessel MV Fareeda 5, which reported a likely piracy attempt in the Western Indian Ocean and undertook prompt action to deter the threat."
afdf548818124e82_p008,afdf548818124e82,EVT_00288,hindustan_times,2026-07-02 15:27:55,The Indian Navy said timely intervention ensured the safety of the merchant vessel.
afdf548818124e82_p009,afdf548818124e82,EVT_00288,hindustan_times,2026-07-02 15:27:55,"Also Read: Indian marching contingents, warships to take part in Seychelles’ National Day event"
afdf548818124e82_p010,afdf548818124e82,EVT_00288,hindustan_times,2026-07-02 15:27:55,"In a post on X, the Navy said, “Responding swiftly to a distress call from MV Fareeda 5 on a likely piracy attempt in the Western Indian Ocean on 17 June 26, mission-deployed INS Trikand, a frontline frigate of the Indian Navy, undertook prompt action to investigate and deter the threat. Timely intervention assured safety of the merchant vessel. As a preferred security partner and first responder in the region, Indian Navy remains committed to safeguarding merchant shipping, countering piracy and ensuring safe and secure seas.”"
afdf548818124e82_p011,afdf548818124e82,EVT_00288,hindustan_times,2026-07-02 15:27:55,"Earlier, on May 27, Indian Naval Ship INS Kolkata foiled a suspected piracy attempt near merchant vessel MV Mashallah 1 in the Western Indian Ocean."
afdf548818124e82_p012,afdf548818124e82,EVT_00288,hindustan_times,2026-07-02 15:27:55,"Responding to inputs of possible pirate activity, INS Kolkata, mission deployed in the Western Indian Ocean, undertook swift action to investigate and deter the threat using its onboard helicopter and boarding teams. The timely intervention ensured the safety of the merchant vessel and prevented a possible piracy attack."
e472f83ab64fde7a_p001,e472f83ab64fde7a,EVT_00238,the_times_of_india,2026-07-02 18:03:00,"- India and Japan signed key defence, technology and investment agreements to deepen strategic ties."
e472f83ab64fde7a_p002,e472f83ab64fde7a,EVT_00238,the_times_of_india,2026-07-02 18:03:00,- Salman Khurshid will represent the Congress at Ayatollah Ali Khamenei's state funeral in Iran.
e472f83ab64fde7a_p003,e472f83ab64fde7a,EVT_00238,the_times_of_india,2026-07-02 18:03:00,"- Russia launched a massive overnight attack on Kyiv, killing at least 17 people and injuring over 90."
e472f83ab64fde7a_p004,e472f83ab64fde7a,EVT_00238,the_times_of_india,2026-07-02 18:03:00,- A convicted Iraqi human trafficker was found living in the UK while awaiting an asylum decision.
e472f83ab64fde7a_p005,e472f83ab64fde7a,EVT_00238,the_times_of_india,2026-07-02 18:03:00,- Shreyas Iyer became the first Indian captain to score a T20I fifty in England.
e472f83ab64fde7a_p006,e472f83ab64fde7a,EVT_00238,the_times_of_india,2026-07-02 18:03:00,"Here are the top stories of the day:India, Japan deepen strategic ties with new defence and tech agreements"
e472f83ab64fde7a_p007,e472f83ab64fde7a,EVT_00238,the_times_of_india,2026-07-02 18:03:00,"India and Japan strengthened their strategic partnership at the 16th India-Japan Annual Summit in New Delhi, where Prime Minister"
e472f83ab64fde7a_p008,e472f83ab64fde7a,EVT_00238,the_times_of_india,2026-07-02 18:03:00,"Narendra Modi and Japanese Prime Minister Sanae Takaichi signed a Memorandum of Cooperation. The two countries agreed to expand collaboration in defence, artificial intelligence, semiconductors, shipbuilding and economic security."
e472f83ab64fde7a_p009,e472f83ab64fde7a,EVT_00238,the_times_of_india,2026-07-02 18:03:00,Read full storyCongress' Salman Khurshid to attend Ayatollah Khamenei's state funeral in Iran
e472f83ab64fde7a_p010,e472f83ab64fde7a,EVT_00238,the_times_of_india,2026-07-02 18:03:00,"Senior Congress leader Salman Khurshid will represent the party at the state funeral of Iran's Supreme Leader Ayatollah Ali Khamenei after receiving an invitation from Tehran. While PM Narendra Modi was also invited, India will instead be represented by Bihar governor Lt Gen Syed Ata Hasnain (Retd) and Union Minister Pabitra Margherita."
e472f83ab64fde7a_p011,e472f83ab64fde7a,EVT_00238,the_times_of_india,2026-07-02 18:03:00,"Read full storyRussia launches massive overnight assault on Kyiv, killing at least 17"
e472f83ab64fde7a_p012,e472f83ab64fde7a,EVT_00238,the_times_of_india,2026-07-02 18:03:00,"Russia unleashed one of its largest aerial attacks of the war on Kyiv, killing at least 17 people in an overnight barrage of missiles and drones. The strike comes ahead of President Volodymyr Zelenskyy's meetings with NATO allies, where he is expected to seek additional air defence systems amid escalating Russian attacks."
e472f83ab64fde7a_p013,e472f83ab64fde7a,EVT_00238,the_times_of_india,2026-07-02 18:03:00,Read full storyConvicted Iraqi human trafficker found living in UK while awaiting asylum decision
e472f83ab64fde7a_p014,e472f83ab64fde7a,EVT_00238,the_times_of_india,2026-07-02 18:03:00,A convicted Iraqi human trafficker Twana Jamal was allegedly living in the UK under a false identity while awaiting a decision on his asylum application.
e472f83ab64fde7a_p015,e472f83ab64fde7a,EVT_00238,the_times_of_india,2026-07-02 18:03:00,"Jamal, who served five years in France for running a major migrant smuggling network, was traced to Leicestershire, where he is accused of working illegally and driving without a licence."
e472f83ab64fde7a_p016,e472f83ab64fde7a,EVT_00238,the_times_of_india,2026-07-02 18:03:00,Read full storyShreyas Iyer becomes first Indian captain to score T20I fifty in England
e472f83ab64fde7a_p017,e472f83ab64fde7a,EVT_00238,the_times_of_india,2026-07-02 18:03:00,"India captain Shreyas Iyer created history by becoming the first Indian skipper to score a T20I half-century on English soil during the rain-hit opening T20I against England in Durham. His 68 off 48 balls helped India recover from an early collapse and post 189/7, surpassing Virat Kohli's previous record for the highest T20I score by an Indian captain in England."
2c788d15535e058b_p001,2c788d15535e058b,EVT_00238,hindustan_times,2026-07-02 22:07:32,"India, Japan deepen defence, AI, energy ties; finalise economic roadmap"
2c788d15535e058b_p002,2c788d15535e058b,EVT_00238,hindustan_times,2026-07-02 22:07:32,"Japanese PM Sanae Takaichi , on her first visit to India since becoming PM, joined Modi for the 16th annual India-Japan Summit."
2c788d15535e058b_p003,2c788d15535e058b,EVT_00238,hindustan_times,2026-07-02 22:07:32,"India and Japan on Thursday unveiled measures to expand cooperation in defence, energy security, rare earths and AI, and finalised a joint roadmap for economic security, as Prime Minister Narendra Modi and his Japanese counterpart Sanae Takaichi emphasised the importance of mutual trust underpinning bilateral ties in a world order facing growing uncertainty."
2c788d15535e058b_p004,2c788d15535e058b,EVT_00238,hindustan_times,2026-07-02 22:07:32,"Takaichi, on her first visit to India since becoming prime minister, arrived with a high-powered business delegation and joined Modi for the 16th annual India-Japan Summit. The leaders also participated in a joint economic forum focused on boosting Japanese investments in India. In addition to agreeing on a range of steps to deepen defence cooperation, including the joint development of military platforms, the two sides agreed to upgrade a trade deal concluded in 2011."
2c788d15535e058b_p005,2c788d15535e058b,EVT_00238,hindustan_times,2026-07-02 22:07:32,"Under Takaichi’s leadership, Japan has focused on strengthening ties with like-minded partners such as India, Australia and South Korea against the backdrop of China’s continuing assertiveness across the region. According to a joint statement, Modi and Takaichi expressed “serious concern” at the situation in the East China Sea and South China Sea, and opposed unilateral actions that endanger freedom of navigation as well as attempts to change the status quo by force."
2c788d15535e058b_p006,2c788d15535e058b,EVT_00238,hindustan_times,2026-07-02 22:07:32,"At a joint media interaction with Takaichi after their talks, Modi referred to his remarks at last month’s G7 Summit about mutual trust being the greatest strategic asset in an environment of global uncertainty, and said the India-Japan partnership “stands the test of this principle in every respect”."
2c788d15535e058b_p007,2c788d15535e058b,EVT_00238,hindustan_times,2026-07-02 22:07:32,"Takaichi added, “Japan and India must leverage our respective strengths to become stronger and more prosperous together in the midst of international affairs in disarray. The establishment of such inter-complementary cooperative relations has become ever more important.”"
2c788d15535e058b_p008,2c788d15535e058b,EVT_00238,hindustan_times,2026-07-02 22:07:32,"Modi said the measures agreed on by the two sides to broaden cooperation in defence, energy, trade and investment, AI, pharmaceuticals and shipbuilding will bolster regional peace and prosperity. He referred to Takaichi as his “younger sister”, and she responded by calling him her “bigger brother”."
2c788d15535e058b_p009,2c788d15535e058b,EVT_00238,hindustan_times,2026-07-02 22:07:32,"“In today’s era of uncertainty, India and Japan fully recognise the importance of economic security and energy security. In this direction, we have adopted a joint roadmap on economic security today,” Modi said, adding that the roadmap will strengthen supply chain resilience in strategic sectors such as semiconductors and advanced materials."
2c788d15535e058b_p010,2c788d15535e058b,EVT_00238,hindustan_times,2026-07-02 22:07:32,"Takaichi underscored three pillars at the centre of bilateral cooperation — deepening strategic cooperation to achieve common goals, including an alignment between her updated Free and Open Indo-Pacific policy and India’s MAHASAGAR vision; promoting cooperation in economic security and energy security to overcome “economic weaponisation” and build resilience in critical supply chains; and bolstering economic growth in both countries through investments and innovation collaboration."
2c788d15535e058b_p011,2c788d15535e058b,EVT_00238,hindustan_times,2026-07-02 22:07:32,"In the field of defence, state-run companies from the two sides concluded an agreement for the Unicorn, or Unified Complex Radio Antenna, project, which envisages the joint development of a radio antenna for Indian warships. Officials said the agreement will cover the transfer of technology, and the project will pave the way for joint development of air, land and sea systems, including unmanned vehicles."
2c788d15535e058b_p012,2c788d15535e058b,EVT_00238,hindustan_times,2026-07-02 22:07:32,"The two sides also agreed to expand military exercises, maritime domain awareness using satellite capabilities, and cooperation in naval maintenance, repair and overhaul (MRO), according to the joint statement. The prime ministers directed their foreign and defence ministers to hold the fourth round of the 2+2 ministerial meeting in Tokyo by the end of the year."
2c788d15535e058b_p013,2c788d15535e058b,EVT_00238,hindustan_times,2026-07-02 22:07:32,Also Read I Viral chaos as battery management apps turn smartphones into ‘kill switch’ for e-rickshaws
2c788d15535e058b_p014,2c788d15535e058b,EVT_00238,hindustan_times,2026-07-02 22:07:32,"Modi noted that the bilateral investment partnership continues to grow, with more than 100 new business agreements concluded over the past year, paving the way for $10 billion in Japanese investments. “Our objective is clear — to attract 10 trillion yen in Japanese investments into India over the next 10 years and to double the number of Japanese companies operating in India,” he said."
2c788d15535e058b_p015,2c788d15535e058b,EVT_00238,hindustan_times,2026-07-02 22:07:32,"Two-way trade reached $27.5 billion in 2025-26, while Japanese investments in India were worth $3.2 billion between April and December 2025, according to Indian government data. Japan is among India’s largest foreign investors and has backed key infrastructure projects, including metro networks in major cities and the Mumbai-Ahmedabad high-speed railway."
2c788d15535e058b_p016,2c788d15535e058b,EVT_00238,hindustan_times,2026-07-02 22:07:32,"The joint statement said the prime ministers reaffirmed the importance of the Mumbai-Ahmedabad high-speed rail project as a flagship initiative, and Takaichi stated, “Japan fully understands India’s target to commence commercial operations on priority sections in 2027 and remains committed to extending the necessary cooperation”."
2c788d15535e058b_p017,2c788d15535e058b,EVT_00238,hindustan_times,2026-07-02 22:07:32,"The two sides acknowledged the goal of introducing Japan’s E10 bullet train, and Modi invited Japanese companies to explore opportunities to participate in the development of future high-speed corridors."
2c788d15535e058b_p018,2c788d15535e058b,EVT_00238,hindustan_times,2026-07-02 22:07:32,"With more than 15 years having passed since the two countries signed their Comprehensive Economic Partnership Agreement (CEPA), India and Japan agreed to accelerate the review of its implementation and full and effective use to make it more forward-looking, the joint statement said."
2c788d15535e058b_p019,2c788d15535e058b,EVT_00238,hindustan_times,2026-07-02 22:07:32,Also Read I Why PM Modi referred to Japanese PM Takaichi as his ‘little sister’
2c788d15535e058b_p020,2c788d15535e058b,EVT_00238,hindustan_times,2026-07-02 22:07:32,"Foreign Secretary Vikram Misri told a media briefing that the CEPA had become “somewhat dated” in the context of new trade arrangements being struck across the world. The Indian side proposed that the time had come to consider a significant upgrade of the CEPA, and Takaichi said officials from both sides should meet to take the next steps, Misri said."
2c788d15535e058b_p021,2c788d15535e058b,EVT_00238,hindustan_times,2026-07-02 22:07:32,"The Joint Declaration on Economic Security will promote project-based collaboration to enhance joint resilience in key sectors such as semiconductors, critical minerals, information and communication technology, including AI, clean energy and pharmaceuticals. This will include both government-to-government and business-to-business collaboration."
2c788d15535e058b_p022,2c788d15535e058b,EVT_00238,hindustan_times,2026-07-02 22:07:32,"While the Joint Declaration did not name any country, it was clear that many of the measures were drawn up with China’s recent actions in mind. Both sides expressed “grave concerns” over the use of economic coercion and non-market practices, including “arbitrary export restrictions” leading to supply chain disruptions, particularly for critical minerals."
2c788d15535e058b_p023,2c788d15535e058b,EVT_00238,hindustan_times,2026-07-02 22:07:32,"In the context of China’s dominance in pharmaceuticals, the two sides agreed to explore alternative supply chains for Active Pharmaceutical Ingredients (APIs) and Key Starting Materials (KSMs), conduct a vulnerability analysis, and explore possibilities for mutual cooperation to ensure the stable supply of these commodities."
2c788d15535e058b_p024,2c788d15535e058b,EVT_00238,hindustan_times,2026-07-02 22:07:32,"The Joint Statement on Energy Resilience will facilitate cooperation in strategic stockpiling and reserve mechanisms for crude oil and petroleum products, and promote joint investments across the maritime energy transport value chain. Takaichi said a bilateral dialogue will be launched to strengthen India’s petroleum stockpiling system, and Japan will back India’s membership of the International Energy Agency (IEA)."
2c788d15535e058b_p025,2c788d15535e058b,EVT_00238,hindustan_times,2026-07-02 22:07:32,"The Joint Statement on Cooperation in AI will elevate collaboration in this field to a strategic research and development partnership. While building on the India-Japan AI Initiative, the statement serves as a roadmap for greater cooperation across the AI technology stack in line with a shared vision of safe, secure, trusted, inclusive and human-centric AI."
2c788d15535e058b_p026,2c788d15535e058b,EVT_00238,hindustan_times,2026-07-02 22:07:32,Also Read I Citizens can't be made slaves of government: Bombay HC says people cannot be externed over protests
2c788d15535e058b_p027,2c788d15535e058b,EVT_00238,hindustan_times,2026-07-02 22:07:32,"The two sides finalised six memorandums of cooperation, including for establishing 1,000 biogas and organic fertiliser plants across India by leveraging a network of dairy cooperatives; setting up battery-related projects to build a resilient and sustainable battery supply chain; strengthening pharma supply chains through bilateral investment and business linkages; boosting joint work in upstream critical minerals exploration; and promoting cooperation between the IndiaAI Mission and Japan’s GENIAC initiative through B2B matchmaking and joint projects."
2c788d15535e058b_p028,2c788d15535e058b,EVT_00238,hindustan_times,2026-07-02 22:07:32,"The memorandum of cooperation on the Next Generation Mobility Partnership (NGMP) will establish a framework for accelerating private sector-led cooperation and investments in rail, automotive and road infrastructure, aviation, shipbuilding and ports, logistics and urban development."
2c788d15535e058b_p029,2c788d15535e058b,EVT_00238,hindustan_times,2026-07-02 22:07:32,"The two sides also concluded five memorandums of understanding on research and innovation in deep tech and life sciences, biological and neurological research, collaboration on large language models (LLMs) with a focus on developing LLMs for enhanced scientific reasoning, and cooperation in National Internet Registry operations and internet security improvements."
2c788d15535e058b_p030,2c788d15535e058b,EVT_00238,hindustan_times,2026-07-02 22:07:32,- ABOUT THE AUTHORRezaul H Laskar
2c788d15535e058b_p031,2c788d15535e058b,EVT_00238,hindustan_times,2026-07-02 22:07:32,Rezaul H Laskar is the Foreign Affairs Editor at Hindustan Times. His interests include movies and music.
ca4965fc00839265_p001,ca4965fc00839265,EVT_00211,the_times_of_india,2026-07-02 17:47:00,NEW DELHI: Cockroach Janata Party (CJP) founder Abhijeet Dipke on Thursday accused the Delhi Police of disrespecting books on Chhatrapati Shivaji Maharaj and Bhagat Singh. He alleged that a police officer and his team threw the books away while taking action against students who had set up a makeshift library during the ongoing protest at Jantar Mantar.
ca4965fc00839265_p002,ca4965fc00839265,EVT_00211,the_times_of_india,2026-07-02 17:47:00,"In a post on X, Dipke accused ACP Ajay Sharma and his team of insulting the two historical figures and demanded immediate action against the officer."
ca4965fc00839265_p003,ca4965fc00839265,EVT_00211,the_times_of_india,2026-07-02 17:47:00,"""ACP Ajay Sharma and his team threw away the books, which included books on Chhatrapati Shivaji Maharaj and Bhagat Singh and assaulted students for setting up library. We demand the immediate suspension of ACP Ajay Sharma for insulting Chhatrapati Shivaji Maharaj and Bhagat Singh,"" Dipke wrote."
ca4965fc00839265_p004,ca4965fc00839265,EVT_00211,the_times_of_india,2026-07-02 17:47:00,"His remarks came as the CJP-led protest over alleged irregularities in the examination system entered its thirteenth day, with activist Sonam Wangchuk continuing his hunger strike at Jantar Mantar."
ca4965fc00839265_p005,ca4965fc00839265,EVT_00211,the_times_of_india,2026-07-02 17:47:00,"Dipke also shared an update on Wangchuk's health, claiming his condition was worsening after five days without food. According to Dipke, Wangchuk's blood sugar level had fallen to 60 while his blood pressure remained low."
ca4965fc00839265_p006,ca4965fc00839265,EVT_00211,the_times_of_india,2026-07-02 17:47:00,"""Sonam Wangchuk's health is continuously deteriorating. His sugar level has dropped to 60 and blood pressure is also very low. If anything happens to Sonam sir, the government will be responsible for it,"" he said in another post on X."
ca4965fc00839265_p007,ca4965fc00839265,EVT_00211,the_times_of_india,2026-07-02 17:47:00,"The protest has drawn support from opposition leaders and civil society members, including TMC MP Sagarika Ghose, social activist Yogendra Yadav, transparency activist Anjali Bhardwaj, CPI(M) leaders M A Baby and Brinda Karat, CPI General Secretary D Raja and senior lawyer Prashant Bhushan."
ca4965fc00839265_p008,ca4965fc00839265,EVT_00211,the_times_of_india,2026-07-02 17:47:00,"Dipke also launched an outreach initiative titled ""Chai Pe Charcha with Cockroaches"", saying it was intended to gather suggestions from protesters on how to make the movement ""better and bigger""."
ca4965fc00839265_p009,ca4965fc00839265,EVT_00211,the_times_of_india,2026-07-02 17:47:00,"The CJP protest began on June 20 over alleged examination irregularities, including the NEET controversy. Dipke has also said the agitation will expand to raise broader accountability issues, including electoral matters such as the Special Intensive Revision (SIR) of electoral rolls."
29b54eaef50600c3_p001,29b54eaef50600c3,EVT_00211,hindustan_times,2026-07-02 18:57:44,"‘Books thrown away, students assaulted’: CJP's Abhijeet Dipke levels fresh charges against Delhi Police"
29b54eaef50600c3_p002,29b54eaef50600c3,EVT_00211,hindustan_times,2026-07-02 18:57:44,"The CJP founder alleged that ACP Ajay Sharma and his team threw away books, including those on Chhatrapati Shivaji Maharaj and Bhagat Singh."
29b54eaef50600c3_p003,29b54eaef50600c3,EVT_00211,hindustan_times,2026-07-02 18:57:44,"Cockroach Janata Party (CJP) founder Abhijeet Dipke on Thursday alleged that Delhi Police assaulted two students for setting up a library at the Jantar Mantar protest site, sharing photographs and videos purportedly showing injury marks on the neck and hand of one of the youths."
29b54eaef50600c3_p004,29b54eaef50600c3,EVT_00211,hindustan_times,2026-07-02 18:57:44,"In a post on X, Dipke claimed the two students were attacked while trying to set up a library to encourage people at the protest site to read books."
29b54eaef50600c3_p005,29b54eaef50600c3,EVT_00211,hindustan_times,2026-07-02 18:57:44,"""Delhi Police physically assaulted two young boys for setting up a library at Jantar Mantar. These boys just wanted people to read books at the protest site. Why did the police assault them?"" he wrote."
29b54eaef50600c3_p006,29b54eaef50600c3,EVT_00211,hindustan_times,2026-07-02 18:57:44,"Dipke also alleged that after the assault, police personnel questioned the students, asking, ""Proof kya hai ki humne maara?"" (""What proof do you have that we assaulted you?"")."
29b54eaef50600c3_p007,29b54eaef50600c3,EVT_00211,hindustan_times,2026-07-02 18:57:44,"Books thrown away, ACP named in allegations"
29b54eaef50600c3_p008,29b54eaef50600c3,EVT_00211,hindustan_times,2026-07-02 18:57:44,"The CJP founder further alleged that ACP Ajay Sharma and his team threw away books, including those on Chhatrapati Shivaji Maharaj and Bhagat Singh, during the incident."
29b54eaef50600c3_p009,29b54eaef50600c3,EVT_00211,hindustan_times,2026-07-02 18:57:44,"He demanded the immediate suspension of the officer, alleging that discarding the books amounted to insulting the two historical figures."
29b54eaef50600c3_p010,29b54eaef50600c3,EVT_00211,hindustan_times,2026-07-02 18:57:44,The Delhi Police has not responded officially to the allegations.
29b54eaef50600c3_p011,29b54eaef50600c3,EVT_00211,hindustan_times,2026-07-02 18:57:44,The allegations came on the fifth day of climate activist Sonam Wangchuk's hunger strike at Jantar Mantar.
29b54eaef50600c3_p012,29b54eaef50600c3,EVT_00211,hindustan_times,2026-07-02 18:57:44,"Sharing Wangchuk's health update on X, Dipke claimed that the activist's blood sugar level had dropped to 60 while his blood pressure remained low."
29b54eaef50600c3_p013,29b54eaef50600c3,EVT_00211,hindustan_times,2026-07-02 18:57:44,"""Sonam Wangchuk's health is continuously deteriorating. His sugar level has dropped to 60 and blood pressure is also very low. If anything happens to Sonam sir, the government will be responsible for it,"" he said."
29b54eaef50600c3_p014,29b54eaef50600c3,EVT_00211,hindustan_times,2026-07-02 18:57:44,Dipke also reiterated his demand for Union Education Minister Dharmendra Pradhan's resignation.
29b54eaef50600c3_p015,29b54eaef50600c3,EVT_00211,hindustan_times,2026-07-02 18:57:44,"Also Read: ‘Wants to divide country', ‘tukde tukde gang’: BJP chief's sharp attacks on Cockroach Janta Party"
29b54eaef50600c3_p016,29b54eaef50600c3,EVT_00211,hindustan_times,2026-07-02 18:57:44,"As the agitation entered its 13th day, Dipke also organised an interaction titled ""Chai Pe Charcha with Cockroaches"", saying it was aimed at gathering suggestions from protesters on expanding the movement."
29b54eaef50600c3_p017,29b54eaef50600c3,EVT_00211,hindustan_times,2026-07-02 18:57:44,"Meanwhile, six students associated with the All India Students' Association (AISA) continued their indefinite hunger strike from a separate stage at the protest site."
29b54eaef50600c3_p018,29b54eaef50600c3,EVT_00211,hindustan_times,2026-07-02 18:57:44,"Dipke has said the agitation will also raise other accountability-related issues, including electoral matters such as the Special Intensive Revision (SIR) of electoral rolls."
278d7b7892880918_p001,278d7b7892880918,EVT_00238,firstpost,2026-07-02 13:38:45,"Prime Minister Narendra Modi on Thursday described his Japanese counterpart, Sanae Takaichi, as his “younger sister” as the two leaders announced a major expansion of the India-Japan Special Strategic and Global Partnership following the 16th Annual Summit in New Delhi."
278d7b7892880918_p002,278d7b7892880918,EVT_00238,firstpost,2026-07-02 13:38:45,"Addressing a joint press conference after bilateral talks, PM Modi said Takaichi’s maiden visit to India as Prime Minister was “writing a new chapter” in ties between the two countries."
278d7b7892880918_p003,278d7b7892880918,EVT_00238,firstpost,2026-07-02 13:38:45,"Calling Takaichi a “Japan First Prime Minister” and a “visionary leader”, PM Modi said India and Japan shared a common vision for a free, open and rules-based Indo-Pacific."
278d7b7892880918_p004,278d7b7892880918,EVT_00238,firstpost,2026-07-02 13:38:45,"“Our shared priorities are a free, open and rules-based Indo-Pacific. Our technology partnership has become an important pillar of our relationship,” PM Modi said."
278d7b7892880918_p005,278d7b7892880918,EVT_00238,firstpost,2026-07-02 13:38:45,Sharing my remarks during the joint press meet with PM Sanae Takaichi of Japan. @takaichi_sanae
278d7b7892880918_p006,278d7b7892880918,EVT_00238,firstpost,2026-07-02 13:38:45,"https://t.co/vIcOdb1d8j — Narendra Modi (@narendramodi) July 2, 2026"
278d7b7892880918_p007,278d7b7892880918,EVT_00238,firstpost,2026-07-02 13:38:45,First defence co-development project signed
278d7b7892880918_p008,278d7b7892880918,EVT_00238,firstpost,2026-07-02 13:38:45,"In a significant announcement, PM Modi revealed that India and Japan had signed their first defence co-development project, marking a new phase in bilateral security cooperation."
278d7b7892880918_p009,278d7b7892880918,EVT_00238,firstpost,2026-07-02 13:38:45,"“We will jointly develop defence technologies that will contribute to regional peace, maritime security and a rules-based international order,” he said."
278d7b7892880918_p010,278d7b7892880918,EVT_00238,firstpost,2026-07-02 13:38:45,The move comes as both countries deepen strategic cooperation amid growing security challenges in the Indo-Pacific.
278d7b7892880918_p011,278d7b7892880918,EVT_00238,firstpost,2026-07-02 13:38:45,Also read | Why critical minerals have become the new oil in India-Japan ties
278d7b7892880918_p012,278d7b7892880918,EVT_00238,firstpost,2026-07-02 13:38:45,$10 trillion yen investment target
278d7b7892880918_p013,278d7b7892880918,EVT_00238,firstpost,2026-07-02 13:38:45,"Highlighting growing economic ties, PM Modi said Japan and India had signed 120 new business agreements over the past year, adding that Japanese investment in India continues to rise."
278d7b7892880918_p014,278d7b7892880918,EVT_00238,firstpost,2026-07-02 13:38:45,"He announced an ambitious target of 10 trillion yen in Japanese investment into India over the next 10 years, aimed at strengthening manufacturing, infrastructure and technology partnerships."
278d7b7892880918_p015,278d7b7892880918,EVT_00238,firstpost,2026-07-02 13:38:45,Roadmap on economic and energy security
278d7b7892880918_p016,278d7b7892880918,EVT_00238,firstpost,2026-07-02 13:38:45,The Prime Minister said both sides had prepared a joint roadmap on energy security and economic security in response to global uncertainties.
278d7b7892880918_p017,278d7b7892880918,EVT_00238,firstpost,2026-07-02 13:38:45,"According to PM Modi, the roadmap focuses on strengthening resilient supply chains in key sectors such as semiconductors and quantum technologies, while expanding cooperation in emerging technologies."
278d7b7892880918_p018,278d7b7892880918,EVT_00238,firstpost,2026-07-02 13:38:45,PM Modi also announced the launch of the India-Japan Biogas Initiative under the Govardhan Pahal programme.
278d7b7892880918_p019,278d7b7892880918,EVT_00238,firstpost,2026-07-02 13:38:45,"The initiative will support the establishment of biogas plants across India and is expected to promote sustainability, rural livelihoods and clean energy while strengthening bilateral cooperation in the green economy."
278d7b7892880918_p020,278d7b7892880918,EVT_00238,firstpost,2026-07-02 13:38:45,"The summit also saw discussions on defence, technology, trade, supply chain resilience and regional security, reinforcing the strategic partnership between New Delhi and Tokyo."
06e89bf6e9ab74db_p001,06e89bf6e9ab74db,EVT_00213,hindustan_times,2026-07-02 12:03:57,Ram Mandir donation row: Temple official Gopal Rao accused of 'playing politics' amid theft case
06e89bf6e9ab74db_p002,06e89bf6e9ab74db,EVT_00213,hindustan_times,2026-07-02 12:03:57,Mahant Dinendra Das Maharaj alleged that Gopal Rao had created unnecessary complications and departed from the traditions followed by the Trust.
06e89bf6e9ab74db_p003,06e89bf6e9ab74db,EVT_00213,hindustan_times,2026-07-02 12:03:57,"Shri Ram Janmabhoomi Teerth Kshetra Trust member Mahant Dinendra Das Maharaj blamed temple adminstration assistant Gopal Rao for the controversy surrounding the alleged Ram Mandir donation embezzlement case, accusing him of politicising the issue and asserting that the ""entire fault"" lay with him. Rao's role in overseeing temple operations and donation management has been under scrutiny."
06e89bf6e9ab74db_p004,06e89bf6e9ab74db,EVT_00213,hindustan_times,2026-07-02 12:03:57,Also Read| Administrative officer may head Ram Mandir Trust as CEO: Sources
06e89bf6e9ab74db_p005,06e89bf6e9ab74db,EVT_00213,hindustan_times,2026-07-02 12:03:57,"Speaking to ANI on Wednesday, Mahant Dinendra Das Maharaj alleged that Gopal Rao had created unnecessary complications and departed from the traditions followed by the Trust."
06e89bf6e9ab74db_p006,06e89bf6e9ab74db,EVT_00213,hindustan_times,2026-07-02 12:03:57,"""Gopal Rao often complicates matters for everyone. Our trustees in Uttar Pradesh follow the tradition of Ram, whereas Gopal Rao does not even subscribe to that tradition... The entire fault lies with Gopal; he is playing politics,"" Mahant Dinendra Das Maharaj said."
06e89bf6e9ab74db_p007,06e89bf6e9ab74db,EVT_00213,hindustan_times,2026-07-02 12:03:57,"His remarks come amid an ongoing Special Investigation Team (SIT) probe into the alleged embezzlement of donations received by the Ram Mandir in Ayodhya, a case that has triggered sharp political exchanges between the ruling Bharatiya Janata Party (BJP) and the opposition."
06e89bf6e9ab74db_p008,06e89bf6e9ab74db,EVT_00213,hindustan_times,2026-07-02 12:03:57,"Meanwhile, Prakash Gupta, Office In-charge of the Shri Ram Janmabhoomi Teerth Kshetra Trust, stressed that the investigation should ensure punishment for the guilty while protecting innocent individuals from being unnecessarily implicated."
06e89bf6e9ab74db_p009,06e89bf6e9ab74db,EVT_00213,hindustan_times,2026-07-02 12:03:57,"""My point is simple: the guilty must not go free, and no innocent person should be implicated. Some people are getting dragged into this who had absolutely no connection, yet the SIT is picking everyone up. Naturally, people will react. I know some individuals used to work there selflessly, but you know how it is, if you get caught in the middle of it, you end up being labelled a thief too,"" Gupta told ANI."
06e89bf6e9ab74db_p010,06e89bf6e9ab74db,EVT_00213,hindustan_times,2026-07-02 12:03:57,He further said judicial proceedings would continue as per legal procedure following arrests in the case.
06e89bf6e9ab74db_p011,06e89bf6e9ab74db,EVT_00213,hindustan_times,2026-07-02 12:03:57,"""Once an arrest is made, they have to be sent to jail. And when the court sets a date, a hearing must take place, whether it's a direct appearance or via video conferencing, the proceedings have to happen. Nowadays, video conferencing is common; they don't physically transport people if there are security concerns. The court handles it via conferencing,"" he added."
06e89bf6e9ab74db_p012,06e89bf6e9ab74db,EVT_00213,hindustan_times,2026-07-02 12:03:57,"Earlier in the day, Uttar Pradesh BJP President Pankaj Chaudhary dismissed allegations made by Samajwadi Party chief Akhilesh Yadav over the alleged donation embezzlement, saying the opposition was indulging in politics over the Ram Mandir issue. He maintained that the SIT probe would proceed impartially and that no one found guilty would be spared."
06e89bf6e9ab74db_p013,06e89bf6e9ab74db,EVT_00213,hindustan_times,2026-07-02 12:03:57,"The controversy intensified after Akhilesh Yadav alleged irregularities in donations made to the Ram Mandir, prompting the BJP to defend the ongoing investigation. BJP Rajya Sabha MP Manan Kumar Mishra said an FIR had already been registered and eight people had been arrested in connection with the case, asserting that those responsible would face strict legal action. The SIT investigation into the alleged financial irregularities is currently underway."
32ea9bf243269ae7_p001,32ea9bf243269ae7,EVT_00244,firstpost,2026-07-02 07:44:05,"The investigation into the murder of 26-year-old Pune businessman and realtor Ketan Agarwal has entered a decisive phase. The Pune Rural Police are preparing to seek court permission to subject the prime accused, 20-year-old Siya Goyal, to a polygraph (lie detector) test."
32ea9bf243269ae7_p002,32ea9bf243269ae7,EVT_00244,firstpost,2026-07-02 07:44:05,"The move comes as investigators face a critical bottleneck, which is a severe lack of direct eyewitnesses or CCTV footage from the remote cliff edge at Lohagad Fort’s “Ghost Point,” where Agarwal was allegedly pushed to his 400-foot death."
32ea9bf243269ae7_p003,32ea9bf243269ae7,EVT_00244,firstpost,2026-07-02 07:44:05,"What was initially reported as a tragic trekking accident turned out to be a meticulously planned murder plot. According to police, Siya Goyal and her alleged lover, 22-year-old Chetan Chaudhary, orchestrated the killing to escape an arranged marriage fixed for November."
32ea9bf243269ae7_p004,32ea9bf243269ae7,EVT_00244,firstpost,2026-07-02 07:44:05,"Police reveal that during the trek, Siya allegedly sat down under the pretext of tying her shoelaces or drinking water. This was the pre-arranged signal for Chaudhary, who was following the couple in a hoodie, to strike and push Ketan off the cliff, ensuring Siya was safely out of Ketan’s physical reach."
32ea9bf243269ae7_p005,32ea9bf243269ae7,EVT_00244,firstpost,2026-07-02 07:44:05,"Following Ketan’s fatal fall, his mobile phone remained in Siya’s possession for several hours before she handed it over to his family. Investigators strongly suspect she used this window to delete incriminating texts, photos, or location data."
32ea9bf243269ae7_p006,32ea9bf243269ae7,EVT_00244,firstpost,2026-07-02 07:44:05,"Investigators uncovered that Siya allegedly stole and disposed of Ketan’s passport to sabotage a planned pre-wedding shoot in Bali. Furthermore, during a previous trip to the fort, Ketan allegedly slipped but survived by grabbing onto bushes. Siya had brushed it off at the time by claiming she panicked after spotting a snake."
32ea9bf243269ae7_p007,32ea9bf243269ae7,EVT_00244,firstpost,2026-07-02 07:44:05,Why investigators are weighing a polygraph test
32ea9bf243269ae7_p008,32ea9bf243269ae7,EVT_00244,firstpost,2026-07-02 07:44:05,"Because the crime took place in an isolated section of the fort, the prosecution’s case relies almost entirely on circumstantial evidence. While police have conducted crime scene reconstructions using a dummy, authorities admit these hold limited scientific weight in court because a dummy’s fall depends heavily on artificial weight distribution and velocity"
32ea9bf243269ae7_p009,32ea9bf243269ae7,EVT_00244,firstpost,2026-07-02 07:44:05,"While Goyal and Chaudhary remain in custody, they have given conflicting accounts regarding the timeline and planning phases. The polygraph will help police pinpoint exact gaps in their statements."
32ea9bf243269ae7_p010,32ea9bf243269ae7,EVT_00244,firstpost,2026-07-02 07:44:05,"The test will be heavily leveraged to grill Siya on exactly what was deleted from Ketan’s phone and where other missing physical evidence, such as discarded digital storage or clothing, might be hidden."
32ea9bf243269ae7_p011,32ea9bf243269ae7,EVT_00244,firstpost,2026-07-02 07:44:05,Proving a murder conviction under Indian law requires absolute clarity on intent. Navigating her psychological responses regarding the “snake incident” and the Bali trip sabotage will help establish a deliberate pattern of pre-meditation.
32ea9bf243269ae7_p012,32ea9bf243269ae7,EVT_00244,firstpost,2026-07-02 07:44:05,Also read | How Ketan Agarwal's sister helped expose the murder plot by fiancée Siya Goyal
32ea9bf243269ae7_p013,32ea9bf243269ae7,EVT_00244,firstpost,2026-07-02 07:44:05,"While the polygraph is a potent weapon for breakthroughs, it carries a major legal caveat. Under Indian jurisprudence, polygraph test results are not admissible as direct evidence in a court of law. Furthermore, a test cannot be forced upon an accused; Siya Goyal must give her formal, written consent."
32ea9bf243269ae7_p014,32ea9bf243269ae7,EVT_00244,firstpost,2026-07-02 07:44:05,"However, the legal value lies in Section 27 of the Indian Evidence Act. Any physical discoveries, weapon recoveries, or digital footprints uncovered as a direct result of a confession or clue dropped during the polygraph test are fully admissible as concrete evidence."
32ea9bf243269ae7_p015,32ea9bf243269ae7,EVT_00244,firstpost,2026-07-02 07:44:05,"Special Public Prosecutor Ujjwal Nikam, famed for handling the 26/11 Mumbai terror attack trial, has been appointed by the State to lead the prosecution."
377cac2da4712d6c_p001,377cac2da4712d6c,EVT_00245,hindustan_times,2026-07-02 19:19:29,"Heavy rain, landslides put Uttarakhand authorities on high alert, pilgrimage routes affected"
377cac2da4712d6c_p002,377cac2da4712d6c,EVT_00245,hindustan_times,2026-07-02 19:19:29,"Heavy monsoon rain triggered landslides in Uttarakhand, disrupting the Badrinath and Kedarnath yatras and prompting a high alert across districts."
377cac2da4712d6c_p003,377cac2da4712d6c,EVT_00245,hindustan_times,2026-07-02 19:19:29,"Heavy monsoon rain lashed Uttarakhand on Thursday, triggering landslides, boulder falls and rising river levels that temporarily disrupted the Badrinath and Kedarnath pilgrimages, damaged houses in Chamoli district and put authorities across the state on high alert amid forecasts of more intense rainfall."
377cac2da4712d6c_p004,377cac2da4712d6c,EVT_00245,hindustan_times,2026-07-02 19:19:29,"The downpour blocked key stretches of the Char Dham Yatra routes in Chamoli and Rudraprayag districts, while swelling rivers and streams prompted heightened monitoring, precautionary evacuations in vulnerable areas and emergency response measures as the IMD warned of continued heavy rain, landslides and flash floods in the coming days."
377cac2da4712d6c_p005,377cac2da4712d6c,EVT_00245,hindustan_times,2026-07-02 19:19:29,"The Badrinath National Highway was temporarily closed after mud and debris entered several houses at Gulabkoti near Jyotirmath in Chamoli district and spilled onto the highway, disrupting the Char Dham Yatra. Simultaneously, the Kedarnath Yatra was suspended for several hours after boulders and debris blocked the Sonprayag-Munkatiya stretch."
377cac2da4712d6c_p006,377cac2da4712d6c,EVT_00245,hindustan_times,2026-07-02 19:19:29,"District disaster management officer NK Joshi said four heavy earth-moving machines and three tipper trucks were deployed to remove the accumulated debris, following which the Badrinath highway was reopened for traffic around 4 pm."
377cac2da4712d6c_p007,377cac2da4712d6c,EVT_00245,hindustan_times,2026-07-02 19:19:29,"In Rudraprayag district, the Kedarnath route between Sonprayag and Munkatiya was blocked after a landslide sent massive boulders crashing onto the road, forcing authorities to suspend both vehicular and pedestrian movement as a precautionary measure."
377cac2da4712d6c_p008,377cac2da4712d6c,EVT_00245,hindustan_times,2026-07-02 19:19:29,"“Teams from multiple departments, assisted by JCB machines and other heavy equipment, are working on a war footing to clear the debris and reopen the route at the earliest,” district disaster management officer, Rudraprayag, Nandan Singh Rajwar said."
377cac2da4712d6c_p009,377cac2da4712d6c,EVT_00245,hindustan_times,2026-07-02 19:19:29,Rajwar said the Alaknanda and Mandakini rivers in Rudraprayag were flowing below the danger mark and the authorities were constantly monitoring them.
377cac2da4712d6c_p010,377cac2da4712d6c,EVT_00245,hindustan_times,2026-07-02 19:19:29,"With rivers swelling rapidly due to continuous rain, the Rudraprayag district administration placed the district on high alert."
377cac2da4712d6c_p011,377cac2da4712d6c,EVT_00245,hindustan_times,2026-07-02 19:19:29,"Rudraprayag district magistrate Vishal Mishra said a round-the-clock multi-departmental monitoring mechanism was activated to assess weather conditions, river levels and identify vulnerable locations. “The water levels of all major rivers and seasonal streams are being continuously monitored. High-risk zones are being mapped in real time to issue timely warnings and safety advisories,” Mishra said."
377cac2da4712d6c_p012,377cac2da4712d6c,EVT_00245,hindustan_times,2026-07-02 19:19:29,Authorities began evacuating people from vulnerable riverbank areas wherever required and shifted the district disaster operation Centre to a 24x7 operational mode as a precaution.
377cac2da4712d6c_p013,377cac2da4712d6c,EVT_00245,hindustan_times,2026-07-02 19:19:29,"National highways, the irrigation department and the public works department were directed to maintain constant surveillance over roads, bridges and river channels."
377cac2da4712d6c_p014,377cac2da4712d6c,EVT_00245,hindustan_times,2026-07-02 19:19:29,"The district administration also issued an advisory asking residents and Char Dham pilgrims to avoid riverbanks, streams and temporary structures near water bodies, and urged people not to pay heed to rumours circulating on social media."
377cac2da4712d6c_p015,377cac2da4712d6c,EVT_00245,hindustan_times,2026-07-02 19:19:29,"Meanwhile, two separate road accidents within hours of each other left one Border Roads Organisation (BRO) employee missing and three others injured in Uttarkashi district. A motorcycle carrying three BRO employees plunged into a 200-300-metre-deep gorge off the Gangotri National Highway near Bhaironghati while travelling towards Gangotri late on Wednesday night."
377cac2da4712d6c_p016,377cac2da4712d6c,EVT_00245,hindustan_times,2026-07-02 19:19:29,"District disaster management officer of Uttarkashi Shardul Gusain said two riders suffered minor injuries and were taken to hospital, while 26-year-old Suresh Lama, a resident of Nepal presently residing in Himachal Pradesh, remained missing."
377cac2da4712d6c_p017,377cac2da4712d6c,EVT_00245,hindustan_times,2026-07-02 19:19:29,"“The SDRF (State Disaster Response Force) suspended the search operation due to darkness and heavy rain but resumed it on Thursday morning. The missing person had not been traced till 4 pm on Thursday,” Gusain said."
377cac2da4712d6c_p018,377cac2da4712d6c,EVT_00245,hindustan_times,2026-07-02 19:19:29,"In another accident near the Margaon-Ulan motor road in Uttarkashi on Thursday morning, 28-year-old Praveen Nautiyal was injured after his vehicle met with an accident while travelling from Brahmakhal to Tilpad. He was treated at CHC Chinyalisaur and later discharged, while his co-passenger Jasram Mishra escaped unhurt."
377cac2da4712d6c_p019,377cac2da4712d6c,EVT_00245,hindustan_times,2026-07-02 19:19:29,"In Tehri district, the overflowing Nailchami Gad stream prompted authorities to issue alerts for people living near riverbanks. Officials also said five Public Works Department (PWD) roads and 10 Pradhan Mantri Gram Sadak Yojana (PMGSY) roads in the district were blocked by debris and boulders, with restoration work underway."
377cac2da4712d6c_p020,377cac2da4712d6c,EVT_00245,hindustan_times,2026-07-02 19:19:29,"The India Meteorological Department (IMD) said Uttarakhand received 29.3 mm of rainfall against a normal of 11.4 mm during the 24-hour period ending at 8.30 am on Thursday, an excess of 157%."
377cac2da4712d6c_p021,377cac2da4712d6c,EVT_00245,hindustan_times,2026-07-02 19:19:29,"Tehri recorded the highest departure from normal with 54.6 mm rainfall, nearly 600% above normal, followed by Udham Singh Nagar (463%), Chamoli (436%), Dehradun (327%), Haridwar (301%), Uttarkashi (272%), Rudraprayag (185%), Champawat (177%) and Pauri Garhwal (106%)."
377cac2da4712d6c_p022,377cac2da4712d6c,EVT_00245,hindustan_times,2026-07-02 19:19:29,"The IMD has issued an orange alert for Friday for Nainital and Bageshwar districts, forecasting heavy to very heavy rainfall, while a yellow alert has been issued for Dehradun, Tehri, Pauri, Chamoli, Uttarkashi and Rudraprayag districts."
377cac2da4712d6c_p023,377cac2da4712d6c,EVT_00245,hindustan_times,2026-07-02 19:19:29,"The IMD has warned that thunderstorms accompanied by lightning and intense spells of rain could trigger landslides, flash floods and traffic disruptions across the state’s hill districts. Similar conditions are expected to persist until July 6, with heavy rainfall forecast in several districts, prompting authorities to maintain heightened vigilance throughout the Char Dham region."
377cac2da4712d6c_p024,377cac2da4712d6c,EVT_00245,hindustan_times,2026-07-02 19:19:29,- ABOUT THE AUTHORNeeraj Santoshi
377cac2da4712d6c_p025,377cac2da4712d6c,EVT_00245,hindustan_times,2026-07-02 19:19:29,"Neeraj Santoshi is the Chief of Bureau for Hindustan Times in Uttarakhand, where he leads the state reporting team while covering government, politics, environment, wildlife, Uttarakhand High Court, and issues shaping the Himalayan region. With more than two decades in journalism across conflict zones, he has covered politically sensitive regions and environmentally fragile landscapes, and focused on stories that combine public interest with in-depth storytelling."
377cac2da4712d6c_p026,377cac2da4712d6c,EVT_00245,hindustan_times,2026-07-02 19:19:29,"An alumnus of Pune University with a Master’s in Communication Studies, he has reported extensively from Jammu & Kashmir (2003-2010), Madhya Pradesh (2010 to 2018 ) and Uttarakhand (Since 2018), covering subjects ranging from insurgency, elections and governance to wildlife conservation, mining, climate change, agriculture, human rights and social justice. He has covered politics and legislative assemblies of both Jammu & Kashmir and Madhya Pradesh over more than a decade."
377cac2da4712d6c_p027,377cac2da4712d6c,EVT_00245,hindustan_times,2026-07-02 19:19:29,"Before taking over as Chief of Bureau in Uttarakhand, he served as Special Correspondent with Hindustan Times in Madhya Pradesh and earlier reported for both Hindustan Times and The Indian Express in Jammu & Kashmir, where he covered state politics, environment and insurgency-related developments. Over the years, his stories have focused on environmental degradation, wildlife, illegal mining, governance and the changing social fabric of Himalayan states and Central India."
377cac2da4712d6c_p028,377cac2da4712d6c,EVT_00245,hindustan_times,2026-07-02 19:19:29,"He is particularly interested in long-form explanatory journalism, and stories that explore the intersection of ecology, conservation, governance and society. Outside the newsroom, Neeraj enjoys reading widely on neuroscience, consciousness studies, Artificial Intelligence and quantum physics, with a special interest in Kashmiri Tantric Shaivist traditions. He is also passionate about wildlife, mountaineering and the Himalayas, interests that continue to inform his reporting and deepen his understanding of the region he covers.Read More"
525baefffb6db3e1_p001,525baefffb6db3e1,EVT_00257,the_times_of_india,2026-07-02 21:22:00,"NEW DELHI: The Centre has widened its scrutiny of messaging platforms with username-based communication, with the ministry of electronics and information technology (MeitY) issuing notices to Telegram and Signal days after directing WhatsApp to justify its proposed username feature and pause its rollout in India."
525baefffb6db3e1_p002,525baefffb6db3e1,EVT_00257,the_times_of_india,2026-07-02 21:22:00,"According to sources quoted by PTI, the notices to Telegram and Signal raise questions over their existing username feature and seek details on how the platforms are addressing concerns related to fraud and impersonation."
525baefffb6db3e1_p003,525baefffb6db3e1,EVT_00257,the_times_of_india,2026-07-02 21:22:00,The government has specifically asked Telegram why it should be allowed to retain the username feature.
525baefffb6db3e1_p004,525baefffb6db3e1,EVT_00257,the_times_of_india,2026-07-02 21:22:00,"The latest move comes a day after the Centre issued a notice to Meta over WhatsApp's proposed username feature, expressing concerns that it could materially increase online fraud, phishing, digital arrest scams and impersonation attacks. The government also directed WhatsApp to keep the rollout on hold until consultations on the issue are completed ""to the satisfaction of the Government""."
525baefffb6db3e1_p005,525baefffb6db3e1,EVT_00257,the_times_of_india,2026-07-02 21:22:00,"According to the sources, MeitY has now extended its scrutiny to other messaging platforms that already allow users to communicate through usernames rather than mobile numbers."
525baefffb6db3e1_p006,525baefffb6db3e1,EVT_00257,the_times_of_india,2026-07-02 21:22:00,"The government's concerns centre on the possibility that anonymous usernames could make it easier for fraudsters to contact users without revealing their phone numbers, making cybercrime and impersonation more difficult to trace."
525baefffb6db3e1_p007,525baefffb6db3e1,EVT_00257,the_times_of_india,2026-07-02 21:22:00,"In its notice to WhatsApp, the Centre said the proposed feature could ""materially increase"" cases of online fraud, phishing, digital arrest scams and impersonation attacks by enabling bad actors to solicit and message victims."
525baefffb6db3e1_p008,525baefffb6db3e1,EVT_00257,the_times_of_india,2026-07-02 21:22:00,"Meta has also been asked to explain why action should not be initiated under the Information Technology Act and related rules over WhatsApp's proposed feature. The government reminded the company that WhatsApp, as a significant social media intermediary, is required to comply with due diligence obligations under the IT Act."
525baefffb6db3e1_p009,525baefffb6db3e1,EVT_00257,the_times_of_india,2026-07-02 21:22:00,"India is WhatsApp's largest market, with more than 500 million users. The company defended the feature on Wednesday, saying it has built multiple safeguards to prevent scams and impersonation."
525baefffb6db3e1_p010,525baefffb6db3e1,EVT_00257,the_times_of_india,2026-07-02 21:22:00,"Separately, a government letter reviewed by Reuters showed India has asked WhatsApp to justify the feature and freeze its rollout pending consultations. The July 1 letter reportedly gave the company three days to respond."
525baefffb6db3e1_p011,525baefffb6db3e1,EVT_00257,the_times_of_india,2026-07-02 21:22:00,"Responding to Reuters, a WhatsApp spokesperson said the feature is not yet live and ""would roll out slowly later this year"", adding that users would still need a phone number to register and that senders must know ""a person's exact username to message them."""
525baefffb6db3e1_p012,525baefffb6db3e1,EVT_00257,the_times_of_india,2026-07-02 21:22:00,"The latest regulatory action follows heightened scrutiny of Telegram over concerns relating to fraud, impersonation and the circulation of sensitive content. The platform was temporarily blocked in India until June 22 over its alleged failure to curb the circulation of leaked and fake NEET examination papers and other fraudulent content before services were restored after the week-long restriction expired."
4adf85810924daff_p001,4adf85810924daff,EVT_00242,hindustan_times,2026-07-02 22:00:16,"Modi, Japan PM condemn Pakistan-backed terror, call for action against LeT, JeM"
4adf85810924daff_p002,4adf85810924daff,EVT_00242,hindustan_times,2026-07-02 22:00:16,PM Modi and Japan's Takaichi condemned last year's Pahalgam terror attack and Red Fort blasts that jolted the country.
4adf85810924daff_p003,4adf85810924daff,EVT_00242,hindustan_times,2026-07-02 22:00:16,Prime Minister Narendra Modi and his Japanese counterpart Sanae Takaichi on Thursday condemned Pakistan-backed terror and called for action against terror outfits such as Lashkar-e-Taiba (LeT) and Jaish-e-Mohammad (JeM). The two Pakistan-based terror outfits have been accused of carrying out several attacks in India.
4adf85810924daff_p004,4adf85810924daff,EVT_00242,hindustan_times,2026-07-02 22:00:16,Modi and Takaichi condemned the terrorist attack in Pahalgam last year and took note of the United Nations Security Council Monitoring Team Report of 29 July 2025 mentioning The Resistance Front (TRF).
4adf85810924daff_p005,4adf85810924daff,EVT_00242,hindustan_times,2026-07-02 22:00:16,"They also condemned the Red Fort blast that shook Delhi, India's capital, in November 2025. “They called for the perpetrators, organizers, and financiers of this reprehensible act to be brought to justice without any delay,"" the 16th Japan-India Annual Summit Joint Statement read."
4adf85810924daff_p006,4adf85810924daff,EVT_00242,hindustan_times,2026-07-02 22:00:16,"Also read: AI, defence, healthcare: What was discussed in Modi's meet with Japan PM Sanae Takaichi"
4adf85810924daff_p007,4adf85810924daff,EVT_00242,hindustan_times,2026-07-02 22:00:16,"“The two Prime Ministers unequivocally and strongly condemned terrorism and violent extremism in all its forms and manifestations, including cross- border terrorism from Pakistan,” the statement read further."
4adf85810924daff_p008,4adf85810924daff,EVT_00242,hindustan_times,2026-07-02 22:00:16,"PM Modi and Takaichi called for ‘concerted actions’ against all UN-listed terrorist groups and entities including Al Qaeda, ISIS/Daesh, Lashkar-e-Tayyiba (LeT), Jaish-e-Mohammad (JeM) and their proxies, the statement further read."
4adf85810924daff_p009,4adf85810924daff,EVT_00242,hindustan_times,2026-07-02 22:00:16,India-Japan: A partnership of strategic convergence
4adf85810924daff_p010,4adf85810924daff,EVT_00242,hindustan_times,2026-07-02 22:00:16,"Takaichi is on her first official trip to India as the two countries look ahead to deepen economic and strategic ties. PM Modi on Thursday referred to Takaichi as his ‘younger sister’, hailing her as a ""visionary and popular leader"" while delivering his statement during a joint press meet."
4adf85810924daff_p011,4adf85810924daff,EVT_00242,hindustan_times,2026-07-02 22:00:16,Also Read | ‘Little sister’ and a partnership of strategic convergence: 5 takeaways from PM Modi-Takaichi talks
4adf85810924daff_p012,4adf85810924daff,EVT_00242,hindustan_times,2026-07-02 22:00:16,"Following summit talks between Modi and Takaichi at the Hyderabad House on Thursday, the two leaders addressed media persons, and unveiled a raft of landmark initiatives to deepen bilateral cooperation in a range of areas."
4adf85810924daff_p013,4adf85810924daff,EVT_00242,hindustan_times,2026-07-02 22:00:16,"""Your Excellency, and 'meri chhoti behen' (my younger sister) Prime Minister Takaichi, delegates of the two countries, members of the media, Namaskar! Konnichiwa,"" Modi said as he began his address. Konnichiwa is a Japanese word used to greet someone."
4adf85810924daff_p014,4adf85810924daff,EVT_00242,hindustan_times,2026-07-02 22:00:16,"""I am delighted to welcome Prime Minister Takaichi on her first visit to India for the India-Japan Annual Summit. She is also Japan's first female Prime Minister, and a visionary and popular leader. Furthermore, she hails from Japan's Nara Prefecture, a very important centre of shared Buddhist heritage of India and Japan,"" Modi said."
4adf85810924daff_p015,4adf85810924daff,EVT_00242,hindustan_times,2026-07-02 22:00:16,The Indian prime minister ended his speech using both Hindi ('bahut bahut dhanyawad') and Japanese ('arigatou gozaimasu') words for expressing thanks.
4adf85810924daff_p016,4adf85810924daff,EVT_00242,hindustan_times,2026-07-02 22:00:16,Takaichi is visiting India at Modi's invitation from July 1 to 3 for the 16th India-Japan Annual Summit.
4adf85810924daff_p017,4adf85810924daff,EVT_00242,hindustan_times,2026-07-02 22:00:16,"In her address in Japanese, which was simultaneously translated in English, Takaichi acknowledged Modi's remarks describing her as his ""younger sister""."
4adf85810924daff_p018,4adf85810924daff,EVT_00242,hindustan_times,2026-07-02 22:00:16,"""The small meeting before and the big meeting...we confirmed that we are on the same page to develop this relationship as brother and sister,"" she said."
448d8430272f9c36_p001,448d8430272f9c36,EVT_00251,the_hindu,2026-07-02 11:15:08,"Seven workers, including six migrants, were killed, and five were injured after a massive boulder collapsed on them at a stone quarry in Hulukenahalli village in Tavarekere Hobli on the outskirts of Bengaluru on Thursday (July 2) morning."
448d8430272f9c36_p002,448d8430272f9c36,EVT_00251,the_hindu,2026-07-02 11:15:08,"Several workers were engaged in stone-cutting and quarrying activities when a huge mass became detached from the rock face in an adjacent quarry and came crashing down on them from a height of about 40 feet. The boulder collapsed on some vehicles, including a tractor trolley which was loading crushed stones, and left several workers trapped. The accident occurred at around 7:30 a.m."
448d8430272f9c36_p003,448d8430272f9c36,EVT_00251,the_hindu,2026-07-02 11:15:08,"Seven labourers — five from Madhya Pradesh, and one each from Karnataka and Chhattisgarh — were killed on the spot. Five others who were injured were rushed to the Rajarajeshwari Medical College and Hospital for treatment as Tavarekere police and fire and emergency services carried out rescue operations."
448d8430272f9c36_p004,448d8430272f9c36,EVT_00251,the_hindu,2026-07-02 11:15:08,"Gopi, a quarry worker from Tamil Nadu who escaped in the nick of time, claimed that several people employed at the Basaveshwara quarry were working at the top of the boulder trying to pry out the rock mass, which then broke free and rolled down on to the workers at the neighbouring S.R. Udayashankar quarry. “If only they had informed us beforehand, many victims could have been saved,” he told mediapersons. Police are still investigating the cause of the accident."
448d8430272f9c36_p005,448d8430272f9c36,EVT_00251,the_hindu,2026-07-02 11:15:08,"The Tavarekere police registered a case against five people, including the quarry owners and supervisors, for culpable homicide not amounting to murder. The accused have been identified as D. Anandaswamy, Udayashankar, Pandu, Tirupathi, and others responsible for quarry operations at the Basaveshwara and S.R. Udayashankar stone quarries. According to the FIR, the quarries, which lie adjacent to each other, had been operating in Survey No. 29 for nearly five years."
448d8430272f9c36_p006,448d8430272f9c36,EVT_00251,the_hindu,2026-07-02 11:15:08,"The FIR alleges that the accused knowingly allowed quarrying work to continue in an unsafe environment without taking adequate precautionary measures, resulting in the deaths and injuries. Police said the quarry management had allegedly continued operations despite being aware of the risk of a rockfall and failed to implement mandatory safety measures to protect workers."
448d8430272f9c36_p007,448d8430272f9c36,EVT_00251,the_hindu,2026-07-02 11:15:08,"Based on the complaint, the police detained four people for questioning, including two quarry managers, a driver, and a site in-charge."
448d8430272f9c36_p008,448d8430272f9c36,EVT_00251,the_hindu,2026-07-02 11:15:08,"During the preliminary investigation, police found no evidence of any blasting at the time of the accident. Investigators suspect the collapse was caused by the instability of a massive rock, which slid from 40 feet above, though the exact cause of the slide is yet to be established."
448d8430272f9c36_p009,448d8430272f9c36,EVT_00251,the_hindu,2026-07-02 11:15:08,"The investigation is continuing, and police have sought a detailed report from the Department of Mines and Geology to determine whether the quarry operators had complied with statutory safety norms and mining regulations."
448d8430272f9c36_p010,448d8430272f9c36,EVT_00251,the_hindu,2026-07-02 11:15:08,"Published - July 02, 2026 11:15 am IST"
75396f857c9caadf_p001,75396f857c9caadf,EVT_00257,the_times_of_india,2026-07-03 15:12:00,"NEW DELHI: The government has sought an explanation from WhatsApp over its username feature, with the IT Secretary warning it could facilitate cybercrime by enabling impersonation and identity spoofing."
75396f857c9caadf_p002,75396f857c9caadf,EVT_00257,the_times_of_india,2026-07-03 15:12:00,"""We have taken up the issue of using usernames because there is a serious possibility of impersonations and there is the kind of encouragement that facilitates commit cybercrime, which is a very serious issue,"" S Krishnan, Secretary of the Ministry of Electronics and Information Technology, said on the sidelines of a CII conference."
75396f857c9caadf_p003,75396f857c9caadf,EVT_00257,the_times_of_india,2026-07-03 15:12:00,"""This is another dimension of the way that cybercrimes can be committed, which is the reason why we have directed WhatsApp to explain why they have this feature. Similarly, we have sought explanations from others,"" he added."
75396f857c9caadf_p004,75396f857c9caadf,EVT_00257,the_times_of_india,2026-07-03 15:12:00,"The government's concerns come amid growing scrutiny of username-based messaging features on encrypted platforms. Officials are examining whether such functionalities could make it easier for cybercriminals to conceal identities, impersonate users or evade detection during online fraud and other cyber offences."
75396f857c9caadf_p005,75396f857c9caadf,EVT_00257,the_times_of_india,2026-07-03 15:12:00,"Centre issued notice to Meta, asked to pause rollout"
75396f857c9caadf_p006,75396f857c9caadf,EVT_00257,the_times_of_india,2026-07-03 15:12:00,"On Wednesday, the Centre issued a formal notice to Meta, stating that the username feature could ""materially increase"" online fraud, phishing, digital arrest scams and impersonation attacks."
75396f857c9caadf_p007,75396f857c9caadf,EVT_00257,the_times_of_india,2026-07-03 15:12:00,"The notice said the feature may enable bad actors to solicit and message victims, and facilitate impersonation of individuals, public authorities, financial institutions and government agencies by permitting the adoption of usernames closely resembling those of genuine persons or institutions."
75396f857c9caadf_p008,75396f857c9caadf,EVT_00257,the_times_of_india,2026-07-03 15:12:00,"The government has asked Meta to furnish a detailed explanation within three days and directed the company not to roll out the feature until consultations are completed ""to the satisfaction of the Government."""
75396f857c9caadf_p009,75396f857c9caadf,EVT_00257,the_times_of_india,2026-07-03 15:12:00,"""If the response is not found to be satisfactory, unless they can assure and convince, WhatsApp won't be allowed to proceed with the rollout,"" officials have indicated."
75396f857c9caadf_p010,75396f857c9caadf,EVT_00257,the_times_of_india,2026-07-03 15:12:00,"WhatsApp says feature not yet live, has safeguards"
75396f857c9caadf_p011,75396f857c9caadf,EVT_00257,the_times_of_india,2026-07-03 15:12:00,"WhatsApp has maintained that the username feature is not yet live and will be rolled out gradually later this year with multiple safeguards. The company says usernames are optional, cannot be searched by strangers, and users can enable an additional ""username key"" requiring both elements to be in place before someone can initiate contact."
75396f857c9caadf_p012,75396f857c9caadf,EVT_00257,the_times_of_india,2026-07-03 15:12:00,"In a statement, a WhatsApp spokesperson said they have held the highest-profile names, including public figures, government entities, celebrities and verified Meta accounts, so they can only ever be claimed by their legitimate owners, with lookalike derivatives also held."
75396f857c9caadf_p013,75396f857c9caadf,EVT_00257,the_times_of_india,2026-07-03 15:12:00,"The company claims it will display contextual warnings for first-time messages, limit outreach by new accounts, and monitor reports and blocks to detect impersonation and scam patterns."
75396f857c9caadf_p014,75396f857c9caadf,EVT_00257,the_times_of_india,2026-07-03 15:12:00,"The MeitY has also sent notices to Telegram and Signal, asking both platforms to explain their username features and safeguards against impersonation and misuse. Telegram recently faced a week-long ban in India ahead of the NEET-UG re-examination in June."
e9fb60ad9e6d1e02_p001,e9fb60ad9e6d1e02,EVT_00325,the_times_of_india,2026-07-03 01:55:00,NEW DELHI: PM Narendra Modi and his counterpart Sanae Takaichi reaffirmed their commitment to cooperating towards an early convening of the next Quad Leaders’ Summit and underlined the importance of ensuring unimpeded freedom of navigation through the Strait of Hormuz in a joint statement that showcased the deep strategic convergence between the countries on regional and global issues.
e9fb60ad9e6d1e02_p002,e9fb60ad9e6d1e02,EVT_00325,the_times_of_india,2026-07-03 01:55:00,"With both countries heavily dependent on the critical maritime chokepoint for their energy supplies, Modi and Takaichi also registered their opposition to any restrictive measures hampering the flow of commercial vessels. According to the India-Japan joint statement, both sides agreed to strengthen cooperation on strategic petroleum reserves, including through technical collaboration on stockpiling ecosystem, with Takaichi affirming her support for India’s membership to the International Energy Agency (IEA)."
e9fb60ad9e6d1e02_p003,e9fb60ad9e6d1e02,EVT_00325,the_times_of_india,2026-07-03 01:55:00,"Significantly for India, the statement, unlike the one issued after the Tokyo summit last year, named Pakistan for its support to cross-border terrorism against India."
e9fb60ad9e6d1e02_p004,e9fb60ad9e6d1e02,EVT_00325,the_times_of_india,2026-07-03 01:55:00,"‘The two Prime Ministers unequivocally and strongly condemned terrorism and violent extremism in all its forms and manifestations, including cross-border terrorism from Pakistan,” said the joint statement, while strongly condemning the Pahalgam terrorist attack and seeking action against Pakistan-based groups like Jaish and Lashkar."
e9fb60ad9e6d1e02_p005,e9fb60ad9e6d1e02,EVT_00325,the_times_of_india,2026-07-03 01:55:00,India too backed Japan’s position on the
e9fb60ad9e6d1e02_p006,e9fb60ad9e6d1e02,EVT_00325,the_times_of_india,2026-07-03 01:55:00,"South China Sea with the leaders expressing serious concern over the situation in the region and, in a message to Beijing, reiterating their strong opposition to any unilateral action that endangers the safety as well as freedom of navigation and overflight and attempts to change the status quo by force or coercion."
e9fb60ad9e6d1e02_p007,e9fb60ad9e6d1e02,EVT_00325,the_times_of_india,2026-07-03 01:55:00,"“They shared their serious concerns over the growing militarization of disputed features. They reaffirmed that maritime disputes must be resolved peacefully and in accordance with international law, as reflected in UNCLOS,” said the joint statement. According to diplomatic sources, the leaders discussed the ongoing diplomatic standoff between China and Japan over the Taiwan issue that has seen Beijing impose export controls on Japanese companies."
e9fb60ad9e6d1e02_p008,e9fb60ad9e6d1e02,EVT_00325,the_times_of_india,2026-07-03 01:55:00,"While President Donald Trump’s China policy has complicated the Quad summit process, seen not long ago as the cornerstone for a free and open Indo-Pacific, India and Japan unequivocally backed the grouping as they welcomed the “steady progress” under the Quad framework and reaffirmed their shared commitment to enhance practical cooperation."
e9fb60ad9e6d1e02_p009,e9fb60ad9e6d1e02,EVT_00325,the_times_of_india,2026-07-03 01:55:00,"“They underscored the importance of Quad collaboration across the four pillars of maritime and transnational security; economic prosperity and security, including critical minerals; critical and emerging technologies; and humanitarian assistance and emergency response,” said the joint statement. However, official sources from both sides admitted there was no clarity yet on the dates and venue for the next summit, even though Japan would like India to host it."
e9fb60ad9e6d1e02_p010,e9fb60ad9e6d1e02,EVT_00325,the_times_of_india,2026-07-03 01:55:00,"On the Gaza situation, the leaders backed the two-state solution, saying that continued diplomatic efforts are indispensable to restoring stability at the earliest and achieving lasting peace in the region."
e9fb60ad9e6d1e02_p011,e9fb60ad9e6d1e02,EVT_00325,the_times_of_india,2026-07-03 01:55:00,"The leaders also reaffirmed their commitment to working with other G4 countries – Germany and Brazil – for an urgent reform of the UN Security Council. While they reiterated their mutual support for each other’s candidature for a permanent seat in a reformed UNSC, India and Japan also backed each other’s respective candidatures for non-permanent seats in 2028-29 and 2033-34."
f31388c784011006_p001,f31388c784011006,EVT_00257,hindustan_times,2026-07-03 06:37:45,"After WhatsApp, Centre's notices to Telegram, Signal today over username feature"
f31388c784011006_p002,f31388c784011006,EVT_00257,hindustan_times,2026-07-03 06:37:45,"Hiding a phone number behind a username makes it harder to trace who is messaging whom, officials and experts have said."
f31388c784011006_p003,f31388c784011006,EVT_00257,hindustan_times,2026-07-03 06:37:45,"The Union ministry of electronics and information technology (MeitY) was set to send notices to Telegram and Signal over their username-based communication features, a day after issuing a similar notice to WhatsApp, a government official told HT on Thursday. The notices are expected to go out on Friday."
f31388c784011006_p004,f31388c784011006,EVT_00257,hindustan_times,2026-07-03 06:37:45,"“The rules apply to everyone. Similar notices will be sent to Telegram and Signal on Friday,” the official said."
f31388c784011006_p005,f31388c784011006,EVT_00257,hindustan_times,2026-07-03 06:37:45,"The move follows MeitY’s notice to WhatsApp, which directed the company to pause the rollout of its username feature and furnish a detailed explanation within three days. MeitY officials met WhatsApp representatives on Thursday at 11.30am, HT has learnt. According to people aware of the discussions, the company sought additional time to respond, citing the coming weekend, while ministry officials reiterated their concerns over the feature. MeitY is expected to grant an extension once it receives a formal request from WhatsApp."
f31388c784011006_p006,f31388c784011006,EVT_00257,hindustan_times,2026-07-03 06:37:45,"The trigger was the company beginning to let users reserve usernames ahead of a planned year-end launch. The ministry has said the feature could raise the risk of impersonation, identity theft, phishing and digital fraud by allowing users to connect without revealing their number."
f31388c784011006_p007,f31388c784011006,EVT_00257,hindustan_times,2026-07-03 06:37:45,"Hiding a phone number behind a username makes it harder to trace who is messaging whom, at a time when impersonation-driven scams are already a widespread problem in India, officials and experts have said."
f31388c784011006_p008,f31388c784011006,EVT_00257,hindustan_times,2026-07-03 06:37:45,"Referring to Wednesday’s notice, a WhatsApp spokesperson earlier said the feature was not yet live and would roll out slowly later this year, and that the company had held back usernames resembling public figures, government entities and celebrities so they could only be claimed by their legitimate owners."
f31388c784011006_p009,f31388c784011006,EVT_00257,hindustan_times,2026-07-03 06:37:45,"The founder of Arattai, an Indian messaging application, separately signalled a pullback on Thursday. Sridhar Vembu, the company’s founder, said on X on Thursday that Arattai would disable its username-based account feature “to comply with the regulatory change”. He did not specify the regulatory changes he referred to."
f31388c784011006_p010,f31388c784011006,EVT_00257,hindustan_times,2026-07-03 06:37:45,"The government’s sharper concern with WhatsApp, the official cited above said, comes down to scale. “WhatsApp facilitates around 50 crore calls every day. People trust it blindly. That’s why our concerns are much greater with WhatsApp than with Telegram, which has a much smaller calling rate of around 2.5 crore calls in India,” the official said."
f31388c784011006_p011,f31388c784011006,EVT_00257,hindustan_times,2026-07-03 06:37:45,"The official also suggested WhatsApp’s username push doubled as a competitive move against Telegram. “Maybe they want to capture Telegram’s market. WhatsApp wants to have a monopoly in this space,” the official said."
f31388c784011006_p012,f31388c784011006,EVT_00257,hindustan_times,2026-07-03 06:37:45,Friday’s notices will mark the second time this year that Telegram has drawn regulatory attention. The app was temporarily blocked during the NEET-UG re-examination over concerns about the circulation of exam material — an episode the official said had already sharpened government scrutiny of username-based platforms ahead of this week’s notices.
f31388c784011006_p013,f31388c784011006,EVT_00257,hindustan_times,2026-07-03 06:37:45,"Signal, by contrast, has drawn comparatively little regulatory attention in India so far, despite being named alongside WhatsApp and Telegram in the SIM-binding directive. Friday’s notice would be among the first direct actions the ministry has taken against the app over its username feature specifically."
f31388c784011006_p014,f31388c784011006,EVT_00257,hindustan_times,2026-07-03 06:37:45,"All three platforms — along with Arattai and Snapchat — fall under the Department of Telecommunications’ SIM-binding directive, which requires messaging accounts to be linked to physical SIM cards for traceability and mandates that web sessions be logged out at least once every six hours."
d8acac47aab5899a_p001,d8acac47aab5899a,EVT_00306,hindustan_times,2026-07-03 16:37:53,'India's position on Indus Waters Treaty consistent': MEA responds to Pakistan's 'warnings'
d8acac47aab5899a_p002,d8acac47aab5899a,EVT_00306,hindustan_times,2026-07-03 16:37:53,'India's position on Indus Waters Treaty consistent': MEA responds to Pakistan's 'warnings'
d8acac47aab5899a_p003,d8acac47aab5899a,EVT_00306,hindustan_times,2026-07-03 16:37:53,The ministry of external affairs on Friday responded to Pakistan's threats on the suspended Indus Water Treaty and said that India's position has been consistent. MEA spokesperson Randhir Jaiswal said the treat stands in abeyance as he cited Pakistan's ‘continued sponsorship of cross-border terrorism’.
d8acac47aab5899a_p004,d8acac47aab5899a,EVT_00306,hindustan_times,2026-07-03 16:37:53,"“India's position on the Indus Water Treaty is consistent. The IWT stands in abeyance in response to Pakistan's continued sponsorship of cross-border terrorism. Pakistan must credibly and irrevocably abjure its support for cross-border terrorism,” Jaiswal said."
d8acac47aab5899a_p005,d8acac47aab5899a,EVT_00306,hindustan_times,2026-07-03 16:37:53,The MEA's reaction comes after a Pakistan minister early this week issued a stark warning to India over the treaty and said Islamabad would “cut off those hands” that he claimed sought to control the Indus water.
d8acac47aab5899a_p006,d8acac47aab5899a,EVT_00306,hindustan_times,2026-07-03 16:37:53,"“There is a tap being controlled by the prime minister of a neighbouring country. He says he will not let even a drop of water flow into Pakistan,” Pakistan's climate change minister Musadik Malik said, according to Dawn. Several Pakistani news outlets carried clips of Malik's statements, which also surfaced online."
d8acac47aab5899a_p007,d8acac47aab5899a,EVT_00306,hindustan_times,2026-07-03 16:37:53,"Prior to Malik's stark statement, Pakistan foreign minister Ishaq Dar warned of a war over the treaty that remains suspended following the Pahalgam terror attack in April 2025. Dar said that any attempt by India to deprive Pakistan of its share of water under the Indus Waters Treaty would amount to the “weaponization of water” and could have serious consequences for regional peace and security, AP reported."
108217115ab01135_p001,108217115ab01135,EVT_00325,hindustan_times,2026-07-03 10:23:39,New Zealand announces PM Modi's maiden visit to country; FTA to remain in focus
108217115ab01135_p002,108217115ab01135,EVT_00325,hindustan_times,2026-07-03 10:23:39,The visit is scheduled as the two countries aim to strengthen their ties and take their relationship to the next level with a Free Trade Agreement
108217115ab01135_p003,108217115ab01135,EVT_00325,hindustan_times,2026-07-03 10:23:39,"Prime Minister of New Zealand, Christopher Luxon on Friday announced that Prime Minister Narendra Modi will make his first official visit to New Zealand next week."
108217115ab01135_p004,108217115ab01135,EVT_00325,hindustan_times,2026-07-03 10:23:39,Luxon said that the leaders will take the two countries' relationship to the next level with the New Zealand-India Free Trade Agreement.
108217115ab01135_p005,108217115ab01135,EVT_00325,hindustan_times,2026-07-03 10:23:39,"In a post on X, he said, “I'm delighted to announce Indian Prime Minister Narendra Modi will make his first official visit to New Zealand next week. India is one of the world's largest and fastest-growing economies, and a country of enormous importance to New Zealand's economic prosperity. We are taking the two countries' relationship to the next level with our New Zealand-India Free Trade Agreement, signed in April, which will deliver more jobs, higher exports and stronger economic growth for New Zealand.”"
108217115ab01135_p006,108217115ab01135,EVT_00325,hindustan_times,2026-07-03 10:23:39,Also Read I New Zealand to tighten immigration rules for Indians: Report
108217115ab01135_p007,108217115ab01135,EVT_00325,hindustan_times,2026-07-03 10:23:39,"""This will unlock new opportunities to grow our goods and services exports into a market of 1.4 billion people - bringing more money into Kiwi communities, creating jobs and lifting wages,"" Luxon further said in his post."
108217115ab01135_p008,108217115ab01135,EVT_00325,hindustan_times,2026-07-03 10:23:39,"Earlier on May 6, New Zealand Trade and Investment Minister Todd McClay stated that the two-way trade between India and New Zealand is poised to double within a few years as both nations finalize a high-quality Free Trade Agreement (FTA)."
108217115ab01135_p009,108217115ab01135,EVT_00325,hindustan_times,2026-07-03 10:23:39,Also Read I Why PM Modi referred to Japanese PM Takaichi as his ‘little sister’
108217115ab01135_p010,108217115ab01135,EVT_00325,hindustan_times,2026-07-03 10:23:39,"Speaking exclusively to ANI, the Minister noted that the FTA caters to New Zealand's consumers who seek high-quality goods and services, which, he mentioned, are readily available in the Indian market. The New Zealand government is committed to promoting up to USD 20 billion in investment into India over the next 15 years."
108217115ab01135_p011,108217115ab01135,EVT_00325,hindustan_times,2026-07-03 10:23:39,"To facilitate this flow of capital, the Indian government agreed to establish a special New Zealand ""single desk"" to streamline and accelerate investment clearances. ""The Indian government has agreed to set up a special New Zealand desk or single desk to help clear those investments, and so they can take place a lot more quickly. It's easier for New Zealanders to invest,"" he said."
108217115ab01135_p012,108217115ab01135,EVT_00325,hindustan_times,2026-07-03 10:23:39,"Also Read I Champat Rai, 2 others grilled for six hours amid Ram Temple row; more arrests likely"
108217115ab01135_p013,108217115ab01135,EVT_00325,hindustan_times,2026-07-03 10:23:39,"In April 2026. India and New Zealand announced the signing of Free Trade Agreement (FTA) marking a historic milestone in bilateral economic relations. It is a comprehensive framework encompassing market access, agricultural productivity, investment, talent mobility, collaboration in sports, tourism, and people-to-people ties. The FTA is designed to benefit manufacturers, farmers, MSMEs, women entrepreneurs, students, and skilled professionals across both nations."
ca077f437327a694_p001,ca077f437327a694,EVT_00325,the_times_of_india,2026-07-03 08:54:00,NEW DELHI: Prime Minister Narendra Modi is set for his first-ever visit to New Zealand next week. New Zealand Prime Minister Christopher Luxon shared the announcement in a statement posted on X.
ca077f437327a694_p002,ca077f437327a694,EVT_00325,the_times_of_india,2026-07-03 08:54:00,"In his statement Luxon wrote, ""I’m delighted to announce Indian Prime Minister Narendra Modi will make his first official visit to New Zealand next week."" He further added that the two nations are expected to sign a free-trade agreement (FTA) to take the diplomatic ties to the next level."
ca077f437327a694_p003,ca077f437327a694,EVT_00325,the_times_of_india,2026-07-03 08:54:00,"He further wrote, ""India is one of the world’s largest and fastest-growing economies, and a country of enormous importance to New Zealand’s economic prosperity. We are taking the two countries’ relationship to the next level with our New Zealand-India Free Trade Agreement, signed in April, which will deliver more jobs, higher exports and stronger economic growth for New Zealand."""
ca077f437327a694_p004,ca077f437327a694,EVT_00325,the_times_of_india,2026-07-03 08:54:00,"Further outlining the potential outcomes he wrote, ""This will unlock new opportunities to grow our goods and services exports into a market of 1.4 billion people – bringing more money into Kiwi communities, creating jobs and lifting wages."""
ca077f437327a694_p005,ca077f437327a694,EVT_00325,the_times_of_india,2026-07-03 08:54:00,"The visit follows the signing of the New Zealand-India Free Trade Agreement in April 2026, a landmark pact aimed at expanding cooperation across trade, investment and people-to-people ties. The comprehensive agreement covers market access, agricultural productivity, investment, talent mobility, sports, tourism and educational exchanges, with expected benefits for manufacturers, farmers, micro, small and medium enterprises (MSMEs), women entrepreneurs, students and skilled professionals in both countries."
ca077f437327a694_p006,ca077f437327a694,EVT_00325,the_times_of_india,2026-07-03 08:54:00,"This comes after New Zealand trade and investment minister Todd McClay had earlier stated that the two nations are expected to amplify the two-way trade with the FTA. He said that the Indian market has the capability to provide high-quality goods and services, which are actively sought by New Zealand's consumers."
ca077f437327a694_p007,ca077f437327a694,EVT_00325,the_times_of_india,2026-07-03 08:54:00,"The New Zealand government aims to promote up to $20 billion in investment into India over the next 15 years. To support that goal, the Indian government had agreed to establish a dedicated New Zealand ""single desk"" to speed up investment approvals."
ca077f437327a694_p008,ca077f437327a694,EVT_00325,the_times_of_india,2026-07-03 08:54:00,What do you think will be the biggest benefit of the New Zealand-India Free Trade Agreement?
ca077f437327a694_p009,ca077f437327a694,EVT_00325,the_times_of_india,2026-07-03 08:54:00,3k+ users shared opinion today
ca077f437327a694_p010,ca077f437327a694,EVT_00325,the_times_of_india,2026-07-03 08:54:00,3k+ users shared opinion today
ca077f437327a694_p011,ca077f437327a694,EVT_00325,the_times_of_india,2026-07-03 08:54:00,"Share Opinion""The Indian government has agreed to set up a special New Zealand desk or single desk to help clear those investments, and so they can take place a lot more quickly. It's easier for New Zealanders to invest,"" McClay said."
12477c2ded97abf4_p001,12477c2ded97abf4,EVT_00327,the_hindu,2026-07-03 14:27:43,"Dravida Munnetra Kazhagam (DMK) party moved the Supreme Court on Friday (July 3, 2026) seeking a judicial direction to bar the ruling Tamilaga Vettri Kazhagam (TVK) leaders, including Chief Minister C. Joseph Vijay and Minister Adhav Arjuna, from making “threatening” public statements or levelling “false accusations” against political opponents in connection with the Karur stampede during the ongoing CBI investigation."
12477c2ded97abf4_p002,12477c2ded97abf4,EVT_00327,the_hindu,2026-07-03 14:27:43,"The application filed by DMK Organising Secretary R.S. Bharathi, who has sought impleadment in the pending case before the apex court on the Karur stampede, stems from public statements allegedly made by Mr. Arjuna, who is the Cabinet Minister for Public Works and Sports Development, against former Chief Minister M.K. Stalin in connection with the stampede that took 41 lives and left 142 injured during a TVK rally on September 27 last year."
12477c2ded97abf4_p003,12477c2ded97abf4,EVT_00327,the_hindu,2026-07-03 14:27:43,"Mr. Bharathi said Mr. Arjuna’s statements on July 2 were intended to shift the blame of the stampede onto Mr. Stalin, who was the Chief Minister at the time of the tragedy, in a bid to prejudice the ongoing apex court-ordered Central Bureau of Investigation probe into the incident. The statements, in substance, claimed that the previous DMK government had “killed Karur people” through police action on the gathered crowd at the rally."
12477c2ded97abf4_p004,12477c2ded97abf4,EVT_00327,the_hindu,2026-07-03 14:27:43,"The DMK leader said Mr. Arjuna was both Cabinet Minister and an accused in the Karur stampede case. His conduct, as an “accused holding a public office” was impermissible and prejudicial to the fairness of the CBI investigation."
12477c2ded97abf4_p005,12477c2ded97abf4,EVT_00327,the_hindu,2026-07-03 14:27:43,"The application has sought a direction to the CBI to register a complaint and proceed against the public statements made by Mr. Arjuna for “influencing, tampering with witnesses and impeding with the investigation”."
12477c2ded97abf4_p006,12477c2ded97abf4,EVT_00327,the_hindu,2026-07-03 14:27:43,"Mr. Bharathi further submitted that Chief Minister Vijay was likely to travel to Karur on or about July 10 to meet the families of those who died and injured victims of the stampede and hand over government benefits, including orders of compassionate appointment, to them. The State government has already announced ex gratia payment of ₹10 lakh to the affected families, the application filed by advocate Anuradha Arputham said."
12477c2ded97abf4_p007,12477c2ded97abf4,EVT_00327,the_hindu,2026-07-03 14:27:43,"The DMK leader clarified that he had no objection to the State government extending ex gratia assistance, compassionate appointments or other welfare measures to the grieving families, but was apprehensive of the fact that the members of these families and those injured were material witnesses in an active investigation."
12477c2ded97abf4_p008,12477c2ded97abf4,EVT_00327,the_hindu,2026-07-03 14:27:43,"“In these exceptional circumstances, when the investigation is still pending, any direct interaction with such material witnesses by persons connected with the subject matter of the investigation or by the political executive presently in office, particularly while distributing benefits arising out of the very incident under investigation, has the potential to give rise to an apprehension, whether real or perceived, regarding the fairness and independence of the investigative process,” Mr. Bharathi submitted."
12477c2ded97abf4_p009,12477c2ded97abf4,EVT_00327,the_hindu,2026-07-03 14:27:43,"The application submitted that Chief Minister Vijay had, even prior to assuming public office, distributed substantial sums of money to the families of the victims while the criminal proceedings were pending."
12477c2ded97abf4_p010,12477c2ded97abf4,EVT_00327,the_hindu,2026-07-03 14:27:43,"“While the State government shall be at liberty to extend ex gratia assistance, compassionate appointments, government orders and other welfare measures to the families of the deceased and injured victims of the Karur stampede, no such benefits shall be conferred during the pendency of the CBI investigation except in accordance with the procedure and safeguards as may be directed by the Supreme Court and after placing the proposed course of action before the CBI,” the application urged."
12477c2ded97abf4_p011,12477c2ded97abf4,EVT_00327,the_hindu,2026-07-03 14:27:43,"Published - July 03, 2026 02:27 pm IST"
1c63330a9fdcaa77_p001,1c63330a9fdcaa77,EVT_00257,the_times_of_india,2026-07-03 02:06:00,"NEW DELHI: In the biggest overhaul of the Drugs (Prices Control) Order (DPCO), 2013 in years, Centre has significantly narrowed drugmakers' liability in overcharging cases, while introducing a host of long-pending changes sought by the pharma industry. The amendments, notified on June 30 and effective immediately, ease compliance for pharma companies, simplify pricing approvals for certain new drug launches, strengthen record-keeping requirements and clarify overcharging rules, sources told TOI."
1c63330a9fdcaa77_p002,1c63330a9fdcaa77,EVT_00257,the_times_of_india,2026-07-03 02:06:00,"""These provisions are in line with govt's objective of improving ease of doing business while preserving the integrity of the drug price control framework,"" Sudarshan Jain, secretary general, Indian Pharmaceutical Alliance, told TOI."
1c63330a9fdcaa77_p003,1c63330a9fdcaa77,EVT_00257,the_times_of_india,2026-07-03 02:06:00,"The biggest change comes under paragraph 24, which provides that if a manufacturer can demonstrate compliance with the prescribed disclosure requirements and adequately disseminated the revised price, overcharging will be calculated only on the stock handled by the retailer, distributor or stockist found selling above the notified ceiling price, rather than on the entire batch. Under the previous framework, companies faced recovery demands running into crores of rupees and multiple legal battles, even where the overcharging would be a fraction of stock sold."
1c63330a9fdcaa77_p004,1c63330a9fdcaa77,EVT_00257,the_times_of_india,2026-07-03 02:06:00,"Further, another amendment provides that ""any other existing manufacturer launching the same new drug within twelve months of retail price fixation of such new drug... shall not be required to apply"", eliminating the need for a separate price approval. Such manufacturers will instead be required to intimate the launch through a prescribed form, within one month, reducing procedural delays and streamlining the process."
1c63330a9fdcaa77_p005,1c63330a9fdcaa77,EVT_00257,the_times_of_india,2026-07-03 02:06:00,"Further, govt can now notify different ceiling or retail prices for the same scheduled drug based on therapeutic rationale, pack size, packaging, dosage compliance or dosage form, instead of applying a uniform price across all presentations."
1eddf5a8c0e5bfda_p001,1eddf5a8c0e5bfda,EVT_00334,the_times_of_india,2026-07-03 15:20:00,"Uddhav Thackeray on Friday announced a ""Ram Raksha"" protest from July 5 in Maharashtra over the alleged embezzlement of donations at the Ram temple in Ayodhya."
1eddf5a8c0e5bfda_p002,1eddf5a8c0e5bfda,EVT_00334,the_times_of_india,2026-07-03 15:20:00,"Addressing reporters, Thackeray said party workers and supporters would gather at the Hanuman temple in Mumbai's Dadar on Sunday to recite the Hanuman Stotra and Hanuman Chalisa before demanding that the BJP take responsibility for the alleged ""theft"" at the temple. ""I appeal to all those agitated over this alleged large-scale theft at the Ram temple to join us and hold the BJP accountable for it,"" he said, as quoted by PTI."
1eddf5a8c0e5bfda_p003,1eddf5a8c0e5bfda,EVT_00334,the_times_of_india,2026-07-03 15:20:00,"Thackeray alleged that despite the BJP being in power at the Centre and in several states, people across the country were facing multiple hardships and public issues were being ignored."
1eddf5a8c0e5bfda_p004,1eddf5a8c0e5bfda,EVT_00334,the_times_of_india,2026-07-03 15:20:00,"Recalling the Ram temple movement, he said many Hindus, including members of the undivided Shiv Sena, had made sacrifices and endured hardships, including atrocities on karsevaks, the Godhra train burning, the Ahmedabad riots and the Mumbai serial bomb blasts. He alleged that the BJP had politically benefited from these events and was now enjoying ""unchecked power""."
1eddf5a8c0e5bfda_p005,1eddf5a8c0e5bfda,EVT_00334,the_times_of_india,2026-07-03 15:20:00,"The former Maharashtra chief minister also accused the BJP of engineering defections and horse-trading of opposition legislators, questioning whether the ruling party was carrying out an ""Operation Ram Mandir""."
1eddf5a8c0e5bfda_p006,1eddf5a8c0e5bfda,EVT_00334,the_times_of_india,2026-07-03 15:20:00,"Referring to allegations circulating in the public domain over the alleged misappropriation of Ram temple donations, Thackeray questioned whether the money had been used to poach opposition leaders."
1eddf5a8c0e5bfda_p007,1eddf5a8c0e5bfda,EVT_00334,the_times_of_india,2026-07-03 15:20:00,"Invoking former prime minister Atal Bihari Vajpayee's remark, ""Ab Hindu maar nahi khayega,"" Thackeray said, ""Now I want to say, 'Ab Hindu maaf nahi karega'."""
1eddf5a8c0e5bfda_p008,1eddf5a8c0e5bfda,EVT_00334,the_times_of_india,2026-07-03 15:20:00,"He demanded strict action against those allegedly involved in the embezzlement, saying ""loot in the name of Hindutva"" would not be tolerated. He also alleged that the BJP's slogan of ""Mandir wahi banayenge"" had proved to be a facade and said the sacrifices made during the Ram temple movement would not be allowed to go in vain."
1eddf5a8c0e5bfda_p009,1eddf5a8c0e5bfda,EVT_00334,the_times_of_india,2026-07-03 15:20:00,"The alleged embezzlement of Ram temple donations came to light on June 7. An FIR was registered on June 25 after a preliminary report by a Special Investigation Team constituted by the Uttar Pradesh government. Eight people associated with the temple's donation collection and counting process have been arrested so far, and the investigation is continuing."
551596e745c5a488_p001,551596e745c5a488,EVT_00245,the_hindu,2026-07-03 08:31:10,"The India Meteorological Department has issued an ‘orange’ alert for Uttarakhand’s Nainital and Bageshwar districts, forecasting heavy to very heavy rainfall in some areas on Friday (July 3, 2026). Meanwhile, traffic on the Badrinath National Highway and the Kedarnath pilgrimage route was briefly disrupted due to falling debris and stones from the hills, officials said."
551596e745c5a488_p002,551596e745c5a488,EVT_00245,the_hindu,2026-07-03 08:31:10,"Also read: Monsoon arrives in Delhi, five days behind schedule"
551596e745c5a488_p003,551596e745c5a488,EVT_00245,the_hindu,2026-07-03 08:31:10,"Punjab Local Government Minister Harjot Singh Bains on Thursday (July 2) said the Ludhiana Municipal Corporation has set up a tech-enabled “Monsoon War Room” to monitor the city round the clock through 1,700 CCTV cameras and ensure prompt response to monsoon-related issues."
551596e745c5a488_p004,551596e745c5a488,EVT_00245,the_hindu,2026-07-03 08:31:10,Also read: Rainfall to dip in Tamil Nadu over the next few days
551596e745c5a488_p005,551596e745c5a488,EVT_00245,the_hindu,2026-07-03 08:31:10,"While inspecting the facility set up at the Integrated Command and Control Centre (ICCC) in MC Zone D, Sarabha Nagar, on Thursday (July 2), Mr. Bains said the war room streams live HD footage from flood-prone intersections, low-lying colonies and vulnerable drains onto video walls."
3285d99f442a91e3_p001,3285d99f442a91e3,EVT_00327,india_today,2026-07-03 16:46:24,DMK moves Supreme Court to restrain TVK ministers from speaking on Karur stampede
3285d99f442a91e3_p002,3285d99f442a91e3,EVT_00327,india_today,2026-07-03 16:46:24,"In a plea filed by DMK organising secretary RS Bharathi, who has sought to be impleaded in a pending case, the party said several people who were initially chargesheeted in the Karur stampede case are now ministers in the Tamil Nadu cabinet after the 2026 Assembly elections."
3285d99f442a91e3_p003,3285d99f442a91e3,EVT_00327,india_today,2026-07-03 16:46:24,"The DMK has moved the Supreme Court seeking directions to restrain TVK leaders, including Chief Minister C Joseph Vijay, from making public statements or levelling what it called false accusations in connection with the Karur stampede in which 41 people died. The party has also sought action over recent remarks allegedly made by a Tamil Nadu minister."
3285d99f442a91e3_p004,3285d99f442a91e3,EVT_00327,india_today,2026-07-03 16:46:24,"In a plea filed by DMK organising secretary RS Bharathi, who has sought to be impleaded in a pending case, the party said several people who were initially chargesheeted in the case are now ministers in the Tamil Nadu cabinet after the 2026 Assembly elections. The plea also raised concern over Bharathi's claim that Vijay is likely to travel to Karur on July 10 to meet the victims' families and hand over government benefits, including orders of compassionate appointment."
3285d99f442a91e3_p005,3285d99f442a91e3,EVT_00327,india_today,2026-07-03 16:46:24,"The petition referred to a public statement allegedly made on Thursday by Tamil Nadu minister Aadhav Arjuna, in which he allegedly said there was ""a score to settle"" over the Karur incident and alleged that the previous DMK government had ""killed"" Karur people through the police. Bharathi's plea has sought direction from the CBI to register a complaint and take action against Arjuna's public statements for allegedly influencing and tampering with witnesses and impeding the investigation."
3285d99f442a91e3_p006,3285d99f442a91e3,EVT_00327,india_today,2026-07-03 16:46:24,"Referring to Vijay's proposed visit, the plea said, ""When the investigation is still pending, any direct interaction with such material witnesses by persons connected with the subject matter of the investigation or by the political executive presently in office, particularly while distributing benefits arising out of the very incident under investigation, has the potential to give rise to an apprehension, whether real or perceived, regarding the fairness and independence of the investigative process."""
3285d99f442a91e3_p007,3285d99f442a91e3,EVT_00327,india_today,2026-07-03 16:46:24,"The Supreme Court had earlier ordered the CBI to take over the probe into the Karur stampede, saying the incident had shaken the national conscience and deserved a fair and impartial investigation. In its order on a plea filed by actor-politician Vijay's Tamilaga Vettri Kazhagam for an independent probe, the court also set up a three-member supervisory committee headed by former apex court judge Ajay Rastogi to monitor the CBI investigation."
3285d99f442a91e3_p008,3285d99f442a91e3,EVT_00327,india_today,2026-07-03 16:46:24,"Earlier, the police had said the rally saw a turnout of 27,000, nearly three times the expected 10,000 participants, and blamed a seven-hour delay by Vijay in reaching the venue for the tragedy. The fresh plea now seeks to prevent public statements and interactions that, according to the DMK, could affect the ongoing investigation into the stampede."
9e73e8316e36ca2f_p001,9e73e8316e36ca2f,EVT_00334,hindustan_times,2026-07-03 14:22:49,"Ram Temple donation irregularities: Thackeray attacks BJP, announces protests"
9e73e8316e36ca2f_p002,9e73e8316e36ca2f,EVT_00334,hindustan_times,2026-07-03 14:22:49,Thackeray and other Shiv Sena (UBT) leaders will visit the Hanuman Temple in Mumbai’s Dadar West on Sunday to launch “Ram Raksha” movement
9e73e8316e36ca2f_p003,9e73e8316e36ca2f,EVT_00334,hindustan_times,2026-07-03 14:22:49,"Shiv Sena (UBT) chief Uddhav Thackeray on Friday attacked the Bharatiya Janata Party (BJP) over the alleged misappropriation of donations collected for the Ayodhya Ram Temple, warning Hindus will no longer forgive, as he announced a Maharashtra-wide “Ram Raksha” movement to protest the “looting of offerings”. He urged all Ram devotees to join the movement irrespective of party affiliation."
9e73e8316e36ca2f_p004,9e73e8316e36ca2f,EVT_00334,hindustan_times,2026-07-03 14:22:49,"Thackeray and other Shiv Sena (UBT) leaders will visit the Hanuman Temple in Mumbai’s Dadar West on Sunday evening to launch the movement. “We will gather at the temple and recite the Ram Raksha Stotra, Maruti Stotra, and Hanuman Chalisa. All Ram bhakts [devotees] angry over the loot in the name of Ram Temple should participate in it.” He asked BJP leaders and workers to join them."
9e73e8316e36ca2f_p005,9e73e8316e36ca2f,EVT_00334,hindustan_times,2026-07-03 14:22:49,"Thackeray said protests would be organised across Maharashtra at Ram and Hanuman temples. “Our first fight is against the loot in the Ram Temple donations across the state. I will speak on other issues next week. I will also visit Ayodhya,” Thackeray said."
9e73e8316e36ca2f_p006,9e73e8316e36ca2f,EVT_00334,hindustan_times,2026-07-03 14:22:49,"When asked if he would invite Maharashtra Navnirman Sena chief Raj Thackeray or chief minister Devendra Fadnavis for the protest on Sunday, Uddhav Thackeray said that he would urge all Hindus, irrespective of their political affiliation, to join the protests against corruption in the Ram Temple donation."
9e73e8316e36ca2f_p007,9e73e8316e36ca2f,EVT_00334,hindustan_times,2026-07-03 14:22:49,"The BJP and Shiv Sena (UBT) have been loggerheads over the defection of the latter’s six parliamentarians to the Shiv Sena, a constituent of the ruling National Democratic Alliance (NDA). Shiv Sena (UBT) has linked such defections to the BJP’s efforts to increase the NDA government’s numbers to push through the delimitation bill."
4f17a5fa553450ee_p001,4f17a5fa553450ee,EVT_00251,hindustan_times,2026-07-03 00:37:53,"7 killed, five injured as big rock falls on stone quarry workers in B’luru"
4f17a5fa553450ee_p002,4f17a5fa553450ee,EVT_00251,hindustan_times,2026-07-03 00:37:53,"Seven migrant labourers, including five from Madhya Pradesh were killed and five others were injured after a massive rock slid down from a hillside and crashed into a stone quarry on the outskirts of Bengaluru on Thursday, with the state government ordering an inquiry into the incident to determine whether the quarry was operating in accordance with mining and safety regulations"
4f17a5fa553450ee_p003,4f17a5fa553450ee,EVT_00251,hindustan_times,2026-07-03 00:37:53,"Seven migrant labourers, including five from Madhya Pradesh were killed and five others were injured after a massive rock slid down from a hillside and crashed into a stone quarry on the outskirts of Bengaluru on Thursday, with the state government ordering an inquiry into the incident to determine whether the quarry was operating in accordance with mining and safety regulations."
4f17a5fa553450ee_p004,4f17a5fa553450ee,EVT_00251,hindustan_times,2026-07-03 00:37:53,"Police said the accident took place at the Kaveri Crusher quarry near Madapatna village in Bengaluru South taluk. Police, fire and rescue teams, along with officials from the Department of Mines and Geology, rushed to the spot and launched rescue operations using heavy machinery to clear debris and recover the bodies."
4f17a5fa553450ee_p005,4f17a5fa553450ee,EVT_00251,hindustan_times,2026-07-03 00:37:53,"The deceased have been identified as Ram Naik from Karnataka’s Yadgir district, Dharmesh Singh from Chhattisgarh, and Satyanarayan Gond, Bhuvenshwar Singh, Rajendra Prasad Choudhary, Rajesh Prasad and Shivraj Singh, all from Madhya Pradesh. Those injured include Chotu, Gulab Singh, Anand, Nohar Singh and another labourer whose identity is yet to be established, police said. Deputy inspector general of police S Girish said two adjoining crushers were operating at different levels and around 16 labourers were working when the accident took place. Officials are examining whether activity at the adjacent quarry destabilised the slope."
4f17a5fa553450ee_p006,4f17a5fa553450ee,EVT_00251,hindustan_times,2026-07-03 00:37:53,"“There are two crushers here – one is on the top and the second one is below. Work was going on at both sites. A drilling machine was deployed on the top. A massive rock slid from the top and fell on the people working below. Seven people died on the spot, five were wounded while four others working on the site escaped unhurt,” Girish was quoted as saying by PTI."
4f17a5fa553450ee_p007,4f17a5fa553450ee,EVT_00251,hindustan_times,2026-07-03 00:37:53,"According to preliminary reports, heavy machinery operating at the adjacent quarry may have loosened the soil and rocks, causing the boulder to roll downhill, police said. “It is very obvious that there was negligence,” Girish added."
4f17a5fa553450ee_p008,4f17a5fa553450ee,EVT_00251,hindustan_times,2026-07-03 00:37:53,"Parashuram, an excavator operator who witnessed the collapse, said the workers had no time to escape. “It took only a few seconds before one side of the hill collapsed. The workers had no time to react,” he said."
4f17a5fa553450ee_p009,4f17a5fa553450ee,EVT_00251,hindustan_times,2026-07-03 00:37:53,Chief minister DK Shivakumar said initial reports suggested the tragedy was not caused by blasting but by soil erosion. He said the government would determine whether the quarry was operating legally and whether prescribed safety norms had been followed.
4f17a5fa553450ee_p010,4f17a5fa553450ee,EVT_00251,hindustan_times,2026-07-03 00:37:53,"Prime Minister Narendra Modi expressed condolences. “Pained to hear about the loss of lives due to a mishap in a stone quarry in Bengaluru. I extend my deepest condolences to those who have lost their loved ones. Praying for the speedy recovery of the injured,” he wrote on X."
4f17a5fa553450ee_p011,4f17a5fa553450ee,EVT_00251,hindustan_times,2026-07-03 00:37:53,President Droupadi Murmu also wrote on X: “...My heartfelt condolences to the bereaved families. I pray for the speedy recovery of those injured.”
4f17a5fa553450ee_p012,4f17a5fa553450ee,EVT_00251,hindustan_times,2026-07-03 00:37:53,"Arun Dev is an Assistant Editor with the Karnataka bureau of Hindustan Times. A journalist for over 10 years, he has written extensively on crime and politics."
5ee2409420ccb2e7_p001,5ee2409420ccb2e7,EVT_00242,firstpost,2026-07-03 07:25:49,"India and Japan have issued a joint directive calling for immediate, “concerted actions” against Pakistan-based terror networks, specifically naming globally proscribed outfits Lashkar-e-Tayyiba (LeT) and Jaish-e-Mohammad (JeM), alongside their various regional proxies."
5ee2409420ccb2e7_p002,5ee2409420ccb2e7,EVT_00242,firstpost,2026-07-03 07:25:49,"The strong-worded declaration was a centerpiece of the 16th India-Japan Annual Summit held at Hyderabad House in New Delhi, following comprehensive high-level talks between Indian Prime Minister Narendra Modi and Japan’s Prime Minister Sanae Takaichi."
5ee2409420ccb2e7_p003,5ee2409420ccb2e7,EVT_00242,firstpost,2026-07-03 07:25:49,Uncompromising stance on cross-border terror
5ee2409420ccb2e7_p004,5ee2409420ccb2e7,EVT_00242,firstpost,2026-07-03 07:25:49,"A joint statement released by the Ministry of External Affairs (MEA) revealed that both leaders “unequivocally and strongly condemned terrorism and violent extremism in all its forms and manifestations, including cross-border terrorism from Pakistan.”"
5ee2409420ccb2e7_p005,5ee2409420ccb2e7,EVT_00242,firstpost,2026-07-03 07:25:49,"The document put out an urgent need to dismantle the logistical, financial, and political infrastructure backing these outfits. Moving beyond broad generalities, the two major Asian democracies specifically demanded accountability for major acts of regional terror, including a direct reference to the November 2025 terrorist attack in Delhi and previous incursions in Jammu & Kashmir."
5ee2409420ccb2e7_p006,5ee2409420ccb2e7,EVT_00242,firstpost,2026-07-03 07:25:49,"“The Prime Ministers called for the perpetrators, organizers, and financiers of these reprehensible acts to be brought to justice without any delay,” the joint communique read, noting with concern the evolving names and fronts under which these groups operate, such as The Resistance Front (TRF), which was flagged by the United Nations Security Council Monitoring Team."
5ee2409420ccb2e7_p007,5ee2409420ccb2e7,EVT_00242,firstpost,2026-07-03 07:25:49,Also read | Why critical minerals have become the new oil in India-Japan ties
5ee2409420ccb2e7_p008,5ee2409420ccb2e7,EVT_00242,firstpost,2026-07-03 07:25:49,Strategic shift in Japan’s security outlook
5ee2409420ccb2e7_p009,5ee2409420ccb2e7,EVT_00242,firstpost,2026-07-03 07:25:49,"While Tokyo has traditionally focused its regional security priorities on East Asia, primarily navigating challenges related to North Korea’s missile programs and maritime posturing in the South and East China Seas, this statement signals a deepening commitment to India’s core security anxieties."
5ee2409420ccb2e7_p010,5ee2409420ccb2e7,EVT_00242,firstpost,2026-07-03 07:25:49,"Prime Minister Takaichi, making her inaugural official visit to India since taking office, emphasised that the security of the Indo-Pacific region is entirely indivisible. In a joint press brief, PM Modi warmly referred to Takaichi as his “chhoti behen” (younger sister), celebrating the “strategic convergence and absolute trust” developing between the two nations."
5ee2409420ccb2e7_p011,5ee2409420ccb2e7,EVT_00242,firstpost,2026-07-03 07:25:49,"Beyond the counter-terrorism mandate, the 16th summit yielded sweeping agreements designed to counter broader authoritarian assertions in Asia:"
9ed808638611e38d_p001,9ed808638611e38d,EVT_00242,the_times_of_india,2026-07-03 11:55:00,"NEW DELHI: India and Japan on Thursday condemned Pakistan-sponsored cross-border terrorism and called for immediate global action against all UN-listed terrorist entities and their proxies, specifically naming"
9ed808638611e38d_p002,9ed808638611e38d,EVT_00242,the_times_of_india,2026-07-03 11:55:00,"Jaish-e-Mohammed (JeM), Al Qaeda and ISIS."
9ed808638611e38d_p003,9ed808638611e38d,EVT_00242,the_times_of_india,2026-07-03 11:55:00,"In a joint statement released after bilateral talks between Prime Minister Narendra Modi and his Japanese counterpart Sanae Takaichi, the two leaders explicitly condemned the Pahalgam terror attack and the Red Fort blast in November last year."
9ed808638611e38d_p004,9ed808638611e38d,EVT_00242,the_times_of_india,2026-07-03 11:55:00,"They emphasised that the international community must take resolute measures to eliminate terrorist safe havens, disrupt the nexus between terror financing and transnational crime, and stop the cross-border movement of terrorists."
9ed808638611e38d_p005,9ed808638611e38d,EVT_00242,the_times_of_india,2026-07-03 11:55:00,The two leaders also expressed serious concern over the situations in the East China Sea and the South China Sea.
9ed808638611e38d_p006,9ed808638611e38d,EVT_00242,the_times_of_india,2026-07-03 11:55:00,"They voiced strong opposition to any unilateral actions that endanger freedom of navigation and overflight, attempts to change the status quo by force, or the growing militarisation of disputed features in the region."
9ed808638611e38d_p007,9ed808638611e38d,EVT_00242,the_times_of_india,2026-07-03 11:55:00,The joint statement also underscored the need to strengthen the rules-based international order through urgent reforms of global institutions.
9ed808638611e38d_p008,9ed808638611e38d,EVT_00242,the_times_of_india,2026-07-03 11:55:00,"Modi and Takaichi reaffirmed their commitment to working with the other G4 nations to push for the expansion of both permanent and non-permanent seats in the United Nations Security Council (UNSC), arguing that its current structure no longer reflects present-day geopolitical realities."
9ed808638611e38d_p009,9ed808638611e38d,EVT_00242,the_times_of_india,2026-07-03 11:55:00,"Calling for tangible progress, the two leaders backed the launch of text-based negotiations under the Inter-Governmental Negotiations (IGN) framework to achieve concrete outcomes within a fixed timeline. India and Japan also reiterated their support for each other's bid for permanent membership of a reformed UNSC, while endorsing one another's future candidatures for non-permanent seats."
9ed808638611e38d_p010,9ed808638611e38d,EVT_00242,the_times_of_india,2026-07-03 11:55:00,"On regional and global security, the leaders voiced concern over North Korea's nuclear and ballistic missile programmes, calling for its complete denuclearisation and urging all UN member states to fully implement sanctions related to arms transfers."
9ed808638611e38d_p011,9ed808638611e38d,EVT_00242,the_times_of_india,2026-07-03 11:55:00,"Addressing the Middle East, Modi and Takaichi stressed the importance of ensuring freedom of navigation through the Strait of Hormuz to safeguard global energy supplies. They also called for the implementation of a comprehensive reconstruction plan for Gaza alongside a credible two-state solution. On Ukraine, the two leaders reiterated their support for a just and lasting peace in line with the principles of the UN Charter."
9ed808638611e38d_p012,9ed808638611e38d,EVT_00242,the_times_of_india,2026-07-03 11:55:00,"Takaichi was on a three-day official visit to India from July 1 to July 3 at Modi's invitation. During the visit, the two leaders held the 16th India-Japan Annual Summit, reviewing the full spectrum of bilateral ties and discussing key regional and global developments."
ac15138ae216100e_p001,ac15138ae216100e,EVT_00274,hindustan_times,2026-07-03 00:32:33,"New Delhi: The Supreme Court on Thursday said fake, non-existent and AI-generated precedents pose the same threat to the justice system that “methyl isocyanate” poses to human life— “invisible, insidious, and catastrophic by the time anyone notices.”"
ac15138ae216100e_p002,ac15138ae216100e,EVT_00274,hindustan_times,2026-07-03 00:32:33,The court was referring to a National Company Law Tribunal judgement that cited several hallucinated precedents.
ac15138ae216100e_p003,ac15138ae216100e,EVT_00274,hindustan_times,2026-07-03 00:32:33,"Such material, the apex court added, contaminates the judicial process and strips judicial determination of “its very lifeblood.”"
ac15138ae216100e_p004,ac15138ae216100e,EVT_00274,hindustan_times,2026-07-03 00:32:33,"Warning against the use of artificial intelligence in court proceedings, a bench of Justices PS Narasimha and Alok Aradhe set aside the judgments of NCLT and the National Company Law Appellate Tribunal (NCLAT) in an insolvency dispute after finding that the NCLT had relied on non-existent, fake and hallucinated precedents generated by AI tools and that the NCLAT had failed to detect the error while upholding NCLT’s order."
ac15138ae216100e_p005,ac15138ae216100e,EVT_00274,hindustan_times,2026-07-03 00:32:33,"Proceedings in the court strongly suggested that NCLT may have relied on AI tools to write its judgement, although the bench chose to not dwell on this."
ac15138ae216100e_p006,ac15138ae216100e,EVT_00274,hindustan_times,2026-07-03 00:32:33,The bench’s reference to methyl isocyanate harks back to the Bhopal gas tragedy in 1984 that killed thousands in the world’s deadliest industrial accident.
ac15138ae216100e_p007,ac15138ae216100e,EVT_00274,hindustan_times,2026-07-03 00:32:33,"The bench further said that all courts must adopt a “zero tolerance” policy for citing or relying on “ fake, non-existent, and hallucinated material,” generated through AI."
ac15138ae216100e_p008,ac15138ae216100e,EVT_00274,hindustan_times,2026-07-03 00:32:33,It directed the Bar Council of India (BCI) to constitute a committee to examine the issue of lawyers placing fake or hallucinated AI-generated material before courts as though it were genuine precedent. It asked the BCI to frame guiding principles and prescribe disciplinary consequences for violations.
ac15138ae216100e_p009,ac15138ae216100e,EVT_00274,hindustan_times,2026-07-03 00:32:33,"“For us, i.e., for those in the province of adjudication and determination of disputes, this by-product of AI, i.e., the production of fake, non-existent, and hallucinated material and its utilisation as precedents in law, is like the release of methyl isocyanate in the province of law and justice: invisible, insidious, and catastrophic by the time anyone notices,” the Supreme Court said."
ac15138ae216100e_p010,ac15138ae216100e,EVT_00274,hindustan_times,2026-07-03 00:32:33,"The Supreme Court also said that any advocate who cites hallucinated judgments, commits professional misconduct, and that judges, who rely on such judgements or precedents, commit a serious lapse in doing so."
ac15138ae216100e_p011,ac15138ae216100e,EVT_00274,hindustan_times,2026-07-03 00:32:33,"Any decision tainted by even “an iota” of such material, the court said, is “no decision in the eyes of law” and must fall, regardless of whether or not the fake precedent influenced the final outcome."
ac15138ae216100e_p012,ac15138ae216100e,EVT_00274,hindustan_times,2026-07-03 00:32:33,"The Court was hearing an appeal filed by the suspended director of a private company, challenging the orders of NCLT admitting the firm to the corporate insolvency resolution process on a Section 7 application filed under the Insolvency and Bankruptcy Code by the Jammu and Kashmir Bank."
ac15138ae216100e_p013,ac15138ae216100e,EVT_00274,hindustan_times,2026-07-03 00:32:33,"NCLT Mumbai had, on August 28, 2024, admitted the insolvency plea and on September, 2025, NCLAT had upheld the order."
ac15138ae216100e_p014,ac15138ae216100e,EVT_00274,hindustan_times,2026-07-03 00:32:33,"Senior advocate Madhavi Divan, who appeared for the appellant, however, told the Supreme Court that several citations or judgements relied upon by NCLT either did not exist or contained paragraphs that no law report recorded."
ac15138ae216100e_p015,ac15138ae216100e,EVT_00274,hindustan_times,2026-07-03 00:32:33,The court then conducted its own examination and found multiple errors. Some citations referred to judgments that never existed. Others cited genuine cases but attributed fabricated passages to them. One citation even carried the name of an entirely different Supreme Court decision.
ac15138ae216100e_p016,ac15138ae216100e,EVT_00274,hindustan_times,2026-07-03 00:32:33,The bank told the court that its counsel had not cited those and that the adjudicating authority had perhaps cited them through its own research.
ac15138ae216100e_p017,ac15138ae216100e,EVT_00274,hindustan_times,2026-07-03 00:32:33,The court noted that the fake precedents escaped scrutiny even before NCLAT. It also said that courts cannot realistically verify the authenticity of every judgment cited by advocates and that the justice system depends on lawyers placing genuine authorities before the Bench.
ac15138ae216100e_p018,ac15138ae216100e,EVT_00274,hindustan_times,2026-07-03 00:32:33,"It said that while technology had always aided the dispensation of justice, AI was different because it can “replace human thinking, reasoning and decision-making.”"
ac15138ae216100e_p019,ac15138ae216100e,EVT_00274,hindustan_times,2026-07-03 00:32:33,"The ability to distinguish truth from falsehood, right from wrong, justice from injustice and “dharma and adharma” develops through discipline and lived experience and abandoning the exercise of independent thought would erode the very foundation of human judgment, the court said."
ac15138ae216100e_p020,ac15138ae216100e,EVT_00274,hindustan_times,2026-07-03 00:32:33,"It added that courts alone cannot resolve the issue and that “absolute and total control” over AI will require public policy and enforceable rules. The real safeguard, however, would lie in the willingness of judges and lawyers to use the technology with “restraint and verification,” it said."
ac15138ae216100e_p021,ac15138ae216100e,EVT_00274,hindustan_times,2026-07-03 00:32:33,What did the Supreme Court say about AI-generated precedents?
ac15138ae216100e_p022,ac15138ae216100e,EVT_00274,hindustan_times,2026-07-03 00:32:33,"The Supreme Court equated fake, non-existent and AI-generated precedents to the dangers of methyl isocyanate, stating they pose a significant threat to the justice system."
ac15138ae216100e_p023,ac15138ae216100e,EVT_00274,hindustan_times,2026-07-03 00:32:33,What was the Supreme Court's ruling regarding the NCLT and NCLAT judgments?
ac15138ae216100e_p024,ac15138ae216100e,EVT_00274,hindustan_times,2026-07-03 00:32:33,The Supreme Court set aside the judgments of the NCLT and NCLAT due to reliance on non-existent and fake precedents generated by AI.
ac15138ae216100e_p025,ac15138ae216100e,EVT_00274,hindustan_times,2026-07-03 00:32:33,What measures did the Supreme Court propose for addressing the issue of AI in the legal system?
ac15138ae216100e_p026,ac15138ae216100e,EVT_00274,hindustan_times,2026-07-03 00:32:33,The Supreme Court directed the Bar Council of India to form a committee to examine the use of AI-generated material and to create guidelines for lawyers.
ac15138ae216100e_p027,ac15138ae216100e,EVT_00274,hindustan_times,2026-07-03 00:32:33,How did the Supreme Court classify decisions based on AI-generated material?
ac15138ae216100e_p028,ac15138ae216100e,EVT_00274,hindustan_times,2026-07-03 00:32:33,The court stated that any decision tainted by even 'an iota' of fake material is 'no decision in the eyes of law'.
ac15138ae216100e_p029,ac15138ae216100e,EVT_00274,hindustan_times,2026-07-03 00:32:33,"Ayesha Arvind is a Senior Assistant Editor, specialising in legal and judicial reportage. She tracks high courts and tribunals, bringing key legal developments and their broader impact to the forefront.Read More"
4f73bb86fedd95ee_p001,4f73bb86fedd95ee,EVT_00252,the_times_of_india,2026-07-03 04:04:00,NEW DELHI: Japan PM Sanae Takaichi’s visit to India for the India-Japan summit heralded what her counterpart
4f73bb86fedd95ee_p002,4f73bb86fedd95ee,EVT_00252,the_times_of_india,2026-07-03 04:04:00,"Narendra Modi described as a new chapter in their special strategic and global partnership, with both sides signing several agreements to boost cooperation in AI, energy security, mineral exploration and defence. The leaders also adopted a roadmap for economic security to boost supply chain resilience in strategic sectors like semiconductors and critical minerals, while agreeing to review the 15-year-old India-Japan CEPA to enhance and diversify bilateral trade."
4f73bb86fedd95ee_p003,4f73bb86fedd95ee,EVT_00252,the_times_of_india,2026-07-03 04:04:00,"Building upon his remarks at the G7 summit about the sanctity of mutual trust amid the global turmoil, Modi said India-Japan relations exemplified a relationship based on unbreakable reciprocal trust."
4f73bb86fedd95ee_p004,4f73bb86fedd95ee,EVT_00252,the_times_of_india,2026-07-03 04:04:00,"Amongst the highlights was also an announcement by Modi about India and Japan signing their first co-development project for the Unified Complex Radio Antenna (UNICORN) that, the PM said, will open another new chapter in the defense technology partnership."
4f73bb86fedd95ee_p005,4f73bb86fedd95ee,EVT_00252,the_times_of_india,2026-07-03 04:04:00,"“Now, we will together develop such defence technologies that will strengthen regional peace, maritime security, and rule-based order,” said Modi, talking about the UNICORN partnership that is expected to boost naval stealth."
4f73bb86fedd95ee_p006,4f73bb86fedd95ee,EVT_00252,the_times_of_india,2026-07-03 04:04:00,The announcement follows Japan’s relaxation under Takaichi of self-imposed restrictions on defence exports.
4f73bb86fedd95ee_p007,4f73bb86fedd95ee,EVT_00252,the_times_of_india,2026-07-03 04:04:00,"During the joint press statement after the meeting, Modi addressed Takaichi as his choti behen (younger sister) and the Japanese PM reciprocated by saying that both leaders were on the same page and would look to develop this relationship of brother and sister."
4f73bb86fedd95ee_p008,4f73bb86fedd95ee,EVT_00252,the_times_of_india,2026-07-03 04:04:00,"On economic security, which dominated the summit agenda, the leaders reiterated in a joint statement their grave concerns over the use of “economic coercion and non-market policies and practices, including arbitrary export restrictions that may lead to supply chain disruptions particularly in critical minerals and critical industrial sectors, and price manipulation”."
4f73bb86fedd95ee_p009,4f73bb86fedd95ee,EVT_00252,the_times_of_india,2026-07-03 04:04:00,"Amid global concerns over China’s dominance of the critical minerals sector, Modi and Takaichi underscored the importance of diversified, resilient and reliable global supply chains, a fair competitive global environment, and the need to avoid reliance on any one country, according to the joint statement. In that regard, foreign secretary Vikram Misri later said the leaders discussed the need to maintain strategic autonomy and resilience."
4f73bb86fedd95ee_p010,4f73bb86fedd95ee,EVT_00252,the_times_of_india,2026-07-03 04:04:00,"The meeting also saw Modi and Takaichi agreeing to make the India-Japan CEPA more ""forward-looking"" to ramp up the modest bilateral trade volume of about $ 27.5 billion dollars. Modi said that the India-Japan investment partnership is steadily growing and that the over 100 business agreements signed in the past 1 year will bring $ 10 billion in Japanese investment to India."
4f73bb86fedd95ee_p011,4f73bb86fedd95ee,EVT_00252,the_times_of_india,2026-07-03 04:04:00,"“Our goal is clear: to attract 10 trillion yen in investment from Japan to India and to double the number of Japanese companies in India over the next 10 years,” said Modi, adding that continuous reforms in India have improved the ease of doing business, and Japanese companies can also take advantage of this. In the 2025 summit in Tokyo, India and Japan had agreed to Japanese investment worth 10 trillion yen into India over the next decade."
4f73bb86fedd95ee_p012,4f73bb86fedd95ee,EVT_00252,the_times_of_india,2026-07-03 04:04:00,"Apart from joint declarations on economic security and energy resilience, the 2 sides also issued a joint statement for cooperation in AI."
4f73bb86fedd95ee_p013,4f73bb86fedd95ee,EVT_00252,the_times_of_india,2026-07-03 04:04:00,"Reiterating the significance of a free, prosperous and rules-based Indo-Pacific for both India and Japan, Modi said that the technology partnership would serve as the strongest pillar of India-Japan collaboration."
4f73bb86fedd95ee_p014,4f73bb86fedd95ee,EVT_00252,the_times_of_india,2026-07-03 04:04:00,"“The convergence of Japan's precision technology and India's software capabilities will impart new momentum and strength to global AI development,” said Modi."
4f73bb86fedd95ee_p015,4f73bb86fedd95ee,EVT_00252,the_times_of_india,2026-07-03 04:04:00,"To deal with possible oil shocks in the future, the 2 sides also announced a roadmap for energy resilience. This includes dialogue on national stockpiling systems and reserves, coordination regarding arrangements with producing countries and emergency response and market stabilization."
4f73bb86fedd95ee_p016,4f73bb86fedd95ee,EVT_00252,the_times_of_india,2026-07-03 04:04:00,"Modi said that both sides have also prepared the India-Japan Next Generation Mobility Partnership Framework. “With this, we will now repeat our success story in the automotive sector in areas such as shipbuilding, aviation, and logistics...the great strength of our relations is our people-to-people tie. We are also increasing opportunities for talent, mobility, skilling, and technical internship programs,” he said."
effd2ef05533b86b_p001,effd2ef05533b86b,EVT_00308,the_times_of_india,2026-07-03 10:44:00,The Indian Embassy in Venezuela has sought a thorough investigation into allegations that the organs of Indian sailor Rakesh Chauhan were removed before his mortal remains were repatriated to India.
effd2ef05533b86b_p002,effd2ef05533b86b,EVT_00308,the_times_of_india,2026-07-03 10:44:00,"In a statement issued on Thursday (local time), the Embassy of India in Caracas said it has been pursuing the matter with Venezuelan authorities since the allegations surfaced. ""The Embassy of India, Caracas has sought a thorough investigation by Venezuelan authorities on the desecration and removal of organs of the mortal remains of late Shri. Rakesh Chauhan. Mission has continued to pursue this matter with the concerned local authorities since the incident came to light,"" the embassy said."
effd2ef05533b86b_p003,effd2ef05533b86b,EVT_00308,the_times_of_india,2026-07-03 10:44:00,The embassy's statement came days after Chauhan's family alleged that he died under suspicious circumstances while working aboard a vessel in Venezuela and claimed that his body was returned to India without several internal organs.
effd2ef05533b86b_p004,effd2ef05533b86b,EVT_00308,the_times_of_india,2026-07-03 10:44:00,"Speaking to ANI, Chauhan's wife, Ranjana, alleged that the company employing her husband had failed to provide any clear explanation about his death. ""My husband had gone to work on a ship; he was murdered there, and his organs were removed."
effd2ef05533b86b_p005,effd2ef05533b86b,EVT_00308,the_times_of_india,2026-07-03 10:44:00,"To this day, they haven't given us a proper report, despite our repeated requests. They didn't even return his personal belongings; they wouldn't even speak to us properly; the company representatives were dismissive,"" she said."
effd2ef05533b86b_p006,effd2ef05533b86b,EVT_00308,the_times_of_india,2026-07-03 10:44:00,"She said the family decided to conduct a second post-mortem after the body reached India. ""We were just expecting the body to arrive. When we had a second post-mortem done here, the report revealed that not a single organ remained in the body. We lodged complaints everywhere, with the Ministry of External Affairs in Delhi and other relevant authorities, but nothing came of it... I last spoke to him on 6 May... I think it was only two or three hours after he left for duty that my father-in-law received a call saying there had been an accident and that they were taking him to the hospital,"" she added."
effd2ef05533b86b_p007,effd2ef05533b86b,EVT_00308,the_times_of_india,2026-07-03 10:44:00,"The allegations came into public eye when it were taken up by the Forward Seamen's Union of India (FSUI), which claimed that the post-mortem conducted in India found no internal organs in Chauhan's body. According to the union, the brain, heart, both lungs, kidneys, liver, spleen, pancreas, stomach, intestines, thyroid, hyoid bone, larynx and trachea were all reportedly missing."
effd2ef05533b86b_p008,effd2ef05533b86b,EVT_00308,the_times_of_india,2026-07-03 10:44:00,"In a statement, the FSUI said: ""SHOCKING CASE -- Indian Seafarer Rakesh Chauhan reported dead in Venezuela. Mortal remains sent back to his hometown in Uttar Pradesh without any autopsy report or details from Venezuelan authorities. Family demanded re-autopsy. The official Post-Mortem Report conducted in India reveals a horrifying truth: NOT A SINGLE ORGAN was found in the body."""
effd2ef05533b86b_p009,effd2ef05533b86b,EVT_00308,the_times_of_india,2026-07-03 10:44:00,"The union has urged the Ministry of External Affairs and the Indian Embassy in Venezuela to intervene in the matter. It also alleged discrepancies in the paperwork related to the repatriation of Chauhan's body, claiming the receipt for the mortal remains carried an incorrect name and that the vessel mentioned in his employment agreement did not match the one on which he was deployed."
effd2ef05533b86b_p010,effd2ef05533b86b,EVT_00308,the_times_of_india,2026-07-03 10:44:00,What should be the top priority in such cases?
effd2ef05533b86b_p011,effd2ef05533b86b,EVT_00308,the_times_of_india,2026-07-03 10:44:00,3k+ users shared opinion today
effd2ef05533b86b_p012,effd2ef05533b86b,EVT_00308,the_times_of_india,2026-07-03 10:44:00,3k+ users shared opinion today
effd2ef05533b86b_p013,effd2ef05533b86b,EVT_00308,the_times_of_india,2026-07-03 10:44:00,Share OpinionVenezuelan authorities have not publicly responded to the family's allegations. The Indian Embassy said it continues to pursue the matter with the concerned authorities.
85a1e222b253e459_p001,85a1e222b253e459,EVT_00306,the_times_of_india,2026-07-03 00:27:00,"Omar Abdullah Thursday backed the calls for reopening of dialogue between India and Pakistan, saying that was the only way to ease tensions between the two neighbours. He also questioned why appeals from J&K politicians for engaging with Pakistan led to a backlash when similar statements from RSS top functionaries invited no criticism ."
85a1e222b253e459_p002,85a1e222b253e459,EVT_00306,the_times_of_india,2026-07-03 00:27:00,Omar’s father and National Conference president Farooq Abdullah is among the 117 signatories — 61 from India and 56 from Pakistan — to an open letter that recently appealed to the Prime Ministers of the two countries to renew talks.
85a1e222b253e459_p003,85a1e222b253e459,EVT_00306,the_times_of_india,2026-07-03 00:27:00,"Talking to reporters in south Kashmir’s Shopian district, Omar said: “This tension (between India and Pakistan) has existed for the past 30 to 40 years, and after last year’s Pahalgam attack it increased even more. Now, through a letter, a request has been made to the Prime Minister that the relations between the two countries should improve. No one should have any objection to this.”"
85a1e222b253e459_p004,85a1e222b253e459,EVT_00306,the_times_of_india,2026-07-03 00:27:00,"He invoked Atal Bihari Vajpayee, saying the former PM used to say that friends can be changed, but neighbours cannot. “We want relations between neighbours to improve.”"
85a1e222b253e459_p005,85a1e222b253e459,EVT_00306,the_times_of_india,2026-07-03 00:27:00,"Pointing out that even “the biggest leader of RSS” had recently spoken in favour of talks with Pakistan, the chief minister said, “If the RSS says this, no one objects."
85a1e222b253e459_p006,85a1e222b253e459,EVT_00306,the_times_of_india,2026-07-03 00:27:00,"But, when leaders from Jammu and Kashmir say the same thing, it creates an uproar.” RSS chief Mohan Bhagwat and general secretary Dattatreya Hosabale had recently advocated “keeping the doors of dialogue open”."
85a1e222b253e459_p007,85a1e222b253e459,EVT_00306,the_times_of_india,2026-07-03 00:27:00,"Reacting to the letter, BJP accused J&K politicians of backing Pakistan’s narrative and asked them to instead urge the country to dismantle its terror infrastructure and sponsorship. Apart from Farooq, PDP chief"
85a1e222b253e459_p008,85a1e222b253e459,EVT_00306,the_times_of_india,2026-07-03 00:27:00,"Mehbooba Mufti, Kashmir’s chief cleric Mirwaiz Umar Farooq and several MLAs have also endorsed, through the letter, the call for talks."
3855c6a646427c91_p001,3855c6a646427c91,EVT_00334,the_hindu,2026-07-03 13:30:03,"Shiv Sena (UBT) chief Uddhav Thackeray on Friday (July 3, 2026) announced a “Ram Raksha” agitation in Maharashtra from July 5, urging people to join the protest to hold the BJP accountable for the alleged embezzlement of donations at the revered Ayodhya temple."
3855c6a646427c91_p002,3855c6a646427c91,EVT_00334,the_hindu,2026-07-03 13:30:03,"Mr. Thackeray said they will gather at the Hanuman temple at Dadar in central Mumbai on Sunday (July 5), recite the “Hanuman Stotra” and “Hanuman Chalisa” and pressure the BJP to take responsibility for the “theft” at the Ram temple in Ayodhya."
3855c6a646427c91_p003,3855c6a646427c91,EVT_00334,the_hindu,2026-07-03 13:30:03,"Also Read | Congress terms donation theft at Ayodhya Ram Temple a ‘maha paap’, questions PM’s silence"
3855c6a646427c91_p004,3855c6a646427c91,EVT_00334,the_hindu,2026-07-03 13:30:03,"“I appeal to all those agitated over this alleged large-scale theft at the Ram temple to join us and hold the BJP accountable for it,” Mr. Thackeray told reporters."
3855c6a646427c91_p005,3855c6a646427c91,EVT_00334,the_hindu,2026-07-03 13:30:03,"Claiming that people across the country were facing multiple hardships, Mr. Thackeray said there was “chaos” and “indifference” towards public issues despite the BJP being in power at the Centre and in. several States."
3855c6a646427c91_p006,3855c6a646427c91,EVT_00334,the_hindu,2026-07-03 13:30:03,"He said many Hindus, including members of the undivided Shiv Sena, had participated in the Ram temple movement and had endured hardships, including atrocities on “karsevaks”, the Godhra train burning, the Ahmedabad riots and the Mumbai serial bomb blasts, but alleged that the BJP had politically capitalised on these events and was now enjoying “unchecked power”."
3855c6a646427c91_p007,3855c6a646427c91,EVT_00334,the_hindu,2026-07-03 13:30:03,"The former Maharashtra chief minister also accused the saffron party of engineering defections and horse-trading of opposition legislators, asking whether the ruling party was carrying out an “Operation Ram Mandir”."
3855c6a646427c91_p008,3855c6a646427c91,EVT_00334,the_hindu,2026-07-03 13:30:03,"Referring to allegations circulating on social media and in the public domain regarding alleged embezzlement of donations at the Ayodhya temple, Thackeray questioned whether the allegedly stolen money had been used to poach opposition leaders."
3855c6a646427c91_p009,3855c6a646427c91,EVT_00334,the_hindu,2026-07-03 13:30:03,"Invoking former prime minister Atal Bihari Vajpayee’s famous remark, “Ab Hindu maar nahi khayega”, Mr. Thackeray said, “Now I want to say, ‘Ab Hindu maaf nahi karega’.”"
3855c6a646427c91_p010,3855c6a646427c91,EVT_00334,the_hindu,2026-07-03 13:30:03,"He demanded strict punishment for those allegedly involved in theft from the Ram temple donation boxes, stressing that “loot in the name of Hindutva” would not be tolerated."
3855c6a646427c91_p011,3855c6a646427c91,EVT_00334,the_hindu,2026-07-03 13:30:03,Mr. Thackeray also alleged that the BJP’s slogan of “Mandir wahi banayenge” had turned out to be a facade and said the sacrifices made by those who participated in the Ram temple movement would not be allowed to go in vain.
3855c6a646427c91_p012,3855c6a646427c91,EVT_00334,the_hindu,2026-07-03 13:30:03,"The alleged embezzlement of Ram temple donations came to light on June 7. Later, an FIR was registered on June 25 following a preliminary report by the Special Investigation Team, which was constituted by the U.P. government."
3855c6a646427c91_p013,3855c6a646427c91,EVT_00334,the_hindu,2026-07-03 13:30:03,"Eight persons associated with the temple's donation and counting process have been arrested in the case, and the investigation is continuing."
3855c6a646427c91_p014,3855c6a646427c91,EVT_00334,the_hindu,2026-07-03 13:30:03,"Published - July 03, 2026 01:30 pm IST"
664c3ed1e7136d81_p001,664c3ed1e7136d81,EVT_00335,the_hindu,2026-07-03 11:57:44,"The Supreme Court on Friday (July 3, 2026) refused to stay the bail granted to Sonam Raghuvanshi, who was arrested in connection with the May 23 murder of her newlywed husband, Indore-based businessman Raja Raghuvanshi, during their honeymoon in the hill State. While the court acknowledged that the allegations against Ms. Raghuvanshi were “quite serious”, it declined to send her back to judicial custody after being informed that she had already been released."
664c3ed1e7136d81_p002,664c3ed1e7136d81,EVT_00335,the_hindu,2026-07-03 11:57:44,"A Bench comprising Justices M.M. Sundresh and Sheel Nagu was hearing an appeal filed by the Meghalaya government against a June 29 order of the Meghalaya High Court, which had upheld a Shillong trial court’s decision granting bail to Ms. Raghuvanshi on the ground that the police had failed to effectively communicate the grounds of her arrest."
664c3ed1e7136d81_p003,664c3ed1e7136d81,EVT_00335,the_hindu,2026-07-03 11:57:44,"“Prima facie, we would have stayed the order of bail, but since she has already been released, we would not want to intervene,” the Bench observed, while posting the matter for further hearing on July 9."
664c3ed1e7136d81_p004,664c3ed1e7136d81,EVT_00335,the_hindu,2026-07-03 11:57:44,"While indicating that it had “reservations” about the reasoning adopted by the High Court, the Bench said it was equally conscious of the implications of directing an accused back to custody after release on bail. Reiterating the settled principle of criminal jurisprudence, the judges observed, “We are conscious that, howsoever grave the alleged offence is, there is a presumption of innocence.”"
664c3ed1e7136d81_p005,664c3ed1e7136d81,EVT_00335,the_hindu,2026-07-03 11:57:44,Also Read : When families leave women no good choices
664c3ed1e7136d81_p006,664c3ed1e7136d81,EVT_00335,the_hindu,2026-07-03 11:57:44,The Bench added that it would consider issuing appropriate directions for expediting the trial after Ms. Raghuvanshi files her response to the State’s appeal.
664c3ed1e7136d81_p007,664c3ed1e7136d81,EVT_00335,the_hindu,2026-07-03 11:57:44,"Appearing for the State, Solicitor General Tushar Mehta described the case as a “shocking” instance of “premeditated” murder and argued that the High Court had erred in granting bail on the basis of what he described as a mere “typographical error” in the arrest memo. He further pointed out that Ms. Raghuvanshi’s applications for bail had previously been rejected on three occasions, with the courts recording the existence of prima facie material indicating her involvement in the alleged offence."
664c3ed1e7136d81_p008,664c3ed1e7136d81,EVT_00335,the_hindu,2026-07-03 11:57:44,"“It is a predetermined murder. There are three accomplices travelling with the wife. She takes her husband to a secluded hilly area, where he is killed. She also participated in the assault... She later absconded and was arrested in Uttar Pradesh,” Mr. Mehta submitted."
664c3ed1e7136d81_p009,664c3ed1e7136d81,EVT_00335,the_hindu,2026-07-03 11:57:44,"Mr. Mehta contended that the High Court had granted bail solely because the arrest memo mistakenly referred to Section 403 of the Bharatiya Nyaya Sanhita (BNS) instead of Section 103, which deals with the offence of murder."
664c3ed1e7136d81_p010,664c3ed1e7136d81,EVT_00335,the_hindu,2026-07-03 11:57:44,"“There was just one typographical error. Section 103 became 403 under the BNS,” he submitted, adding that the procedural lapse had caused no real prejudice to the accused, who was fully aware of the nature and gravity of the allegations against her."
664c3ed1e7136d81_p011,664c3ed1e7136d81,EVT_00335,the_hindu,2026-07-03 11:57:44,‘Reservations about High Court order’
664c3ed1e7136d81_p012,664c3ed1e7136d81,EVT_00335,the_hindu,2026-07-03 11:57:44,"The Bench indicated that it was not entirely persuaded by the reasoning adopted by the High Court. “Prima facie, we have our reservations on how the High Court dealt with the matter,” Justice Sundresh observed."
664c3ed1e7136d81_p013,664c3ed1e7136d81,EVT_00335,the_hindu,2026-07-03 11:57:44,The judges also noted that Ms. Raghuvanshi had not raised the alleged procedural defect during the three earlier occasions on which her applications for bail had been rejected.
664c3ed1e7136d81_p014,664c3ed1e7136d81,EVT_00335,the_hindu,2026-07-03 11:57:44,"Appearing for Ms. Raghuvanshi, her counsel disputed the State’s submissions, contending that the defect was not confined to an incorrect reference to the statutory provision. He argued that she had never been meaningfully informed of the grounds of her arrest, thereby violating the constitutional safeguards available to an arrested person."
664c3ed1e7136d81_p015,664c3ed1e7136d81,EVT_00335,the_hindu,2026-07-03 11:57:44,"However, the Bench retorted that if the grant of bail rested solely on a procedural defect in communicating the grounds of arrest, there was nothing in law to prevent the investigating agency from carrying out a fresh arrest after curing the defect and complying with the statutory requirements."
664c3ed1e7136d81_p016,664c3ed1e7136d81,EVT_00335,the_hindu,2026-07-03 11:57:44,"As Mr. Mehta continued to press for a stay of the bail order, reiterating that the allegations were “shocking”, the Bench remarked that such considerations are to be tested during the course of the trial and not at this stage."
664c3ed1e7136d81_p017,664c3ed1e7136d81,EVT_00335,the_hindu,2026-07-03 11:57:44,"“These are facts and matters to be decided during the trial. We are also conscious that there are certain parameters that need to be fulfilled at the time of the grant of bail. But after she has been released, we may not want to intervene”, Justice Sundresh said."
664c3ed1e7136d81_p018,664c3ed1e7136d81,EVT_00335,the_hindu,2026-07-03 11:57:44,"Rejecting the prosecution’s contention that the discrepancy was merely an innocuous clerical or typographical error, the High Court had held that the document purportedly communicating the grounds of arrest had been prepared “without any application of mind” and contained allegations that bore no connection to the case."
664c3ed1e7136d81_p019,664c3ed1e7136d81,EVT_00335,the_hindu,2026-07-03 11:57:44,"“If this is the manner in which the intimation of the grounds of arrest is made, the same reflects a total non-application of judicious mind on the part of the arresting agency”, Justice W. Diengdoh had observed. He had held that such glaring errors struck at the very foundation of the arrest process and justified the grant of bail."
664c3ed1e7136d81_p020,664c3ed1e7136d81,EVT_00335,the_hindu,2026-07-03 11:57:44,"The judge, however, clarified that the findings were confined to the legality of the arrest procedure and did not cast any aspersions on the investigation or the trial."
664c3ed1e7136d81_p021,664c3ed1e7136d81,EVT_00335,the_hindu,2026-07-03 11:57:44,"The case relates to the murder of Indore businessman Raja Raghuvanshi, who had travelled to Meghalaya with his wife, Sonam, for their honeymoon in May 2025. The couple went missing on May 23 while vacationing in the Sohra region of the State. Raja Raghuvanshi’s body was recovered from a deep gorge on June 2."
664c3ed1e7136d81_p022,664c3ed1e7136d81,EVT_00335,the_hindu,2026-07-03 11:57:44,"According to the prosecution, Sonam conspired with hired assailants to murder her husband as part of a conspiracy allegedly hatched with her purported lover, Raj Kushwaha, with the objective of securing financial gain."
664c3ed1e7136d81_p023,664c3ed1e7136d81,EVT_00335,the_hindu,2026-07-03 11:57:44,"Published - July 03, 2026 11:57 am IST"
1f9a7a02d9201891_p001,1f9a7a02d9201891,EVT_00335,the_times_of_india,2026-07-03 12:40:00,NEW DELHI: The Supreme Court on Friday refused to overturn Maghalaya high court's judgement which granted bail to Sonam Raghuvanshi who is accused of killing her husband Raja Raghuvanshi during honeymoon in the northeastern state in 2025.
1f9a7a02d9201891_p002,1f9a7a02d9201891,EVT_00335,the_times_of_india,2026-07-03 12:40:00,Transport businessman Raja Raghuvanshi went missing on May 23 last year during his honeymoon in Meghalaya.
1f9a7a02d9201891_p003,1f9a7a02d9201891,EVT_00335,the_times_of_india,2026-07-03 12:40:00,"His mutilated body was later found on June 2 from a deep gorge near a waterfall in Sohra area of East Khasi Hills district. His wife Sonam, along with several others including her alleged boyfriend, was arrested in connection with the case."
1f9a7a02d9201891_p004,1f9a7a02d9201891,EVT_00335,the_times_of_india,2026-07-03 12:40:00,"Why SC refused to cancel Sonam's bail orderA partial working days bench of Justice MM Sundresh and Justice Sheel Nagu expressed its reservation in the high court's order granting bail. It, however, observed that Sonam Raghuvanshi had already been released from jail and was currently in Shillong in accordance with the bail conditions imposed by the trial court."
1f9a7a02d9201891_p005,1f9a7a02d9201891,EVT_00335,the_times_of_india,2026-07-03 12:40:00,"""Prima facie, we have some observations about the high court's judgment,"" Justice Sundresh said."
1f9a7a02d9201891_p006,1f9a7a02d9201891,EVT_00335,the_times_of_india,2026-07-03 12:40:00,"Addressing the accused's counsel, who appeared on a caveat, Justice Sundresh observed that the grounds of arrest had been explained to the accused and that this issue had not been raised in the earlier bail applications."
1f9a7a02d9201891_p007,1f9a7a02d9201891,EVT_00335,the_times_of_india,2026-07-03 12:40:00,"""Only later did you raise this ground. Is the court justified in granting bail on the technical ground that the wrong provision was cited, especially when bail had earlier been rejected on merits?"" Justice Sundresh asked."
1f9a7a02d9201891_p008,1f9a7a02d9201891,EVT_00335,the_times_of_india,2026-07-03 12:40:00,"How a clerical error helped Sonam get bailSonam was granted bail on April 27 after a clerical error played a key role. The FIR in the case was registered under Section 103 of the Bharatiya Nyaya Sanhita (BNS), which deals with murder. However, when Sonam was informed of the grounds for her arrest, the police cited Section 403(1) of the BNS instead."
1f9a7a02d9201891_p009,1f9a7a02d9201891,EVT_00335,the_times_of_india,2026-07-03 12:40:00,"Section 403(1) does not exist in the BNS and under the old Indian Penal Code, Section 403 related to dishonest misappropriation of property, but that provision was not carried over into the BNS."
1f9a7a02d9201891_p010,1f9a7a02d9201891,EVT_00335,the_times_of_india,2026-07-03 12:40:00,"The trial court found that the error was not limited to a single document. The incorrect section was mentioned in multiple records, including the arrest memo, checklist justifying the arrest, inspection memo, intimation of rights and case diary extract."
1f9a7a02d9201891_p011,1f9a7a02d9201891,EVT_00335,the_times_of_india,2026-07-03 12:40:00,"None of these documents informed Sonam that she had been arrested under Section 103, the murder charge."
1f9a7a02d9201891_p012,1f9a7a02d9201891,EVT_00335,the_times_of_india,2026-07-03 12:40:00,"Rejecting the prosecution's argument that it was merely a clerical mistake, the court observed that such an error appearing across several documents could not be brushed aside."
1f9a7a02d9201891_p013,1f9a7a02d9201891,EVT_00335,the_times_of_india,2026-07-03 12:40:00,"It held that Sonam had not been properly informed of the grounds of her arrest, a legal right guaranteed to every arrested person, and granted her bail."
481480f5903fb116_p001,481480f5903fb116,EVT_00244,india_today,2026-07-03 16:56:13,"Ketan Agarwal murder: Siya Goyal, Chetan Chaudhary sent to 14-day judicial custody"
481480f5903fb116_p002,481480f5903fb116,EVT_00244,india_today,2026-07-03 16:56:13,Goyal (20) and Chaudhary (22) are accused of pushing Agarwal to his death from a cliff at Lohagad Fort in Pune district on June 18. Agarwal and Goyal were set to marry in November this year.
481480f5903fb116_p003,481480f5903fb116,EVT_00244,india_today,2026-07-03 16:56:13,A Pune court on Thursday remanded Siya Goel and Chetan Chaudhary to 14 days of judicial custody in connection with the investigation into the murder of Ketan Agarwal.
481480f5903fb116_p004,481480f5903fb116,EVT_00244,india_today,2026-07-03 16:56:13,The two accused were produced before Judicial Magistrate First Class AM Vibhute after the expiry of their police custody.
481480f5903fb116_p005,481480f5903fb116,EVT_00244,india_today,2026-07-03 16:56:13,"The prosecution sought three-day extension of police custody, arguing that data recovered from the mobile phones of Goyal and Chaudhary contained chats in signs and coded language, and that their custodial interrogation was necessary to decipher the conversations."
481480f5903fb116_p006,481480f5903fb116,EVT_00244,india_today,2026-07-03 16:56:13,"The counsel for Goyal and Chaudhary opposed the plea, contending police had already been given sufficient time to investigate the case and that further custodial interrogation was unwarranted."
481480f5903fb116_p007,481480f5903fb116,EVT_00244,india_today,2026-07-03 16:56:13,"After hearing both sides, the court rejected the prosecution's plea and remanded the accused in judicial custody till July 16."
481480f5903fb116_p008,481480f5903fb116,EVT_00244,india_today,2026-07-03 16:56:13,Goyal (20) and Chaudhary (22) are accused of pushing Agarwal to his death from a cliff at Lohagad Fort in Pune district on June 18. Agarwal and Goyal were set to marry in November this year.
d116eab0ce029958_p001,d116eab0ce029958,EVT_00335,hindustan_times,2026-07-03 11:51:56,Sonam Raghuvanshi won't go back to jail: Supreme Court ruling in Meghalaya honeymoon murder
d116eab0ce029958_p002,d116eab0ce029958,EVT_00335,hindustan_times,2026-07-03 11:51:56,Supreme Court upholds Sonam Raghuvanshi's bail in Meghalaya honeymoon murder
d116eab0ce029958_p003,d116eab0ce029958,EVT_00335,hindustan_times,2026-07-03 11:51:56,"The Supreme Court on Friday refused to send Sonam Raghuvanshi, the prime accused in the alleged murder of her husband Raja Raghuvanshi during their honeymoon in Meghalaya last year, back to jail, for now, even as it expressed reservations about the Meghalaya high court order granting her bail."
d116eab0ce029958_p004,d116eab0ce029958,EVT_00335,hindustan_times,2026-07-03 11:51:56,"A bench of justices MM Sundresh and Sheel Nagu admitted the Meghalaya government's appeal challenging the June 29 high court judgment. It issued a notice to Sonam, declining to stay the bail order after learning she had been released. “Prima facie, we would have stayed the order of bail, but since she has already been released, we would not want to intervene,” observed the bench, posting the matter for further hearing on July 9."
d116eab0ce029958_p005,d116eab0ce029958,EVT_00335,hindustan_times,2026-07-03 11:51:56,"The court indicated that while it was not impressed by the reasoning adopted by the high court, it was equally conscious of the consequences of sending an accused back to prison after release on bail. “We are conscious that howsoever grave the alleged offence is, there is a presumption of innocence,” said the bench, adding that it would consider passing appropriate orders on expediting the trial after Sonam files her response."
d116eab0ce029958_p006,d116eab0ce029958,EVT_00335,hindustan_times,2026-07-03 11:51:56,"Also read: How can ‘BJP, Amit Shah murdabad’ slogans be grounds for externment, Bombay HC asks"
d116eab0ce029958_p007,d116eab0ce029958,EVT_00335,hindustan_times,2026-07-03 11:51:56,"The case relates to the murder of 29-year-old Indore businessman Raja Raghuvanshi, who travelled to Meghalaya with Sonam after their wedding in May 2025. The couple went missing after checking out of a homestay in Nongriat on May 23. Raja's body was later recovered from a gorge near Weisawdong Falls in Sohra, while Sonam was traced days later in Uttar Pradesh."
d116eab0ce029958_p008,d116eab0ce029958,EVT_00335,hindustan_times,2026-07-03 11:51:56,"On Friday, the Meghalaya police, represented by Solicitor General Tushar Mehta, argued that the case involved a “shocking” and “premeditated” murder and that the high court erred in granting bail based on what was essentially a typographical error in the arrest documents."
d116eab0ce029958_p009,d116eab0ce029958,EVT_00335,hindustan_times,2026-07-03 11:51:56,Also read: The Chinese app behind viral e-rickshaw shutdown videos: How it works and how to prevent it
d116eab0ce029958_p010,d116eab0ce029958,EVT_00335,hindustan_times,2026-07-03 11:51:56,"“The wife travels to Meghalaya with three accomplices. She participates in assaulting the husband...the husband is killed, and the body is thrown in a forest. She later absconded and was arrested in Uttar Pradesh,” Mehta submitted. He told the bench that Sonam's bail had earlier been rejected on three occasions, with courts recording prima facie material pointing to her role in the murder."
d116eab0ce029958_p011,d116eab0ce029958,EVT_00335,hindustan_times,2026-07-03 11:51:56,"Mehta contended that the high court granted bail solely because arrest-related documents mistakenly referred to Section 403 of the Bharatiya Nyaya Sanhita (BNS) instead of Section 103, which deals with murder."
d116eab0ce029958_p012,d116eab0ce029958,EVT_00335,hindustan_times,2026-07-03 11:51:56,"“There was just one typographical error that Section 103 became 403 under the BNS,” he submitted, relying on the Supreme Court's recent ruling in the Darshan case to argue that procedural lapses justify relief only when they cause actual prejudice to the accused."
d116eab0ce029958_p013,d116eab0ce029958,EVT_00335,hindustan_times,2026-07-03 11:51:56,Also read: ‘Consider switching sides’: Bombay HC's remarks on ‘horse-trading’ earns praise from Uddhav Sena
d116eab0ce029958_p014,d116eab0ce029958,EVT_00335,hindustan_times,2026-07-03 11:51:56,"The bench appeared to find merit in the state's submissions, observing that the high court's reasoning raised several questions. “Prima facie, we have our reservations on how the high court dealt with the matter,” Justice Sundresh remarked."
d116eab0ce029958_p015,d116eab0ce029958,EVT_00335,hindustan_times,2026-07-03 11:51:56,"The court noted that Sonam was informed of the reasons for her arrest, and she never challenged the alleged defect during her three unsuccessful bail attempts."
d116eab0ce029958_p016,d116eab0ce029958,EVT_00335,hindustan_times,2026-07-03 11:51:56,"Appearing for Sonam, her counsel countered that the defect went beyond the incorrect statutory provision and argued that she had never been meaningfully informed of the grounds of her arrest."
d116eab0ce029958_p017,d116eab0ce029958,EVT_00335,hindustan_times,2026-07-03 11:51:56,"But the court also observed that if bail was solely based on a procedural lapse in communicating the grounds of arrest, nothing in law would prevent the authorities from arresting the accused again after complying with the legal requirement."
d116eab0ce029958_p018,d116eab0ce029958,EVT_00335,hindustan_times,2026-07-03 11:51:56,"At one stage, the court indicated that it was inclined to stay the bail order and simultaneously consider expediting the trial. Mehta and Sonam's counsel informed the bench that she had been released from jail and was in Shillong, prompting the bench to reconsider its approach."
d116eab0ce029958_p019,d116eab0ce029958,EVT_00335,hindustan_times,2026-07-03 11:51:56,"When Mehta reiterated that the facts were “shocking and chilling”, the bench responded that those allegations would ultimately be tested during the trial. “These are facts and matters to be decided during the trial. We are also conscious that there are certain parameters that need to be fulfilled at the time of the grant of bail. But after she has been released, we may not want to intervene,” the court said."
d116eab0ce029958_p020,d116eab0ce029958,EVT_00335,hindustan_times,2026-07-03 11:51:56,"The high court on June 29 upheld an order of the additional deputy commissioner (judicial), Shillong, granting bail to Sonam after finding that the police failed to effectively communicate the grounds of arrest."
d116eab0ce029958_p021,d116eab0ce029958,EVT_00335,hindustan_times,2026-07-03 11:51:56,"Justice W Diengdoh held that the arrest documents repeatedly cited Section 403 of the BNS instead of Section 103 dealing with murder and also contained several irrelevant allegations, including that Sonam was suspected of being a deserter from the armed forces and of committing offences outside India. Holding that the documents reflected “total non-application of mind”, the high court concluded that the defect struck at the root of the arrest process and justified bail."
d116eab0ce029958_p022,d116eab0ce029958,EVT_00335,hindustan_times,2026-07-03 11:51:56,"The Meghalaya Police filed a chargesheet running into more than 700 pages alleging that the murder was a pre-planned conspiracy orchestrated by Sonam along with her alleged lover Raj Kushwaha and others. The trial has commenced, and witnesses are currently being examined."
3c18055022e9b53e_p001,3c18055022e9b53e,EVT_00347,the_hindu,2026-07-03 13:50:46,"Tiruchendur DMK MLA and former Fisheries Minister Anitha R. Radhakrishnan was arrested at Authoor in Thoothukudi district on Friday (July 3, 2026) for allegedly making derogatory remarks against Tamil Nadu Chief Minister C. Joseph Vijay during a public meeting held on June 20."
3c18055022e9b53e_p002,3c18055022e9b53e,EVT_00347,the_hindu,2026-07-03 13:50:46,The arrest came shortly after the Madras High Court dismissed an anticipatory bail plea filed by Mr. Radhakrishnan in a case registered by the Authoor police in Thoothukudi district over his alleged objectionable remarks against the Chief Minister.
3c18055022e9b53e_p003,3c18055022e9b53e,EVT_00347,the_hindu,2026-07-03 13:50:46,"Following the arrest, Mr. Radhakrishnan was taken to Thoothukudi District Superintendent of Police office for further investigation."
3c18055022e9b53e_p004,3c18055022e9b53e,EVT_00347,the_hindu,2026-07-03 13:50:46,"Stalin, Kanimozhi condemn arrest"
3c18055022e9b53e_p005,3c18055022e9b53e,EVT_00347,the_hindu,2026-07-03 13:50:46,"DMK president and former Chief Minister M.K. Stalin on Friday condemned the arrest of Mr. Radhakrishnan, and said: “What was the urgent need to hastily arrest someone who was carrying out public work and conducting inspections in his constituency? The Chief Minister is running a police raj in a cinema-action style.”"
3c18055022e9b53e_p006,3c18055022e9b53e,EVT_00347,the_hindu,2026-07-03 13:50:46,"He questioned why the government, which has not taken action so far on the complaint filed by a “gang rape survivor” against the Thiruvaikundam TVK MLA, and failed to show the same urgency in that case."
3c18055022e9b53e_p007,3c18055022e9b53e,EVT_00347,the_hindu,2026-07-03 13:50:46,"Accusing the government of failing to prevent murders, robberies, and sexual offences against women across Tamil Nadu, Mr. Stalin asked: “If arrests are to be made in defamation cases, how many of today’s ministers would have to be arrested for the remarks they make?”"
3c18055022e9b53e_p008,3c18055022e9b53e,EVT_00347,the_hindu,2026-07-03 13:50:46,"DMK Member of Parliament (MP) Kanimozhi also expressed her condemnation, stating, “The DMK will never bow down to such oppression.”"
3c18055022e9b53e_p009,3c18055022e9b53e,EVT_00347,the_hindu,2026-07-03 13:50:46,"Published - July 03, 2026 01:50 pm IST"
e6ef2a33acce6755_p001,e6ef2a33acce6755,EVT_00347,india_today,2026-07-03 13:16:58,DMK MLA Radhakrishnan arrested over defamatory remarks against CM Vijay
e6ef2a33acce6755_p002,e6ef2a33acce6755,EVT_00347,india_today,2026-07-03 13:16:58,DMK MLA Anitha R Radhakrishnan was taken into custody after the Madras High Court rejected his anticipatory bail petition. The arrest comes amid allegations of inflammatory remarks against Chief Minister Vijay during a public event.
e6ef2a33acce6755_p003,e6ef2a33acce6755,EVT_00347,india_today,2026-07-03 13:16:58,DMK MLA Anitha R Radhakrishnan was arrested by Tamil Nadu Police on Friday after the Madras High Court dismissed his anticipatory bail petition in connection with a case over his objectionable remarks against TVK president and Tamil Nadu Chief Minister Vijay.
e6ef2a33acce6755_p004,e6ef2a33acce6755,EVT_00347,india_today,2026-07-03 13:16:58,"According to police, the case relates to a speech delivered by Radhakrishnan at a public meeting in Athur near Tiruchendur on June 20 during celebrations marking the birth anniversary of former Chief Minister M Karunanidhi."
e6ef2a33acce6755_p005,e6ef2a33acce6755,EVT_00347,india_today,2026-07-03 13:16:58,"Police said that the DMK legislator made inflammatory remarks against CM Vijay during the event, following which a case was registered against him. Soon after the High Court declined to grant him anticipatory bail, police arrested Radhakrishnan."
e6ef2a33acce6755_p006,e6ef2a33acce6755,EVT_00347,india_today,2026-07-03 13:16:58,The complaint pertains to remarks in which Radhakrishnan mocked Vijay's appearance and his transition from the film industry to politics.
e6ef2a33acce6755_p007,e6ef2a33acce6755,EVT_00347,india_today,2026-07-03 13:16:58,"Referring to a recent confrontation between DMK MLA S Austin and the Chief Minister in the Assembly during a discussion on law and order, Radhakrishnan said, ""Brother Austin pointed his finger at CM and asked him, 'Won't you open your mouth and speak?' He looked trapped. It was like, 'How did I get stuck here? How happy I was at home with an actress. Now I'm trapped here.'"""
e6ef2a33acce6755_p008,e6ef2a33acce6755,EVT_00347,india_today,2026-07-03 13:16:58,"Continuing his criticism, the DMK legislator compared the Chief Minister's demeanour in the Assembly to that of a customer entering a shop."
e6ef2a33acce6755_p009,e6ef2a33acce6755,EVT_00347,india_today,2026-07-03 13:16:58,"""I'm a merchant and I know when someone enters a shop whether he wants to buy something or borrow money. Similarly, I can realise how he felt trapped in the Assembly,"" he said."
e6ef2a33acce6755_p010,e6ef2a33acce6755,EVT_00347,india_today,2026-07-03 13:16:58,"Reacting to the arrest, DMK MP Kanimozhi accused the state government of using oppressive tactics against the opposition and termed the action ""strongly condemnable""."
e6ef2a33acce6755_p011,e6ef2a33acce6755,EVT_00347,india_today,2026-07-03 13:16:58,"In a post on X, she alleged that Radhakrishnan was arrested while inspecting development works in his constituency, calling it an ""utterly anarchic"" act by what she described as a ""tyrannical government"". She asserted that the DMK ""will never bow down to such oppressive tactics."""
e6ef2a33acce6755_p012,e6ef2a33acce6755,EVT_00347,india_today,2026-07-03 13:16:58,"According to a Live Law report, Justice GK Ilanthiraiyan while dismissing Radhakrishnan's anticipatory bail petition, observed that he ought not to have made such statements as a sitting legislator."
e6ef2a33acce6755_p013,e6ef2a33acce6755,EVT_00347,india_today,2026-07-03 13:16:58,The judge also noted that Tamil Nadu had elected several leaders from the film industry since 1967 and remarked that the comments were unwarranted.
e6ef2a33acce6755_p014,e6ef2a33acce6755,EVT_00347,india_today,2026-07-03 13:16:58,"""In state of TN, since 1967, people from the cinema are being voted. Then why are you making these statements? You're not a layman. You're a member of the assembly"", the court orally observed while rejecting the plea."
753e127ce8380b10_p001,753e127ce8380b10,EVT_00493,indian_express,2026-07-14 06:21:42,"Sonam Wangchuk to Express: CJP protest has no political colour, PM should be sensitive"
753e127ce8380b10_p002,753e127ce8380b10,EVT_00493,indian_express,2026-07-14 06:21:42,"""A resignation, or accountability, is merely the starting point. The door must then open to determine the right course of action,"" says Wangchuk, who has been on an indefinite hunger strike."
753e127ce8380b10_p003,753e127ce8380b10,EVT_00493,indian_express,2026-07-14 06:21:42,"Activist Sonam Wangchuk entered the 16th day of his hunger strike at Jantar Mantar on Monday, as part of the protest organised by the Cockroach Janta Party (CJP) seeking the resignation of Union Education Minister Dharmendra Pradhan over the leak of NEET-UG questions."
753e127ce8380b10_p004,753e127ce8380b10,EVT_00493,indian_express,2026-07-14 06:21:42,"Speaking to Indian Express Hindi, Wangchuk urged Prime Minister Narendra Modi to listen to the “voice of the people”, and urged “leaders from all parties” to join the protest. Excerpts:"
753e127ce8380b10_p005,753e127ce8380b10,EVT_00493,indian_express,2026-07-14 06:21:42,* The opposition to your protest suggests that the basic issue is a comprehensive reform of the exam system. Will the resignation of an individual resolve this?
753e127ce8380b10_p006,753e127ce8380b10,EVT_00493,indian_express,2026-07-14 06:21:42,"Definitely not, but it will pave the way for accountability. Until the government institutes accountability, this kind of impunity and arbitrary decision-making will continue. This is not just an indictment of the education system, but of the entire Indian society. What sort of doctor would you get if the exam paper is leaked? Such doctors would be attending to your children; engineers who passed by cheating would construct your buildings, which will eventually collapse, and lives will be lost."
753e127ce8380b10_p007,753e127ce8380b10,EVT_00493,indian_express,2026-07-14 06:21:42,"More importantly, honesty holds no value in the country today. Everything operates on dishonesty; everything is up for sale — from exam papers to votes. How can any country progress like this? Forget becoming a ‘developed’ nation, how will we even be able to face this global village?"
753e127ce8380b10_p008,753e127ce8380b10,EVT_00493,indian_express,2026-07-14 06:21:42,"* Today marks the 16th day of your hunger strike. Has the Narendra Modi government made any contact with you, directly or indirectly?"
753e127ce8380b10_p009,753e127ce8380b10,EVT_00493,indian_express,2026-07-14 06:21:42,"No. So, our attempt now is to make our voice even louder so that it can reach them. If it has not reached them, it is not just the fault of the government, it is also the fault of the people of this country who have not helped to amplify it to an extent that it can be perceived as a critical issue. Will you wait to raise your voice until you are alone with nobody beside you? If the people come out and raise their voices, the government will have no choice but to engage in a dialogue to resolve it. But we hope that the government is not so insensitive. Perhaps they will attempt to resolve the matter in a day or two."
753e127ce8380b10_p010,753e127ce8380b10,EVT_00493,indian_express,2026-07-14 06:21:42,"* Are the channels for dialogue open? If you are invited for talks, is it possible that you may agree on the broader issue of long-term reforms, rather than just insisting on the resignation?"
753e127ce8380b10_p011,753e127ce8380b10,EVT_00493,indian_express,2026-07-14 06:21:42,"A resignation, or accountability, is merely the starting point. The door must then open to determine the right course of action. This issue must be debated during the Monsoon Session of Parliament. And to formulate those broader reforms, the government should rope in these young people or educationists like me."
753e127ce8380b10_p012,753e127ce8380b10,EVT_00493,indian_express,2026-07-14 06:21:42,"* Does it bother you that the support visible on social media is not reflecting on the ground? The turnout is relatively low. You had to appeal from the stage one day, asking people to show some courage."
753e127ce8380b10_p013,753e127ce8380b10,EVT_00493,indian_express,2026-07-14 06:21:42,"About 5,000-7,000 people turn up throughout the day. The numbers may not have exceeded our expectations, but they aren’t so low as to cause concern. People should observe a one-day fast in solidarity. They must take some of this pain upon themselves to convey the gravity of the situation to the government."
753e127ce8380b10_p014,753e127ce8380b10,EVT_00493,indian_express,2026-07-14 06:21:42,"* People have pointed out that if the objective is the same, why are you on the stage while Left-affiliated students are protesting on the ground? Also, since Left student outfits like the AISF, SFI and AISA dominate the gathering here, some people are keeping their distance."
753e127ce8380b10_p015,753e127ce8380b10,EVT_00493,indian_express,2026-07-14 06:21:42,"We have extended an invitation to the BJP as well. I personally urge everyone to join me on the stage, but I was told that due to the sheer numbers, it wouldn’t be feasible. I leave these logistical decisions to the organisers."
753e127ce8380b10_p016,753e127ce8380b10,EVT_00493,indian_express,2026-07-14 06:21:42,* Are the organisers expecting Opposition leaders like Rahul Gandhi and Akhilesh Yadav to join the protest?
753e127ce8380b10_p017,753e127ce8380b10,EVT_00493,indian_express,2026-07-14 06:21:42,"I am very hopeful that leaders from all political parties will come. If they don’t, it will only reflect their narrow-mindedness, and the public will eventually reject them. This platform has no political colour."
753e127ce8380b10_p018,753e127ce8380b10,EVT_00493,indian_express,2026-07-14 06:21:42,* Did you have any apprehensions before associating yourself with the CJP?
753e127ce8380b10_p019,753e127ce8380b10,EVT_00493,indian_express,2026-07-14 06:21:42,"I researched them and spoke with them. I don’t believe they are doing this for personal gain. As for the future, everyone is free to enter politics if they choose to do so."
753e127ce8380b10_p020,753e127ce8380b10,EVT_00493,indian_express,2026-07-14 06:21:42,* What would be your message to PM Modi?
753e127ce8380b10_p021,753e127ce8380b10,EVT_00493,indian_express,2026-07-14 06:21:42,"It is in the long-term interest of the government to listen to the voice of the people. He should be sensitive, not rigid. A democracy is run through empathy and compassion, not through rigidity. I have never met him personally."
e88427cb3515aa87_p001,e88427cb3515aa87,EVT_00500,theprint,2026-07-14 17:04:08,"Chennai: The Tamil Nadu School Education Department has issued a circular prohibiting any “political, communal, separatist and non-educational events, meetings and campaigns” on school premises, as ruling TVK faces criticism over its ministers, leaders and workers visiting campuses for various events, including Chief Minister Vijay’s birthday celebrations."
e88427cb3515aa87_p002,e88427cb3515aa87,EVT_00500,theprint,2026-07-14 17:04:08,"The directive, however, does not specify what kind of events would be regarded as non-academic and “non-eductional”, and educationists emphasise that the government should define cocurricular and extra-curricular activities for more clarity on the directive."
e88427cb3515aa87_p003,e88427cb3515aa87,EVT_00500,theprint,2026-07-14 17:04:08,"The circular was issued on 10 July. Earlier, former AIADMK MLA VPB Paramasivam moved the Madras High Court over holding such events on school premises."
e88427cb3515aa87_p004,e88427cb3515aa87,EVT_00500,theprint,2026-07-14 17:04:08,"During a hearing on the PIL on Monday, Advocate General Vijay Narayan submitted that the circular was issued jointly by the Directors of School Education, Elementary Education, and Private Schools following complaints of “outsiders” using campuses for religious, political, and caste-based activities. Paramasivam PIL was withdrawn after the AF informed the court of the circular."
e88427cb3515aa87_p005,e88427cb3515aa87,EVT_00500,theprint,2026-07-14 17:04:08,"The government’s 10 July directive emphasised that the state’s 57,671 schools, including private ones, where over 1.03 crore students study, must remain focused solely on curricular and co-curricular activities and ensure unity among children from diverse backgrounds."
e88427cb3515aa87_p006,e88427cb3515aa87,EVT_00500,theprint,2026-07-14 17:04:08,"The circular stated, “Any sort of celebrations or messaging should not be permitted on school campuses, whether they are in playgrounds or open spaces. School premises should not be used for holding political, communal, separatist and non-educational events, meetings and campaigns. Only educational and co-curricular activities can be conducted in schools to ensure the overall educational development of students.”"
e88427cb3515aa87_p007,e88427cb3515aa87,EVT_00500,theprint,2026-07-14 17:04:08,"During the hearing Monday, Advocate General Vijay Narayan submitted that such activities create divisions, psychological pressure on young minds, and undermine educational goals. Principals and headmasters have been instructed not to allow outsiders into classrooms, auditoriums, or playgrounds except for government-authorized events, he said."
e88427cb3515aa87_p008,e88427cb3515aa87,EVT_00500,theprint,2026-07-14 17:04:08,"Also Read: DMK, AIADMK have gone quiet after defeat. TVK’s Vijay is going on the offensive after win"
e88427cb3515aa87_p009,e88427cb3515aa87,EVT_00500,theprint,2026-07-14 17:04:08,The government’s circular follows intense backlash over recent incidents involving ruling Tamilaga Vettri Kazhagam (TVK) functionaries and ministers. A government school visit by Industries Minister S. Keerthana’s in Sivakasi of Virudhunagar district brought sharp criticism.
e88427cb3515aa87_p010,e88427cb3515aa87,EVT_00500,theprint,2026-07-14 17:04:08,"During the inspection, Keerthana questioned students on their English proficiency in front of cameras, recorded the interaction, and shared it online."
e88427cb3515aa87_p011,e88427cb3515aa87,EVT_00500,theprint,2026-07-14 17:04:08,"In a viral video, she asked a student, “What’s your father?” and remarked on the child’s inability to respond fluently, drawing sharp criticism for publicly humiliating the student and using the visit for political optics."
e88427cb3515aa87_p012,e88427cb3515aa87,EVT_00500,theprint,2026-07-14 17:04:08,Child rights activists and opposition parties accused her of shaming children from disadvantaged backgrounds instead of supporting them.
e88427cb3515aa87_p013,e88427cb3515aa87,EVT_00500,theprint,2026-07-14 17:04:08,Keerthana later clarified her intent was to encourage government school students to develop English speaking skills. She also underlined her own Tamil-medium background. But the incident led to widespread outrage.
e88427cb3515aa87_p014,e88427cb3515aa87,EVT_00500,theprint,2026-07-14 17:04:08,"இன்று சிலர், ""அரசு பள்ளி மாணவியை கேலி செய்தார்"" என்று ஒரு பொய்யான கதையை பரப்புகிறார்கள்."
e88427cb3515aa87_p015,e88427cb3515aa87,EVT_00500,theprint,2026-07-14 17:04:08,நானே ஒரு அரசு பள்ளி மாணவி. நானே தமிழ் வழிக் கல்வியில் படித்தவள்.
e88427cb3515aa87_p016,e88427cb3515aa87,EVT_00500,theprint,2026-07-14 17:04:08,"இன்று என் ஆங்கிலத்தை வைத்து என்னை கேலி செய்கிறவர்கள், உண்மையில் என்னை மட்டும் அல்ல… என்னைப் போன்ற… pic.twitter.com/2ZKzH5bgX3"
e88427cb3515aa87_p017,e88427cb3515aa87,EVT_00500,theprint,2026-07-14 17:04:08,"— Virudhai Magal Keerthana (@Keerthana4VNR) July 7, 2026"
e88427cb3515aa87_p018,e88427cb3515aa87,EVT_00500,theprint,2026-07-14 17:04:08,"Shortly after her visit, newly inducted TVK member and former AIADMK leader Dr C Vijayabaskar also visited schools following his entry into the party. His interactions with students, along with activities by other TVK workers, including disrupting classes to promote party symbols and involving students in Chief Minister Vijay’s birthday celebrations drew criticism and allegations of politicising education."
e88427cb3515aa87_p019,e88427cb3515aa87,EVT_00500,theprint,2026-07-14 17:04:08,"In several schools across the state, students were actively roped into the CM’s birthday celebrations organised by TVK functionaries around 22 June. Children participated in creative activities such as solving picture puzzles featuring the CM’s images, assembling large portraits, and making human formations to depict his face on school grounds."
e88427cb3515aa87_p020,e88427cb3515aa87,EVT_00500,theprint,2026-07-14 17:04:08,"The students wore party scarves, carried portraits, cut cakes, and chanted slogans like “Vijay Anna” during class hours. At an event in Tiruvallur, around 3,000 students from a private school formed a massive human portrait, disrupting regular academics."
e88427cb3515aa87_p021,e88427cb3515aa87,EVT_00500,theprint,2026-07-14 17:04:08,"These engagements drew criticism and School Education Minister A. Raj Mohan issued a statement that said, “Schools are not exhibition halls or stages for politics. They are centres of learning. From now on, no one other than those necessary will be allowed entry in school campuses."
e88427cb3515aa87_p022,e88427cb3515aa87,EVT_00500,theprint,2026-07-14 17:04:08,"“Except for official events conducted by the government, birthday celebrations or non-government events shall not be allowed. No members of any political party, no members of any private organisation shall be permitted to directly meet students.”"
e88427cb3515aa87_p023,e88427cb3515aa87,EVT_00500,theprint,2026-07-14 17:04:08,The government circular to the schools stated that no birthday celebrations of leaders other than those announced by the government shall be held in the school premises or school students shall be taken to or allowed to participate in such celebrations.
e88427cb3515aa87_p024,e88427cb3515aa87,EVT_00500,theprint,2026-07-14 17:04:08,"“No events of any kind, including sports competitions, medical camps, art shows among others shall be held in the school premises in connection with such celebrations. Furthermore, the provision of food items and gifts shall be completely avoided,” it said."
e88427cb3515aa87_p025,e88427cb3515aa87,EVT_00500,theprint,2026-07-14 17:04:08,Educationists welcome circular
e88427cb3515aa87_p026,e88427cb3515aa87,EVT_00500,theprint,2026-07-14 17:04:08,"Educationists have welcomed the circular as a much-needed step to protect vulnerable students. Many experts argue that repeated political intrusions expose children to bias, disrupt learning, and erode the neutral environment essential for holistic development."
e88427cb3515aa87_p027,e88427cb3515aa87,EVT_00500,theprint,2026-07-14 17:04:08,"However, they said there should be more clarity on what activities are not allowed. Educationalist PB Prince Gajendra Babu welcomed the move stating that the students should be allowed to be a part of co-curricular and extracurricular activities but those programmes should not be linked to any individual with a political identity."
e88427cb3515aa87_p028,e88427cb3515aa87,EVT_00500,theprint,2026-07-14 17:04:08,"“Similarly, students should not be made a part of any sort of promotion of any person who has roots in any political party. The cocurricular and extra-curricular activities should be classified properly so that there is no engagement of any individual who has no academic link."
e88427cb3515aa87_p029,e88427cb3515aa87,EVT_00500,theprint,2026-07-14 17:04:08,"“Students cannot be used for the glorification of any political leader or a party. Any of the academic programmes should ensure that they do not compromise the values of the Constitution that a student should be given in a school such as equality, freedom and liberty,” he told ThePrint."
e88427cb3515aa87_p030,e88427cb3515aa87,EVT_00500,theprint,2026-07-14 17:04:08,"Psychologists and child rights advocates also highlighted the risks of psychological pressure and discrimination, urging sustained enforcement to prioritise education over publicity. Parents and teachers’ groups echoed these views, seeing the ban as restoring focus on academic excellence."
e88427cb3515aa87_p031,e88427cb3515aa87,EVT_00500,theprint,2026-07-14 17:04:08,"“The political influence on the students at a young age is not an ideal thing at a school which is supposed to be an unbiased environment. Political activities should be avoided to protect the democratic rights of the students as well, and no politician should directly interact with our students in any capacity,” said S Vignesh, a member of the State Parents Teacher Association."
e88427cb3515aa87_p032,e88427cb3515aa87,EVT_00500,theprint,2026-07-14 17:04:08,Also Read: Vijay will rewrite Tamil Nadu politics. Get ready for long-term dominance
c31dd65678cc53c8_p001,c31dd65678cc53c8,EVT_00496,deccan_herald,2026-07-14 14:42:23,"<p>The <a href=""https://www.deccanherald.com/tags/election-commission"">Election Commission</a>'s Special Intensive Revision (SIR) of electoral rolls is underway in five States — <a href=""https://www.deccanherald.com/india/karnataka"">Karnataka</a>, Meghalaya, Maharashtra, Jharkhand and Delhi — starting with door-to-door enumeration from June 30 to July 29.</p><p>The draft electoral rolls will be published on August 5 and the final rolls on October 10.</p>.Explained | How to fill your SIR enumeration form offline: Here is the step-by-step guide.<p>Here is a ready reckoner to understand the exercise, and navigate the process of filling the enumeration form online with ease.</p><p><em>Graphic by Deepak Harichandan and Sagar M S</em></p>"
c31dd65678cc53c8_p002,c31dd65678cc53c8,EVT_00496,deccan_herald,2026-07-14 14:42:23,"<p>The <a href=""https://www.deccanherald.com/tags/election-commission"">Election Commission</a>'s Special Intensive Revision (SIR) of electoral rolls is underway in five States — <a href=""https://www.deccanherald.com/india/karnataka"">Karnataka</a>, Meghalaya, Maharashtra, Jharkhand and Delhi — starting with door-to-door enumeration from June 30 to July 29.</p><p>The draft electoral rolls will be published on August 5 and the final rolls on October 10.</p>.Explained | How to fill your SIR enumeration form offline: Here is the step-by-step guide.<p>Here is a ready reckoner to understand the exercise, and navigate the process of filling the enumeration form online with ease.</p><p><em>Graphic by Deepak Harichandan and Sagar M S</em></p>"
ad1a6bc72ce3e16f_p001,ad1a6bc72ce3e16f,EVT_00561,hindustan_times,2026-07-15 09:40:47,India to account for each seafarer irrespective of vessel flag: Govt's big announcement after sailor killed in Hormuz
ad1a6bc72ce3e16f_p002,ad1a6bc72ce3e16f,EVT_00561,hindustan_times,2026-07-15 09:40:47,The move comes amid an escalating maritime security crisis in West Asia following attacks on two merchant vessels in the Strait of Hormuz.
ad1a6bc72ce3e16f_p003,ad1a6bc72ce3e16f,EVT_00561,hindustan_times,2026-07-15 09:40:47,"Emphasising the welfare of seafarers amidst escalating maritime security crisis in West Asia, the Centre on Tuesday launched a comprehensive ""Seafarer-First"" response that will account for every Indian on every vessel, irrespective of their flags, operating in the Persian Gulf, Strait of Hormuz and Gulf of Oman."
ad1a6bc72ce3e16f_p004,ad1a6bc72ce3e16f,EVT_00561,hindustan_times,2026-07-15 09:40:47,"The announcement comes after an Indian seafarer, identified as Rohan Kumar, was killed after two Emirati oil tankers came under missile attack in the Strait of Hormuz."
ad1a6bc72ce3e16f_p005,ad1a6bc72ce3e16f,EVT_00561,hindustan_times,2026-07-15 09:40:47,"Union Minister for Ports, Shipping and Waterways Sarbananda Sonowal said the initiative adopts a whole-of-government approach to ensure the safety and welfare of Indian crew members in the sea."
ad1a6bc72ce3e16f_p006,ad1a6bc72ce3e16f,EVT_00561,hindustan_times,2026-07-15 09:40:47,"He directed the Directorate General of Shipping (DGS) to establish a comprehensive vessel-by-vessel operational dashboard to account for every Indian on every vessel, irrespective of their flags, operating in the Persian Gulf, Strait of Hormuz and Gulf of Oman."
ad1a6bc72ce3e16f_p007,ad1a6bc72ce3e16f,EVT_00561,hindustan_times,2026-07-15 09:40:47,Also Read: How many Indian seafarers have been killed since US-Iran war began? A timeline
ad1a6bc72ce3e16f_p008,ad1a6bc72ce3e16f,EVT_00561,hindustan_times,2026-07-15 09:40:47,"The dashboard will provide real-time information on vessel position, ownership, cargo, crew strength, crew welfare, threat assessment, intended voyage, next port of call and the availability of facilities, according to the government press release."
ad1a6bc72ce3e16f_p009,ad1a6bc72ce3e16f,EVT_00561,hindustan_times,2026-07-15 09:40:47,"The move comes amid an escalating maritime security crisis in West Asia following attacks on two merchant vessels in the Strait of Hormuz. MT Al Bahiyah and MT Mombasa together carried 30 Indian seafarers among a combined crew of 46. One Indian seafarer was killed and another injured aboard MT Al Bahiyah, while nine Indian nationals on MT Mombasa were injured, including two who remain in serious condition."
ad1a6bc72ce3e16f_p010,ad1a6bc72ce3e16f,EVT_00561,hindustan_times,2026-07-15 09:40:47,"At a meeting attended by Union Minister of State for Ports, Shipping and Waterways Shantanu Thakur and senior officials from the Ministry of Ports, Shipping and Waterways, the Ministry of External Affairs, the Indian Navy, the Directorate General of Shipping, Indian missions in Iran and Oman, and other maritime agencies, Sonowal reviewed the security situation in the Persian Gulf, the Strait of Hormuz and the Gulf of Oman, and India's contingency measures for Indian seafarers."
ad1a6bc72ce3e16f_p011,ad1a6bc72ce3e16f,EVT_00561,hindustan_times,2026-07-15 09:40:47,"As part of the response, he ordered real-time vessel monitoring, appointed liaison officers for every affected Indian seafarer, and directed round-the-clock coordination among the ministries concerned, the Indian Navy, the Directorate General of Shipping (DGS), and Indian missions in Iran and Oman."
ad1a6bc72ce3e16f_p012,ad1a6bc72ce3e16f,EVT_00561,hindustan_times,2026-07-15 09:40:47,Also Read: 7 Indian vessels with 148 Indian seafarers remain in Persian Gulf: A Strait of Hormuz status check
ad1a6bc72ce3e16f_p013,ad1a6bc72ce3e16f,EVT_00561,hindustan_times,2026-07-15 09:40:47,"Expressing grief over the attacks, Sonowal condemned the targeting of civilian merchant vessels, saying the government would extend all possible support to the affected seafarers and the families of those killed or injured."
ad1a6bc72ce3e16f_p014,ad1a6bc72ce3e16f,EVT_00561,hindustan_times,2026-07-15 09:40:47,"“India has expressed its strong resentment and objection to the manner of attacks on defenceless civilian merchant vessels. These have resulted in the death and serious injury of Indian seafarers who, as key workers ensuring the proper functioning of global supply chains, due to these irresponsible, unwarranted and uncalled-for attacks.”"
ad1a6bc72ce3e16f_p015,ad1a6bc72ce3e16f,EVT_00561,hindustan_times,2026-07-15 09:40:47,"“I am profoundly hurt and aggrieved by the unfortunate and tragic loss of one more of our brave and innocent seafarers along with the injuries suffered by others in today’s two attacks. I convey my heartfelt condolences to the bereaved family and prayers to the Indian seafarer who made the ultimate sacrifice in the line of duty. We shall ensure that our seafarer’s families are supported and cared for. I want to assure every Indian seafarer and their family that the entire Government is committed to assist you in every possible way, and at all costs,” he added."
ad1a6bc72ce3e16f_p016,ad1a6bc72ce3e16f,EVT_00561,hindustan_times,2026-07-15 09:40:47,Dedicated liaison officer for families affected
ad1a6bc72ce3e16f_p017,ad1a6bc72ce3e16f,EVT_00561,hindustan_times,2026-07-15 09:40:47,A dedicated liaison officer will be appointed for every Indian seafarer impacted by the crisis to ensure uninterrupted assistance to affected families.
ad1a6bc72ce3e16f_p018,ad1a6bc72ce3e16f,EVT_00561,hindustan_times,2026-07-15 09:40:47,"Also Read: India condemns seafarer's killing in Hormuz, strongly protests with Iran: 'Deeply concerned'"
ad1a6bc72ce3e16f_p019,ad1a6bc72ce3e16f,EVT_00561,hindustan_times,2026-07-15 09:40:47,"Each liaison officer will serve as the single point of contact for families, coordinating medical updates, travel documentation, family assistance, repatriation, Seafarers Welfare Fund support, outstanding wages, contractual entitlements and other compensations, as per the release."
ad1a6bc72ce3e16f_p020,ad1a6bc72ce3e16f,EVT_00561,hindustan_times,2026-07-15 09:40:47,Coordination with Indian missions internationally
ad1a6bc72ce3e16f_p021,ad1a6bc72ce3e16f,EVT_00561,hindustan_times,2026-07-15 09:40:47,"The minister directed officials to coordinate with Indian missions in Iran, Oman and the United Arab Emirates, other affected countries, and the Ministry of External Affairs to obtain real-time information on navigational safety, coastal advisories, shipping routes, port-of-refuge arrangements, medical evacuation, repatriation, management of mortal remains, and the status of ongoing investigations."
ad1a6bc72ce3e16f_p022,ad1a6bc72ce3e16f,EVT_00561,hindustan_times,2026-07-15 09:40:47,"“The Government of India has communicated with all the multilateral forums of the IMO and also with the representatives of the concerned flag administration involved in the multiple incidents that contravened international conventions and fundamental requirements of seafarer’s security and safety and protection of right of innocent passage for merchant vessels. We will continue to make every effort to ensure resolution of the issues and remain committed to all stakeholders in this trying and challenging time,” said Sonowal."
ad1a6bc72ce3e16f_p023,ad1a6bc72ce3e16f,EVT_00561,hindustan_times,2026-07-15 09:40:47,Vessels to coordinate with maritime authorities
ad1a6bc72ce3e16f_p024,ad1a6bc72ce3e16f,EVT_00561,hindustan_times,2026-07-15 09:40:47,"Sonowal directed that every vessel transiting the conflict-affected region undertake a fresh threat assessment, with voyages proceeding only after the ship master's professional judgement and in coordination with the relevant maritime authorities."
ad1a6bc72ce3e16f_p025,ad1a6bc72ce3e16f,EVT_00561,hindustan_times,2026-07-15 09:40:47,"He also asked shipowners, vessel managers and Recruitment and Placement Service Licence (RPSL) agencies employing Indian seafarers in the region to submit compliance reports confirming that no Indian crew member is being compelled to sail without adequate information, protection and support."
ad1a6bc72ce3e16f_p026,ad1a6bc72ce3e16f,EVT_00561,hindustan_times,2026-07-15 09:40:47,"The government has also activated a 24x7 grievance support system for Indian seafarers and their families. Assistance is available through domestic and international toll-free helplines, WhatsApp and email."
ad1a6bc72ce3e16f_p027,ad1a6bc72ce3e16f,EVT_00561,hindustan_times,2026-07-15 09:40:47,"Sonowal reaffirmed that the government's response would remain ""seafarer-first"", with coordinated efforts across ministries and maritime agencies to protect Indian seafarers and ensure the uninterrupted movement of global trade through the region."
ad1a6bc72ce3e16f_p028,ad1a6bc72ce3e16f,EVT_00561,hindustan_times,2026-07-15 09:40:47,"- ABOUT THE AUTHORKarishma AyaldasaniKarishma Ayaldasani is a Senior Content Producer at Hindustan Times, based in New Delhi, where she works with the digital team on fast-moving breaking stories from India and around the world. She enjoys covering national and global news, focusing on delivering updates quickly and clearly so readers can make sense of what’s happening as it unfolds. Comfortable in high-pressure newsroom settings, she regularly contributes to live blogs, explainers and real-time coverage."
ad1a6bc72ce3e16f_p029,ad1a6bc72ce3e16f,EVT_00561,hindustan_times,2026-07-15 09:40:47,"Before joining Hindustan Times, she was part of the digital team at The Indian Express, worked with the social media team at Firstpost, and spent time as a creative strategist at Clematis Advertising. Outside of work, she likes exploring different art forms and unwinds with music. With over three years of experience in fast-paced newsrooms, she brings curiosity, clarity and consistency to her work.Read More"
7d02c28be78c657c_p001,7d02c28be78c657c,EVT_00543,the_times_of_india,2026-07-15 14:55:00,"Madan Mitra on Wednesday resigned from the Mamata Banerjee-led faction of the party and joined the rebel TMC faction headed by Ritabrata Banerjee, dealing another setback to the former chief minister's camp."
7d02c28be78c657c_p002,7d02c28be78c657c,EVT_00543,the_times_of_india,2026-07-15 14:55:00,"His exit comes amid a series of defections from the Mamata Banerjee-led faction, with several senior leaders and MLAs joining the rival group led by Ritabrata Banerjee in recent weeks following the political split in the party."
7d02c28be78c657c_p003,7d02c28be78c657c,EVT_00543,the_times_of_india,2026-07-15 14:55:00,"Speaking to reporters after joining the rebel camp, Mitra accused TMC national general secretary Abhishek Banerjee of refusing to step aside despite the party's crisis."
7d02c28be78c657c_p004,7d02c28be78c657c,EVT_00543,the_times_of_india,2026-07-15 14:55:00,"""I had suggested to Abhishek Banerjee that he step aside for six months or a year. I told him, let us build the party, and then you can come back and take your seat, but he refused. He said, 'I won't leave the party.' The party is sinking; the boat has gone under. People are dying. Yet, the party decided, or rather it was forced to accept, that everyone else could die, but Abhishek had to be saved. It is deeply saddening."""
7d02c28be78c657c_p005,7d02c28be78c657c,EVT_00543,the_times_of_india,2026-07-15 14:55:00,Mitra alleged that the party had become centred around one individual instead of functioning collectively.
7d02c28be78c657c_p006,7d02c28be78c657c,EVT_00543,the_times_of_india,2026-07-15 14:55:00,"""The party belongs to everyone, yet it seems to have been reduced to serving only Abhishek. I earnestly request Mamata ji to come. Let us view this as a marathon. We will surely cross paths along the way. Let us see which horse surges ahead."""
7d02c28be78c657c_p007,7d02c28be78c657c,EVT_00543,the_times_of_india,2026-07-15 14:55:00,He said he had resigned from all organisational positions in the Trinamool Congress and no longer considered himself part of the party.
7d02c28be78c657c_p008,7d02c28be78c657c,EVT_00543,the_times_of_india,2026-07-15 14:55:00,"""I have resigned from all the positions. Though I remain an MLA. I have left everything associated with Trinamool. That means I am no longer a Trinamool MLA in the functional sense."""
7d02c28be78c657c_p009,7d02c28be78c657c,EVT_00543,the_times_of_india,2026-07-15 14:55:00,"""I have only changed my room, not my house. I am very much in the TMC,"" Mitra told reporters after meeting the rebel leader."
7d02c28be78c657c_p010,7d02c28be78c657c,EVT_00543,the_times_of_india,2026-07-15 14:55:00,The development comes a day after the Enforcement Directorate (ED) summoned Mitra's wife and his two sons for questioning in connection with its money laundering investigation into the alleged municipal recruitment scam in West Bengal.
7d02c28be78c657c_p011,7d02c28be78c657c,EVT_00543,the_times_of_india,2026-07-15 14:55:00,"According to the ED, the summons were issued after investigators found financial transactions involving the family members during the course of the probe. The agency has asked them to appear next week to record their statements."
7d02c28be78c657c_p012,7d02c28be78c657c,EVT_00543,the_times_of_india,2026-07-15 14:55:00,The case relates to alleged irregularities in appointments to various municipal bodies in West Bengal. The ED is investigating the matter under the Prevention of Money Laundering Act (PMLA) based on predicate offences registered by the Central Bureau of Investigation (CBI).
7d02c28be78c657c_p013,7d02c28be78c657c,EVT_00543,the_times_of_india,2026-07-15 14:55:00,Do you believe the TMC will recover from the recent defections?
7d02c28be78c657c_p014,7d02c28be78c657c,EVT_00543,the_times_of_india,2026-07-15 14:55:00,3k+ users shared opinion today
7d02c28be78c657c_p015,7d02c28be78c657c,EVT_00543,the_times_of_india,2026-07-15 14:55:00,3k+ users shared opinion today
7d02c28be78c657c_p016,7d02c28be78c657c,EVT_00543,the_times_of_india,2026-07-15 14:55:00,"The agency had earlier conducted searches at multiple premises linked to Mitra in June this year, while the CBI had also searched his residence in October 2025 as part of its investigation into the same case."
13d8e8b419bd2c19_p001,13d8e8b419bd2c19,EVT_00506,the_times_of_india,2026-07-15 13:17:00,"NEW DELHI: Prime Minister Narendra Modi on Wednesday welcomed the coming into force of the India-United Kingdom Comprehensive Economic and Trade Agreement (CETA) and the Agreement on Social Security, calling it a ""significant moment"" in bilateral ties that will deepen economic cooperation and create new opportunities for businesses, workers and farmers."
13d8e8b419bd2c19_p002,13d8e8b419bd2c19,EVT_00506,the_times_of_india,2026-07-15 13:17:00,"In a post on X, PM Modi said the two agreements would strengthen economic linkages between the two countries and deliver tangible benefits across several sectors."
13d8e8b419bd2c19_p003,13d8e8b419bd2c19,EVT_00506,the_times_of_india,2026-07-15 13:17:00,"""This is a significant moment in the India-United Kingdom partnership! With the coming into force of the Comprehensive Economic and Trade Agreement and the Agreement on Social Security, our economic linkages are going to get even deeper. Together, these agreements translate our shared ambition into tangible opportunities for our people. The CETA will give fresh momentum to our farmers, entrepreneurs and MSMEs. Several vibrant sectors will gain stronger access to the UK market. It will also deepen cooperation in technology, professional services and innovation, while supporting greater mobility for skilled Indian talent."""
13d8e8b419bd2c19_p004,13d8e8b419bd2c19,EVT_00506,the_times_of_india,2026-07-15 13:17:00,"The Prime Minister also underlined the importance of the accompanying social security pact, saying it would ""provide invaluable support to Indian professionals working temporarily in the UK and strengthen the competitiveness of Indian enterprises."""
13d8e8b419bd2c19_p005,13d8e8b419bd2c19,EVT_00506,the_times_of_india,2026-07-15 13:17:00,"""The social security agreement will provide invaluable support to Indian professionals working temporarily in the UK and strengthen the competitiveness of Indian enterprises. This moment reflects the trust between our democracies and our resolve to build a forward-looking partnership driven by trade, technology, investment and innovation. India and the UK will continue working together for shared prosperity,"" he added."
13d8e8b419bd2c19_p006,13d8e8b419bd2c19,EVT_00506,the_times_of_india,2026-07-15 13:17:00,"The agreements officially came into effect on Wednesday, establishing a new framework for trade and economic cooperation between the two countries."
13d8e8b419bd2c19_p007,13d8e8b419bd2c19,EVT_00506,the_times_of_india,2026-07-15 13:17:00,"Union Commerce and Industry Minister Piyush Goyal said the trade pact provides zero-duty market access for nearly 99 per cent of India's exports, covering almost 100 per cent of the total trade value. He said it would create new opportunities for labour-intensive industries, MSMEs, farmers, manufacturers and the services sector."
13d8e8b419bd2c19_p008,13d8e8b419bd2c19,EVT_00506,the_times_of_india,2026-07-15 13:17:00,"The agreement removes tariffs on sectors including textiles, garments, leather, gems and jewellery, engineering goods, chemicals, electronics, marine products, furniture and sports goods. It also grants zero-duty access to all agricultural products except chicken, pork, eggs, rice and sugar, while 97.1 per cent of tariff lines for processed food products will receive duty-free access."
10fb221473bc873b_p001,10fb221473bc873b,EVT_00504,the_times_of_india,2026-07-15 18:32:00,- Delhi high court sought responses from the Centre and Delhi government on a PIL seeking urgent medical intervention for climate activist Sonam Wangchuk.
10fb221473bc873b_p002,10fb221473bc873b,EVT_00504,the_times_of_india,2026-07-15 18:32:00,- TMC MLA Madan Mitra resigned from the Mamata Banerjee-led faction and joined the rebel camp led by Ritabrata Banerjee.
10fb221473bc873b_p003,10fb221473bc873b,EVT_00504,the_times_of_india,2026-07-15 18:32:00,"- The Union Cabinet approved seven major decisions covering semiconductors, mobile phone manufacturing, fertiliser, railways and infrastructure."
10fb221473bc873b_p004,10fb221473bc873b,EVT_00504,the_times_of_india,2026-07-15 18:32:00,- The US carried out another round of military strikes targeting Iran's Greater Tunb Island and coastal military infrastructure.
10fb221473bc873b_p005,10fb221473bc873b,EVT_00504,the_times_of_india,2026-07-15 18:32:00,- The ICC approved new formats for both the men's ODI and T20 World Cups during its annual board meeting in Edinburgh.
10fb221473bc873b_p006,10fb221473bc873b,EVT_00504,the_times_of_india,2026-07-15 18:32:00,Here are the top five news stories of the day:
10fb221473bc873b_p007,10fb221473bc873b,EVT_00504,the_times_of_india,2026-07-15 18:32:00,Delhi HC seeks Centre's reply on PIL seeking medical aid for Sonam Wangchuk
10fb221473bc873b_p008,10fb221473bc873b,EVT_00504,the_times_of_india,2026-07-15 18:32:00,"The Delhi high court sought responses from the Centre and the Delhi government on a PIL seeking urgent medical intervention for climate activist Sonam Wangchuk, who has been on an indefinite hunger strike at Jantar Mantar since June 28."
10fb221473bc873b_p009,10fb221473bc873b,EVT_00504,the_times_of_india,2026-07-15 18:32:00,"The plea urged the authorities to shift Wangchuk to a government hospital and provide medically supervised treatment, including force-feeding if required. Wangchuk joined protests demanding Union education minister Dharmendra Pradhan's resignation over alleged irregularities in NEET and other competitive examinations. Organisers claim he has lost around 8.5 kg since beginning the fast."
10fb221473bc873b_p010,10fb221473bc873b,EVT_00504,the_times_of_india,2026-07-15 18:32:00,"Read full storyMadan Mitra quits Mamata camp, joins Ritabrata Banerjee-led rebel TMC faction"
10fb221473bc873b_p011,10fb221473bc873b,EVT_00504,the_times_of_india,2026-07-15 18:32:00,"Trinamool Congress MLA Madan Mitra resigned from the Mamata Banerjee-led faction and joined the rebel TMC camp headed by Ritabrata Banerjee, adding to a series of defections from the former chief minister's camp."
10fb221473bc873b_p012,10fb221473bc873b,EVT_00504,the_times_of_india,2026-07-15 18:32:00,"Speaking after switching sides, Mitra criticised Abhishek Banerjee, alleging that the party had become centred around one individual despite facing a political crisis. The development came a day after the Enforcement Directorate summoned Mitra's wife and two sons in connection with its money laundering probe into the alleged West Bengal municipal recruitment scam."
10fb221473bc873b_p013,10fb221473bc873b,EVT_00504,the_times_of_india,2026-07-15 18:32:00,Read full storyCabinet approves seven major projects worth Rs 2.19 lakh crore
10fb221473bc873b_p014,10fb221473bc873b,EVT_00504,the_times_of_india,2026-07-15 18:32:00,"The Union Cabinet approved seven major decisions covering infrastructure, semiconductor manufacturing, mobile phone production, fertiliser and railway projects, with a combined outlay of Rs 2,19,353 crore."
10fb221473bc873b_p015,10fb221473bc873b,EVT_00504,the_times_of_india,2026-07-15 18:32:00,"The package includes the Semicon 2.0 Mission, the Mobile Phone Manufacturing Scheme and the National Investment Policy for Urea-2026. The Cabinet also cleared major infrastructure projects in Varanasi, including new road corridors and approved railway expansion works in Odisha and Jharkhand. The decisions were announced after the Cabinet and CCEA meeting chaired by Prime Minister Narendra Modi."
10fb221473bc873b_p016,10fb221473bc873b,EVT_00504,the_times_of_india,2026-07-15 18:32:00,"Read full storyUS launches fresh strikes on Iran, targets military sites near Strait of Hormuz"
10fb221473bc873b_p017,10fb221473bc873b,EVT_00504,the_times_of_india,2026-07-15 18:32:00,"The United States launched another wave of strikes against Iran, targeting military infrastructure on Greater Tunb Island and other coastal locations near the Strait of Hormuz."
10fb221473bc873b_p018,10fb221473bc873b,EVT_00504,the_times_of_india,2026-07-15 18:32:00,"According to US Central Command (CENTCOM), the attacks targeted coastal defence systems, missile launch sites, drones and naval capabilities to reduce Iran's ability to threaten commercial shipping. The latest strikes came hours after an earlier seven-hour military operation against Iranian targets. The escalation continues despite a ceasefire agreement signed in June, with tensions remaining high after recent attacks on commercial vessels."
10fb221473bc873b_p019,10fb221473bc873b,EVT_00504,the_times_of_india,2026-07-15 18:32:00,"Read full storyICC approves new ODI, T20 World Cup formats ahead of 2028 tournament"
10fb221473bc873b_p020,10fb221473bc873b,EVT_00504,the_times_of_india,2026-07-15 18:32:00,"The International Cricket Council (ICC) has approved major changes to the formats of the men's ODI and T20 World Cups, introducing new competition structures aimed at making matches more competitive from the opening stages."
10fb221473bc873b_p021,10fb221473bc873b,EVT_00504,the_times_of_india,2026-07-15 18:32:00,"The 14-team ODI World Cup will feature a three-stage format before the semi-finals, while the 20-team T20 World Cup will include a new Super 10 stage followed by eliminators. The ICC Board also approved the qualification pathway for the 2028 Men's T20 World Cup during its annual meeting held in Edinburgh."
48be9fff8b25a8ba_p001,48be9fff8b25a8ba,EVT_00506,the_times_of_india,2026-07-15 16:11:00,"NEW DELHI: A ransomware group has published thousands of files allegedly linked to India's largest nuclear power plant, Kudankulam, in what experts warn could pose a ""serious"" risk to the facility's safety."
48be9fff8b25a8ba_p002,48be9fff8b25a8ba,EVT_00506,the_times_of_india,2026-07-15 16:11:00,"The hacker group World Leaks posted on the dark web what it claims are more than 19,000 sensitive files related to the Kudankulam Nuclear Power Plant in Tamil Nadu. The documents are part of a larger cache of approximately 858,000 files allegedly stolen from Reliance Group, one of the contractors involved in the project."
48be9fff8b25a8ba_p003,48be9fff8b25a8ba,EVT_00506,the_times_of_india,2026-07-15 16:11:00,"Reliance Group confirmed a ""partial breach"" of its data on a server hosted by third-party Indian data centre provider Yotta, to Reuters. They added that the government had been informed. The company did not disclose what data had been breached."
48be9fff8b25a8ba_p004,48be9fff8b25a8ba,EVT_00506,the_times_of_india,2026-07-15 16:11:00,"Reuters reviewed the leaked documents, dated from 2016 to mid-2025 , but could not verify their authenticity. The files reportedly include engineering blueprints for ventilation and cooling systems, floor layouts of a common control room, equipment inspection reports, supplier lists and vendor proposals, meeting records and insurance policies."
48be9fff8b25a8ba_p005,48be9fff8b25a8ba,EVT_00506,the_times_of_india,2026-07-15 16:11:00,"The documents primarily relate to Units 3 and 4 of the Kudankulam plant, which are currently under construction and expected to be operational by 2027. They do not appear to include designs for the nuclear reactors’ core systems, which are supplied by Russia's state-owned Rosatom."
48be9fff8b25a8ba_p006,48be9fff8b25a8ba,EVT_00506,the_times_of_india,2026-07-15 16:11:00,Experts warn of security risks
48be9fff8b25a8ba_p007,48be9fff8b25a8ba,EVT_00506,the_times_of_india,2026-07-15 16:11:00,"Nickolas Roth, a senior director at the Nuclear Threat Initiative, said the data breach could pose a ""serious"" risk to the plant's safety. ""They could show an adversary not just who has access to the project but which systems that access reaches,"" he told Reuters."
48be9fff8b25a8ba_p008,48be9fff8b25a8ba,EVT_00506,the_times_of_india,2026-07-15 16:11:00,"Although no evidence suggests that operational reactor systems were compromised, cybersecurity experts say the leaked information could still be valuable to hostile actors. Attackers could potentially exploit vulnerabilities within associated infrastructure or third-party suppliers."
48be9fff8b25a8ba_p009,48be9fff8b25a8ba,EVT_00506,the_times_of_india,2026-07-15 16:11:00,"India's Computer Emergency Response Team is investigating the breach alongside the Nuclear Power Corporation of India, according to a source familiar with the matter. Yotta, the data centre provider, said it detected suspicious activity on a server on May 29 and that the suspected ransomware execution was prevented, but Reliance Infrastructure later informed it of claims of a data breach."
48be9fff8b25a8ba_p010,48be9fff8b25a8ba,EVT_00506,the_times_of_india,2026-07-15 16:11:00,"Neither the Department of Atomic Energy nor the Prime Minister's Office publicly commented on the investigation conducted by Reuters. World Leaks, which has previously targeted Tata Group and Nike, did not respond to requests for comment."
48be9fff8b25a8ba_p011,48be9fff8b25a8ba,EVT_00506,the_times_of_india,2026-07-15 16:11:00,"The incident comes amid growing concerns over cybersecurity across India's critical infrastructure. According to cybersecurity company Surfshark, India recorded 28.9 million compromised accounts last year, making it one of the countries most affected by data breaches globally."
48be9fff8b25a8ba_p012,48be9fff8b25a8ba,EVT_00506,the_times_of_india,2026-07-15 16:11:00,"A recent industry survey found that 73% of Indian organisations surveyed were ""unaware if they have ever been attacked"" while 57% lack cyber hygiene practices."
48be9fff8b25a8ba_p013,48be9fff8b25a8ba,EVT_00506,the_times_of_india,2026-07-15 16:11:00,Do you believe that the leaked documents pose a significant threat to national security?
48be9fff8b25a8ba_p014,48be9fff8b25a8ba,EVT_00506,the_times_of_india,2026-07-15 16:11:00,3k+ users shared opinion today
48be9fff8b25a8ba_p015,48be9fff8b25a8ba,EVT_00506,the_times_of_india,2026-07-15 16:11:00,3k+ users shared opinion today
59fd77b9e4dfb427_p001,59fd77b9e4dfb427,EVT_00506,hindustan_times,2026-07-15 13:26:23,"PM Modi hails ‘significant moment’ as India-UK trade deal, social security agreement come into effect"
59fd77b9e4dfb427_p002,59fd77b9e4dfb427,EVT_00506,hindustan_times,2026-07-15 13:26:23,"Describing it as a ""significant moment,"" PM Modi emphasized that dual agreements would translate high-level diplomatic ambition into ""tangible opportunities,"""
59fd77b9e4dfb427_p003,59fd77b9e4dfb427,EVT_00506,hindustan_times,2026-07-15 13:26:23,Prime Minister Narendra Modi on Wednesday hailed the formal commencement of the India-United Kingdom Comprehensive Economic and Trade Agreement (CETA) and a landmark Social Security Agreement.
59fd77b9e4dfb427_p004,59fd77b9e4dfb427,EVT_00506,hindustan_times,2026-07-15 13:26:23,"Describing it as a ""significant moment,"" the Prime Minister emphasized that dual agreements would translate high-level diplomatic ambition into ""tangible opportunities,"" particularly for India's agrarian sector and small businesses."
59fd77b9e4dfb427_p005,59fd77b9e4dfb427,EVT_00506,hindustan_times,2026-07-15 13:26:23,"In a post on X, PM Modi said the two agreements will make economic linkages ""even deeper"" and ""translate our shared ambition into tangible opportunities for our people."""
59fd77b9e4dfb427_p006,59fd77b9e4dfb427,EVT_00506,hindustan_times,2026-07-15 13:26:23,"""This is a significant moment in the India-United Kingdom partnership! With the coming into force of the Comprehensive Economic and Trade Agreement and the Agreement on Social Security, our economic linkages are going to get even deeper. Together, these agreements translate our shared ambition into tangible opportunities for our people. The CETA will give fresh momentum to our farmers, entrepreneurs and MSMEs. Several vibrant sectors will gain stronger access to the UK market. It will also deepen cooperation in technology, professional services and innovation, while supporting greater mobility for skilled Indian talent,"" PM Modi said."
59fd77b9e4dfb427_p007,59fd77b9e4dfb427,EVT_00506,hindustan_times,2026-07-15 13:26:23,"PM Modi noted that the social security agreement will ""provide invaluable support to Indian professionals working temporarily in the UK and strengthen the competitiveness of Indian enterprises."""
59fd77b9e4dfb427_p008,59fd77b9e4dfb427,EVT_00506,hindustan_times,2026-07-15 13:26:23,"""The social security agreement will provide invaluable support to Indian professionals working temporarily in the UK and strengthen the competitiveness of Indian enterprises. This moment reflects the trust between our democracies and our resolve to build a forward-looking partnership driven by trade, technology, investment and innovation. India and the UK will continue working together for shared prosperity,"" PM Modi added."
59fd77b9e4dfb427_p009,59fd77b9e4dfb427,EVT_00506,hindustan_times,2026-07-15 13:26:23,"The India-UK Comprehensive Economic and Trade Agreement (CETA) and the concurrent Agreement on Social Security officially entered into force today, establishing a new framework for bilateral commerce."
59fd77b9e4dfb427_p010,59fd77b9e4dfb427,EVT_00506,hindustan_times,2026-07-15 13:26:23,"Union Minister of Commerce and Industry Piyush Goyal announced the development and in a social media post, noted that the agreement delivers zero-duty market access for nearly 99 per cent of India's exports and covers almost 100 per cent of the total trade value. The deal is expected to expand avenues for multiple domestic industries, including labor-intensive sectors, small businesses, and professional services."
59fd77b9e4dfb427_p011,59fd77b9e4dfb427,EVT_00506,hindustan_times,2026-07-15 13:26:23,"""Today marks a defining milestone in India-UK ties,"" Goyal stated. ""Under the dynamic leadership of Hon'ble PM @NarendraModi ji, the India-UK Comprehensive Economic and Trade Agreement (CETA) and the Agreement on Social Security, have come into force, delivering zero-duty market access for nearly 99% of India's exports, covering almost 100% of trade value."""
59fd77b9e4dfb427_p012,59fd77b9e4dfb427,EVT_00506,hindustan_times,2026-07-15 13:26:23,"According to the details shared by the Minister, the pact eliminates tariffs on labour-intensive sectors such as textiles, clothing, leather, gems and jewellery, engineering goods, chemicals, electronics, marine products, furniture, and sports goods."
59fd77b9e4dfb427_p013,59fd77b9e4dfb427,EVT_00506,hindustan_times,2026-07-15 13:26:23,"For the agricultural sector, the agreement provides zero-duty access to all products, with specific exclusions for chicken, pork, eggs, rice, and sugar. It also grants duty-free entry to 97.1 per cent of tariff lines for processed food products, offering Indian exporters an immediate edge in the UK's global agricultural import market, which exceeds USD 90 billion."
59fd77b9e4dfb427_p014,59fd77b9e4dfb427,EVT_00506,hindustan_times,2026-07-15 13:26:23,"Goyal emphasized the broad sector impact, stating, ""The India UK FTA creates unprecedented opportunities for our textiles, leather, gems & jewellery, engineering goods, marine products, chemicals, processed foods, MSMEs, farmers and manufacturers. It also opens new frontiers for our IT, professional, financial, education and business services sectors, while expanding mobility for Indian talent."""
59fd77b9e4dfb427_p015,59fd77b9e4dfb427,EVT_00506,hindustan_times,2026-07-15 13:26:23,"The accompanying Agreement on Social Security exempts temporary Indian workers and their employers from contributing to the UK's National Insurance Contribution for up to five years. This provision is projected to benefit over 75,000 professionals and 900 companies across the IT, financial, healthcare, education, telecommunication, and consultancy sectors."
59fd77b9e4dfb427_p016,59fd77b9e4dfb427,EVT_00506,hindustan_times,2026-07-15 13:26:23,"Furthermore, the pact introduces dedicated annual mobility quotas for 1,800 Indian chefs, yoga instructors, and classical musicians, spanning 137 sub-sectors."
59fd77b9e4dfb427_p017,59fd77b9e4dfb427,EVT_00506,hindustan_times,2026-07-15 13:26:23,"Regarding the workforce benefits, Goyal noted, ""The Agreement on Social Security further strengthens this partnership by exempting Indian professionals on temporary assignments from double social security contributions for up to 5 years, enhancing the global competitiveness of our workforce."""
59fd77b9e4dfb427_p018,59fd77b9e4dfb427,EVT_00506,hindustan_times,2026-07-15 13:26:23,"The Minister expressed appreciation for his counterpart, UK Secretary of State for Business and Trade Peter Kyle, and both negotiating teams for their commitment to finalising the deal."
59fd77b9e4dfb427_p019,59fd77b9e4dfb427,EVT_00506,hindustan_times,2026-07-15 13:26:23,"""I thank my friend and counterpart @PeterKyle, and both negotiating teams, for their commitment in bringing this transformational agreement to fruition. Together, we remain committed to building a resilient, innovation-driven partnership that will drive growth, investment and shared prosperity for generations to come."" (ANI)"
7f0cf56f146b0615_p001,7f0cf56f146b0615,EVT_00496,the_times_of_india,2026-07-15 17:58:00,"Election Commission (EC) on Wednesday released a revised schedule for the Special Intensive Revision (SIR) of electoral rolls in six states, updating the dates for draft publication and final electoral rolls."
7f0cf56f146b0615_p002,7f0cf56f146b0615,EVT_00496,the_times_of_india,2026-07-15 17:58:00,"The revised schedule covers Delhi, Karnataka, Telangana, Punjab, Haryana and Andhra Pradesh. The exercise is being carried out with different qualifying dates for voters in each state."
7f0cf56f146b0615_p003,7f0cf56f146b0615,EVT_00496,the_times_of_india,2026-07-15 17:58:00,"For Delhi, where the qualifying date is July 1, the draft electoral roll will now be published on August 17, while the final electoral roll will be published on October 19."
7f0cf56f146b0615_p004,7f0cf56f146b0615,EVT_00496,the_times_of_india,2026-07-15 17:58:00,"The same schedule will apply to Karnataka, where the qualifying date is October 1. The draft roll will be published on August 17 and the final roll on October 19."
7f0cf56f146b0615_p005,7f0cf56f146b0615,EVT_00496,the_times_of_india,2026-07-15 17:58:00,"For Telangana, also with a qualifying date of October 1, the draft electoral roll will be published on August 10, while the final roll will be released on October 12."
7f0cf56f146b0615_p006,7f0cf56f146b0615,EVT_00496,the_times_of_india,2026-07-15 17:58:00,"In Punjab, where the qualifying date is October 1, the draft electoral roll will be published on August 13 and the final roll on October 12."
7f0cf56f146b0615_p007,7f0cf56f146b0615,EVT_00496,the_times_of_india,2026-07-15 17:58:00,"For Haryana and Andhra Pradesh, both with a qualifying date of July 1, the draft electoral rolls will now be published on July 31, while the final electoral rolls will be released on October 3."
7f0cf56f146b0615_p008,7f0cf56f146b0615,EVT_00496,the_times_of_india,2026-07-15 17:58:00,"The revised schedule follows the Election Commission's earlier decision to extend the ongoing SIR exercise in Andhra Pradesh and Haryana by 10 days, allowing voters more time to submit their enumeration forms."
7f0cf56f146b0615_p009,7f0cf56f146b0615,EVT_00496,the_times_of_india,2026-07-15 17:58:00,"Under the extension, booth level officers (BLOs) will continue house-to-house visits until July 24 to collect enumeration forms. Earlier, the deadline had been set for July 14."
7f0cf56f146b0615_p010,7f0cf56f146b0615,EVT_00496,the_times_of_india,2026-07-15 17:58:00,"The EC had also revised the timeline for claims and objections in these two states. Voters can now file claims and objections between July 31 and August 30, while their disposal will continue until September 28. The final electoral rolls for both states will be published on October 3, instead of the earlier scheduled date of September 22."
7f0cf56f146b0615_p011,7f0cf56f146b0615,EVT_00496,the_times_of_india,2026-07-15 17:58:00,"The poll panel has said the Special Intensive Revision aims to update electoral rolls by including eligible voters and removing duplicate, deceased, shifted, absent and foreign voters. The Phase 3 SIR exercise is currently underway in 16 states and three Union Territories."
7f0cf56f146b0615_p012,7f0cf56f146b0615,EVT_00496,the_times_of_india,2026-07-15 17:58:00,The Election Commission has also made it mandatory for new applicants seeking inclusion in the electoral rolls through Form 6 to provide details related to their parents' SIR records.
7f0cf56f146b0615_p013,7f0cf56f146b0615,EVT_00496,the_times_of_india,2026-07-15 17:58:00,"According to EC officials, the declaration will help map electors more efficiently and reduce the number of supporting documents required from new voters. Officials said applicants using the online Form 6 portal will not be able to complete their application without filling in the declaration."
db0bf8f6a65738b4_p001,db0bf8f6a65738b4,EVT_00534,the_times_of_india,2026-07-15 14:03:00,NEW DELHI: Cockroach Janata Party announced a one-day mass hunger strike on July 16 in solidarity with
db0bf8f6a65738b4_p002,db0bf8f6a65738b4,EVT_00534,the_times_of_india,2026-07-15 14:03:00,Sonam Wangchuk who is on a indefinite fast against examination irregularities and NEET paper leak.
db0bf8f6a65738b4_p003,db0bf8f6a65738b4,EVT_00534,the_times_of_india,2026-07-15 14:03:00,"""Tomorrow, July 16th, join us for 1-day mass hunger strike in solidarity with Sonam Wangchuk and the students of this country,"" the party said in a post on X."
db0bf8f6a65738b4_p004,db0bf8f6a65738b4,EVT_00534,the_times_of_india,2026-07-15 14:03:00,This comes as Wangchuk's health continued to deteriorate as the hunger strike entered Day 18.
db0bf8f6a65738b4_p005,db0bf8f6a65738b4,EVT_00534,the_times_of_india,2026-07-15 14:03:00,"CJP founder Abhijeet Dipke has said Wangchuk has been losing muscle mass and is in ""immense pain"", adding the activist has lost 8.5 kg since the beginning of his fast."
db0bf8f6a65738b4_p006,db0bf8f6a65738b4,EVT_00534,the_times_of_india,2026-07-15 14:03:00,"The Cockroach Janta Party (CJP), which has been protesting at Jantar Mantar for the past 25 days over the NEET issue, unveiled a five-point examination reform charter and claimed that support for its agitation was growing across political parties."
db0bf8f6a65738b4_p007,db0bf8f6a65738b4,EVT_00534,the_times_of_india,2026-07-15 14:03:00,"Earlier in the day, a plea was filed in the"
db0bf8f6a65738b4_p008,db0bf8f6a65738b4,EVT_00534,the_times_of_india,2026-07-15 14:03:00,Delhi high court seeking to force-feed activist Sonam Wangchuk and shift the activist to a government hospital
db0bf8f6a65738b4_p009,db0bf8f6a65738b4,EVT_00534,the_times_of_india,2026-07-15 14:03:00,"According to the petition, Wangchuk's condition has worsened significantly, and he could lose his life within two days if the hunger strike continues. It urged the court to intervene immediately, arguing that saving his life is of paramount importance."
db0bf8f6a65738b4_p010,db0bf8f6a65738b4,EVT_00534,the_times_of_india,2026-07-15 14:03:00,"The petition argued that the authorities should shift Wangchuk to a government hospital and, if necessary, administer a medically supervised liquid diet containing essential nutrients, vitamins and minerals to prevent his condition from worsening. It maintained that such intervention, even if carried out against his wishes, was necessary to preserve his life."
db0bf8f6a65738b4_p011,db0bf8f6a65738b4,EVT_00534,the_times_of_india,2026-07-15 14:03:00,"""The simple thing to be done is to take him to a government hospital and force feed him the necessary nutrients, vitamins and minerals by way of a liquid diet which are necessary for the human body to survive,"" it said."
d033b6cb5cf7134c_p001,d033b6cb5cf7134c,EVT_00534,theprint,2026-07-15 14:55:37,"New Delhi: As Sonam Wangchuk’s hunger strike enters its third week, more opposition parties have thrown their weight behind the Cockroach Janta Party’s (CJP’s) agitation over exam paper leaks and recruitment failures, turning it into a wider campaign against the Centre. The Congress, however, remains the only major opposition party yet to officially endorse the movement, even as some of its leaders have expressed solidarity."
d033b6cb5cf7134c_p002,d033b6cb5cf7134c,EVT_00534,theprint,2026-07-15 14:55:37,"Among the parties that have backed the agitation are the Aam Aadmi Party (AAP), Samajwadi Party (SP), Shiv Sena (UBT), Trinamool Congress (TMC), CPI, CPI(ML)-Liberation and the Rashtriya Janata Dal (RJD). Leaders from the DMK have also visited the protest site, while delegations from the Left parties, AAP, SP and TMC have met protesters at Jantar Mantar."
d033b6cb5cf7134c_p003,d033b6cb5cf7134c,EVT_00534,theprint,2026-07-15 14:55:37,"The Congress leadership, however, has kept its distance. Congress general secretary Jairam Ramesh told ThePrint, “We are a political party. Movements come and movements go, but you need to be serious players in the political system. We have nothing against them, but they are not a political party.”"
d033b6cb5cf7134c_p004,d033b6cb5cf7134c,EVT_00534,theprint,2026-07-15 14:55:37,"A Congress office-bearer, speaking on condition of anonymity, said the party saw little reason to share the stage with the CJP. “Until a few months ago, (CJP founder Abhijeet) Dipke was criticising Rahul Gandhi. Why should we suddenly support his movement? Congress has already started ‘Chhatron Ki Goonj’, which is raising the same issues on a much bigger scale. So why should we share the stage?”"
d033b6cb5cf7134c_p005,d033b6cb5cf7134c,EVT_00534,theprint,2026-07-15 14:55:37,"The leader also questioned the CJP’s future. “Dipke comes from AAP. How do we know this will not become AAP 2.0? If that happens, it will go against our own politics.”"
d033b6cb5cf7134c_p006,d033b6cb5cf7134c,EVT_00534,theprint,2026-07-15 14:55:37,"Another Congress leader, also requesting anonymity, said the protest was now largely backed by Left student organisations, making the party wary of joining it. “If we support the protest, it could create confusion about our own political stand,”"
d033b6cb5cf7134c_p007,d033b6cb5cf7134c,EVT_00534,theprint,2026-07-15 14:55:37,"Professor Chandrachud Singh of the University of Delhi said the Congress wants to be seen as the primary political voice for young people. “The party believes it should lead the youth movement, especially through Rahul Gandhi’s Chhatron Ki Goonj campaign. It does not want to share that space with another group because it wants to consolidate young voters.”"
d033b6cb5cf7134c_p008,d033b6cb5cf7134c,EVT_00534,theprint,2026-07-15 14:55:37,Political analyst Rasheed Kidwai said the hesitation was also shaped by the party’s experience during the Anna Hazare movement.
d033b6cb5cf7134c_p009,d033b6cb5cf7134c,EVT_00534,theprint,2026-07-15 14:55:37,"“There is still some distrust because of the Anna Hazare movement. Political parties are naturally cautious, and the CJP currently looks like a broad citizens’ movement. Congress is worried that it could later become a political force,” he added."
d033b6cb5cf7134c_p010,d033b6cb5cf7134c,EVT_00534,theprint,2026-07-15 14:55:37,"Senior Congress MP Shashi Tharoor, however, struck a different note, writing an open letter to protesting students and Wangchuk on X. He urged Wangchuk to end his hunger strike, saying the fast had already succeeded in drawing national attention to the issue, while expressing solidarity with the students’ demands."
d033b6cb5cf7134c_p011,d033b6cb5cf7134c,EVT_00534,theprint,2026-07-15 14:55:37,"Protesters said a local Congress leader had visited the site at Jantar Mantar in his personal capacity, but stressed that he was not representing the party."
d033b6cb5cf7134c_p012,d033b6cb5cf7134c,EVT_00534,theprint,2026-07-15 14:55:37,"The political outreach began after CJP leaders Abhijeet Dipke and Saurav Das wrote to leaders across party lines on 9 and 10 July, inviting them to visit Jantar Mantar and support students demanding accountability over the NEET-UG paper leak and the resignation of Union Education Minister Dharmendra Pradhan. The letters were sent to several leaders, including Rahul Gandhi and BJP president J.P. Nadda."
d033b6cb5cf7134c_p013,d033b6cb5cf7134c,EVT_00534,theprint,2026-07-15 14:55:37,"In a statement issued Tuesday, Das said several leaders had already responded positively, with many visiting the protest site or inviting the delegation for discussions, while the organisation continued to await replies from others."
d033b6cb5cf7134c_p014,d033b6cb5cf7134c,EVT_00534,theprint,2026-07-15 14:55:37,"Former West Bengal Congress president Adhir Ranjan Chowdhury also expressed support, describing Wangchuk’s hunger strike as “a wake-up call for this government” and accusing the Centre of ignoring students affected by paper leaks."
d033b6cb5cf7134c_p015,d033b6cb5cf7134c,EVT_00534,theprint,2026-07-15 14:55:37,"The Congress’s stance has also drawn comments from its INDIA bloc allies. Shiv Sena (UBT) chief Uddhav Thackeray recently urged Rahul Gandhi to visit Jantar Mantar, saying everyone who believed in the country’s youth should stand with the movement."
d033b6cb5cf7134c_p016,d033b6cb5cf7134c,EVT_00534,theprint,2026-07-15 14:55:37,Wangchuk has maintained that leaders across political parties would eventually join the agitation.
d033b6cb5cf7134c_p017,d033b6cb5cf7134c,EVT_00534,theprint,2026-07-15 14:55:37,"AAP national convener Arvind Kejriwal will visit Jantar Mantar on 16 July to express solidarity and has again demanded Dharmendra Pradhan’s resignation while urging Wangchuk to end his fast. Samajwadi Party chief Akhilesh Yadav and West Bengal Chief Minister Mamata Banerjee have also spoken to Wangchuk to express support, while Shiv Sena (UBT) leader Aaditya Thackeray described the issue as one “beyond politics”."
d033b6cb5cf7134c_p018,d033b6cb5cf7134c,EVT_00534,theprint,2026-07-15 14:55:37,The CJP is now preparing for a march to Parliament on 20 July and has appealed to all political parties that have backed the agitation to join what it hopes will be its biggest mobilisation yet.
d033b6cb5cf7134c_p019,d033b6cb5cf7134c,EVT_00534,theprint,2026-07-15 14:55:37,"Also Read: Zeenat Aman, Abhay Deol, Omi Vaidya back Sonam Wangchuk as hunger strike enters Day 17"
8d99ec5d9dca8fd3_p001,8d99ec5d9dca8fd3,EVT_00500,hindustan_times,2026-07-16 12:21:22,Vijay's TVK sacks Tamil Nadu panchayat leader over viral ₹1.3 lakh bribe video
8d99ec5d9dca8fd3_p002,8d99ec5d9dca8fd3,EVT_00500,hindustan_times,2026-07-16 12:21:22,The video shared on social media allegedly shows Veerasamy accepting a bribe of ₹1.30 lakh from a contractor.
8d99ec5d9dca8fd3_p003,8d99ec5d9dca8fd3,EVT_00500,hindustan_times,2026-07-16 12:21:22,Tamil Nadu chief minister C Joseph Vijay's Tamizhaga Vettri Kazhagam (TVK) party on Wednesday sacked Chengalpattu east district joint secretary Veerasamy from the party's primary membership and stripped him of all posts with immediate effect after a video allegedly showing him accepting a bribe surfaced online.
8d99ec5d9dca8fd3_p004,8d99ec5d9dca8fd3,EVT_00500,hindustan_times,2026-07-16 12:21:22,"The action comes just days after Vijay issued a strong message against corruption at a rally in Karur, saying that no one involved in corruption, accepting bribes or abusing power would be allowed to continue such activities in his state."
8d99ec5d9dca8fd3_p005,8d99ec5d9dca8fd3,EVT_00500,hindustan_times,2026-07-16 12:21:22,TVK sacks panchayat leader over viral bribe video
8d99ec5d9dca8fd3_p006,8d99ec5d9dca8fd3,EVT_00500,hindustan_times,2026-07-16 12:21:22,"The video shared on social media allegedly shows Veerasamy, who was also serving as the Mambakkam panchayat union chairman, accepting a bribe of ₹1.30 lakh from a contractor."
8d99ec5d9dca8fd3_p007,8d99ec5d9dca8fd3,EVT_00500,hindustan_times,2026-07-16 12:21:22,BJP Tamil Nadu president Nainar Nagenthran also shared the video on social media while targeting Vijay's government. HT could not independently verify the authenticity of the video.
8d99ec5d9dca8fd3_p008,8d99ec5d9dca8fd3,EVT_00500,hindustan_times,2026-07-16 12:21:22,"He accused the TVK of ""preaching integrity on the surface"" while ""engaging in corruption behind the scenes""."
8d99ec5d9dca8fd3_p009,8d99ec5d9dca8fd3,EVT_00500,hindustan_times,2026-07-16 12:21:22,"A disciplinary order issued on Wednesday by Chengalpattu east district secretary CV Dinakaran said Veerasamy had been removed for ""acting in a manner that brings disrepute"" to the party."
8d99ec5d9dca8fd3_p010,8d99ec5d9dca8fd3,EVT_00500,hindustan_times,2026-07-16 12:21:22,"The expelled TVK worker has now been arrested in Chengalpattu for allegedly extorting ₹1.30 lakh, visuals shared by news agency PTI showed."
8d99ec5d9dca8fd3_p011,8d99ec5d9dca8fd3,EVT_00500,hindustan_times,2026-07-16 12:21:22,A bilingual anti-corruption notice
8d99ec5d9dca8fd3_p012,8d99ec5d9dca8fd3,EVT_00500,hindustan_times,2026-07-16 12:21:22,"The Tamil Nadu government has directed all public offices, boards and state-run corporations to prominently display bilingual anti-corruption notice boards."
8d99ec5d9dca8fd3_p013,8d99ec5d9dca8fd3,EVT_00500,hindustan_times,2026-07-16 12:21:22,"The boards will feature an anti-bribery message along with direct contact details, including a dedicated WhatsApp number, for the directorate of vigilance and anti-corruption (DVAC)."
8d99ec5d9dca8fd3_p014,8d99ec5d9dca8fd3,EVT_00500,hindustan_times,2026-07-16 12:21:22,"The move comes after audits that allegedly found several government departments had failed to comply with similar anti-corruption directions issued over the past 12 years, according to an official statement."
8d99ec5d9dca8fd3_p015,8d99ec5d9dca8fd3,EVT_00500,hindustan_times,2026-07-16 12:21:22,"The latest order brings together earlier regulatory instructions to address compliance gaps, the official statement said. Additional chief secretaries, principal secretaries, secretaries, heads of departments and all district collectors have been instructed to ensure full implementation within their respective jurisdictions."
8d99ec5d9dca8fd3_p016,8d99ec5d9dca8fd3,EVT_00500,hindustan_times,2026-07-16 12:21:22,"The bilingual notice boards will carry the slogan ""Bribe giving and receiving is an offence"", along with the contact details of the DVAC, enabling people to report bribery-related complaints."
8d99ec5d9dca8fd3_p017,8d99ec5d9dca8fd3,EVT_00500,hindustan_times,2026-07-16 12:21:22,"To encourage immediate reporting of corrupt practices, the newly introduced boards will prominently display the message: ""Bribe giving and receiving is an offence”, the statement said."
8d99ec5d9dca8fd3_p018,8d99ec5d9dca8fd3,EVT_00500,hindustan_times,2026-07-16 12:21:22,"The directive also covers digital platforms. All government offices, local bodies and public sector undertakings have been instructed to include the anti-corruption message across their online platforms."
8d99ec5d9dca8fd3_p019,8d99ec5d9dca8fd3,EVT_00500,hindustan_times,2026-07-16 12:21:22,"Department websites must now display the anti-bribery warning along with a direct hyperlink to the DVAC’s main portal. To ensure the instructions are implemented, the government has also deployed ground-level monitoring teams, the statement added."
8d99ec5d9dca8fd3_p020,8d99ec5d9dca8fd3,EVT_00500,hindustan_times,2026-07-16 12:21:22,"- ABOUT THE AUTHORHT News DeskFollow the latest breaking news, major developments and agenda-setting stories from India and around the world with the newsdesk at Hindustan Times. Operating round the clock, the desk brings together experienced editors, reporters and correspondents to deliver fast, accurate and contextual reporting across subjects that influence public policy, governance, business, society and international affairs."
8d99ec5d9dca8fd3_p021,8d99ec5d9dca8fd3,EVT_00500,hindustan_times,2026-07-16 12:21:22,"The HT News Desk covers politics, elections, government policies, the economy, business and markets, science and technology, the environment, law and order, infrastructure, education, climate issues and geopolitics, while closely tracking developments across states, institutions and global capitals. The team also leads coverage of major breaking news events, policy announcements, court proceedings, natural disasters, public emergencies and significant international developments."
8d99ec5d9dca8fd3_p022,8d99ec5d9dca8fd3,EVT_00500,hindustan_times,2026-07-16 12:21:22,"Reports published by the newsdesk are based on information gathered from reporters on the ground, official statements, government agencies, court records, regulatory filings, recognised institutions and other authoritative sources. Stories undergo editorial scrutiny and verification processes to ensure accuracy, fairness and relevance, and are updated as events evolve and additional information becomes available."
8d99ec5d9dca8fd3_p023,8d99ec5d9dca8fd3,EVT_00500,hindustan_times,2026-07-16 12:21:22,"Whether covering a key political decision in New Delhi, an economic policy shift affecting millions, a landmark court ruling or a major global event, the HT News Desk aims to provide readers with reliable, fact-based journalism that delivers not only the latest developments but also the context and analysis needed to understand their wider implications.Read More"
90fa294c648a6500_p001,90fa294c648a6500,EVT_00685,the_times_of_india,2026-07-16 14:48:00,NEW DELHI: Congress on Thursday said it would strongly oppose the proposed Delimitation Bill if the Centre reintroduces it during the upcoming
90fa294c648a6500_p002,90fa294c648a6500,EVT_00685,the_times_of_india,2026-07-16 14:48:00,Monsoon Session of Parliament.
90fa294c648a6500_p003,90fa294c648a6500,EVT_00685,the_times_of_india,2026-07-16 14:48:00,"The party also said it would hold the Narendra Modi government accountable on a range of issues, including alleged corruption, paper leaks, rising prices, foreign policy and the Ayodhya Ram temple donation controversy."
90fa294c648a6500_p004,90fa294c648a6500,EVT_00685,the_times_of_india,2026-07-16 14:48:00,The decision was taken at a meeting of the Congress Parliamentary Strategy Group chaired by Congress Parliamentary Party chief
90fa294c648a6500_p005,90fa294c648a6500,EVT_00685,the_times_of_india,2026-07-16 14:48:00,Sonia Gandhi. Congress president
90fa294c648a6500_p006,90fa294c648a6500,EVT_00685,the_times_of_india,2026-07-16 14:48:00,"Mallikarjun Kharge, leader of opposition Rahul Gandhi and other senior leaders attended the meeting to finalise the party's strategy for the Monsoon Session."
90fa294c648a6500_p007,90fa294c648a6500,EVT_00685,the_times_of_india,2026-07-16 14:48:00,"Sharing a post on X, Kharge outlined the issues the Congress plans to raise in Parliament. ""Chanda Chori - Astha se Dhoka, Paper leaks and the systemic corrosion of education system, institutional capture, breaking of political parties, multiple scams and charges of corruption, backbreaking price rise, foreign policy failures and strategic blunders, the imposition of ethanol blending on 3.5 crore vehicle owners, unbridled deforestation, and the continued assault on the rights of SCs, STs, OBCs and minorities are among the critical issues on which the Congress Party will hold the Modi Govt accountable during the forthcoming Monsoon Session of Parliament,"" he said."
90fa294c648a6500_p008,90fa294c648a6500,EVT_00685,the_times_of_india,2026-07-16 14:48:00,"Addressing a press conference after the meeting, Congress general secretary Jairam Ramesh said the party had reviewed the bills likely to be introduced during the session, though it was still awaiting the government's official legislative agenda."
90fa294c648a6500_p009,90fa294c648a6500,EVT_00685,the_times_of_india,2026-07-16 14:48:00,"""We have heard that the Home Minister is trying to reintroduce the Delimitation Bill, which failed to get a two-thirds majority for the government on April 17, marking a significant defeat."
90fa294c648a6500_p010,90fa294c648a6500,EVT_00685,the_times_of_india,2026-07-16 14:48:00,"They want to bring that bill back,"" he said."
90fa294c648a6500_p011,90fa294c648a6500,EVT_00685,the_times_of_india,2026-07-16 14:48:00,"Reiterating the party's stand, Jairam said, ""Congress Party's stand has always been clear: we will strongly oppose the Delimitation Bill and continue to do so. We will make every effort to maintain unity among all opposition parties."""
90fa294c648a6500_p012,90fa294c648a6500,EVT_00685,the_times_of_india,2026-07-16 14:48:00,He alleged that the government was attempting to secure the required numbers by engineering splits in opposition parties.
90fa294c648a6500_p013,90fa294c648a6500,EVT_00685,the_times_of_india,2026-07-16 14:48:00,"""It is true that since April 17, the home minister has engineered splits in one or two opposition parties. This is an insult to the Constitution. They are cunningly trying to secure a two-thirds majority. Obtaining a two-thirds majority through such cunning tactics and by breaking up other parties is an affront to the Constitution; it would be a tainted majority. Although there is no possibility of them securing a two-thirds majority in the Lok Sabha,"" the Cong leader said."
90fa294c648a6500_p014,90fa294c648a6500,EVT_00685,the_times_of_india,2026-07-16 14:48:00,The Congress party also reiterated its support for women's reservation while opposing any attempt to link it with delimitation.
90fa294c648a6500_p015,90fa294c648a6500,EVT_00685,the_times_of_india,2026-07-16 14:48:00,"""Introduce a provision for women's reservation, and we will extend our full support. However, the delimitation bill that was tabled while labelled as a women's reservation act was actually a dangerous delimitation bill introduced under the guise of women's reservation,"" Jairam said."
90fa294c648a6500_p016,90fa294c648a6500,EVT_00685,the_times_of_india,2026-07-16 14:48:00,"He said that the party would also oppose the proposed Viksit Bharat Shiksha Adhishthan Bill, 2025, amendments to the Foreign Contribution (Regulation) Act (FCRA) and changes to the National Food Security Act (NFSA), 2013."
90fa294c648a6500_p017,90fa294c648a6500,EVT_00685,the_times_of_india,2026-07-16 14:48:00,"""We will also oppose the 'Viksit Bharat Shiksha Adhishthan Bill'... There is also a possibility of the FCRA Bill coming up; we will oppose that as well... We are not in favour of amendments to the National Food Security Act and will strongly oppose them,"" he added."
90fa294c648a6500_p018,90fa294c648a6500,EVT_00685,the_times_of_india,2026-07-16 14:48:00,"Ramesh said the party would seek discussions on several issues during the session, including the alleged misuse of donations at the Ram temple in Ayodhya, the NEET paper leak, ethanol-blended fuel and foreign policy."
90fa294c648a6500_p019,90fa294c648a6500,EVT_00685,the_times_of_india,2026-07-16 14:48:00,"""There are other issues we intend to raise specifically, the theft of donations and the betrayal of faith. Regarding the Lord Shri Ram temple, new revelations are surfacing daily. We will certainly raise the issue of the scandal orchestrated by the BJP and RSS in Ayodhya. There is also the issue of NEET... The third issue, as you know, is the E20 scam, which implicates several senior BJP leaders and their sons; we will certainly demand a discussion on this,"" the leader said."
90fa294c648a6500_p020,90fa294c648a6500,EVT_00685,the_times_of_india,2026-07-16 14:48:00,He added that the party would also seek debates on India's relations with China and the United States and the evolving situation in West Asia.
90fa294c648a6500_p021,90fa294c648a6500,EVT_00685,the_times_of_india,2026-07-16 14:48:00,"Ahead of the all-party meeting scheduled for July 19, Ramesh criticised the Centre, calling such meetings a ""formality"" and claiming opposition suggestions were routinely ignored."
90fa294c648a6500_p022,90fa294c648a6500,EVT_00685,the_times_of_india,2026-07-16 14:48:00,"The Monsoon Session of Parliament is scheduled to run from July 20 to August 13. While there has been speculation that the Centre may reintroduce a revised delimitation bill during the session, the government has not yet announced its officially."
8d8f24ee7585c83c_p001,8d8f24ee7585c83c,EVT_00632,india_today,2026-07-16 14:31:49,Actor Koel Mullick quits Rajya Sabha in another jolt to Mamata Banerjee
8d8f24ee7585c83c_p002,8d8f24ee7585c83c,EVT_00632,india_today,2026-07-16 14:31:49,"Koel Mullick, a leading name in Bengali cinema for over two decades, was elected to the Rajya Sabha on a Trinamool ticket just months back. Her resignation in such a short period of time is bound to raise eyebrows."
8d8f24ee7585c83c_p003,8d8f24ee7585c83c,EVT_00632,india_today,2026-07-16 14:31:49,"Popular actor Koel Mallick resigned from the Rajya Sabha on Thursday, dealing another blow to the parliamentary strength of Mamata Banerjee's Trinamool Congress (TMC). It was only four months back that Koel, a leading name in Bengali cinema for over two decades, was elected to the Rajya Sabha on a Trinamool ticket. However, in the season of defections and rebellions for the Trinamool, the fresh move is hardly surprising."
8d8f24ee7585c83c_p004,8d8f24ee7585c83c,EVT_00632,india_today,2026-07-16 14:31:49,"The development comes a day after veteran Trinamool MLA Madan Mitra, Mamata's trusted lieutenant, joined the rebel Trinamool camp led by Ritabrata Banerjee. Koel's move comes on the heels of the resignations of Sukhendu Sekhar Roy, Susmita Dev and Prakash Chik Baraik as TMC Rajya Sabha MPs. The trio later joined the BJP."
8d8f24ee7585c83c_p005,8d8f24ee7585c83c,EVT_00632,india_today,2026-07-16 14:31:49,"Koel, daughter of veteran actor Ranjit Mallick, was nominated to the Rajya Sabha ahead of the Bengal elections along with singer-politician Babul Supriyo, former Bengal DGP Rajeev Kumar, and senior advocate Menaka Guruswamy."
8d8f24ee7585c83c_p006,8d8f24ee7585c83c,EVT_00632,india_today,2026-07-16 14:31:49,"The move to send Koel was widely viewed as an attempt by the Trinamool to leverage her popularity in Bengal. She took oath as Rajya Sabha MP in May, grabbing attention with her traditional white saree with a red border. She took oath in Bangla."
8d8f24ee7585c83c_p007,8d8f24ee7585c83c,EVT_00632,india_today,2026-07-16 14:31:49,"The actor, who has starred on over 40 movies, has not revealed the reason behind her shock resignation in such a short period."
8799c5cbaf3895ce_p001,8799c5cbaf3895ce,EVT_00685,the_times_of_india,2026-07-16 14:01:00,NEW DELHI: The Supreme Court on Thursday expressed apprehension over the Centre's decision to introduce the third-language curriculum under the National Education Policy from Class 9.
8799c5cbaf3895ce_p002,8799c5cbaf3895ce,EVT_00685,the_times_of_india,2026-07-16 14:01:00,"While hearing the Tamil Nadu government's appeal against a Madras high court order directing the state to facilitate the establishment of Jawahar Navodaya Vidyalayas (JNVs) in every district, a bench of Justices BV Nagarathna and R Mahadevan orally asked the Centre to reconsider the policy across all school boards."
8799c5cbaf3895ce_p003,8799c5cbaf3895ce,EVT_00685,the_times_of_india,2026-07-16 14:01:00,"However, the bench was not directly dealing with the issue of the new CBSE policy."
8799c5cbaf3895ce_p004,8799c5cbaf3895ce,EVT_00685,the_times_of_india,2026-07-16 14:01:00,"Another apex court bench, headed by Chief Justice Surya Kant, is already examining challenges to the new CBSE policy and recently refused to stay the notification."
8799c5cbaf3895ce_p005,8799c5cbaf3895ce,EVT_00685,the_times_of_india,2026-07-16 14:01:00,What the top court said- The top court observed that introducing a third language in Class 9 would increase the stress levels of students.
8799c5cbaf3895ce_p006,8799c5cbaf3895ce,EVT_00685,the_times_of_india,2026-07-16 14:01:00,"- The bench suggested that if the new policy is introduced in Class 5 or Class 6, students would be better able to cope with it."
8799c5cbaf3895ce_p007,8799c5cbaf3895ce,EVT_00685,the_times_of_india,2026-07-16 14:01:00,"- ""Union of India, please don't have a third language from Class 9 onwards. It would unnecessarily increase the stress level of students,"" the bench said."
8799c5cbaf3895ce_p008,8799c5cbaf3895ce,EVT_00685,the_times_of_india,2026-07-16 14:01:00,"- ""If you want to introduce a new language, then please do it at the Class 5 or Class 6 level, but not at Class 9. Class 9 is full of stress; it starts from Class 8 onwards,"" it added."
8799c5cbaf3895ce_p009,8799c5cbaf3895ce,EVT_00685,the_times_of_india,2026-07-16 14:01:00,"- ""In our day, students were introduced to Class 10 concepts as early as Class 8... What about today's students? Don't start a new language in Class 9. Start it in Class 6. I'm recalling my experience from 1976,"" Justice Nagarathna said."
8799c5cbaf3895ce_p010,8799c5cbaf3895ce,EVT_00685,the_times_of_india,2026-07-16 14:01:00,- The bench also said that the National Education Policy does not make Hindi compulsory as the third language.
8799c5cbaf3895ce_p011,8799c5cbaf3895ce,EVT_00685,the_times_of_india,2026-07-16 14:01:00,"- ""In middle school, the third language was introduced because that was required for SSLC. It was Kannada for those who had Hindi as their second language, and vice versa. Sanskrit was also there. The earlier, the better,"" she said."
8799c5cbaf3895ce_p012,8799c5cbaf3895ce,EVT_00685,the_times_of_india,2026-07-16 14:01:00,- The top court also advised the Tamil Nadu government not to oppose the Centre's education policy merely because it originated from the Union government.
8799c5cbaf3895ce_p013,8799c5cbaf3895ce,EVT_00685,the_times_of_india,2026-07-16 14:01:00,"- ""You may have your education system, but don't prevent the Central government schools. Don't have this attitude that it is the Union government, so why should we accept it,"" the bench observed."
eaa114193f2aaa67_p001,eaa114193f2aaa67,EVT_00685,deccan_herald,2026-07-16 13:12:30,"<p>The <a href=""https://www.deccanherald.com/tags/supreme-court"">Supreme Court</a> on Thursday expressed concern over the proposed introduction of a third language from Class 9, observing that such a move could add to the academic burden on students. </p><p>A bench of Justices BV Nagarathna and R Mahadevan orally asked the Centre to not introduce a third language in Class 9 level.</p><p>""Union of India please don't have a third language from Class 9 level. It would unnecessarily increase the stress level of students."
eaa114193f2aaa67_p002,eaa114193f2aaa67,EVT_00685,deccan_herald,2026-07-16 13:12:30,"If you want to introduce a new language, then please do it at Class 5 or Class 6 level but not at Class 9 level. Class nine is full of stress, it starts from Class 8 onwards,"" Justice Nagarathna told the counsel, appearing for the Centre, and asked her to convey the feeling of the court to the government.</p>.CBSE: Supreme Court flags student frustration over digital marking system."
eaa114193f2aaa67_p003,eaa114193f2aaa67,EVT_00685,deccan_herald,2026-07-16 13:12:30,<p>The observations came during the hearing of a plea filed by the Tamil Nadu government against a Madras High Court order directing the State to facilitate the establishment of Jawahar Navodaya Vidyalayas (JNVs) in every district.
eaa114193f2aaa67_p004,eaa114193f2aaa67,EVT_00685,deccan_herald,2026-07-16 13:12:30,"The State has long opposed setting up JNVs, citing concerns over the three-language policy followed by the schools.</p>.Supreme Court refuses to stay CBSE’s three-language policy.<p><strong>CBSE's policy pending before SC</strong></p><p>While these observations came during a separate hearing, another SC bench is also hearing a batch of petitions challenging the CBSE's new three-language policy."
eaa114193f2aaa67_p005,eaa114193f2aaa67,EVT_00685,deccan_herald,2026-07-16 13:12:30,"The petitions question the rollout of the policy for students from Classes 6 to 9, citing concerns over the availability of textbooks, trained teachers and the timing of its implementation.</p><p>Earlier this week, a bench headed by Chief Justice of India Surya Kant declined to grant an interim stay on the policy, observing that a detailed hearing was required before any interim relief could be considered."
eaa114193f2aaa67_p006,eaa114193f2aaa67,EVT_00685,deccan_herald,2026-07-16 13:12:30,"The court has sought responses from the Centre and the CBSE, and the matter is scheduled to be heard next on July 22.</p><p>During the hearing, the bench also made a few notable observations on the policy."
eaa114193f2aaa67_p007,eaa114193f2aaa67,EVT_00685,deccan_herald,2026-07-16 13:12:30,"It remarked that ""learning a language never goes waste"" and said the policy appeared to advance the constitutional objective of promoting Hindi and other Indian languages.</p><p>At the same time, the court questioned the terminology used in the policy, observing that the issue of whether English could be considered an indigenous Indian language may require a fresh look.</p>.CBSE clarifies three-language policy, announces relaxations for current students in Classes 7 to 10; here's what changes.<p><strong>Background</strong></p><p>In April 2026, the CBSE announced that it would introduce the three-language policy in phases, beginning with Class 6 from the 2026-27 academic session."
eaa114193f2aaa67_p008,eaa114193f2aaa67,EVT_00685,deccan_herald,2026-07-16 13:12:30,"Students entering Class 6 would study three languages, with at least two being Indian languages, and the policy was to be extended to higher classes over the next four years.</p><p>However, in May, the Board expanded the rollout by introducing the revised language framework for Classes 9 and 10 as well, raising concerns among schools and parents about its implementation.</p><p>Following criticism over the sudden rollout and lack of clarity, the CBSE issued fresh guidelines in June."
eaa114193f2aaa67_p009,eaa114193f2aaa67,EVT_00685,deccan_herald,2026-07-16 13:12:30,"It exempted the current Class 10 batch from the new policy and gave one-time relaxations to students already studying in Classes 7, 8 and 9. For instance, students who were already studying two foreign languages were allowed to continue with them and only add one Indian language, instead of changing their existing language combination.</p>"
eaa114193f2aaa67_p010,eaa114193f2aaa67,EVT_00685,deccan_herald,2026-07-16 13:12:30,"<p>The <a href=""https://www.deccanherald.com/tags/supreme-court"">Supreme Court</a> on Thursday expressed concern over the proposed introduction of a third language from Class 9, observing that such a move could add to the academic burden on students. </p><p>A bench of Justices BV Nagarathna and R Mahadevan orally asked the Centre to not introduce a third language in Class 9 level.</p><p>""Union of India please don't have a third language from Class 9 level. It would unnecessarily increase the stress level of students."
eaa114193f2aaa67_p011,eaa114193f2aaa67,EVT_00685,deccan_herald,2026-07-16 13:12:30,"If you want to introduce a new language, then please do it at Class 5 or Class 6 level but not at Class 9 level. Class nine is full of stress, it starts from Class 8 onwards,"" Justice Nagarathna told the counsel, appearing for the Centre, and asked her to convey the feeling of the court to the government.</p>.CBSE: Supreme Court flags student frustration over digital marking system."
eaa114193f2aaa67_p012,eaa114193f2aaa67,EVT_00685,deccan_herald,2026-07-16 13:12:30,<p>The observations came during the hearing of a plea filed by the Tamil Nadu government against a Madras High Court order directing the State to facilitate the establishment of Jawahar Navodaya Vidyalayas (JNVs) in every district.
eaa114193f2aaa67_p013,eaa114193f2aaa67,EVT_00685,deccan_herald,2026-07-16 13:12:30,"The State has long opposed setting up JNVs, citing concerns over the three-language policy followed by the schools.</p>.Supreme Court refuses to stay CBSE’s three-language policy.<p><strong>CBSE's policy pending before SC</strong></p><p>While these observations came during a separate hearing, another SC bench is also hearing a batch of petitions challenging the CBSE's new three-language policy."
eaa114193f2aaa67_p014,eaa114193f2aaa67,EVT_00685,deccan_herald,2026-07-16 13:12:30,"The petitions question the rollout of the policy for students from Classes 6 to 9, citing concerns over the availability of textbooks, trained teachers and the timing of its implementation.</p><p>Earlier this week, a bench headed by Chief Justice of India Surya Kant declined to grant an interim stay on the policy, observing that a detailed hearing was required before any interim relief could be considered."
eaa114193f2aaa67_p015,eaa114193f2aaa67,EVT_00685,deccan_herald,2026-07-16 13:12:30,"The court has sought responses from the Centre and the CBSE, and the matter is scheduled to be heard next on July 22.</p><p>During the hearing, the bench also made a few notable observations on the policy."
eaa114193f2aaa67_p016,eaa114193f2aaa67,EVT_00685,deccan_herald,2026-07-16 13:12:30,"It remarked that ""learning a language never goes waste"" and said the policy appeared to advance the constitutional objective of promoting Hindi and other Indian languages.</p><p>At the same time, the court questioned the terminology used in the policy, observing that the issue of whether English could be considered an indigenous Indian language may require a fresh look.</p>.CBSE clarifies three-language policy, announces relaxations for current students in Classes 7 to 10; here's what changes.<p><strong>Background</strong></p><p>In April 2026, the CBSE announced that it would introduce the three-language policy in phases, beginning with Class 6 from the 2026-27 academic session."
eaa114193f2aaa67_p017,eaa114193f2aaa67,EVT_00685,deccan_herald,2026-07-16 13:12:30,"Students entering Class 6 would study three languages, with at least two being Indian languages, and the policy was to be extended to higher classes over the next four years.</p><p>However, in May, the Board expanded the rollout by introducing the revised language framework for Classes 9 and 10 as well, raising concerns among schools and parents about its implementation.</p><p>Following criticism over the sudden rollout and lack of clarity, the CBSE issued fresh guidelines in June."
eaa114193f2aaa67_p018,eaa114193f2aaa67,EVT_00685,deccan_herald,2026-07-16 13:12:30,"It exempted the current Class 10 batch from the new policy and gave one-time relaxations to students already studying in Classes 7, 8 and 9. For instance, students who were already studying two foreign languages were allowed to continue with them and only add one Indian language, instead of changing their existing language combination.</p>"
83329ca2f9daec04_p001,83329ca2f9daec04,EVT_00632,deccan_herald,2026-07-16 14:48:38,"<p>In yet another setback for <a href=""https://deccanherald.com/tags/tmc"">Trinamool Congress</a> (TMC) supremo Mamata Banerjee, its MP Koel Mallick has resigned from the Rajya Sabha.</p><p>According to reports, she met Vice President and Rajya Sabha Chairman CP Radhakrishnan and has submitted her resignation.</p>.<p>The development comes a day after senior TMC MLA and Mamata loyalist Madan Mitra joined the rebel camp led by <a href=""https://deccanherald.com/tags/ritabrata-banerjee"">Ritabrata Banerjee</a>, dealing a significant blow to Banerjee's faction."
83329ca2f9daec04_p002,83329ca2f9daec04,EVT_00632,deccan_herald,2026-07-16 14:48:38,"Mitra, however, maintained that he remains a member of the TMC.</p><p>Responding to the growing dissent, Mamata Banerjee alleged that the BJP was using the police and central investigative agencies to intimidate TMC MPs and MLAs to engineer defections. She claimed that party legislators and workers were being threatened with arrest and pressured to either join the rebel camp or face imprisonment.</p>.Another long-term loyalist joins rebel TMC, Mamata still defends Abhishek.<p>""The entire state machinery is being used to break our party."
83329ca2f9daec04_p003,83329ca2f9daec04,EVT_00632,deccan_herald,2026-07-16 14:48:38,"Every agency and every central force has been deployed against us,"" she alleged.</p><p>Backing her nephew Abhishek Banerjee amid allegations by rebel leaders that his alleged high-handedness prompted their exit, Mamata apologised to the people ""on behalf of the traitors"" and asserted that neither she nor her family had ever compromised for political survival.</p>"
83329ca2f9daec04_p004,83329ca2f9daec04,EVT_00632,deccan_herald,2026-07-16 14:48:38,"<p>In yet another setback for <a href=""https://deccanherald.com/tags/tmc"">Trinamool Congress</a> (TMC) supremo Mamata Banerjee, its MP Koel Mallick has resigned from the Rajya Sabha.</p><p>According to reports, she met Vice President and Rajya Sabha Chairman CP Radhakrishnan and has submitted her resignation.</p>.<p>The development comes a day after senior TMC MLA and Mamata loyalist Madan Mitra joined the rebel camp led by <a href=""https://deccanherald.com/tags/ritabrata-banerjee"">Ritabrata Banerjee</a>, dealing a significant blow to Banerjee's faction."
83329ca2f9daec04_p005,83329ca2f9daec04,EVT_00632,deccan_herald,2026-07-16 14:48:38,"Mitra, however, maintained that he remains a member of the TMC.</p><p>Responding to the growing dissent, Mamata Banerjee alleged that the BJP was using the police and central investigative agencies to intimidate TMC MPs and MLAs to engineer defections. She claimed that party legislators and workers were being threatened with arrest and pressured to either join the rebel camp or face imprisonment.</p>.Another long-term loyalist joins rebel TMC, Mamata still defends Abhishek.<p>""The entire state machinery is being used to break our party."
83329ca2f9daec04_p006,83329ca2f9daec04,EVT_00632,deccan_herald,2026-07-16 14:48:38,"Every agency and every central force has been deployed against us,"" she alleged.</p><p>Backing her nephew Abhishek Banerjee amid allegations by rebel leaders that his alleged high-handedness prompted their exit, Mamata apologised to the people ""on behalf of the traitors"" and asserted that neither she nor her family had ever compromised for political survival.</p>"
b16151d5f6d9f6c1_p001,b16151d5f6d9f6c1,EVT_00716,the_times_of_india,2026-07-16 11:12:00,"NEW DELHI: The Supreme Court agreed to hear on Friday a plea challenging the Orissa high court's order staying the release of the animated film ""Mahaprabhu Jagannath"", which has become the centre of a controversy over its portrayal of Lord Jagannath."
b16151d5f6d9f6c1_p002,b16151d5f6d9f6c1,EVT_00716,the_times_of_india,2026-07-16 11:12:00,"The development comes a day after the Shree Jagannath Temple Managing Committee (SJTMC) urged the makers to postpone the film's release, alleging that it presents a fictional version of the deity's life that is inconsistent with Hindu scriptures."
b16151d5f6d9f6c1_p003,b16151d5f6d9f6c1,EVT_00716,the_times_of_india,2026-07-16 11:12:00,"The appeal was made by Gajapati Maharaja Dibyasingha Deb, the titular king of Puri and chairman of the SJTMC, the highest decision-making body of the 12th-century Jagannath Temple."
b16151d5f6d9f6c1_p004,b16151d5f6d9f6c1,EVT_00716,the_times_of_india,2026-07-16 11:12:00,"The animated film was originally scheduled to release on July 10, just days before the annual Rath Yatra festival."
b16151d5f6d9f6c1_p005,b16151d5f6d9f6c1,EVT_00716,the_times_of_india,2026-07-16 11:12:00,"Referring to the trailer already circulating on social media, Deb said it depicts ""a completely fictitious story of Shree Jagannath Mahaprabhu"" and claimed that the narrative does not conform to the sacred texts associated with Lord Jagannath."
b16151d5f6d9f6c1_p006,b16151d5f6d9f6c1,EVT_00716,the_times_of_india,2026-07-16 11:12:00,"""The official trailer of this movie, which has been released and is in circulation on social media, portrays a completely fictitious story of Shree Jagannath Mahaprabhu."
b16151d5f6d9f6c1_p007,b16151d5f6d9f6c1,EVT_00716,the_times_of_india,2026-07-16 11:12:00,"The story is contrary to the sacred narrations in our scriptures,"" he said."
b16151d5f6d9f6c1_p008,b16151d5f6d9f6c1,EVT_00716,the_times_of_india,2026-07-16 11:12:00,"Deb maintained that any attempt to depict the glory of Lord Jagannath should remain faithful to scriptural accounts, particularly those documented by Maharshi Vedavyasa, who compiled the Vedas and Puranas and described Lord Jagannath as the accessible form of Lord Krishna."
b16151d5f6d9f6c1_p009,b16151d5f6d9f6c1,EVT_00716,the_times_of_india,2026-07-16 11:12:00,"He warned that a ""distorted and fictitious"" portrayal of the deity could deeply offend millions of devotees across the world."
b16151d5f6d9f6c1_p010,b16151d5f6d9f6c1,EVT_00716,the_times_of_india,2026-07-16 11:12:00,"""I therefore appeal to the producers of this movie, Ele Animations Pvt Ltd of Bhubaneswar, to postpone the release of this movie in theatres or social media platforms until the contents of the movie are authenticated by experts appointed by Shree Jagannatha Temple Administration (SJTA),"" Deb told PTI."
b16151d5f6d9f6c1_p011,b16151d5f6d9f6c1,EVT_00716,the_times_of_india,2026-07-16 11:12:00,The Shree Jagannath Temple Administration (SJTA) is one of the key committees under the SJTMC. The producers of Mahaprabhu Jagannath are yet to respond publicly to the objections raised by the temple authorities.
fa5ff8ee3778644f_p001,fa5ff8ee3778644f,EVT_00716,the_hindu,2026-07-16 12:06:00,"The Supreme Court agreed to urgently hear on Friday (July 17, 2026) an appeal against an Orissa High Court ban on the release of an animated film ‘Mahaprabhu Jagannath’ for not strictly adhering to the religious text of Skanda Purana."
fa5ff8ee3778644f_p002,fa5ff8ee3778644f,EVT_00716,the_hindu,2026-07-16 12:06:00,"Appearing before a Bench headed by Chief Justice of India Surya Kant on Thursday (July 16, 2026) in an oral mentioning, senior advocate Devadatt Kamat, representing the film’s makers, Ele Animations, said the movie was due for release on Friday (July 17, 2026) in 300-odd theatres across the country."
fa5ff8ee3778644f_p003,fa5ff8ee3778644f,EVT_00716,the_hindu,2026-07-16 12:06:00,"The country-wide ban would lead to massive commercial loss. He said the work was a children’s film and has been cleared for release by the Central Board of Film Certification. The release date had been fixed two months ago. The ban order was uploaded only at 9 p.m. on Wednesday (July 15, 2026), compelling the film makers to rush to the apex court for relief."
fa5ff8ee3778644f_p004,fa5ff8ee3778644f,EVT_00716,the_hindu,2026-07-16 12:06:00,"“The ground taken by the High Court is that the work is not strictly in accordance with the Skanda Purana… The High Court has banned it across the country on the basis of a writ petition. Even the writ petition had only sought a ban within Odisha,” Mr. Kamat submitted."
fa5ff8ee3778644f_p005,fa5ff8ee3778644f,EVT_00716,the_hindu,2026-07-16 12:06:00,"He pushed for a hearing at 2 p.m. on Thursday (July 16, 2026), but the Bench said it would take up the petition first in the list on July 17."
fa5ff8ee3778644f_p006,fa5ff8ee3778644f,EVT_00716,the_hindu,2026-07-16 12:06:00,"The High Court’s interim order under challenge was passed by a Division Bench of Chief Justice Harish Tandon and Justice M.S. Raman while hearing a public interest litigation filed by Mahesh Kumar Sahu of Angul, along with Dr. Pramod Kumar Acharya of Puri and Umashankar Acharya of Nimapada."
fa5ff8ee3778644f_p007,fa5ff8ee3778644f,EVT_00716,the_hindu,2026-07-16 12:06:00,The petition had sought the cancellation of the film’s certification and a ban on its public screening in the State. The petition had objected to the portrayal of Lord Jagannath in the film and had sought a detailed judicial scrutiny.
fa5ff8ee3778644f_p008,fa5ff8ee3778644f,EVT_00716,the_hindu,2026-07-16 12:06:00,"Published - July 16, 2026 12:06 pm IST"
c7990234ac3a5b5b_p001,c7990234ac3a5b5b,EVT_00543,hindustan_times,2026-07-16 07:06:51,"TMC's Madan Mitra joins rebel camp, Mamata says people entering 'BJP's washing machine' for safety"
c7990234ac3a5b5b_p002,c7990234ac3a5b5b,EVT_00543,hindustan_times,2026-07-16 07:06:51,"Going live on Facebook an hour later, Mamata Banerjee countered Mitra, described the rebels as traitors and alleged that they were using Abhishek as an excuse."
c7990234ac3a5b5b_p003,c7990234ac3a5b5b,EVT_00543,hindustan_times,2026-07-16 07:06:51,"Kamarhati legislator Madan Mitra, a close aide of former chief minister Mamata Banerjee and someone who was part of the Trinamool Congress (TMC) since its birth in 1998, joined the rebel camp led by Ritabrata Banerjee on Wednesday, a day after the Enforcement Directorate (ED) sent summons to his wife and two sons."
c7990234ac3a5b5b_p004,c7990234ac3a5b5b,EVT_00543,hindustan_times,2026-07-16 07:06:51,"With this, the rebel faction has 60 of the TMC’s original 80 lawmakers and the Mamata faction has 20. The rebel camp, which was formed with 58 MLAs signing a letter to the speaker, however claims to have at least 65 members but has not published their names so far."
c7990234ac3a5b5b_p005,c7990234ac3a5b5b,EVT_00543,hindustan_times,2026-07-16 07:06:51,"Also Read | Mamata loyalist MLA Madan Mitra joins TMC rebel camp, says no link to ED summons"
c7990234ac3a5b5b_p006,c7990234ac3a5b5b,EVT_00543,hindustan_times,2026-07-16 07:06:51,"“From this moment I resign from the national working committee, the post of chief whip in the assembly and the post of general secretary of Mamata Banerjee’s TMC. I was in the TMC and I remain there. I am only changing rooms,” Mitra said after joining the rebel group."
c7990234ac3a5b5b_p007,c7990234ac3a5b5b,EVT_00543,hindustan_times,2026-07-16 07:06:51,"Mitra was arrested by the Central Bureau of Investigation (CBI) on December 12, 2014 in the Saradha chit fund case and released on bail after 629 days and arrested again by CBI in May 2021 in the Narada sting case. On Tuesday, ED sent summons to his wife and two sons for questioning regarding alleged corruption in recruitment by the Kamarhati municipality."
c7990234ac3a5b5b_p008,c7990234ac3a5b5b,EVT_00543,hindustan_times,2026-07-16 07:06:51,“My family has been summoned by a federal agency. My family will go and cooperate with the agency. But that is not linked to my joining (the rebels) today. Can the ED prove the allegations?” Mitra said.
c7990234ac3a5b5b_p009,c7990234ac3a5b5b,EVT_00543,hindustan_times,2026-07-16 07:06:51,‘Fight family-controlled politics’
c7990234ac3a5b5b_p010,c7990234ac3a5b5b,EVT_00543,hindustan_times,2026-07-16 07:06:51,Ritabrata Banerjee said the collective effort of the rebel group to fight family-controlled politics in a party got strengthened with Mitra’s joining.
c7990234ac3a5b5b_p011,c7990234ac3a5b5b,EVT_00543,hindustan_times,2026-07-16 07:06:51,"“Ours is a collective fight against family-controlled politics. Our collective effort got stronger today. Mitra is a veteran,” he said."
c7990234ac3a5b5b_p012,c7990234ac3a5b5b,EVT_00543,hindustan_times,2026-07-16 07:06:51,"Mitra blamed TMC national general secretary Abhishek Banerjee for the current state of the party, which suffered a drubbing in the assembly elections."
c7990234ac3a5b5b_p013,c7990234ac3a5b5b,EVT_00543,hindustan_times,2026-07-16 07:06:51,"“It is indeed sad that when history will be written it will say that a party got ruined because of just one person,” Mitra said."
c7990234ac3a5b5b_p014,c7990234ac3a5b5b,EVT_00543,hindustan_times,2026-07-16 07:06:51,"“Abhishek wants the party to follow only his commands. He does not listen to anyone. Millions of our workers are helpless today. We have to take care of them. If the party is not taken care of right now then we can never defeat the Bharatiya Janata Party. Abhishek can never defeat the BJP,” Mitra said."
c7990234ac3a5b5b_p015,c7990234ac3a5b5b,EVT_00543,hindustan_times,2026-07-16 07:06:51,"Birbhum district leader Anubrata Mondal, who joined the rebel group last week after being summoned by state police in an old extortion case, brought a serious allegation against Abhishek shortly after Mitra joined the new camp."
c7990234ac3a5b5b_p016,c7990234ac3a5b5b,EVT_00543,hindustan_times,2026-07-16 07:06:51,"Mondal, who spent two years in judicial custody at Delhi’s Tihar jail as a prime accused in the cattle smuggling case, said, “I went to jail because of Abhishek... Mamata is ruined because of him. Nobody will stay.”"
c7990234ac3a5b5b_p017,c7990234ac3a5b5b,EVT_00543,hindustan_times,2026-07-16 07:06:51,"Going live on Facebook an hour later, Mamata Banerjee countered Mitra, described the rebels as traitors and alleged that they were using Abhishek as an excuse to get protection from various investigations."
c7990234ac3a5b5b_p018,c7990234ac3a5b5b,EVT_00543,hindustan_times,2026-07-16 07:06:51,"“All these people are entering the BJP’s washing machine to get protection...,” Banerjee said."
c7990234ac3a5b5b_p019,c7990234ac3a5b5b,EVT_00543,hindustan_times,2026-07-16 07:06:51,"Bengal BJP’s chief spokesperson Debjit Sarkar said, “How can the BJP know where Madan Mitra will go?...”"
c7990234ac3a5b5b_p020,c7990234ac3a5b5b,EVT_00543,hindustan_times,2026-07-16 07:06:51,"- ABOUT THE AUTHORTanmay ChatterjeeTanmay Chatterjee has spent more than three decades covering regional and national politics, internal security, intelligence, defence and corruption. He also plans and edits special features on subjects ranging from elections to festivals.Read More"
20f3f474da530224_p001,20f3f474da530224,EVT_00493,the_hindu,2026-07-16 04:40:00,"Climate-activist Sonam Wangchuk’s decision to join the protest started by the Cockroach Janata Party (CJP) was “organic”, his wife Gitanjali J. Angmo said."
20f3f474da530224_p002,20f3f474da530224,EVT_00493,the_hindu,2026-07-16 04:40:00,"Ms. Angmo told The Hindu that since CJP is a youth-led movement, Mr. Wangchuk wanted to ensure that the cause is not sabotaged by “nefarious” elements and the movement does not go astray."
20f3f474da530224_p003,20f3f474da530224,EVT_00493,the_hindu,2026-07-16 04:40:00,The protest at Jantar Mantar against irregularities in the NEET examination and to seek the resignation of Union Education Minister Dharmendra Pradhan entered its 26th day on Wednesday.
20f3f474da530224_p004,20f3f474da530224,EVT_00493,the_hindu,2026-07-16 04:40:00,"“He is passionate about education. When he came to know about the social media movement and the discontent of the youth, he connected with the issue. It all happened in an organic way. He wants to hand-hold them and wants every well-meaning person to join the movement,” Ms. Angmo said."
20f3f474da530224_p005,20f3f474da530224,EVT_00493,the_hindu,2026-07-16 04:40:00,Delhi HC directs daily medical monitoring of Sonam Wangchuk amid indefinite hunger strike
20f3f474da530224_p006,20f3f474da530224,EVT_00493,the_hindu,2026-07-16 04:40:00,"Before joining the CJP protest, Mr. Wangchuk was involved in a movement initiated by Ladakh’s civil society leaders to demand constitutional safeguards such as statehood and inclusion of Ladakh in the Sixth Schedule of the Constitution, thus giving it a tribal status. On May 22, he attended a meeting at the Union Home Ministry to give shape to the demands, for which he spent 170 days in jail."
20f3f474da530224_p007,20f3f474da530224,EVT_00493,the_hindu,2026-07-16 04:40:00,"Mr. Wangchuk was released on March 14 after the Ministry revoked the National Security Act slapped on him. He was detained under the Act, through which an individual can be held for a year without trial, following the violence in Leh city on September 24, 2025, which left four people dead. The education reformer, who inspired the Hindi movie 3 Idiots (2009), was labelled by the police as the “ringleader” of the violence."
20f3f474da530224_p008,20f3f474da530224,EVT_00493,the_hindu,2026-07-16 04:40:00,"Ms. Angmo said that Mr. Wangchuk felt committed to the CJP’s cause as nobody has the potential to take on the government. “Whenever someone raises their voice, raids by government agencies follow. He wants to be the third voice. This is a genuine issue, resignation (of the Minister) is the first step to accountability. Students committed suicides following the paper leak,” she said."
20f3f474da530224_p009,20f3f474da530224,EVT_00493,the_hindu,2026-07-16 04:40:00,"Before he was detained, the Ladakh administration cancelled the land allotted to the Himalayan Institute of Alternative Learning, founded by Ms. Angmo and Mr. Wangchuk in 2018. Soon, the Ministry cancelled the FCRA registration of Students Educational and Cultural Movement of Ladakh, a school which he had founded in 1988 for students who failed the board examinations."
20f3f474da530224_p010,20f3f474da530224,EVT_00493,the_hindu,2026-07-16 04:40:00,"Ms. Angmo said that the longest Mr. Wangchuk has fasted is for 21 days, adding that the climatic conditions in Ladakh are different than Delhi, which is hot and humid. “He is surviving on salt and water, even though he has completed 17 days of hunger strike here, it feels like 34 days of hunger strike in Ladakh. He never lost muscle mass there, the weather is punishing in Delhi,” she said."
20f3f474da530224_p011,20f3f474da530224,EVT_00493,the_hindu,2026-07-16 04:40:00,"According to the medical bulletin issued by the CJP, Mr. Wangchuk remains “very weak” and is under 24-hour medical vigilance. His weight has fallen to 57.15 kg, a drop of 400 grams in the last 24 hours, taking his total weight loss since the beginning of the fast to 8.9 kg. His blood pressure was recorded at 105/76, blood sugar at 80 mg/dL, and oxygen saturation at 97%, while hydration was described as fair."
20f3f474da530224_p012,20f3f474da530224,EVT_00493,the_hindu,2026-07-16 04:40:00,"Winner of the Ramon Magsaysay Award in 2018, Mr. Wangchuk was instrumental in the launch of Operation New Hope, a triangular collaboration of the government, village communities and civil society to bring reforms in the government school system in 1994."
20f3f474da530224_p013,20f3f474da530224,EVT_00493,the_hindu,2026-07-16 04:40:00,"Since there was no school in his village, he was home-schooled by his single mother in Ladakhi language till the age of nine. His uncle, who followed Islam, taught him English and Urdu through radio and billboards. “My uncle read the Quran and made me read Buddhist scriptures,” he had said in an interview."
20f3f474da530224_p014,20f3f474da530224,EVT_00493,the_hindu,2026-07-16 04:40:00,"Published - July 16, 2026 04:40 am IST"
2c66fabec125519c_p001,2c66fabec125519c,EVT_00624,india_today,2026-07-16 14:13:59,"SC asks states to frame early release policy for elderly, terminally ill prisoners"
2c66fabec125519c_p002,2c66fabec125519c,EVT_00624,india_today,2026-07-16 14:13:59,The bench directed that the policy be framed in consultation with the respective State Legal Services Authorities to ensure institutional coordination and facilitate the identification of eligible prisoners.
2c66fabec125519c_p003,2c66fabec125519c,EVT_00624,india_today,2026-07-16 14:13:59,"The Supreme Court on Thursday directed all states and Union territories to formulate and notify a comprehensive policy within three months for the early or premature release of elderly and terminally ill prisoners, saying the framework must clearly define eligibility criteria and the process for considering such cases."
2c66fabec125519c_p004,2c66fabec125519c,EVT_00624,india_today,2026-07-16 14:13:59,"Hearing a petition filed by the National Legal Services Authority (NALSA), a bench of Justices Vikram Nath and Sandeep Mehta also ordered that the policy include a clear and uniform definition of ""terminal illness"". The plea had sought the release on bail of prisoners above the age of 70 and those suffering from terminal illnesses."
2c66fabec125519c_p005,2c66fabec125519c,EVT_00624,india_today,2026-07-16 14:13:59,"Pronouncing the verdict, Justice Mehta said, ""All states and Union territories shall, within a period of three months from the date of this judgment, formulate and notify a comprehensive policy for early or premature release of prisoners who are of advanced age and/or are terminally ill."""
2c66fabec125519c_p006,2c66fabec125519c,EVT_00624,india_today,2026-07-16 14:13:59,The bench directed that the policy be framed in consultation with the respective State Legal Services Authorities to ensure institutional coordination and facilitate the identification of eligible prisoners.
2c66fabec125519c_p007,2c66fabec125519c,EVT_00624,india_today,2026-07-16 14:13:59,"The court further said the policy must provide a time-bound, transparent and accessible mechanism for the submission, examination and disposal of applications seeking early or compassionate release."
2c66fabec125519c_p008,2c66fabec125519c,EVT_00624,india_today,2026-07-16 14:13:59,"It also asked the Centre to extend technical support, digital infrastructure and capacity-building assistance to states and Union territories to enable effective implementation of the directions."
2c66fabec125519c_p009,2c66fabec125519c,EVT_00624,india_today,2026-07-16 14:13:59,"The Centre, along with all states and Union territories, has been directed to file compliance affidavits within six months detailing the steps taken to implement the judgment. The detailed order is awaited."
2c66fabec125519c_p010,2c66fabec125519c,EVT_00624,india_today,2026-07-16 14:13:59,"The top court had, in May last year, agreed to examine NALSA's plea and sought responses from the Centre and other stakeholders."
2c66fabec125519c_p011,2c66fabec125519c,EVT_00624,india_today,2026-07-16 14:13:59,"The petition argued that prisoners aged above 70 years and those suffering from terminal illnesses require specialised medical care and individual attention, which prison authorities often struggle to provide due to overcrowding."
2c66fabec125519c_p012,2c66fabec125519c,EVT_00624,india_today,2026-07-16 14:13:59,"Citing official data, NALSA submitted that India's prison occupancy rate stood at 131 per cent as of December 31, 2022, placing immense pressure on prison infrastructure and adversely affecting healthcare services and dignified living conditions for inmates."
2c66fabec125519c_p013,2c66fabec125519c,EVT_00624,india_today,2026-07-16 14:13:59,"With the ruling, the Supreme Court has now made it mandatory for all states and Union territories to establish a uniform policy for considering the early or compassionate release of elderly and terminally ill prisoners."
be90155bbfe05fb2_p001,be90155bbfe05fb2,EVT_00624,hindustan_times,2026-07-16 11:10:24,"SC orders states, UTs to frame policy for early release of terminally ill prisoners"
be90155bbfe05fb2_p002,be90155bbfe05fb2,EVT_00624,hindustan_times,2026-07-16 11:10:24,The bench also directed that the policies be framed and implemented in coordination with the respective State Legal Services Authorities (SLSAs)
be90155bbfe05fb2_p003,be90155bbfe05fb2,EVT_00624,hindustan_times,2026-07-16 11:10:24,"The Supreme Court on Thursday directed all states and Union territories to formulate and notify, within three months, a uniform policy for the early release of prisoners who are terminally ill or of advanced age, saying such inmates deserve a humane and time-bound mechanism to secure remission or release on compassionate grounds."
be90155bbfe05fb2_p004,be90155bbfe05fb2,EVT_00624,hindustan_times,2026-07-16 11:10:24,"A bench of justices Vikram Nath and Sandeep Mehta ordered that every state policy must contain a clear and uniform definition of “terminal illness”, prescribe objective eligibility criteria, mandate certification by medical boards and lay down definite timelines and procedures for considering requests for remission or compassionate release."
be90155bbfe05fb2_p005,be90155bbfe05fb2,EVT_00624,hindustan_times,2026-07-16 11:10:24,"Pronouncing the judgment, the bench also directed that the policies be framed and implemented in coordination with the respective State Legal Services Authorities (SLSAs)."
be90155bbfe05fb2_p006,be90155bbfe05fb2,EVT_00624,hindustan_times,2026-07-16 11:10:24,"“All states and UTs within three months shall formulate and notify policy for early release of advanced age and terminally ill prisoners. Such policies shall be coordinated with SLSAs. Such policy shall provide a clear and uniform definition for terminal illness and certain criteria,” directed the court."
be90155bbfe05fb2_p007,be90155bbfe05fb2,EVT_00624,hindustan_times,2026-07-16 11:10:24,Also Read: SC clears India’s first night safari project at Lucknow’s Kukrail forest
be90155bbfe05fb2_p008,be90155bbfe05fb2,EVT_00624,hindustan_times,2026-07-16 11:10:24,The bench further ordered that the policy will mandate medical boards for certification of terminal illness and lay down timelines and procedure for early and timely release on remission or on compassionate grounds.
be90155bbfe05fb2_p009,be90155bbfe05fb2,EVT_00624,hindustan_times,2026-07-16 11:10:24,"To facilitate implementation, the court directed the Union government to provide all necessary technical support and digital infrastructure, including activation of an e-portal to enable tracking of applications seeking such relief."
be90155bbfe05fb2_p010,be90155bbfe05fb2,EVT_00624,hindustan_times,2026-07-16 11:10:24,"The court also directed the Centre, states and Union territories to file compliance affidavits within six months indicating the number of prisoners identified under the policy, those released and those whose cases remain under consideration. The matter has been posted for January 19, 2027 for monitoring compliance."
be90155bbfe05fb2_p011,be90155bbfe05fb2,EVT_00624,hindustan_times,2026-07-16 11:10:24,"The directions came on a petition filed by the National Legal Services Authority (NALSA), which, following inspections of prisons across the country, flagged the absence of a uniform framework for dealing with aged and terminally ill prisoners."
be90155bbfe05fb2_p012,be90155bbfe05fb2,EVT_00624,hindustan_times,2026-07-16 11:10:24,"When the court had taken up the matter in May last year, NALSA informed it that a nationwide survey had identified 456 prisoners, including undertrials, who were either terminally ill or above the age of 70. Among convicts alone, the survey found 13 terminally ill prisoners and 84 elderly convicts."
be90155bbfe05fb2_p013,be90155bbfe05fb2,EVT_00624,hindustan_times,2026-07-16 11:10:24,"The petition contended that permitting deserving prisoners to spend their final days with their families served both humanitarian and constitutional objectives, while also helping address overcrowding in prisons. It pointed out that India’s prisons had an occupancy rate of 131% as of December 31, 2022, and that terminally ill and elderly inmates often require specialised medical care and constant attention that prison authorities are ill-equipped to provide."
be90155bbfe05fb2_p014,be90155bbfe05fb2,EVT_00624,hindustan_times,2026-07-16 11:10:24,"NALSA had launched a nationwide campaign between December 2024 and March 2025, directing its state and district legal services authorities to inspect prisons and identify inmates falling in these categories. It had also highlighted individual cases where legal services authorities approached constitutional courts to secure relief for aged and terminally ill prisoners, including a 93-year-old woman convict in Karnataka and a terminally ill undertrial before the Calcutta High Court."
be90155bbfe05fb2_p015,be90155bbfe05fb2,EVT_00624,hindustan_times,2026-07-16 11:10:24,"The petition urged the Supreme Court to evolve a uniform mechanism enabling trial courts and competent authorities to consider such prisoners for bail, remission or compassionate release, subject to appropriate safeguards and conditions."
be90155bbfe05fb2_p016,be90155bbfe05fb2,EVT_00624,hindustan_times,2026-07-16 11:10:24,"With Thursday’s judgment, the apex court has now required every state and Union territory to institutionalise such a framework within a fixed timeframe, while also putting in place a digital monitoring mechanism to ensure that applications are processed without undue delay."
2e2aed794a5e0b26_p001,2e2aed794a5e0b26,EVT_00561,india_today,2026-07-16 13:12:02,Avoid deploying Indian seafarers in Hormuz: Government's big advisory to shipowners
2e2aed794a5e0b26_p002,2e2aed794a5e0b26,EVT_00561,india_today,2026-07-16 13:12:02,"The country's top maritime authority, the Directorate General of Maritime Administration (DGMA), has issued a circular in this regard."
2e2aed794a5e0b26_p003,2e2aed794a5e0b26,EVT_00561,india_today,2026-07-16 13:12:02,"India has directed shipping companies, including owners, operators and staffing firms, to temporarily refrain from deploying Indian seafarers on merchant vessels undertaking voyages through the conflict-hit Strait of Hormuz. The country's top maritime authority, the Directorate General of Maritime Administration (DGMA), has issued a circular in this regard."
2e2aed794a5e0b26_p004,2e2aed794a5e0b26,EVT_00561,india_today,2026-07-16 13:12:02,"""In view of the heightened security situation in the Gulf region, the Directorate General of Maritime Administration (DGMA), through DGMA Circular No. 36 of 2026, has directed Ship Owners, Ship Managers and RPSL (Recruitment and Placement of Seafarers License) Companies to avoid deploying Indian seafarers on vessels undertaking voyages through the Strait of Hormuz until further orders,"" it said."
2e2aed794a5e0b26_p005,2e2aed794a5e0b26,EVT_00561,india_today,2026-07-16 13:12:02,The DGMA also listed a few other precautionary measures meant to ensure the safety of Indian sailors:
2e2aed794a5e0b26_p006,2e2aed794a5e0b26,EVT_00561,india_today,2026-07-16 13:12:02,"- Heightened security vigilance in the Persian Gulf, Strait of Hormuz and adjoining waters."
2e2aed794a5e0b26_p007,2e2aed794a5e0b26,EVT_00561,india_today,2026-07-16 13:12:02,"- Continuous monitoring of navigational warnings and security advisories, with strict implementation of the ISPS (International Ship and Port Facility Security) Code."
2e2aed794a5e0b26_p008,2e2aed794a5e0b26,EVT_00561,india_today,2026-07-16 13:12:02,- Immediate reporting and assistance through the IFC-IOR (Information Fusion Centre - Indian Ocean Region) and DG Communication Centre (Mercantile Marine Domain Awareness Centre) in cases of emergency.
2e2aed794a5e0b26_p009,2e2aed794a5e0b26,EVT_00561,india_today,2026-07-16 13:12:02,"The DGMA said it was closely monitoring the evolving security situation in the Middle East, adding that it remains committed to safeguarding the safety, security and welfare of Indian seafarers."
f25963af15ffb12e_p001,f25963af15ffb12e,EVT_00504,the_hindu,2026-07-16 11:52:58,"The Delhi High Court on Wednesday (July 16, 2026) directed the Centre and the Delhi government to ensure that climate activist Sonam Wangchuk’s medical condition is “clinically and otherwise” monitored on a daily basis and that any medical intervention required to address his deteriorating health is promptly provided."
f25963af15ffb12e_p002,f25963af15ffb12e,EVT_00504,the_hindu,2026-07-16 11:52:58,A Bench of Chief Justice Devendra Kumar Upadhyaya and Justice Tejas Karia passed the direction while hearing a public interest litigation (PIL) seeking urgent intervention to safeguard Mr. Wangchuk’s health as he continues his indefinite hunger strike at Jantar Mantar.
f25963af15ffb12e_p003,f25963af15ffb12e,EVT_00504,the_hindu,2026-07-16 11:52:58,"During the hearing, the Bench asked Solicitor General Tushar Mehta whether any mechanism was in place to monitor Mr. Wangchuk’s health."
f25963af15ffb12e_p004,f25963af15ffb12e,EVT_00504,the_hindu,2026-07-16 11:52:58,"“Mr. Solicitor, is there any mechanism in place to check the health condition of this person?” the court asked."
f25963af15ffb12e_p005,f25963af15ffb12e,EVT_00504,the_hindu,2026-07-16 11:52:58,"Responding to the query, Mr. Mehta submitted that Mr. Wangchuk undergoes a daily health check-up."
f25963af15ffb12e_p006,f25963af15ffb12e,EVT_00504,the_hindu,2026-07-16 11:52:58,The court observed that it wanted the activist to be “regularly medically checked up by government doctors” and directed that the authorities intervene whenever doctors considered medical treatment necessary.
f25963af15ffb12e_p007,f25963af15ffb12e,EVT_00504,the_hindu,2026-07-16 11:52:58,"“He [Solicitor General Mehta] further assures the court that depending upon the opinion of the doctors, whatever medical intervention is needed to check the deteriorating health condition of Mr. Wangchuk will also be taken,” the court recorded in its order."
f25963af15ffb12e_p008,f25963af15ffb12e,EVT_00504,the_hindu,2026-07-16 11:52:58,"The Bench further observed, “While noticing the assurances given by the Solicitor General, we only observe that the life of any citizen is precious and efforts ought to be made by the government authorities to save the same.” With this order, the court closed the PIL."
f25963af15ffb12e_p009,f25963af15ffb12e,EVT_00504,the_hindu,2026-07-16 11:52:58,"The petition was filed by advocate and social activist Rakesh Kumar Saini, who contended that Mr. Wangchuk’s health had deteriorated after several days of fasting and sought immediate judicial intervention to protect his life."
f25963af15ffb12e_p010,f25963af15ffb12e,EVT_00504,the_hindu,2026-07-16 11:52:58,"Mr. Saini relied on a The Hindu report published on July 14, titled “Fasting Student Hospitalized, Wangchuk loses 8.25 kg as strike continues,” to argue that Mr. Wangchuk required urgent medical assistance."
f25963af15ffb12e_p011,f25963af15ffb12e,EVT_00504,the_hindu,2026-07-16 11:52:58,"Mr. Wangchuk has been on an indefinite hunger strike at Jantar Mantar since June 28, demanding action on issues concerning the country’s education system and the resignation of Union Education Minister Dharmendra Pradhan."
f25963af15ffb12e_p012,f25963af15ffb12e,EVT_00504,the_hindu,2026-07-16 11:52:58,"The petition argued that the government could not remain a passive spectator, contending that failure to intervene could amount to “abetment of suicide” under Section 108 of the Bharatiya Nyaya Sanhita, 2023."
f25963af15ffb12e_p013,f25963af15ffb12e,EVT_00504,the_hindu,2026-07-16 11:52:58,"It urged the authorities to provide immediate medical attention to Mr. Wangchuk, “even if forcibly to ensure his good health and to save his life.”"
f25963af15ffb12e_p014,f25963af15ffb12e,EVT_00504,the_hindu,2026-07-16 11:52:58,"The plea further suggested that the activist be shifted to a government hospital and administered the nutrients, vitamins and minerals necessary for survival through a liquid diet if required."
f25963af15ffb12e_p015,f25963af15ffb12e,EVT_00504,the_hindu,2026-07-16 11:52:58,"Published - July 16, 2026 11:52 am IST"
07d1d21263781821_p001,07d1d21263781821,EVT_00599,hindustan_times,2026-07-16 14:14:26,Rath Yatra: Millions brave heavy rain as Jagannath chariots roll in Odisha’s Puri
07d1d21263781821_p002,07d1d21263781821,EVT_00599,hindustan_times,2026-07-16 14:14:26,"Despite over 200 mm of rain, millions of devotees gathered in Puri as Odisha deployed 12,000 security personnel for Lord Jagannath’s annual Rath Yatra."
07d1d21263781821_p003,07d1d21263781821,EVT_00599,hindustan_times,2026-07-16 14:14:26,Devotees thronged the Odisha temple town on Thursday for the annual Rath Yatra despite rain and waterlogged streets after Puri received more than 200 mm of rainfall over the previous 45 hours.
07d1d21263781821_p004,07d1d21263781821,EVT_00599,hindustan_times,2026-07-16 14:14:26,"Authorities mounted an unprecedented security and logistics operation for the 3-km ceremonial journey of Lord Jagannath, Lord Balabhadra and Goddess Subhadra to the Gundicha Temple aboard towering wooden chariots."
07d1d21263781821_p005,07d1d21263781821,EVT_00599,hindustan_times,2026-07-16 14:14:26,"Around 12,000 security personnel, including contingents of the Border Security Force (BSF), Central Reserve Police Force (CRPF), Rapid Action Force (RAF), National Security Guard (NSG) commandos, anti-drone units and snipers, were deployed. The Coast Guard and Marine Police are patrolling the coastline, while 473 AI-enabled CCTV cameras linked to drone-jamming systems monitored the festival through two integrated command-and-control centres."
07d1d21263781821_p006,07d1d21263781821,EVT_00599,hindustan_times,2026-07-16 14:14:26,"The East Coast Railway operated special trains connecting Puri with key destinations across Odisha, West Bengal, Andhra Pradesh, Chhattisgarh and Maharashtra to handle the surge in pilgrim traffic. At Puri railway station, authorities created waiting facilities for about 30,000 passengers, installed 129 modular toilets, 68 bathing units, 65 drinking water kiosks and 10 chilled water booths, and deployed three round-the-clock medical centres with ambulances. Battery-operated vehicles and wheelchairs were arranged for senior citizens and persons with disabilities."
07d1d21263781821_p007,07d1d21263781821,EVT_00599,hindustan_times,2026-07-16 14:14:26,"To streamline ticketing, the railway opened 40 booking counters, installed 12 automatic ticket vending machines and 32 mobile Unreserved Ticketing System (UTS) machines, besides setting up additional ticket counters at 21 stations. Railway officials said passenger demand would be monitored continuously and more special trains would be introduced if required."
07d1d21263781821_p008,07d1d21263781821,EVT_00599,hindustan_times,2026-07-16 14:14:26,"The state administration also created 36 parking zones across Puri, deployed more than 500 lifeguards and fire service personnel along the beach, and kept 268 additional hospital beds ready. Self-help groups were expected to distribute free meals to about 3.5 lakh devotees during the festival."
07d1d21263781821_p009,07d1d21263781821,EVT_00599,hindustan_times,2026-07-16 14:14:26,"President Droupadi Murmu and Prime Minister Narendra Modi led greetings on the occasion. In a post on X, Murmu said Rath Yatra was a rare celebration symbolising the union of the deity with devotees and prayed for the nation’s peace and prosperity. Modi also took to X, where he said the festival reflected India’s enduring spiritual and cultural heritage, embodying humility, collective participation and selfless service."
07d1d21263781821_p010,07d1d21263781821,EVT_00599,hindustan_times,2026-07-16 14:14:26,"Sand artist Sudarshan Pattnaik unveiled a sand sculpture on Puri beach depicting Lord Jagannath and 100 miniature chariots. The installation, created with students of the Sudarsan Sand Art Institute, also paid tribute to the 15th-century saint-poet Balaram Das, whose devotion to Lord Jagannath occupies a revered place in the festival’s traditions."
07d1d21263781821_p011,07d1d21263781821,EVT_00599,hindustan_times,2026-07-16 14:14:26,"IMD officials said Puri received more than 200 mm of rain in the 45-hour period ending at 5.30 am on Thursday and forecast further rain, thunderstorms and lightning during the day."
07d1d21263781821_p012,07d1d21263781821,EVT_00599,hindustan_times,2026-07-16 14:14:26,"- ABOUT THE AUTHORDebabrata MohantyDebabrata Mohanty is a senior assistant editor of Hindustan Times who works as state correspondent from Odisha covering the state's politics, governance, public policy, natural disasters, environment and its society for close to three decades. With his long years of reporting from the state capital of Bhubaneswar, Mohanty has been known as one of the most experienced and credible journalists covering Odisha for the national English dailies."
07d1d21263781821_p013,07d1d21263781821,EVT_00599,hindustan_times,2026-07-16 14:14:26,"His reporting combines on-ground detail with deep institutional knowledge detailing the state's changing politics, governance issues, administrative reforms and the functioning of its public institutions. He has regularly reported on issues ranging from legislative developments and public policy implementation. Politics is his core areas of expertise as he closely tracks Odisha's political landscape, including the rise and transformation of the Bharatiya Janata Party (BJP), the Biju Janata Dal (BJD), the two principal political parties in Odisha."
07d1d21263781821_p014,07d1d21263781821,EVT_00599,hindustan_times,2026-07-16 14:14:26,"His long association with the state's political establishment enables him to write on contemporary developments in a larger political context. Mohanty takes a deep interest in writing human interest stories, environmental issues and documenting the impact of cyclones, floods, heatwaves, and other climate-related events in one of the most disaster-prone states. His coverage extends to public health, governance reforms and stories on accountability of government institutions."
07d1d21263781821_p015,07d1d21263781821,EVT_00599,hindustan_times,2026-07-16 14:14:26,"Before joining Hindustan Times, Mohanty worked with The Indian Express, Mail Today, and The Telegraph, where he covered at least six general elections and as many assembly elections. In 2007, he was selected for the prestigious Chevening Young Indian Print Journalist Programme at the University of Lincoln, United Kingdom, where he received advanced training in print journalism. In 2009 he won the Press Institute of India-International Committee of Red Cross award on conflict reporting for his on-ground reportage of 2008 Kandhamal riots.Read More"
549deae06a43349d_p001,549deae06a43349d,EVT_00599,india_today,2026-07-16 13:19:45,Rain fails to dampen fervour as lakhs gather in Puri for Jagannath Rath Yatra
549deae06a43349d_p002,549deae06a43349d,EVT_00599,india_today,2026-07-16 13:19:45,Lakhs of devotees gathered in rain-soaked Puri as the annual Jagannath Rath Yatra commenced with the sacred Pahandi ritual and elaborate religious ceremonies.
549deae06a43349d_p003,549deae06a43349d,EVT_00599,india_today,2026-07-16 13:19:45,"Amid relentless monsoon showers, chants of ""Jai Jagannath"" echoed across Puri on Thursday as the annual Rath Yatra of Lord Jagannath, Lord Balabhadra and Devi Subhadra commenced, drawing lakhs of devotees from across India and abroad to one of the world's largest and oldest religious processions."
549deae06a43349d_p004,549deae06a43349d,EVT_00599,india_today,2026-07-16 13:19:45,"Nearly two lakh pilgrims had already arrived in the holy town ahead of the festival, prompting authorities to put in place elaborate security, traffic and crowd-management arrangements. The enhanced security measures come a year after a stampede near the Shree Gundicha Temple claimed three lives and left several others injured during the Rath Yatra."
549deae06a43349d_p005,549deae06a43349d,EVT_00599,india_today,2026-07-16 13:19:45,"Braving heavy rain, thousands of devotees lined the 2.6-km ceremonial route from the early hours, eagerly waiting for the sacred Pahandi ritual. During the ceremony, the sibling deities are brought out of the 12th-century Jagannath Temple and placed on their towering wooden chariots."
549deae06a43349d_p006,549deae06a43349d,EVT_00599,india_today,2026-07-16 13:19:45,"The deities then begin their annual journey to the Shree Gundicha Temple, revered as their birthplace, marking the commencement of the world-famous Rath Yatra. According to the festival schedule, the Pahandi ritual was held between 9 am and 1 pm."
549deae06a43349d_p007,549deae06a43349d,EVT_00599,india_today,2026-07-16 13:19:45,"Following the ceremonial Chhera Pahanra, during which Puri's titular king, Gajapati Maharaja Dibyasingha Deb, symbolically swept the chariots with a golden broom, the majestic chariots of Lord Jagannath, Lord Balabhadra and Devi Subhadra will begin rolling at 4 pm."
549deae06a43349d_p008,549deae06a43349d,EVT_00599,india_today,2026-07-16 13:19:45,"Beyond Puri, the Jagannath Rath Yatra is also celebrated with equal religious fervour across several states, including Uttar Pradesh and Gujarat, drawing large crowds of devotees who participate in ceremonial chariot processions and prayers."
549deae06a43349d_p009,549deae06a43349d,EVT_00599,india_today,2026-07-16 13:19:45,"The customary visit of Puri Shankaracharya Swami Nischalananda Saraswati also took place before the chariots commenced their journey, temple officials said."
549deae06a43349d_p010,549deae06a43349d,EVT_00599,india_today,2026-07-16 13:19:45,"A multi-layered security cover has been thrown around the coastal town, with nearly 13,000 personnel from the Odisha Police, central armed forces, the Indian Navy and the Indian Coast Guard deployed."
549deae06a43349d_p011,549deae06a43349d,EVT_00599,india_today,2026-07-16 13:19:45,"Authorities said surveillance, traffic regulation, emergency response and crowd control have been significantly strengthened to manage the massive turnout of devotees."
549deae06a43349d_p012,549deae06a43349d,EVT_00599,india_today,2026-07-16 13:19:45,Officials said a comprehensive crowd-management strategy has been put in place this year to prevent a repeat of the tragedy as the annual festival unfolds amid heavy rain and an expected surge in pilgrims.
549deae06a43349d_p013,549deae06a43349d,EVT_00599,india_today,2026-07-16 13:19:45,"Puri received 143.8 mm of rainfall on the eve of the festival, while the India Meteorological Department forecast more rain and thunderstorms during the day. To ensure the procession remains uninterrupted, the administration deployed pumps and drainage systems to prevent waterlogging along the Grand Road, where the chariots will be pulled."
0b6c07f816613b3f_p001,0b6c07f816613b3f,EVT_00601,hindustan_times,2026-07-16 13:41:03,Kanwariyas vandalise pickup truck after vehicle allegedly brushed against Kanwar in UP's Muzaffarnagar
0b6c07f816613b3f_p002,0b6c07f816613b3f,EVT_00601,hindustan_times,2026-07-16 13:41:03,"The incident took place near Khadar Chowk in Purkazi town on Wednesday night when a group of kanwariyas, including Naveen, Prince and Navneet."
0b6c07f816613b3f_p003,0b6c07f816613b3f,EVT_00601,hindustan_times,2026-07-16 13:41:03,"A group of kanwariyas allegedly vandalised a pickup vehicle after it apparently came in contact with a 'kanwar' on the Delhi-Haridwar National Highway in Uttar Pradesh's Muzaffarnagar district, police said on Thursday."
0b6c07f816613b3f_p004,0b6c07f816613b3f,EVT_00601,hindustan_times,2026-07-16 13:41:03,"The incident took place near Khadar Chowk in Purkazi town on Wednesday night when a group of kanwariyas, including Naveen, Prince and Navneet, was returning from Haridwar carrying holy water in ‘kanwars’, according to a report by news agency PTI."
0b6c07f816613b3f_p005,0b6c07f816613b3f,EVT_00601,hindustan_times,2026-07-16 13:41:03,Also Read | ‘Spent last three days without any sleep’: Delhi’s Shahdara worst affected by Kanwar ‘music’
0b6c07f816613b3f_p006,0b6c07f816613b3f,EVT_00601,hindustan_times,2026-07-16 13:41:03,Vehicle brushed against Kanwars
0b6c07f816613b3f_p007,0b6c07f816613b3f,EVT_00601,hindustan_times,2026-07-16 13:41:03,"According to Station House Officer (SHO) Manvendra Singh Bhati, the pickup vehicle allegedly brushed against one of the 'kanwars', triggering anger among the pilgrims, who allegedly vandalised the vehicle."
0b6c07f816613b3f_p008,0b6c07f816613b3f,EVT_00601,hindustan_times,2026-07-16 13:41:03,"Police rushed to the spot after receiving information about the incident and brought the situation under control, the SHO said."
0b6c07f816613b3f_p009,0b6c07f816613b3f,EVT_00601,hindustan_times,2026-07-16 13:41:03,"The kanwariyas later resumed their yatra, while police seized the pickup vehicle and launched an investigation into the incident."
0b6c07f816613b3f_p010,0b6c07f816613b3f,EVT_00601,hindustan_times,2026-07-16 13:41:03,"Also Read | UP DGP sets ‘Zero Incident, Zero Accident’ target for Kanwar Yatra"
0b6c07f816613b3f_p011,0b6c07f816613b3f,EVT_00601,hindustan_times,2026-07-16 13:41:03,Traffic affected briefly on Delhi-Haridwar National Highway
0b6c07f816613b3f_p012,0b6c07f816613b3f,EVT_00601,hindustan_times,2026-07-16 13:41:03,"Traffic on the Delhi-Haridwar National Highway was briefly affected due to the commotion but was later restored, police said, the report added."
0b6c07f816613b3f_p013,0b6c07f816613b3f,EVT_00601,hindustan_times,2026-07-16 13:41:03,"The annual Kanwar Yatra is scheduled to begin on July 30 this year and conclude on August 11. However, some devotees begin their pilgrimage before the yatra officially starts."
0b6c07f816613b3f_p014,0b6c07f816613b3f,EVT_00601,hindustan_times,2026-07-16 13:41:03,Uttarakhand and UP police prepare for Kanwar Mela 2026
0b6c07f816613b3f_p015,0b6c07f816613b3f,EVT_00601,hindustan_times,2026-07-16 13:41:03,"Ahead of the upcoming Shravan Kanwar Mela 2026, the Uttarakhand Police held a high-level review meeting on Thursday to assess security and logistical preparations for the annual pilgrimage, ANI reported."
0b6c07f816613b3f_p016,0b6c07f816613b3f,EVT_00601,hindustan_times,2026-07-16 13:41:03,"According to a release issued by the Uttarakhand Police Headquarters, the meeting was chaired by Director General of Police (DGP) Deepam Seth at the Police Headquarters."
0b6c07f816613b3f_p017,0b6c07f816613b3f,EVT_00601,hindustan_times,2026-07-16 13:41:03,"Reviewing the preparations, the DGP said the Kanwar Mela is a massive and highly sensitive religious event. Ensuring the safety of pilgrims, smooth movement, effective traffic management, and maintaining law and order are the top priorities of the Uttarakhand Police, he said."
0b6c07f816613b3f_p018,0b6c07f816613b3f,EVT_00601,hindustan_times,2026-07-16 13:41:03,He directed all officers to complete preparations well in advance and coordinate closely with the concerned departments and neighbouring states.
0b6c07f816613b3f_p019,0b6c07f816613b3f,EVT_00601,hindustan_times,2026-07-16 13:41:03,"Uttar Pradesh Director General of Police (DGP) Rajeev Krishna also directed all district police chiefs and senior field officers to ensure that the upcoming Kanwar Yatra from July 30 and other festivals are conducted with the twin objectives of ‘Zero Incident’ and ‘Zero Accident’, while ordering a week-long statewide drive to trace active criminals found missing during police verification, HT earlier reported."
f6ed81863d8ea75e_p001,f6ed81863d8ea75e,EVT_00601,the_hindu,2026-07-16 12:01:32,"A group of kanwariyas allegedly vandalised a pickup vehicle after it apparently came in contact with a 'kanwar' on the Delhi-Haridwar National Highway in Muzaffarnagar district, police said on Thursday (July 16, 2026)."
f6ed81863d8ea75e_p002,f6ed81863d8ea75e,EVT_00601,the_hindu,2026-07-16 12:01:32,"The kanwariyas later resumed their yatra, while police seized the pickup vehicle and launched an investigation into the incident."
f6ed81863d8ea75e_p003,f6ed81863d8ea75e,EVT_00601,the_hindu,2026-07-16 12:01:32,"The incident took place near Khadar Chowk in Purkazi town on Wednesday (July 15) night when a group of kanwariyas, including Naveen, Prince and Navneet, was returning from Haridwar carrying holy water in 'kanwars'."
f6ed81863d8ea75e_p004,f6ed81863d8ea75e,EVT_00601,the_hindu,2026-07-16 12:01:32,"According to Station House Officer (SHO) Manvendra Singh Bhati, the pickup vehicle allegedly brushed against one of the 'kanwars', triggering anger among the pilgrims who allegedly vandalised the vehicle."
f6ed81863d8ea75e_p005,f6ed81863d8ea75e,EVT_00601,the_hindu,2026-07-16 12:01:32,"Police rushed to the spot on receiving information about the incident and brought the situation under control, the SHO said."
f6ed81863d8ea75e_p006,f6ed81863d8ea75e,EVT_00601,the_hindu,2026-07-16 12:01:32,"Traffic on the Delhi-Haridwar National Highway, which was briefly affected due to the commotion, was later restored, police said."
f6ed81863d8ea75e_p007,f6ed81863d8ea75e,EVT_00601,the_hindu,2026-07-16 12:01:32,The annual Kanwar Yatra is scheduled to start this year on July 30 and will conclude on August 11. Some people begin their pilgrimage before the yatra officially kicks in.
f6ed81863d8ea75e_p008,f6ed81863d8ea75e,EVT_00601,the_hindu,2026-07-16 12:01:32,"Published - July 16, 2026 12:01 pm IST"
4f8aeedcb1a988bb_p001,4f8aeedcb1a988bb,EVT_00561,hindustan_times,2026-07-16 13:22:18,'Don't deploy Indian sailors…': India's big warning to shipowners over Hormuz amid renewed US-Iran tensions
4f8aeedcb1a988bb_p002,4f8aeedcb1a988bb,EVT_00561,hindustan_times,2026-07-16 13:22:18,"Two Indian nationals, 31-year-old Rohan Kumar from Bihar's Gopalganj and 30-year-old Herambh Karmarkar from Pune, have been killed in separate attacks on ships."
4f8aeedcb1a988bb_p003,4f8aeedcb1a988bb,EVT_00561,hindustan_times,2026-07-16 13:22:18,"India has directed shipowners, ship managers and recruitment companies not to deploy Indian seafarers on vessels passing through the Strait of Hormuz as tensions between the United States and Iran continue to rise, the directorate general of maritime administration (DGMA) said in an order issued on Wednesday."
4f8aeedcb1a988bb_p004,4f8aeedcb1a988bb,EVT_00561,hindustan_times,2026-07-16 13:22:18,"India is the world's third-largest supplier of seafarers, with more than 300,000 sailors working on ships worldwide, according to government data. The move comes after two Indian seafarers were killed in separate attacks on vessels in the region over the past three days. Follow US-Iran war live updates here."
4f8aeedcb1a988bb_p005,4f8aeedcb1a988bb,EVT_00561,hindustan_times,2026-07-16 13:22:18,"Centre's notice to shipowners, ship managers"
4f8aeedcb1a988bb_p006,4f8aeedcb1a988bb,EVT_00561,hindustan_times,2026-07-16 13:22:18,"In its order dated Wednesday (July 15, 2026), the DGMA instructed shipowners, ship managers and recruitment companies not to deploy Indian seafarers on vessels travelling through the Strait of Hormuz until further orders."
4f8aeedcb1a988bb_p007,4f8aeedcb1a988bb,EVT_00561,hindustan_times,2026-07-16 13:22:18,"“Companies are directed to avoid deploying Indian seafarers on vessels undertaking voyages involving passage through the Strait of Hormuz until further orders,” the notice read."
4f8aeedcb1a988bb_p008,4f8aeedcb1a988bb,EVT_00561,hindustan_times,2026-07-16 13:22:18,The shipping regulator said recent attacks on commercial vessels had “significantly” increased the risks for seafarers operating in the conflict-hit region.
4f8aeedcb1a988bb_p009,4f8aeedcb1a988bb,EVT_00561,hindustan_times,2026-07-16 13:22:18,"""In view of the heightened security situation in the Persian Gulf region ... the Directorate considers it necessary to adopt enhanced precautionary measures to safeguard the interests of Indian seafarers serving on board ships operating in the region,"" the order said."
4f8aeedcb1a988bb_p010,4f8aeedcb1a988bb,EVT_00561,hindustan_times,2026-07-16 13:22:18,"The regulator also asked masters of vessels to remain alert to the security situation in the Persian Gulf, the Strait of Hormuz and nearby waters, and to continuously monitor navigational warnings."
4f8aeedcb1a988bb_p011,4f8aeedcb1a988bb,EVT_00561,hindustan_times,2026-07-16 13:22:18,"The notice added, “DGMA continues to closely monitor the evolving security situation and remains committed to safeguarding the safety, security and welfare of Indian seafarers.”"
4f8aeedcb1a988bb_p012,4f8aeedcb1a988bb,EVT_00561,hindustan_times,2026-07-16 13:22:18,2 Indian seafarers killed in recent attacks
4f8aeedcb1a988bb_p013,4f8aeedcb1a988bb,EVT_00561,hindustan_times,2026-07-16 13:22:18,"Two Indian nationals, 31-year-old Rohan Kumar from Bihar's Gopalganj district and 30-year-old Herambh Karmarkar from Pune, have been killed in separate attacks on ships passing through the Strait of Hormuz, authorities said."
4f8aeedcb1a988bb_p014,4f8aeedcb1a988bb,EVT_00561,hindustan_times,2026-07-16 13:22:18,"Kumar was killed in missile attacks on two Emirati oil tankers, MT Mombasa and MT Al Bahiyah, in the Strait of Hormuz on Tuesday."
4f8aeedcb1a988bb_p015,4f8aeedcb1a988bb,EVT_00561,hindustan_times,2026-07-16 13:22:18,"“An official has especially been sent to the deceased’s family to initiate the paperwork to repatriate the body,” district magistrate (DM) Sameer Saurabh told HT earlier while confirming his death."
4f8aeedcb1a988bb_p016,4f8aeedcb1a988bb,EVT_00561,hindustan_times,2026-07-16 13:22:18,"Karmarkar, meanwhile, went missing after an attack on the cargo vessel MV GFS Galaxy off the coast of Oman, before he was confirmed dead, the Indian Consulate in Dubai said."
4f8aeedcb1a988bb_p017,4f8aeedcb1a988bb,EVT_00561,hindustan_times,2026-07-16 13:22:18,"""We express our deepest condolences at the tragic demise of an Indian national due to an attack on the commercial vessel MV GFS Galaxy on 12 July 2026,"" the mission said in a post on X."
4f8aeedcb1a988bb_p018,4f8aeedcb1a988bb,EVT_00561,hindustan_times,2026-07-16 13:22:18,"On Tuesday, Iranian deputy chief of mission Mohammad Javad Hosseini was summoned by the external affairs ministry, where Anand Prakash, the joint secretary handling the Pakistan, Afghanistan and Iran division, lodged a strong protest over the incident."
4f8aeedcb1a988bb_p019,4f8aeedcb1a988bb,EVT_00561,hindustan_times,2026-07-16 13:22:18,"- ABOUT THE AUTHORHT News DeskFollow the latest breaking news, major developments and agenda-setting stories from India and around the world with the newsdesk at Hindustan Times. Operating round the clock, the desk brings together experienced editors, reporters and correspondents to deliver fast, accurate and contextual reporting across subjects that influence public policy, governance, business, society and international affairs."
4f8aeedcb1a988bb_p020,4f8aeedcb1a988bb,EVT_00561,hindustan_times,2026-07-16 13:22:18,"The HT News Desk covers politics, elections, government policies, the economy, business and markets, science and technology, the environment, law and order, infrastructure, education, climate issues and geopolitics, while closely tracking developments across states, institutions and global capitals. The team also leads coverage of major breaking news events, policy announcements, court proceedings, natural disasters, public emergencies and significant international developments."
4f8aeedcb1a988bb_p021,4f8aeedcb1a988bb,EVT_00561,hindustan_times,2026-07-16 13:22:18,"Reports published by the newsdesk are based on information gathered from reporters on the ground, official statements, government agencies, court records, regulatory filings, recognised institutions and other authoritative sources. Stories undergo editorial scrutiny and verification processes to ensure accuracy, fairness and relevance, and are updated as events evolve and additional information becomes available."
4f8aeedcb1a988bb_p022,4f8aeedcb1a988bb,EVT_00561,hindustan_times,2026-07-16 13:22:18,"Whether covering a key political decision in New Delhi, an economic policy shift affecting millions, a landmark court ruling or a major global event, the HT News Desk aims to provide readers with reliable, fact-based journalism that delivers not only the latest developments but also the context and analysis needed to understand their wider implications.Read More"
c006900beedd2e7c_p001,c006900beedd2e7c,EVT_00628,the_times_of_india,2026-07-16 08:22:00,"Sonam Wangchuk on Tuesday said he is ""not in good shape, but not so bad"" as his indefinite hunger strike against alleged examination irregularities and the NEET paper leak entered Day 19."
c006900beedd2e7c_p002,c006900beedd2e7c,EVT_00628,the_times_of_india,2026-07-16 08:22:00,"In a video message shared on X, Wangchuk urged people to join the scheduled march to Parliament on July 20 rather than asking him to break his fast."
c006900beedd2e7c_p003,c006900beedd2e7c,EVT_00628,the_times_of_india,2026-07-16 08:22:00,"""Thousands of you have sent me messages asking me to end my hunger strike and eat something. Many senior leaders have come to meet me—some speaking with affection, others urging me sternly. Some have even appealed to the court, asking the government to force-feed me,"" Wangchuk said."
c006900beedd2e7c_p004,c006900beedd2e7c,EVT_00628,the_times_of_india,2026-07-16 08:22:00,"""There are two things I want to say. First, even if I break my fast, what will change? What message will that send? The only message the government will receive is that there is no need for accountability. People sit on a protest, and then they simply leave,"" he added."
c006900beedd2e7c_p005,c006900beedd2e7c,EVT_00628,the_times_of_india,2026-07-16 08:22:00,"Despite his deteriorating health, Wangchuk asserted that he can continue his hunger strike for ""several more days"" and said that his heart and core health are still functioning well."
c006900beedd2e7c_p006,c006900beedd2e7c,EVT_00628,the_times_of_india,2026-07-16 08:22:00,"""Second, my condition is not such that I will die in 24 days. I have undergone many medical tests, and for someone who has been fasting for 18 days, the results have been quite normal. I even had an ECG today, and it was not bad. So I can continue for several more days. Yes, I am weak. My muscles are wasting away, but my heart and core health are still functioning well,"" he said."
c006900beedd2e7c_p007,c006900beedd2e7c,EVT_00628,the_times_of_india,2026-07-16 08:22:00,"""So instead of only asking me to end my fast, I request all of you to take one small step yourselves. On July 20, come out in such large numbers that a clear message reaches the government,"" he added."
c006900beedd2e7c_p008,c006900beedd2e7c,EVT_00628,the_times_of_india,2026-07-16 08:22:00,"This comes as Cockroach Janata Party founder Abhijeet Dipke claimed that Wangchuk has been losing muscle mass and is in ""immense pain"", adding that the activist has lost 8.5 kg since the beginning of his fast."
c006900beedd2e7c_p009,c006900beedd2e7c,EVT_00628,the_times_of_india,2026-07-16 08:22:00,"Earlier in the day, a plea was filed in the"
c006900beedd2e7c_p010,c006900beedd2e7c,EVT_00628,the_times_of_india,2026-07-16 08:22:00,Delhi High Court seeking to force-feed Wangchuk and shift him to a government hospital.
c006900beedd2e7c_p011,c006900beedd2e7c,EVT_00628,the_times_of_india,2026-07-16 08:22:00,"According to the petition, Wangchuk's condition has worsened significantly, and he could lose his life within two days if the hunger strike continues. It urged the court to intervene immediately, arguing that saving his life is of paramount importance."
c006900beedd2e7c_p012,c006900beedd2e7c,EVT_00628,the_times_of_india,2026-07-16 08:22:00,"Earlier, several Opposition leaders appealed to Wangchuk to end his indefinite hunger strike at Delhi's Jantar Mantar."
c006900beedd2e7c_p013,c006900beedd2e7c,EVT_00628,the_times_of_india,2026-07-16 08:22:00,"The CJP protest at Jantar Mantar, which began on June 20, is demanding Union education minister Dharmendra Pradhan's resignation over alleged irregularities in NEET and other examinations. The organisation has announced a march to Parliament on July 20."
5823ccff0b5991f8_p001,5823ccff0b5991f8,EVT_00652,hindustan_times,2026-07-16 10:27:22,"'Not in good shape but…': Sonam Wangchuk refuses to end fast, calls for Parliament march"
5823ccff0b5991f8_p002,5823ccff0b5991f8,EVT_00652,hindustan_times,2026-07-16 10:27:22,The Delhi High Court is scheduled to hear on Thursday a public interest litigation expressing concern over Wangchuk's deteriorating health.
5823ccff0b5991f8_p003,5823ccff0b5991f8,EVT_00652,hindustan_times,2026-07-16 10:27:22,"Climate activist Sonam Wangchuk, in a latest video message, said he would continue his indefinite hunger strike despite mounting concerns over his health, urging supporters to join him and the Cockroach Janta Party for a peaceful march to the Parliament on July 20 instead of asking him to end his fast."
5823ccff0b5991f8_p004,5823ccff0b5991f8,EVT_00652,hindustan_times,2026-07-16 10:27:22,"""I’m not in good shape but not so bad either... Rather than asking me to break my fast please join me on 20th July... Peaceful March to the Parliament,"" Wangchuk said in a post on X, a day before the Delhi High Court is set to hear a plea seeking urgent medical intervention."
5823ccff0b5991f8_p005,5823ccff0b5991f8,EVT_00652,hindustan_times,2026-07-16 10:27:22,The Delhi High Court is scheduled to hear on Thursday a public interest litigation expressing concern over Wangchuk's deteriorating health during his indefinite fast at Jantar Mantar.
5823ccff0b5991f8_p006,5823ccff0b5991f8,EVT_00652,hindustan_times,2026-07-16 10:27:22,"The petition, filed on Wednesday, seeks directions to admit the activist to a hospital, ensure he receives appropriate medical treatment and provide him with nutritional support through force-feeding, if necessary."
5823ccff0b5991f8_p007,5823ccff0b5991f8,EVT_00652,hindustan_times,2026-07-16 10:27:22,"Also Read | Who has supported Sonam Wangchuk so far? A look at list of politicians, actors amid hunger strike concerns"
5823ccff0b5991f8_p008,5823ccff0b5991f8,EVT_00652,hindustan_times,2026-07-16 10:27:22,The Cockroach Janata Party (CJP) has called for a one-day mass hunger strike on today in solidarity with Wangchuk and students across the country.
5823ccff0b5991f8_p009,5823ccff0b5991f8,EVT_00652,hindustan_times,2026-07-16 10:27:22,"In a post on X, the CJP said, ""Tomorrow, July 16th, join us for 1-day mass hunger strike in solidarity with Sonam Wangchuk and the students of this country."""
5823ccff0b5991f8_p010,5823ccff0b5991f8,EVT_00652,hindustan_times,2026-07-16 10:27:22,"Wangchuk, who has been on an indefinite hunger strike, said on Wednesday that he would not end his fast as doing so would send a message that the protests were not serious."
5823ccff0b5991f8_p011,5823ccff0b5991f8,EVT_00652,hindustan_times,2026-07-16 10:27:22,"In a video message, he said that although he was losing muscle mass, his heart and other vital organs were functioning well and his medical reports remained normal."
5823ccff0b5991f8_p012,5823ccff0b5991f8,EVT_00652,hindustan_times,2026-07-16 10:27:22,He appealed to supporters and well-wishers to participate in a peaceful march to Parliament on July 20 instead of urging him to call off the fast.
5823ccff0b5991f8_p013,5823ccff0b5991f8,EVT_00652,hindustan_times,2026-07-16 10:27:22,CJP founder Abhijeet Dipke said Wangchuk's condition had worsened significantly during the fast.
5823ccff0b5991f8_p014,5823ccff0b5991f8,EVT_00652,hindustan_times,2026-07-16 10:27:22,"As concern over his condition mounted, leaders across political parties, including Trinamool Congress chief Mamata Banerjee, Samajwadi Party president Akhilesh Yadav, Shiv Sena (UBT) chief Uddhav Thackeray and AAP national convenor Arvind Kejriwal appealed to Wangchuk to call off his hunger strike."
5823ccff0b5991f8_p015,5823ccff0b5991f8,EVT_00652,hindustan_times,2026-07-16 10:27:22,"The CJP, which has been protesting at Delhi's Jantar Mantar for the past 25 days over the NEET issue, also unveiled a five-point examination reform charter on Tuesday, claiming support for its agitation was growing across political parties."
5823ccff0b5991f8_p016,5823ccff0b5991f8,EVT_00652,hindustan_times,2026-07-16 10:27:22,"Veteran actor Zeenat Aman urged the government to begin talks with Wangchuk, saying India should not ""sit back and watch one of its greatest minds be sacrificed."""
5823ccff0b5991f8_p017,5823ccff0b5991f8,EVT_00652,hindustan_times,2026-07-16 10:27:22,"Actor Omi Vaidya, best known for playing Chatur ""Silencer"" Ramalingam in 3 Idiots, also appealed to the public to pay attention to Wangchuk's worsening health, saying he did not want the activist to die."
b1bed819191590ce_p001,b1bed819191590ce,EVT_00652,india_today,2026-07-16 11:10:17,"Don't ask me to end fast, join July 20 march to Parliament instead: Sonam Wangchuk"
b1bed819191590ce_p002,b1bed819191590ce,EVT_00652,india_today,2026-07-16 11:10:17,"Sonam Wangchuk, who is in the third week of his indefinite hunger strike, urged citizens and political leaders to join the CJP's July 20 ""Chalo Sansad"" march instead of asking him to end his fast, adding that the march will be a ""real lesson in political science and democracy."""
b1bed819191590ce_p003,b1bed819191590ce,EVT_00652,india_today,2026-07-16 11:10:17,"Activist Sonam Wangchuk, in a late-night video message on Wednesday, refused to end his indefinite hunger strike despite appeals from supporters and political leaders, saying calling it off without any assurance from the government would send the wrong message and urged people to join the July 20 march to Parliament instead of asking him to break his fast."
b1bed819191590ce_p004,b1bed819191590ce,EVT_00652,india_today,2026-07-16 11:10:17,"""If I eat, what message will go? The message to the government will be that there is no need for accountability. Protesters sit and leave..."" Wangchuk said in the video, questioning what would change if he broke his fast."
b1bed819191590ce_p005,b1bed819191590ce,EVT_00652,india_today,2026-07-16 11:10:17,"Instead, the 59-year-old activist urged citizens to participate in the Cockroach Janta Party's proposed ""Chalo Sansad"" march on July 20, saying the demonstration would serve as a ""real lesson in political science and democracy"" for students."
b1bed819191590ce_p006,b1bed819191590ce,EVT_00652,india_today,2026-07-16 11:10:17,"In the video, shared on the 18th day of his hunger strike, Wangchuk said he had received thousands of requests from supporters to end his fast, while several senior political leaders had also reached out to him with concern."
b1bed819191590ce_p007,b1bed819191590ce,EVT_00652,india_today,2026-07-16 11:10:17,"""Many senior politicians have come to me and spoken to me with love and concern. Some have even approached the court seeking directions to make me eat,"" he said."
b1bed819191590ce_p008,b1bed819191590ce,EVT_00652,india_today,2026-07-16 11:10:17,"Meanwhile, our reporter spent a night at the CJP protest site at Jantar Mantar, closely observing Sonam Wangchuk's hunger strike and the protest from the ground."
b1bed819191590ce_p009,b1bed819191590ce,EVT_00652,india_today,2026-07-16 11:10:17,"Addressing concerns over his health, Wangchuk said medical tests had not shown any immediate danger and that he was fit to continue the fast."
b1bed819191590ce_p010,b1bed819191590ce,EVT_00652,india_today,2026-07-16 11:10:17,"""My condition is not such that I will die in two-four days. Many medical tests have been conducted and the results are quite normal for an 18-day fast. An ECG was also done and it is not bad. I can continue for many more days,"" he said while acknowledging weakness and muscle loss."
b1bed819191590ce_p011,b1bed819191590ce,EVT_00652,india_today,2026-07-16 11:10:17,"""There is weakness and my muscles are getting weak, but my heart and core are still fine,"" Wangchuk added."
b1bed819191590ce_p012,b1bed819191590ce,EVT_00652,india_today,2026-07-16 11:10:17,"Furthermore, Wangchuk also appealed to schools, colleges and universities to mark July 20 as a day of ""experiential education"" under the National Education Policy by joining the march, saying students would witness a ""real lesson in political science and democracy""."
b1bed819191590ce_p013,b1bed819191590ce,EVT_00652,india_today,2026-07-16 11:10:17,"""Come in thousands on July 20. Together, we will hand over this issue to Parliament. Then I will believe that it has gone into the right hands,"" Wangchuk said."
b1bed819191590ce_p014,b1bed819191590ce,EVT_00652,india_today,2026-07-16 11:10:17,"The Cockroach Janta Party (CJP) has been protesting at Jantar Mantar, demanding the resignation of Union Education Minister Dharmendra Pradhan over irregularities in the NEET examination. The group has announced the ""Chalo Sansad"" march on July 20, coinciding with the first day of the Monsoon Session of Parliament."
307b8f472dea0154_p001,307b8f472dea0154,EVT_00628,india_today,2026-07-16 08:07:57,I'm not in good shape: Sonam Wangchuk enters Day 19 of indefinite hunger strike
307b8f472dea0154_p002,307b8f472dea0154,EVT_00628,india_today,2026-07-16 08:07:57,"As per the latest health update shared by the doctor monitoring Sonam Wangchuk, the 59-year-old activist's weight has dropped to 56.65 kg, down 500 grams in the last 24 hours and over 9 kg since the start of his hunger strike."
307b8f472dea0154_p003,307b8f472dea0154,EVT_00628,india_today,2026-07-16 08:07:57,“I’m not in good shape but not so bad either.”
307b8f472dea0154_p004,307b8f472dea0154,EVT_00628,india_today,2026-07-16 08:07:57,"That's what a frail-looking Sonam Wangchuk, who entered the 19th day of his indefinite hunger strike at Jantar Mantar on Thursday, demanding Union Education Minister Dharmendra Pradhan's resignation over irregularities in the NEET examination, said in a video message posted late last night."
307b8f472dea0154_p005,307b8f472dea0154,EVT_00628,india_today,2026-07-16 08:07:57,"Dr Satish Lamba, Senior General Physician monitoring Sonam Wangchuk's health, on Thursday said the activist had lost more than 9 kg after 19 days of his indefinite hunger strike at Jantar Mantar."
307b8f472dea0154_p006,307b8f472dea0154,EVT_00628,india_today,2026-07-16 08:07:57,"Wangchuk's weight has dropped to 56.65 kg, down 500 grams in the past 24 hours and more than 9 kg since he began fasting. His blood pressure was recorded at 105/61 mmHg, blood sugar at 80 mg/dL, oxygen saturation at 97%, while doctors said he remained conscious and mentally alert but requires continuous monitoring."
307b8f472dea0154_p007,307b8f472dea0154,EVT_00628,india_today,2026-07-16 08:07:57,"In the video message, Wangchuk, 59, also urged supporters not to ask him to end his fast but instead join the organisation's planned ""Chalo Sansad"" march to Parliament on July 20. ""Rather than asking me to break my fast, please join me on 20th July... Peaceful March to the Parliament,"" he said."
307b8f472dea0154_p008,307b8f472dea0154,EVT_00628,india_today,2026-07-16 08:07:57,"Meanwhile, our reporter spent a night at the CJP protest site at Jantar Mantar, closely observing Sonam Wangchuk's hunger strike and the protest from the ground."
307b8f472dea0154_p009,307b8f472dea0154,EVT_00628,india_today,2026-07-16 08:07:57,"Wangchuk is not alone in the protest. Several others, including members of student organisations, are also on hunger strike at Jantar Mantar. At a separate stage, All India Students' Association (AISA) leaders Neha, Manish and Aameen continued their fast despite their worsening health. AISA said that Neha has lost 5.85 kg during the fast, while Manish and Aameen have lost 8.2 kg and 8.3 kg, respectively, with all three recording low blood sugar levels."
307b8f472dea0154_p010,307b8f472dea0154,EVT_00628,india_today,2026-07-16 08:07:57,"The student outfit also said JNUSU joint secretary Danish, JNU Barak Hostel president Hrishikesh and Delhi University student leader Deepak have been hospitalised after their health deteriorated during the protest."
307b8f472dea0154_p011,307b8f472dea0154,EVT_00628,india_today,2026-07-16 08:07:57,POLITICAL LEADERS URGE WANGCHUK TO END HUNGER STRIKE
307b8f472dea0154_p012,307b8f472dea0154,EVT_00628,india_today,2026-07-16 08:07:57,"The protest has also drawn political support, with Congress MP Shashi Tharoor on Wednesday made an emotional appeal to Wangchuk to end his fast, saying it had already ""awakened the conscience of the nation"" and that the fight for students' issues should now move to Parliament."
307b8f472dea0154_p013,307b8f472dea0154,EVT_00628,india_today,2026-07-16 08:07:57,"""To Shri Sonam Wangchuk-ji, my heartfelt appeal: please end your fast. You have awakened the conscience of the nation; that is what a fast is meant to do. India needs your voice for the long road ahead,"" Tharoor wrote in an open letter."
307b8f472dea0154_p014,307b8f472dea0154,EVT_00628,india_today,2026-07-16 08:07:57,"Earlier, on Tuesday, Trinamool Congress chief Mamata Banerjee, Samajwadi Party president Akhilesh Yadav, Shiv Sena (UBT) chief Uddhav Thackeray and AAP national convenor Arvind Kejriwal also urged Wangchuk to end his fast, while actor Zeenat Aman appealed to the government to initiate dialogue."
307b8f472dea0154_p015,307b8f472dea0154,EVT_00628,india_today,2026-07-16 08:07:57,Former Gujarat chief minister Shankersinh Vaghela and actor Swara Bhaskar also visited the protest site at Jantar Mantar to express solidarity.
307b8f472dea0154_p016,307b8f472dea0154,EVT_00628,india_today,2026-07-16 08:07:57,"Meanwhile, a public interest litigation (PIL) has been filed in the Delhi High Court seeking urgent medical intervention for Wangchuk, urging the Centre and the Delhi government to shift him to a hospital and provide necessary medical treatment, including force-feeding if required, citing concerns over his deteriorating health."
307b8f472dea0154_p017,307b8f472dea0154,EVT_00628,india_today,2026-07-16 08:07:57,"On Monday, more than 1,800 artistes, academics, writers and social activists issued an open letter backing the protesters' demands while urging them to end their indefinite hunger strike amid growing concerns over their deteriorating health."
307b8f472dea0154_p018,307b8f472dea0154,EVT_00628,india_today,2026-07-16 08:07:57,"The signatories, including actors Naseeruddin Shah and Ratna Pathak Shah, writer Arundhati Roy, economist Jean Drze, academic Jayati Ghosh, scholar Nivedita Menon and academic Anuradha Chenoy, said they fully supported the demand for Pradhan's resignation but appealed to the protesters to preserve their strength for a ""longer and more difficult struggle"" ahead."
307b8f472dea0154_p019,307b8f472dea0154,EVT_00628,india_today,2026-07-16 08:07:57,"The protest at Jantar Mantar was launched by CJP, an online satirical collective, on June 19. Led by its founder Abhijeet Dipke, the CJP has called for Union Education Minister Dharmendra Pradhan's resignation, holding him accountable for irregularities in the NEET examination, including the paper leak that triggered widespread controversy and re-test."
307b8f472dea0154_p020,307b8f472dea0154,EVT_00628,india_today,2026-07-16 08:07:57,"Stepping up its campaign, the CJP has also announced a one-day mass hunger strike and renewed its appeal for citizens to join the July 20 Parliament march, demanding a transparent examination system, accountability for repeated paper leaks and the removal of the education minister."
307b8f472dea0154_p021,307b8f472dea0154,EVT_00628,india_today,2026-07-16 08:07:57,"""Until the resignation happens, we'll stand firm. 20 July, march to Parliament,"" the organisation said in a post on X."
307b8f472dea0154_p022,307b8f472dea0154,EVT_00628,india_today,2026-07-16 08:07:57,"Furthermore, CJP founder Abhijeet Dipke on Wednesday accused the Centre of remaining silent despite Wangchuk's deteriorating health."
307b8f472dea0154_p023,307b8f472dea0154,EVT_00628,india_today,2026-07-16 08:07:57,"""Day 18 of Sonam Wangchuk's hunger strike. The man who chose to put his own life on the line to seek justice for students who died by suicide has received nothing but silence from the government. The government is not just unaccountable; it is also cruel,"" Dipke said."
307b8f472dea0154_p024,307b8f472dea0154,EVT_00628,india_today,2026-07-16 08:07:57,"Questioning the Centre's response, Dipke said the real issues were why Prime Minister Narendra Modi was refusing to engage in dialogue and why Union Education Minister Dharmendra Pradhan had not been held accountable."
307b8f472dea0154_p025,307b8f472dea0154,EVT_00628,india_today,2026-07-16 08:07:57,"""Instead of asking why opposition leaders haven't supported CJP, or why every CJP team member isn't on a hunger strike alongside Sonam sir, ask the questions that actually matter. Why is the Prime Minister refusing to engage in a dialogue? Why is the Education Minister still not being held accountable?"" he said."
307b8f472dea0154_p026,307b8f472dea0154,EVT_00628,india_today,2026-07-16 08:07:57,The CJP also appealed to supporters to change their social media display pictures as a mark of solidarity with Wangchuk and claimed that more than 1.3 lakh people have registered support through its missed-call campaign for the Parliament march.
e274b6dd63e578f5_p001,e274b6dd63e578f5,EVT_00645,india_today,2026-07-16 12:55:55,Worker killed after concrete lining falls inside Silkyara Tunnel in Uttarakhand
e274b6dd63e578f5_p002,e274b6dd63e578f5,EVT_00645,india_today,2026-07-16 12:55:55,"The incident occurred at around 2 am, approximately 900 metres inside the tunnel from the Barkot side. The 21-year-old man hailed from Jharkhand, the project manager of the company carrying out the tunnel's construction said."
e274b6dd63e578f5_p003,e274b6dd63e578f5,EVT_00645,india_today,2026-07-16 12:55:55,"A young worker was killed after a section of concrete lining fell on him inside the under-construction Silkyara Tunnel in Uttarakhand's Uttarkashi district during the early hours of Friday, according to authorities."
e274b6dd63e578f5_p004,e274b6dd63e578f5,EVT_00645,india_today,2026-07-16 12:55:55,"The body has been sent for post-mortem examination. The incident occurred at around 2 am, approximately 900 metres inside the tunnel from the Barkot side, preliminary information suggests."
e274b6dd63e578f5_p005,e274b6dd63e578f5,EVT_00645,india_today,2026-07-16 12:55:55,"The man hailed from Jharkhand, the project manager of the company carrying out the tunnel's construction said."
e274b6dd63e578f5_p006,e274b6dd63e578f5,EVT_00645,india_today,2026-07-16 12:55:55,"""A block of the tunnel’s concrete (shotcrete) lining collapsed about 900 metres inside from the Barkot side. A 21-year-old labourer from Jharkhand died after being trapped under the fallen concrete,"" Uttarkashi District Magistrate, Prashant Arya, was quoted as saying by news agency ANI."
e274b6dd63e578f5_p007,e274b6dd63e578f5,EVT_00645,india_today,2026-07-16 12:55:55,"A thorough investigation into the accident will be conducted by the National Highways & Infrastructure Development Corporation Limited (NHIDCL), which will subsequently submit its report."
e274b6dd63e578f5_p008,e274b6dd63e578f5,EVT_00645,india_today,2026-07-16 12:55:55,The exact cause of the accident and other details will be confirmed only after the investigation report is completed.
e274b6dd63e578f5_p009,e274b6dd63e578f5,EVT_00645,india_today,2026-07-16 12:55:55,The 4.5-km tunnel is being built as part of the central government's Char Dham all-weather road connectivity project.
e274b6dd63e578f5_p010,e274b6dd63e578f5,EVT_00645,india_today,2026-07-16 12:55:55,"It became a subject of nationwide attention when a landslide caused 41 workers to be trapped inside it for 17 days, before they were eventually rescued in an operation involving various government agencies."
345fcf2f0f31df29_p001,345fcf2f0f31df29,EVT_00632,hindustan_times,2026-07-16 14:47:51,TMC MP Koel Mallick resigns from Rajya Sabha in fresh blow to Mamata Banerjee
345fcf2f0f31df29_p002,345fcf2f0f31df29,EVT_00632,hindustan_times,2026-07-16 14:47:51,Koel Mallick's resignation from Rajya Sabha comes a day after TMC MLA Madan Mitra joined the rebel camp in West Bengal legislative assembly on Wednesday.
345fcf2f0f31df29_p003,345fcf2f0f31df29,EVT_00632,hindustan_times,2026-07-16 14:47:51,"In fresh blow to former West Bengal chief minister Mamata Banerjee, her party's MP Koel Mallick resigned from Rajya Sabha on Thursday just months after taking oath. Mallick, who is also an actor in Bengali film industry, took oath as Member of Parliament in Rajya Sabha in April this year."
345fcf2f0f31df29_p004,345fcf2f0f31df29,EVT_00632,hindustan_times,2026-07-16 14:47:51,"Mallick wrote to Rajya Sabha chairman CP Radhakrishnan on Thursday expressing that resigns as an MP. “I do hereby resign from the membership of Rajya Sabha, which may please be accepted with immediate effect,” she wrote in the letter."
345fcf2f0f31df29_p005,345fcf2f0f31df29,EVT_00632,hindustan_times,2026-07-16 14:47:51,"“I convey my sincere gratitude to your Excellency, Hon'ble Deputy Chairman and all functionaries of the Rajya Sabha Secretariat extending all help and cooperation during my tenure as a Member of the Rajya Sabha,” she added."
345fcf2f0f31df29_p006,345fcf2f0f31df29,EVT_00632,hindustan_times,2026-07-16 14:47:51,The TMC MP has not yet made any statement about why she decided to resign from Rajya Sabha.
345fcf2f0f31df29_p007,345fcf2f0f31df29,EVT_00632,hindustan_times,2026-07-16 14:47:51,"Mallick's resignation is fresh in several such blows to TMC supremo Mamata Banerjee, who is going through one of the worst political crises she has witnessed lately, particularly after TMC's crushing defeat against the Bharatiya Janata Party in recently held West Bengal assembly polls."
345fcf2f0f31df29_p008,345fcf2f0f31df29,EVT_00632,hindustan_times,2026-07-16 14:47:51,Mallick's resignation comes a day after Trinamool Congress MLA Madan Mitra joined the rebel camp in the West Bengal legislative assembly on Wednesday.
345fcf2f0f31df29_p009,345fcf2f0f31df29,EVT_00632,hindustan_times,2026-07-16 14:47:51,"- ABOUT THE AUTHORHT News DeskFollow the latest breaking news, major developments and agenda-setting stories from India and around the world with the newsdesk at Hindustan Times. Operating round the clock, the desk brings together experienced editors, reporters and correspondents to deliver fast, accurate and contextual reporting across subjects that influence public policy, governance, business, society and international affairs."
345fcf2f0f31df29_p010,345fcf2f0f31df29,EVT_00632,hindustan_times,2026-07-16 14:47:51,"The HT News Desk covers politics, elections, government policies, the economy, business and markets, science and technology, the environment, law and order, infrastructure, education, climate issues and geopolitics, while closely tracking developments across states, institutions and global capitals. The team also leads coverage of major breaking news events, policy announcements, court proceedings, natural disasters, public emergencies and significant international developments."
345fcf2f0f31df29_p011,345fcf2f0f31df29,EVT_00632,hindustan_times,2026-07-16 14:47:51,"Reports published by the newsdesk are based on information gathered from reporters on the ground, official statements, government agencies, court records, regulatory filings, recognised institutions and other authoritative sources. Stories undergo editorial scrutiny and verification processes to ensure accuracy, fairness and relevance, and are updated as events evolve and additional information becomes available."
345fcf2f0f31df29_p012,345fcf2f0f31df29,EVT_00632,hindustan_times,2026-07-16 14:47:51,"Whether covering a key political decision in New Delhi, an economic policy shift affecting millions, a landmark court ruling or a major global event, the HT News Desk aims to provide readers with reliable, fact-based journalism that delivers not only the latest developments but also the context and analysis needed to understand their wider implications.Read More"
3fc8190f5df7dde3_p001,3fc8190f5df7dde3,EVT_00634,hindustan_times,2026-07-16 11:09:33,"Karnataka anaesthetist stabbed to death, son injured; doctor wife in custody"
3fc8190f5df7dde3_p002,3fc8190f5df7dde3,EVT_00634,hindustan_times,2026-07-16 11:09:33,"A 45-year-old anaesthetist has allegedly been stabbed to death at his apartment here, while his eight-year-old son sustained serious stab injuries"
3fc8190f5df7dde3_p003,3fc8190f5df7dde3,EVT_00634,hindustan_times,2026-07-16 11:09:33,"A 45-year-old anaesthetist has allegedly been stabbed to death at his apartment here, while his eight-year-old son sustained serious stab injuries in an apparent attack, police said on Thursday."
3fc8190f5df7dde3_p004,3fc8190f5df7dde3,EVT_00634,hindustan_times,2026-07-16 11:09:33,"His wife Dr Priya, has been taken into custody for questioning, they added."
3fc8190f5df7dde3_p005,3fc8190f5df7dde3,EVT_00634,hindustan_times,2026-07-16 11:09:33,"The deceased, Dr Kiran Honnannavar, worked at a private hospital and was a resident of Ranka Stello Apartments on Karnataka University Road."
3fc8190f5df7dde3_p006,3fc8190f5df7dde3,EVT_00634,hindustan_times,2026-07-16 11:09:33,Also Read: Man found dead in Kannada actor Krishi Thapanda's Bengaluru home; police launch investigation
3fc8190f5df7dde3_p007,3fc8190f5df7dde3,EVT_00634,hindustan_times,2026-07-16 11:09:33,"According to police, Honnannavar was found lying in a pool of blood on a bedroom mattress with fatal stab injuries to his neck on Wednesday."
3fc8190f5df7dde3_p008,3fc8190f5df7dde3,EVT_00634,hindustan_times,2026-07-16 11:09:33,His son was also found with severe stab injuries in what police suspect was an attempt on the child's life.
3fc8190f5df7dde3_p009,3fc8190f5df7dde3,EVT_00634,hindustan_times,2026-07-16 11:09:33,"Acting on information, police rescued the boy and shifted him to a hospital. A preliminary investigation suggests the incident may have been linked to a domestic dispute, based on a complaint lodged by the victim's family members."
3fc8190f5df7dde3_p010,3fc8190f5df7dde3,EVT_00634,hindustan_times,2026-07-16 11:09:33,Police Commissioner N Shashikumar said they are trying to ascertain what really transpired.
3fc8190f5df7dde3_p011,3fc8190f5df7dde3,EVT_00634,hindustan_times,2026-07-16 11:09:33,"He said that Priya, a doctor with an MBBS degree, had allegedly answered calls made to her husband's mobile phone by his relatives and friends since Tuesday evening and each time she told a different story about his whereabouts."
3fc8190f5df7dde3_p012,3fc8190f5df7dde3,EVT_00634,hindustan_times,2026-07-16 11:09:33,"""Why the incident happened, for what reason needs to be ascertained. Only three people -- husband, wife and child -- were at home. No one has come from outside. We need to investigate what really happened. A murder case has been registered,"" the Commissioner told reporters."
3fc8190f5df7dde3_p013,3fc8190f5df7dde3,EVT_00634,hindustan_times,2026-07-16 11:09:33,"Stating that the wife is in a complete state of shock and was making incoherent statements, he further said the exact motive behind the murder will be known only after the investigation."
3fc8190f5df7dde3_p014,3fc8190f5df7dde3,EVT_00634,hindustan_times,2026-07-16 11:09:33,"Police said that the child is said to be autistic, and it needs to be verified."
3fc8190f5df7dde3_p015,3fc8190f5df7dde3,EVT_00634,hindustan_times,2026-07-16 11:09:33,"Police have registered a case, and further investigation is underway."
7c21dfdef7a217d0_p001,7c21dfdef7a217d0,EVT_00634,india_today,2026-07-16 08:43:41,"Karnataka doctor killed, son stabbed, wife found scrolling on phone beside bodies"
7c21dfdef7a217d0_p002,7c21dfdef7a217d0,EVT_00634,india_today,2026-07-16 08:43:41,"Dr Kiran Honannavar was allegedly killed by his doctor wife inside their apartment in Karnataka's Dharwad, while their eight-year-old son was also allegedly stabbed. A video from the scene showed Dr Honannavar's wife lying down and scrolling through her phone while the bodies of her husband and son lay in a pool of blood."
7c21dfdef7a217d0_p003,7c21dfdef7a217d0,EVT_00634,india_today,2026-07-16 08:43:41,"A 45-year-old doctor, Dr Kiran Honannavar, was murdered allegedly by his wife, Priyanka, who is also a doctor, inside their apartment in Karnataka's Dharwad on Wednesday. The couple's eight-year-old son was also stabbed and is undergoing treatment at a private hospital."
7c21dfdef7a217d0_p004,7c21dfdef7a217d0,EVT_00634,india_today,2026-07-16 08:43:41,"Alerted by neighbours, the police walked into a scene of horror, with blood splattered across the apartment. A video from the scene showed Dr Honannavar's wife lying down and scrolling through her phone while the bodies of her husband and son lay in a pool of blood."
7c21dfdef7a217d0_p005,7c21dfdef7a217d0,EVT_00634,india_today,2026-07-16 08:43:41,"After being alerted, Hubballi-Dharwad Police Commissioner N Shashikumar arrived at the crime scene, noticed the injured child was still breathing, and rushed him to the hospital."
7c21dfdef7a217d0_p006,7c21dfdef7a217d0,EVT_00634,india_today,2026-07-16 08:43:41,"According to the information available so far, when Kiran's relatives and friends called on Tuesday night and again on Wednesday morning, Priyanka answered the phone, telling them first that he was resting and later that he had gone out on duty."
7c21dfdef7a217d0_p007,7c21dfdef7a217d0,EVT_00634,india_today,2026-07-16 08:43:41,"When family members eventually visited the couple's flat on Wednesday evening after receiving no response from him, they found the father and son lying in a pool of blood, while the accused was lying on the bed, scrolling through her phone."
7c21dfdef7a217d0_p008,7c21dfdef7a217d0,EVT_00634,india_today,2026-07-16 08:43:41,"Hubballi-Dharwad Police Commissioner N Shashikumar said Dr Kiran Honannavar, an anaesthetist at Chirayu Hospital, lived with his wife, Priyanka Kattanahalli, an MBBS graduate with an MS in Ophthalmology, and their eight-year-old son in a sixth-floor apartment opposite Pavan High School. He added that Kiran's family members used to visit them frequently."
7c21dfdef7a217d0_p009,7c21dfdef7a217d0,EVT_00634,india_today,2026-07-16 08:43:41,"Describing the scene, the Commissioner said police found Dr Kiran lying dead in a pool of blood in one of the rooms. The 8-year-old boy had also suffered stab injuries, he added. ""We are yet to ascertain during the investigation when exactly the child was attacked. Since he was still alive, we shifted him to the hospital immediately,"" he said."
7c21dfdef7a217d0_p010,7c21dfdef7a217d0,EVT_00634,india_today,2026-07-16 08:43:41,"Shashikumar said that the police are trying to establish when the incident took place and what led to it. According to the preliminary findings, only the husband, wife and child were inside the apartment at the time of the incident, and there is no indication so far that any outsider entered the house."
7c21dfdef7a217d0_p011,7c21dfdef7a217d0,EVT_00634,india_today,2026-07-16 08:43:41,"He further said neighbours had been trying to contact the family since morning, but Priyanka told them she was inside the house and that her husband had gone out."
7c21dfdef7a217d0_p012,7c21dfdef7a217d0,EVT_00634,india_today,2026-07-16 08:43:41,"""We will conduct a detailed investigation to determine what exactly happened, whom she spoke to, what she told them, and the sequence of events inside the apartment,"" the Commissioner said, adding that a murder case has been registered, and the investigation is underway."
4d063a6c33d2656d_p001,4d063a6c33d2656d,EVT_00645,hindustan_times,2026-07-16 12:10:25,Uttarakhand: Worker killed in concrete lining collapse inside Silkyara tunnel
4d063a6c33d2656d_p002,4d063a6c33d2656d,EVT_00645,hindustan_times,2026-07-16 12:10:25,The fatal incident occurred when a heavy section of the tunnel’s concrete shotcrete lining fractured and collapsed on the worker
4d063a6c33d2656d_p003,4d063a6c33d2656d,EVT_00645,hindustan_times,2026-07-16 12:10:25,"A 21-year-old construction worker from Jharkhand was killed after a section of the concrete lining inside the Silkyara-Barkot tunnel collapsed in Uttarkashi district during the early hours of Thursday, officials said."
4d063a6c33d2656d_p004,4d063a6c33d2656d,EVT_00645,hindustan_times,2026-07-16 12:10:25,"Confirming the incident, Uttarkashi District Magistrate Prashant Arya said the incident occurred at around 2am, nearly 900 metres from the Barkot-side part of the 4.5-km-long tunnel."
4d063a6c33d2656d_p005,4d063a6c33d2656d,EVT_00645,hindustan_times,2026-07-16 12:10:25,"“The fatal incident occurred when a heavy section of the tunnel’s concrete shotcrete lining fractured and collapsed on the worker,” Arya said."
4d063a6c33d2656d_p006,4d063a6c33d2656d,EVT_00645,hindustan_times,2026-07-16 12:10:25,Also Read:Silkyara tunnel breakthrough achieved; project completion expected in 18 months
4d063a6c33d2656d_p007,4d063a6c33d2656d,EVT_00645,hindustan_times,2026-07-16 12:10:25,"The worker sustained fatal injuries after being struck by the falling debris and died at the site, he added."
4d063a6c33d2656d_p008,4d063a6c33d2656d,EVT_00645,hindustan_times,2026-07-16 12:10:25,Arya said no other workers were trapped in the collapse and the tunnel remained accessible.
4d063a6c33d2656d_p009,4d063a6c33d2656d,EVT_00645,hindustan_times,2026-07-16 12:10:25,"“No other labourers are currently caught under the debris. However, the final details will be available only after the complete inquiry report is submitted,” he said."
4d063a6c33d2656d_p010,4d063a6c33d2656d,EVT_00645,hindustan_times,2026-07-16 12:10:25,"The district magistrate directed senior district officials, including the sub-divisional magistrate (SDM), Barkot, to visit the site, assess the situation and submit a detailed report."
4d063a6c33d2656d_p011,4d063a6c33d2656d,EVT_00645,hindustan_times,2026-07-16 12:10:25,"Meanwhile, the National Highways and Infrastructure Development Corporation Limited (NHIDCL) has launched a probe into the incident to determine the exact cause of the structural failure. Officials said conclusions would be drawn only after the factual assessment is completed."
4d063a6c33d2656d_p012,4d063a6c33d2656d,EVT_00645,hindustan_times,2026-07-16 12:10:25,"The Silkyara tunnel had drawn international attention in November 2023 when a major collapse inside the tunnel blocked a 60-metre stretch of the tunnel, trapping 41 workers inside for 17 days. The workers were eventually rescued in a complex multi-agency operation after specialised rat-hole miners manually drilled through the final section of debris and twisted steel to reach them."
