event_id,canonical_target,deccan_herald,firstpost,hindustan_times,india_today,indian_express,ndtv,news18,the_hindu,the_new_indian_express,the_times_of_india,theprint
EVT_00007,AIADMK,0,0,0,0,0,0,4,0,0,0,0
EVT_00007,Assam,0,0,0,0,0,0,1,0,0,0,0
EVT_00007,BD,0,0,0,0,0,0,1,0,0,0,0
EVT_00007,BJP,0,0,0,0,0,0,4,0,0,0,0
EVT_00007,Congress,0,0,0,0,0,0,1,0,0,0,0
EVT_00007,DMK,0,0,0,0,0,0,1,0,0,0,0
EVT_00007,Edappadi K Palaniswami,0,0,0,0,0,0,1,0,0,0,0
EVT_00007,Mishra,0,0,0,0,0,0,1,0,0,0,0
EVT_00007,Sarma,0,0,0,0,0,0,1,0,0,0,0
EVT_00007,dravidianlegacy,0,0,0,0,0,0,1,0,0,0,0
EVT_00007,edappadikpalaniswami,0,0,0,0,0,0,1,0,0,0,0
EVT_00007,newwave,0,0,0,0,0,0,1,0,0,0,0
EVT_00007,rajenthra,0,0,0,0,0,0,1,0,0,0,0
EVT_00007,sivakasi,0,0,0,0,0,0,1,0,0,0,0
EVT_00007,thangamani,0,0,0,0,0,0,1,0,0,0,0
EVT_00007,velumani,0,0,0,0,0,0,1,0,0,0,0
EVT_00024,Agency/Judge,0,0,0,0,0,0,0,0,0,0,1
EVT_00024,Assembly elections,0,0,0,0,1,0,0,0,0,0,0
EVT_00024,Bengal voter deletions,0,0,0,0,1,0,0,0,0,0,0
EVT_00024,Bhagabangola,0,0,0,0,1,0,0,0,0,0,0
EVT_00024,Dravidian leaders,0,0,0,0,0,0,0,0,0,0,1
EVT_00024,EC (Election Commission),0,0,0,0,1,0,0,0,0,0,0
EVT_00024,Election Commission,0,0,0,0,2,0,0,0,0,0,0
EVT_00024,Farakka,0,0,0,0,1,0,0,0,0,0,0
EVT_00024,Gogoi,0,0,0,0,0,0,0,0,0,0,1
EVT_00024,Government,0,0,0,0,1,0,0,0,0,0,0
EVT_00024,Government (Assuming reference to development projects),0,0,0,0,0,0,0,0,0,0,1
EVT_00024,India,0,0,0,0,0,0,0,0,0,0,1
EVT_00024,Kejriwal,0,0,0,0,0,0,0,0,0,0,1
EVT_00024,Lalgola,0,0,0,0,1,0,0,0,0,0,0
EVT_00024,Local Elections in Samserganj (Murshidabad district),0,0,0,0,1,0,0,0,0,0,0
EVT_00024,Mamata Banerjee,0,0,0,0,0,0,0,0,0,0,1
EVT_00024,Mothabari (Malda),0,0,0,0,1,0,0,0,0,0,0
EVT_00024,Police and Judicial Officers,0,0,0,0,1,0,0,0,0,0,0
EVT_00024,Political Parties and Candidates,0,0,0,0,1,0,0,0,0,0,0
EVT_00024,Political Processes,0,0,0,0,3,0,0,0,0,0,0
EVT_00024,Politicians in South 24 Parganas,0,0,0,0,1,0,0,0,0,0,0
EVT_00024,Protests,0,0,0,0,1,0,0,0,0,0,0
EVT_00024,Raghunathganj,0,0,0,0,1,0,0,0,0,0,0
EVT_00024,Ratua,0,0,0,0,1,0,0,0,0,0,0
EVT_00024,Siliguri corridor,0,0,0,0,0,0,0,0,0,0,1
EVT_00024,Suti (Murshidabad),0,0,0,0,1,0,0,0,0,0,0
EVT_00024,Trinamool Congress (TMC),0,0,0,0,1,0,0,0,0,0,0
EVT_00031,BJP,0,0,0,0,3,6,0,0,0,0,0
EVT_00031,Chowdhury,0,0,0,0,2,0,0,0,0,0,0
EVT_00031,Congress,0,0,0,0,4,0,0,0,0,0,0
EVT_00031,EC,0,0,0,1,0,0,0,0,0,0,0
EVT_00031,ED,0,0,0,1,0,0,0,0,0,0,0
EVT_00031,I-PAC,0,0,0,1,0,0,0,0,0,0,0
EVT_00031,Mamata Banerjee,0,0,0,0,0,4,0,0,0,0,0
EVT_00031,PM Modi,0,0,0,0,1,0,0,0,0,0,0
EVT_00031,Suvendu Adhikari,0,0,0,0,0,3,0,0,0,0,0
EVT_00031,Trinamool Congress,0,0,0,1,1,1,0,0,0,0,0
EVT_00031,Trinamool Congress (TMC),0,0,0,0,1,0,0,0,0,0,0
EVT_00031,WB,0,0,0,1,0,0,0,0,0,0,0
EVT_00031,assembly,0,0,0,1,0,0,0,0,0,0,0
EVT_00031,coal scam,0,0,0,1,0,0,0,0,0,0,0
EVT_00033,Ahmed,0,0,0,0,0,0,0,0,0,0,1
EVT_00033,BJP,0,0,0,0,0,0,0,0,0,0,2
EVT_00033,Congress,0,0,0,0,0,0,0,0,0,0,4
EVT_00033,Jagadish Shettar,0,0,0,0,0,0,0,0,0,0,1
EVT_00033,Naseer,0,0,0,0,0,0,0,0,0,0,1
EVT_00033,Siddaramaiah,0,0,0,0,0,0,0,0,0,0,2
EVT_00042,AIADMK,0,0,0,0,1,0,0,0,0,0,0
EVT_00042,Amit Shah,0,0,0,1,1,0,0,0,0,0,0
EVT_00042,Andhra Pradesh,0,0,0,1,0,0,0,0,0,0,0
EVT_00042,BJP,0,0,0,1,1,0,0,0,0,0,0
EVT_00042,Congress,0,0,0,0,5,0,0,0,0,0,0
EVT_00042,DMK,0,0,0,1,0,0,0,0,0,0,0
EVT_00042,Gandhi,0,0,0,0,1,0,0,0,0,0,0
EVT_00042,Karnataka,0,0,0,1,0,0,0,0,0,0,0
EVT_00042,Kerala,0,0,0,1,0,0,0,0,0,0,0
EVT_00042,PM Modi,0,0,0,0,1,0,0,0,0,0,0
EVT_00042,Palaniswami,0,0,0,0,1,0,0,0,0,0,0
EVT_00042,Parliament,0,0,0,1,0,0,0,0,0,0,0
EVT_00042,Rahul Gandhi,0,0,0,0,1,0,0,0,0,0,0
EVT_00042,TVK,0,0,0,0,2,0,0,0,0,0,0
EVT_00042,Telangana,0,0,0,1,0,0,0,0,0,0,0
EVT_00042,Vijay,0,0,0,0,1,0,0,0,0,0,0
EVT_00043,BJP,0,0,0,0,0,0,3,0,0,0,10
EVT_00043,Bihar,0,0,0,0,0,0,0,0,0,0,1
EVT_00043,BijendraYadav,0,0,0,0,0,0,0,0,0,0,2
EVT_00043,Centre,0,0,0,0,0,0,0,0,0,0,1
EVT_00043,Chaudhary,0,0,0,0,0,0,1,0,0,0,3
EVT_00043,JD(U),0,0,0,0,0,0,1,0,0,0,4
EVT_00043,NDP,0,0,0,0,0,0,0,0,0,0,1
EVT_00043,NishantKumar,0,0,0,0,0,0,0,0,0,0,3
EVT_00043,Nitish Kumar,0,0,0,0,0,0,3,0,0,0,10
EVT_00043,PM Modi,0,0,0,0,0,0,0,0,0,0,1
EVT_00043,RJD,0,0,0,0,0,0,0,0,0,0,1
EVT_00043,Samrat Choudhary,0,0,0,0,0,0,0,0,0,0,1
EVT_00043,VijayChaudhary,0,0,0,0,0,0,0,0,0,0,1
EVT_00043,Yadav,0,0,0,0,0,0,2,0,0,0,0
EVT_00045,'O'Brien',0,0,0,0,0,0,0,0,0,0,1
EVT_00045,AAP,0,0,0,0,0,0,0,0,0,0,1
EVT_00045,BJP,0,0,0,0,0,0,0,0,0,0,3
EVT_00045,Congress,0,0,0,0,0,0,0,0,0,0,1
EVT_00045,DMK,0,0,0,0,0,0,0,0,0,0,3
EVT_00045,JMM,0,0,0,0,0,0,0,0,0,0,1
EVT_00045,Left,0,0,0,0,0,0,0,0,0,0,1
EVT_00045,Lok Sabha,0,0,0,0,0,0,0,0,1,0,4
EVT_00045,MK Stalin,0,0,0,0,0,0,0,0,0,0,5
EVT_00045,Meghwal,0,0,0,0,0,0,0,0,1,0,0
EVT_00045,NDA,0,0,0,0,0,0,0,0,0,0,1
EVT_00045,Nari Shakti Vadan Adhiyiyan,0,0,0,0,0,0,0,0,0,0,1
EVT_00045,RJD,0,0,0,0,0,0,0,0,0,0,1
EVT_00045,Revanth Reddy,0,0,0,0,0,0,0,0,0,0,1
EVT_00045,Samajwadi Party,0,0,0,0,0,0,0,0,0,0,3
EVT_00045,Siddaramaiah,0,0,0,0,0,0,0,0,0,0,1
EVT_00045,Srinivasa Rao,0,0,0,0,0,0,0,1,0,0,0
EVT_00045,TDP,0,0,0,0,0,0,0,1,0,0,0
EVT_00045,TN,0,0,0,0,0,0,0,0,0,0,1
EVT_00045,TVK,0,0,0,0,0,0,0,0,0,0,1
EVT_00045,Trinamool Congress,0,0,0,0,0,0,0,0,0,0,3
EVT_00045,Vijay,0,0,0,0,0,0,0,0,0,0,1
EVT_00045,Vindhyas,0,0,0,0,0,0,0,0,0,0,1
EVT_00045,Yadav,0,0,0,0,0,0,0,0,0,0,1
EVT_00046,Congress,0,0,2,0,0,0,3,0,0,0,0
EVT_00046,Jabbar,0,0,0,0,0,0,1,0,0,0,0
EVT_00046,Samsher Shamashankarappa,0,0,1,0,0,0,0,0,0,0,0
EVT_00051,China,0,0,1,0,0,0,0,0,0,0,0
EVT_00051,Economic Policies and Data,0,0,1,0,0,0,0,0,0,0,0
EVT_00051,Government or Trade Policies,0,0,1,0,0,0,0,0,0,0,0
EVT_00051,Growth Statistics,0,0,1,0,0,0,0,0,0,0,0
EVT_00051,India,0,2,10,0,0,0,0,0,0,0,0
EVT_00051,India & US,0,1,0,0,0,0,0,0,0,0,0
EVT_00051,India and US Trade Negotiations,0,1,0,0,0,0,0,0,0,0,0
EVT_00051,India-US Trade Relations,0,1,0,0,0,0,0,0,0,0,0
EVT_00051,Trade Framework,0,1,0,0,0,0,0,0,0,0,0
EVT_00051,Trade Negotiators,0,1,0,0,0,0,0,0,0,0,0
EVT_00051,Trade Pact,0,1,0,0,0,0,0,0,0,0,0
EVT_00051,U.S. Government,0,1,0,0,0,0,0,0,0,0,0
EVT_00051,US,0,0,1,0,0,0,0,0,0,0,0
EVT_00051,US Administration,0,1,0,0,0,0,0,0,0,0,0
EVT_00051,US Government,0,1,0,0,0,0,0,0,0,0,0
EVT_00051,US Tariff Structure,0,1,0,0,0,0,0,0,0,0,0
EVT_00051,US and India,0,0,1,0,0,0,0,0,0,0,0
EVT_00051,US officials,0,1,0,0,0,0,0,0,0,0,0
EVT_00051,USTR (United States Trade Representative),0,2,0,0,0,0,0,0,0,0,0
EVT_00051,United States,0,1,0,0,0,0,0,0,0,0,0
EVT_00051,United States Trade Representative,0,1,0,0,0,0,0,0,0,0,0
EVT_00060,Amit Shah,0,0,0,0,0,0,2,0,0,0,0
EVT_00060,BR,0,0,0,0,0,0,1,0,0,0,0
EVT_00060,Chidambaram,1,0,0,0,0,0,0,0,0,0,0
EVT_00060,Delimitation,0,0,0,0,0,0,2,0,0,0,0
EVT_00060,Delimitation bill,0,0,2,0,0,0,0,0,0,0,0
EVT_00060,Gandhi,0,0,2,0,0,0,0,0,0,0,0
EVT_00060,Govt,0,0,1,0,0,0,0,0,0,0,0
EVT_00060,Heartland,0,0,0,0,0,0,1,0,0,0,0
EVT_00060,KA,0,0,0,0,0,0,1,0,0,0,0
EVT_00060,Kharge,0,0,1,0,0,0,0,0,0,0,0
EVT_00060,Lok Sabha,0,0,4,0,0,0,0,0,0,0,0
EVT_00060,MK Stalin,0,0,1,0,0,0,0,0,0,0,0
EVT_00060,NDA,0,0,3,0,0,0,0,0,0,0,0
EVT_00060,PM Modi,0,0,1,0,0,0,0,0,0,0,0
EVT_00060,Rajeev Chandrakhundri,0,0,1,0,0,0,0,0,0,0,0
EVT_00060,TN,0,0,0,0,0,0,1,0,0,0,0
EVT_00060,Trinamool Congress,0,0,1,0,0,0,0,0,0,0,0
EVT_00060,UP,0,0,0,0,0,0,1,0,0,0,0
EVT_00060,Yadav,0,0,1,0,0,0,0,0,0,0,0
EVT_00060,delimitation bill,0,0,1,0,0,0,0,0,0,0,0
EVT_00060,reservation for women,0,0,1,0,0,0,0,0,0,0,0
EVT_00060,support,0,0,1,0,0,0,0,0,0,0,0
EVT_00062,Global Suppliers,0,1,0,0,0,0,0,0,0,0,0
EVT_00062,Government/Central Government,0,1,0,0,0,0,0,0,0,0,0
EVT_00062,Gulf Infrastructure,0,1,0,0,0,0,0,0,0,0,0
EVT_00062,India,0,4,0,0,0,0,0,0,0,0,0
EVT_00062,India's LPG supply disruption,0,1,0,0,0,0,0,0,0,0,0
EVT_00062,Iranian Strikes,0,1,0,0,0,0,0,0,0,0,0
EVT_00062,Key Production Wells and Processing Units in the Gulf,0,1,0,0,0,0,0,0,0,0,0
EVT_00062,"LPG (producers, distributors)",0,1,0,0,0,0,0,0,0,0,0
EVT_00062,S Jaishankar,0,0,0,0,0,0,0,0,0,1,0
EVT_00062,The geopolitical situation involving the Strait of Hormuz,0,1,0,0,0,0,0,0,0,0,0
EVT_00062,Workers,0,1,0,0,0,0,0,0,0,0,0
EVT_00062,government,0,1,0,0,0,0,0,0,0,0,0
EVT_00064,BJP,0,0,1,0,4,0,0,0,0,0,0
EVT_00064,Congress,0,0,3,0,0,0,0,0,0,0,0
EVT_00064,DMK,0,0,1,0,0,0,0,0,0,0,0
EVT_00064,Delimitation provisions in the bill,0,0,1,0,0,0,0,0,0,0,0
EVT_00064,MK Stalin,0,0,1,0,0,0,0,0,0,0,0
EVT_00064,Mallikarjug Kharge,0,0,1,0,0,0,0,0,0,0,0
EVT_00064,Mamata Banerjee,0,0,0,0,3,0,0,0,0,0,0
EVT_00064,Samajwadi Party,0,0,1,0,0,0,0,0,0,0,0
EVT_00064,Trinamool Congress,0,0,1,0,0,0,0,0,0,0,0
EVT_00064,Venugopal,0,0,1,0,0,0,0,0,0,0,0
EVT_00064,Women's reservation,0,0,1,0,0,0,0,0,0,0,0
EVT_00064,government,0,0,0,0,0,0,1,0,0,0,0
EVT_00065,Akhilesh,0,0,0,0,0,0,2,0,0,0,0
EVT_00065,Akhilesh Yadav,0,0,1,0,0,0,0,0,0,0,0
EVT_00065,AkhileshYadav,0,0,1,0,0,0,0,0,0,0,0
EVT_00065,BJP,0,0,0,1,0,0,0,0,0,0,0
EVT_00065,Congress,0,0,0,3,0,0,0,0,0,0,0
EVT_00065,Delimitation,0,0,0,0,0,0,4,0,0,0,0
EVT_00065,Delimitation Bill,0,0,0,0,0,0,1,0,0,0,0
EVT_00065,PM Modi,0,0,5,11,0,0,7,0,0,0,0
EVT_00065,Priya Gandhi Vadra,0,0,0,1,0,0,0,0,0,0,0
EVT_00065,Samajwadi Party,0,0,1,0,0,0,0,0,0,0,0
EVT_00065,Women's quota law,0,0,0,0,0,0,1,0,0,0,0
EVT_00065,reservation bill,0,0,2,0,0,0,0,0,0,0,0
EVT_00065,women's reservation and delimitation bill,0,0,2,0,0,0,0,0,0,0,0
EVT_00067,Akhilesh Yadav,0,0,0,0,1,0,0,0,0,0,0
EVT_00067,Amit Shah,0,0,1,0,6,0,2,0,0,0,1
EVT_00067,BJP,0,0,2,2,0,0,2,0,0,0,0
EVT_00067,Congress,0,0,0,3,0,0,0,0,0,0,0
EVT_00067,Gandhi,0,0,0,1,0,0,0,0,0,0,0
EVT_00067,INDIA,0,0,0,0,0,0,1,0,0,0,0
EVT_00067,NDA,0,0,0,0,0,0,2,0,0,0,0
EVT_00067,PM Modi,0,0,0,1,0,0,0,0,0,0,0
EVT_00067,Rahul Gandhi,0,0,0,0,0,0,0,0,0,0,1
EVT_00067,Samajwadi Party,0,0,0,0,1,0,0,0,0,0,0
EVT_00073,Akhilesh Yadav,0,1,0,0,0,0,0,0,0,0,0
EVT_00073,Amit Shah,0,0,0,0,0,3,0,1,6,0,2
EVT_00073,BJP,0,0,0,0,0,0,0,0,6,0,0
EVT_00073,Baalu,0,0,0,0,0,0,0,0,1,0,0
EVT_00073,CPI,0,0,0,0,0,0,0,0,1,0,0
EVT_00073,Congress,0,0,0,0,0,0,0,0,6,0,0
EVT_00073,Constitution131AmendmentBill2026,0,0,0,0,0,0,0,0,1,0,0
EVT_00073,DMK,0,0,0,0,0,0,0,0,1,0,0
EVT_00073,Delimitation Commission,0,0,0,0,0,0,0,0,0,0,1
EVT_00073,Gogoi,0,0,0,0,0,0,0,0,2,0,0
EVT_00073,Lok Sabha,0,0,0,0,0,1,0,0,8,0,0
EVT_00073,Meghwal,0,0,0,0,0,0,0,0,3,0,0
EVT_00073,NDA,0,0,0,0,0,0,0,0,5,0,0
EVT_00073,PM Modi,0,0,0,0,0,0,0,1,6,0,0
EVT_00073,PTI,0,1,0,0,0,0,0,0,0,0,0
EVT_00073,SRINIVAS,0,0,0,0,0,0,0,0,1,0,0
EVT_00073,Samajwadi Party,0,0,0,0,0,0,0,0,2,0,0
EVT_00073,Southern States,0,0,0,0,0,1,0,0,0,0,0
EVT_00073,Swaraj,0,0,0,0,0,0,0,0,1,0,0
EVT_00073,Telangana,0,0,0,0,0,0,0,0,0,0,1
EVT_00073,Yadav,0,0,0,0,0,0,0,0,1,0,0
EVT_00073,delimitation,0,0,0,0,0,0,0,0,1,0,0
EVT_00073,quota law,0,0,0,0,0,0,0,0,2,0,0
EVT_00087,1937,0,0,0,1,0,0,0,0,0,0,0
EVT_00087,Shariat,0,0,0,2,0,0,0,0,0,0,0
EVT_00088,Air India,0,0,2,0,0,0,0,0,0,0,0
EVT_00088,Aircraft Accidents and Air Traffic,0,0,0,0,0,1,0,0,0,0,0
EVT_00088,Airlines/Airport Authorities,0,0,0,0,0,1,0,0,0,0,0
EVT_00088,Akasa,0,0,2,0,0,0,0,0,0,0,0
EVT_00088,Akasa Air,0,0,3,0,0,3,0,0,0,0,0
EVT_00088,Akasa airline,0,0,0,0,0,1,0,0,0,0,0
EVT_00088,Akasa flight,0,0,1,0,0,0,0,0,0,0,0
EVT_00088,Arya,0,0,4,0,0,0,0,0,0,0,0
EVT_00088,Arya Mishra,0,0,1,0,0,0,0,0,0,0,0
EVT_00088,Central Government,0,0,1,0,0,0,0,0,0,0,0
EVT_00088,DGCA (Directorate General Of Civil Aviation),0,0,0,0,0,1,0,0,0,0,0
EVT_00088,DGCA (Directorate General of Civil Aviation),0,0,1,0,0,3,0,0,0,0,0
EVT_00088,Delhi Airport Management,0,0,0,1,0,0,0,0,0,0,0
EVT_00088,Employees (female),0,0,0,1,0,0,0,0,0,0,0
EVT_00088,Government,0,0,1,0,0,0,0,0,0,0,0
EVT_00088,Human Resources Manager,0,0,0,1,0,0,0,0,0,0,0
EVT_00088,IndiGo,0,0,1,0,0,0,0,0,0,0,0
EVT_00088,Indian Airlines and Air India,0,0,1,0,0,0,0,0,0,0,0
EVT_00088,Indian Aviation Industry,0,0,0,1,0,0,0,0,0,0,0
EVT_00088,Indian Government/Airports,0,0,1,0,0,0,0,0,0,0,0
EVT_00088,Indira Gandhi International Airport,0,0,1,1,0,0,0,0,0,0,0
EVT_00088,Mamata Banerjee,0,0,0,1,0,0,0,0,0,0,0
EVT_00088,PM Modi,0,0,0,2,0,0,0,0,0,0,0
EVT_00088,Tata Consultancy Services,0,0,0,1,0,0,0,0,0,0,0
EVT_00088,Unknown,0,0,1,0,0,0,0,0,0,0,0
EVT_00088,relevant authorities,0,0,0,0,0,1,0,0,0,0,0
EVT_00110,AAP,0,0,0,2,0,0,0,0,0,0,0
EVT_00110,BJP,0,0,1,0,0,0,0,0,0,0,0
EVT_00110,BJR,0,0,1,0,0,0,0,0,0,0,0
EVT_00110,BRS,0,0,1,0,0,0,0,0,0,0,0
EVT_00110,KTSSR,0,0,1,0,0,0,0,0,0,0,0
EVT_00110,Malvinder Singh Kang,0,0,0,1,0,0,0,0,0,0,0
EVT_00110,Reddy,0,0,1,0,0,0,0,0,0,0,0
EVT_00110,YCP,0,0,3,0,0,0,0,0,0,0,0
EVT_00151,BJP MPs,0,0,0,0,0,0,0,0,0,1,0
EVT_00151,Congress,0,0,0,0,0,0,0,0,0,1,0
EVT_00151,Congress and its allies,0,0,0,0,0,0,0,0,0,1,0
EVT_00151,Janta Party,0,0,0,0,0,0,0,0,0,1,0
EVT_00151,NDA govt,0,0,0,0,0,0,0,0,0,1,0
EVT_00151,"PM Modi, BJP and its allies",0,0,0,0,0,0,0,0,0,1,0
EVT_00151,Rahul,0,0,0,0,0,0,0,0,0,1,0
EVT_00151,Rahul Gandhi,0,0,0,0,0,0,0,0,0,2,0
EVT_00208,C Joseph Vijay (Chief Minister),0,0,0,0,1,0,0,0,0,0,0
EVT_00208,DMDK general secretary Premalatha Vijayakanth and Woman Advocate Saranya,0,0,0,0,1,0,0,0,0,0,0
EVT_00208,DMK,0,0,0,0,1,0,0,0,0,0,0
EVT_00208,M A Subramanian,0,0,0,0,1,0,0,0,0,0,0
EVT_00208,MK Stalin and Edappadi K Palaniswami,0,0,0,0,0,0,0,0,0,0,1
EVT_00208,MLA (likely referring to a Member of Legislative Assembly),0,0,0,0,0,0,0,0,0,0,1
EVT_00208,Minister for Energy Resources (likely referring to Kumar),0,0,0,0,0,0,0,0,0,0,1
EVT_00208,Naresh,0,0,0,0,0,0,0,0,0,0,1
EVT_00208,Opposition parties,0,0,0,0,1,0,0,0,0,0,0
EVT_00208,Opposition party,0,0,0,0,1,0,0,0,0,0,0
EVT_00208,PTI,0,0,0,0,0,0,0,0,0,0,1
EVT_00208,Police,0,0,0,0,1,0,0,0,0,0,0
EVT_00208,R Nirmal Kumar (TVK leader and Tamil Nadu minister),0,0,0,0,0,0,0,0,0,0,2
EVT_00208,Sarath Kumar,0,0,0,0,6,0,0,0,0,0,0
EVT_00208,Sarathkumar,0,0,0,0,1,0,0,0,0,0,0
EVT_00208,Senthilbalaji,0,0,0,0,0,0,0,0,0,0,1
EVT_00208,Speaker,0,0,0,0,0,0,0,0,0,0,1
EVT_00208,The Government/Police Action,0,0,0,0,1,0,0,0,0,0,0
EVT_00208,"Thirunavukkarasu, Naresh and Thiyagarajan",0,0,0,0,0,0,0,0,0,0,1
EVT_00208,Unknown,0,0,0,0,1,0,0,0,0,0,0
EVT_00208,Unknown Politician or Party,0,0,0,0,1,0,0,0,0,0,0
EVT_00208,V Senthil Balaji,0,0,0,0,0,0,0,0,0,0,1
EVT_00208,Various Politicians/Officials,0,0,0,0,1,0,0,0,0,0,0
EVT_00208,Vijay,0,0,0,0,1,0,0,0,0,0,0
EVT_00208,minister,0,0,0,0,2,0,0,0,0,0,0
EVT_00208,police and DMK (Dravida Munnetra Kazhagam),0,0,0,0,1,0,0,0,0,0,0
EVT_00211,ACP (Association of Caribbean Ports),0,0,1,0,0,0,0,0,0,0,0
EVT_00211,ACP Ajay Sharma,0,0,0,0,0,0,0,0,0,2,0
EVT_00211,ACP Ajay Sharma and his team,0,0,2,0,0,0,0,0,0,0,0
EVT_00211,Abhijeet Dipke,0,0,0,0,0,0,0,0,0,0,1
EVT_00211,Abhijeet Dipke (Cockroach Janata Party),0,0,0,0,0,0,0,0,0,1,0
EVT_00211,Abhishek Manu Singhvi,0,0,0,0,0,0,0,0,0,0,1
EVT_00211,Akhilesh Yadav,0,0,0,0,0,0,0,0,0,0,1
EVT_00211,Arvind Kejriwal (AAP national convener),0,0,0,0,0,0,0,0,0,0,1
EVT_00211,BJP (Bharatiya Janata Party),0,0,0,0,0,0,0,0,0,0,1
EVT_00211,BJP (Indian political party),0,0,0,0,0,0,0,0,0,0,1
EVT_00211,CJP (Campaign for Justice and Peace),0,0,0,0,0,0,0,0,0,0,1
EVT_00211,CJP-led protest,0,0,0,0,0,0,0,0,0,2,0
EVT_00211,CPI (M) leaders,0,0,0,0,0,0,0,0,0,0,1
EVT_00211,CPI leader Annie Raja,0,0,0,0,0,0,0,0,0,0,1
EVT_00211,CPI(ML) Liberation General Secretary Dipankar Bhattacharya,0,0,0,0,0,0,0,0,0,0,1
EVT_00211,Chandrachur Singh,0,0,0,0,0,0,0,0,0,0,1
EVT_00211,Climate Activist Sonam Wangchuk,0,0,0,0,0,0,0,0,0,0,1
EVT_00211,Cockroach Janata Party,0,0,0,0,0,0,0,0,0,0,1
EVT_00211,Cockroach Janta Party,0,0,1,0,0,0,0,0,0,0,3
EVT_00211,Cockroach Janta Party (CJP),0,0,0,0,0,0,0,0,0,0,1
EVT_00211,Congress,0,0,0,0,0,0,0,0,0,0,2
EVT_00211,Delhi Police,0,0,3,0,0,0,0,0,0,0,1
EVT_00211,Dipke,0,0,4,0,0,0,0,0,0,3,1
EVT_00211,Dipke (student leader),0,0,0,0,0,0,0,0,0,0,1
EVT_00211,General Public/Crowd,0,0,0,0,0,0,0,0,0,0,1
EVT_00211,India Against Corruption movement,0,0,0,0,0,0,0,0,0,0,1
EVT_00211,Indian Youth Congress,0,0,0,0,0,0,0,0,0,0,1
EVT_00211,Major Political Parties,0,0,0,0,0,0,0,0,0,0,1
EVT_00211,Movement,0,0,0,0,0,0,0,0,0,0,1
EVT_00211,NCP (Sharadchandra Pawar) leader Rohit Pawar,0,0,0,0,0,0,0,0,0,0,1
EVT_00211,National Students’ Union of India (NSUI),0,0,0,0,0,0,0,0,0,0,1
EVT_00211,Nitin Yadav (BJP),0,0,0,0,0,0,0,0,0,0,1
EVT_00211,Opposition leaders,0,0,0,0,0,0,0,0,0,0,1
EVT_00211,Police (Delhi),0,0,1,0,0,0,0,0,0,0,0
EVT_00211,Police Personnel,0,0,1,0,0,0,0,0,0,0,0
EVT_00211,Shiv Sena (UBT) chief Uddhav Thackeray,0,0,0,0,0,0,0,0,0,0,1
EVT_00211,Singh,0,0,0,0,0,0,0,0,0,0,1
EVT_00211,Singhvi,0,0,0,0,0,0,0,0,0,0,1
EVT_00211,Sonam Wangchuk,0,0,1,0,0,0,0,0,0,1,0
EVT_00211,Student organizations (SFI and AISA),0,0,0,0,0,0,0,0,0,0,1
EVT_00211,Students,0,0,1,0,0,0,0,0,0,0,0
EVT_00211,They,0,0,0,0,0,0,0,0,0,0,1
EVT_00211,Union Education Minister Dharmendra Pradhan,0,0,1,0,0,0,0,0,0,0,0
EVT_00211,Various,0,0,0,0,0,0,0,0,0,0,1
EVT_00211,Wangchuk,0,0,0,0,0,0,0,0,0,1,0
EVT_00211,activist Sonam Wangchuk,0,0,0,0,0,0,0,0,0,1,0
EVT_00211,government,0,0,1,0,0,0,0,0,0,0,0
EVT_00211,police department or a specific officer,0,0,1,0,0,0,0,0,0,0,0
EVT_00211,protest,0,0,0,0,0,0,0,0,0,1,0
EVT_00211,the politician (implied as He mentioned),0,0,0,0,0,0,0,0,0,0,1
EVT_00213,Administrative officer,0,0,1,0,0,0,0,0,0,0,0
EVT_00213,Akhilesh Yadav,0,0,1,0,0,0,0,0,0,0,0
EVT_00213,Akhilesh Yadav (Samajwadi Party chief),0,0,1,0,0,0,0,0,0,0,0
EVT_00213,Another office-bearer,0,0,0,0,1,0,0,0,0,0,0
EVT_00213,BJP,0,0,1,0,0,0,0,0,0,0,0
EVT_00213,Bharatiya Janata Party (BJP),0,0,1,0,0,0,0,0,0,0,0
EVT_00213,Court System,0,0,1,0,0,0,0,0,0,0,0
EVT_00213,Gopal Rao,0,0,5,0,0,0,0,0,0,0,0
EVT_00213,Government Administration of Religious Institutions,0,0,0,0,1,0,0,0,0,0,0
EVT_00213,Gupta,0,0,1,0,0,0,0,0,0,0,0
EVT_00213,Judicial System,0,0,1,0,0,0,0,0,0,0,0
EVT_00213,Legislation Governing Religious Institutions,0,0,0,0,1,0,0,0,0,0,0
EVT_00213,Manan Kumar Mishra,0,0,1,0,0,0,0,0,0,0,0
EVT_00213,Pankaj Chaudhary (Uttar Pradesh BJP President),0,0,1,0,0,0,0,0,0,0,0
EVT_00213,Prakash Gupta,0,0,1,0,0,0,0,0,0,0,0
EVT_00213,RSS pracharaks,0,0,0,0,1,0,0,0,0,0,0
EVT_00213,Religious Institutions,0,0,0,0,1,0,0,0,0,0,0
EVT_00213,Religious Temples,0,0,0,0,1,0,0,0,0,0,0
EVT_00213,SIT investigation,0,0,1,0,0,0,0,0,0,0,0
EVT_00213,Sangh Ecosystem,0,0,0,0,1,0,0,0,0,0,0
EVT_00213,Sangh Parivar,0,0,0,0,1,0,0,0,0,0,0
EVT_00213,Swami Parmatmananda and the All India Acharya Sabha,0,0,0,0,1,0,0,0,0,0,0
EVT_00213,VHP,0,0,0,0,1,0,0,0,0,0,0
EVT_00213,VHP (Vinayak Damodar Savarkar Parishad),0,0,0,0,1,0,0,0,0,0,0
EVT_00213,VHP (Vinayak Damodar Savarkar Parivar),0,0,0,0,1,0,0,0,0,0,0
EVT_00213,VHP (Vinayak Damodar Savarkar Party),0,0,0,0,1,0,0,0,0,0,0
EVT_00213,VHP (Vinayak Damodar Savarkar Phule Committee),0,0,0,0,1,0,0,0,0,0,0
EVT_00213,VHP functionaries and religious leaders,0,0,0,0,1,0,0,0,0,0,0
EVT_00213,VHP leader,0,0,0,0,1,0,0,0,0,0,0
EVT_00213,VHP president Alok Kumar,0,0,0,0,1,0,0,0,0,0,0
EVT_00213,Various political figures,0,0,0,0,2,0,0,0,0,0,0
EVT_00213,initiative,0,0,0,0,1,0,0,0,0,0,0
EVT_00213,public's 'short memory',0,0,0,0,1,0,0,0,0,0,0
EVT_00238,Asylum Seekers,0,0,0,0,0,0,0,0,0,1,0
EVT_00238,Bombay HC (Bail Commission),0,0,1,0,0,0,0,0,0,0,0
EVT_00238,Both Countries,0,1,0,0,0,0,0,0,0,0,0
EVT_00238,CEPA (Comprehensive Economic Partnership Agreement),0,0,1,0,0,0,0,0,0,0,0
EVT_00238,China,0,0,3,0,0,0,0,0,0,0,0
EVT_00238,China’s continuing assertiveness across the region,0,0,1,0,0,0,0,0,0,0,0
EVT_00238,Congress Party,0,0,0,0,0,0,0,0,0,1,0
EVT_00238,Economic Policies,0,1,0,0,0,0,0,0,0,0,0
EVT_00238,Future Partnerships or Governments,0,0,1,0,0,0,0,0,0,0,0
EVT_00238,Government,0,1,0,0,0,0,0,0,0,0,0
EVT_00238,Government/Initiative,0,1,0,0,0,0,0,0,0,0,0
EVT_00238,Government/Prime Minister,0,1,0,0,0,0,0,0,0,0,0
EVT_00238,India,0,0,1,0,0,0,0,0,0,3,0
EVT_00238,India Prime Minister,0,0,1,0,0,0,0,0,0,0,0
EVT_00238,India and Japan,0,1,2,0,0,0,0,0,0,0,0
EVT_00238,"India, Australia and South Korea",0,0,1,0,0,0,0,0,0,0,0
EVT_00238,"India, Australia and South Korea against the backdrop of China’s continuing assertiveness across the region",0,0,1,0,0,0,0,0,0,0,0
EVT_00238,IndiaAI Mission and Japan's GENIAC initiative,0,0,1,0,0,0,0,0,0,0,0
EVT_00238,Indian Side,0,0,1,0,0,0,0,0,0,0,0
EVT_00238,Indian state-run companies,0,0,1,0,0,0,0,0,0,0,0
EVT_00238,Iraqi Human Trafficker,0,0,0,0,0,0,0,0,0,1,0
EVT_00238,Jamal,0,0,0,0,0,0,0,0,0,2,0
EVT_00238,Japan,0,0,1,0,0,0,0,0,0,2,0
EVT_00238,Japan Government,0,1,0,0,0,0,0,0,0,0,0
EVT_00238,Japan and India,0,0,1,0,0,0,0,0,0,0,0
EVT_00238,Joint Declaration on Economic Security,0,0,1,0,0,0,0,0,0,0,0
EVT_00238,Joint Statement,0,0,1,0,0,0,0,0,0,0,0
EVT_00238,Modi and Takaichi,0,0,1,0,0,0,0,0,0,0,0
EVT_00238,NATO,0,0,0,0,0,0,0,0,0,1,0
EVT_00238,NATO Allies / Volodymyr Zelenskyy,0,0,0,0,0,0,0,0,0,1,0
EVT_00238,New Delhi,0,1,0,0,0,0,0,0,0,0,0
EVT_00238,PM Modi,0,9,7,0,0,0,0,0,0,1,0
EVT_00238,Prime Minister,0,1,1,0,0,0,0,0,0,1,0
EVT_00238,Prime Minister Modi and Prime Minister Takaichi,0,0,1,0,0,0,0,0,0,0,0
EVT_00238,Rezaul H Laskar,0,0,2,0,0,0,0,0,0,0,0
EVT_00238,Russia,0,0,0,0,0,0,0,0,0,2,0
EVT_00238,Russian Government / Russia,0,0,0,0,0,0,0,0,0,1,0
EVT_00238,Salman Khurshid,0,0,0,0,0,0,0,0,0,1,0
EVT_00238,Salman Khurshid (Congress),0,0,0,0,0,0,0,0,0,1,0
EVT_00238,Sanae Takaichi (Japanese PM),0,0,1,0,0,0,0,0,0,0,0
EVT_00238,Sanae Takaichi (Japanese politician),0,1,0,0,0,0,0,0,0,0,0
EVT_00238,Shreyas Iyer,0,0,0,0,0,0,0,0,0,3,0
EVT_00238,Takaichi,0,0,4,0,0,0,0,0,0,0,0
EVT_00238,Twana Jamal,0,0,0,0,0,0,0,0,0,1,0
EVT_00238,Various parties or stakeholders,0,0,1,0,0,0,0,0,0,0,0
EVT_00238,Viral Chaos,0,0,1,0,0,0,0,0,0,0,0
EVT_00238,politician or government,0,1,0,0,0,0,0,0,0,0,0
EVT_00242,Asian countries,0,1,0,0,0,0,0,0,0,0,0
EVT_00242,Both Leaders,0,1,0,0,0,0,0,0,0,0,0
EVT_00242,Government/Security Agencies,0,1,0,0,0,0,0,0,0,0,0
EVT_00242,India,0,1,0,0,0,0,0,0,0,1,0
EVT_00242,India Prime Minister Modi,0,0,1,0,0,0,0,0,0,0,0
EVT_00242,India and Japan,0,0,0,0,0,0,0,0,0,3,0
EVT_00242,India-Japan,0,0,1,0,0,0,0,0,0,0,0
EVT_00242,India-Japan economic partnership,0,1,0,0,0,0,0,0,0,0,0
EVT_00242,Indian Prime Minister,0,0,1,0,0,0,0,0,0,0,0
EVT_00242,Indian Prime Minister Narendra Modi,0,1,0,0,0,0,0,0,0,0,0
EVT_00242,International Community,0,0,0,0,0,0,0,0,0,1,0
EVT_00242,"Jaish-e-Mohammad, Al-Qaeda, ISIS",0,0,0,0,0,0,0,0,0,1,0
EVT_00242,Japan,0,1,0,0,0,0,0,0,0,0,0
EVT_00242,Japan's Takaichi,0,0,1,0,0,0,0,0,0,0,0
EVT_00242,Modi (Indian Prime Minister),0,0,0,0,0,0,0,0,0,1,0
EVT_00242,Modi (Prime Minister),0,0,1,0,0,0,0,0,0,0,0
EVT_00242,Modi and Takaichi,0,0,1,0,0,0,0,0,0,3,0
EVT_00242,PM Modi,0,0,8,0,0,0,0,0,0,1,0
EVT_00242,PM Modi and Prime Minister Takaichi,0,1,0,0,0,0,0,0,0,0,0
EVT_00242,Pakistan,0,0,0,0,0,0,0,0,0,1,0
EVT_00242,Pakistan-based terror outfits such as Lashkar-e-Taiba (LeT) and Jaish-e-Mohammad (JeM),0,0,1,0,0,0,0,0,0,0,0
EVT_00242,"Pakistan-based terrorist groups LeT, JeM",0,0,1,0,0,0,0,0,0,0,0
EVT_00242,Prime Minister,0,1,0,0,0,0,0,0,0,0,0
EVT_00242,Prime Minister Takaichi,0,1,0,0,0,0,0,0,0,0,0
EVT_00242,Prime Minister Takaichi (likely referring to Fumio Kishida),0,0,2,0,0,0,0,0,0,0,0
EVT_00242,Prime Ministers,0,0,1,0,0,0,0,0,0,0,0
EVT_00242,Takaichi,0,0,1,0,0,0,0,0,0,0,0
EVT_00242,The 16th Japan-India Annual Summit,0,0,1,0,0,0,0,0,0,0,0
EVT_00242,Tokyo (Japanese government),0,1,0,0,0,0,0,0,0,0,0
EVT_00242,Two Leaders,0,0,0,0,0,0,0,0,0,1,0
EVT_00242,United Nations Security Council Monitoring Team,0,1,0,0,0,0,0,0,0,0,0
EVT_00242,United States (implied),0,0,0,0,0,0,0,0,0,1,0
EVT_00242,global institutions,0,0,0,0,0,0,0,0,0,1,0
EVT_00242,leaders,0,0,0,0,0,0,0,0,0,1,0
EVT_00242,two major Asian democracies,0,1,0,0,0,0,0,0,0,0,0
EVT_00242,unknown politician or party,0,0,1,0,0,0,0,0,0,0,0
EVT_00244,Chaudhary,0,1,0,1,0,0,0,0,0,0,0
EVT_00244,Chetan Chaudhary,0,1,0,0,0,0,0,0,0,0,0
EVT_00244,Court,0,0,0,1,0,0,0,0,0,0,0
EVT_00244,Goyal,0,1,0,1,0,0,0,0,0,0,0
EVT_00244,Goyal (20),0,0,0,1,0,0,0,0,0,0,0
EVT_00244,Indian legal system,0,3,0,0,0,0,0,0,0,0,0
EVT_00244,Investigators,0,2,0,0,0,0,0,0,0,0,0
EVT_00244,Judicial Magistrate First Class AM Vibhute,0,0,0,1,0,0,0,0,0,0,0
EVT_00244,Ketan Agarwal,0,1,0,0,0,0,0,0,0,0,0
EVT_00244,Police,0,1,0,0,0,0,0,0,0,0,0
EVT_00244,Prosecution,0,1,0,0,0,0,0,0,0,0,0
EVT_00244,Siya,0,4,0,0,0,0,0,0,0,0,0
EVT_00244,Siya Goel and Chetan Chaudhary,0,0,0,1,0,0,0,0,0,0,0
EVT_00244,Siya Gou,0,1,0,0,0,0,0,0,0,0,0
EVT_00244,Siya Goyal,0,1,0,1,0,0,0,0,0,0,0
EVT_00244,Ujjwal Nikam,0,1,0,0,0,0,0,0,0,0,0
EVT_00244,police,0,0,0,2,0,0,0,0,0,0,0
EVT_00245,Authorities,0,0,3,0,0,0,0,0,0,0,0
EVT_00245,Border Roads Organisation (BRO),0,0,1,0,0,0,0,0,0,0,0
EVT_00245,Central Government,0,0,2,0,0,0,0,0,0,0,0
EVT_00245,District Administration,0,0,2,0,0,0,0,0,0,0,0
EVT_00245,Government,0,0,2,0,0,0,0,0,0,0,0
EVT_00245,Government response,0,0,1,0,0,0,0,0,0,0,0
EVT_00245,Government/Authorities,0,0,1,0,0,0,0,0,0,0,0
EVT_00245,Gusain,0,0,1,0,0,0,0,0,0,0,0
EVT_00245,IMD (Indian Meteorological Department),0,0,1,0,0,0,0,0,0,0,0
EVT_00245,India Meteorological Department,0,0,0,0,0,0,0,1,0,0,0
EVT_00245,India Meteorological Department (IMD),0,0,1,0,0,0,0,0,0,0,0
EVT_00245,Monsoon,0,0,0,0,0,0,0,1,0,0,0
EVT_00245,Mr. Bains,0,0,0,0,0,0,0,1,0,0,0
EVT_00245,NK Joshi (District disaster management officer),0,0,1,0,0,0,0,0,0,0,0
EVT_00245,Neeraj,0,0,1,0,0,0,0,0,0,0,0
EVT_00245,Neeraj Santoshi,0,0,3,0,0,0,0,0,0,0,0
EVT_00245,Officials,0,0,0,0,0,0,0,1,0,0,0
EVT_00245,Punjab Local Government Minister Harjot Singh Bains,0,0,0,0,0,0,0,1,0,0,0
EVT_00245,Rainfall,0,0,0,0,0,0,0,1,0,0,0
EVT_00245,Rajwar,0,0,1,0,0,0,0,0,0,0,0
EVT_00245,Rudraprayag District Disaster Management Officer,0,0,1,0,0,0,0,0,0,0,0
EVT_00245,Rudraprayag district magistrate Vishal Mishra,0,0,1,0,0,0,0,0,0,0,0
EVT_00245,Shardul Gusain (District disaster management officer),0,0,1,0,0,0,0,0,0,0,0
EVT_00245,Suresh Lama (26-year-old),0,0,1,0,0,0,0,0,0,0,0
EVT_00245,The Indian Express,0,0,1,0,0,0,0,0,0,0,0
EVT_00245,Uttarakhand authorities,0,0,1,0,0,0,0,0,0,0,0
EVT_00245,Uttarkashi district,0,0,1,0,0,0,0,0,0,0,0
EVT_00245,Vehicle Accident,0,0,1,0,0,0,0,0,0,0,0
EVT_00245,Weather Conditions,0,0,3,0,0,0,0,0,0,0,0
EVT_00245,Weather Forecasting Services,0,0,2,0,0,0,0,0,0,0,0
EVT_00245,politician or journalist,0,0,1,0,0,0,0,0,0,0,0
EVT_00251,Arun Dev,0,0,1,0,0,0,0,0,0,0,0
EVT_00251,DK Shivakumar (Chief minister),0,0,1,0,0,0,0,0,0,0,0
EVT_00251,Girish,0,0,2,0,0,0,0,0,0,0,0
EVT_00251,Local Government Officials,0,0,0,0,0,0,0,1,0,0,0
EVT_00251,Mining/Quarrying operations,0,0,1,0,0,0,0,0,0,0,0
EVT_00251,Natural Disasters,0,0,0,0,0,0,0,1,0,0,0
EVT_00251,"Natural Disasters, Construction Safety",0,0,0,0,0,0,0,1,0,0,0
EVT_00251,PM Modi,0,0,1,0,0,0,0,0,0,0,0
EVT_00251,Parashuram (excavator operator who witnessed the collapse),0,0,1,0,0,0,0,0,0,0,0
EVT_00251,Police,0,0,1,0,0,0,0,2,0,0,0
EVT_00251,Police and Fire Services,0,0,0,0,0,0,0,1,0,0,0
EVT_00251,Police and investigators,0,0,0,0,0,0,0,1,0,0,0
EVT_00251,President Droupadi Murmu,0,0,1,0,0,0,0,0,0,0,0
EVT_00251,Protesters,0,0,0,0,0,0,0,1,0,0,0
EVT_00251,State Government,0,0,2,0,0,0,0,0,0,0,0
EVT_00251,Stone Quarry Workers,0,0,1,0,0,0,0,0,0,0,0
EVT_00251,Workers at Basaveshwara quarry,0,0,0,0,0,0,0,1,0,0,0
EVT_00251,police,0,0,0,0,0,0,0,2,0,0,0
EVT_00251,quarry management,0,0,0,0,0,0,0,1,0,0,0
EVT_00251,quarry operators,0,0,0,0,0,0,0,1,0,0,0
EVT_00251,quarrying operation,0,0,0,0,0,0,0,1,0,0,0
EVT_00252,ACME Cleantech,0,0,0,1,0,0,0,0,0,0,0
EVT_00252,Akiba Farm Holdings,0,0,0,2,0,0,0,0,0,0,0
EVT_00252,Akiba Farm Holdings CEO,0,0,0,1,0,0,0,0,0,0,0
EVT_00252,Blog,0,0,0,1,0,0,0,0,0,0,0
EVT_00252,DD News,0,0,0,1,0,0,0,0,0,0,0
EVT_00252,Future Creation Co. CEO,0,0,0,1,0,0,0,0,0,0,0
EVT_00252,Future Creation Company CEO and CCO Haruyuki Hiratani,0,0,0,1,0,0,0,0,0,0,0
EVT_00252,Government Party,0,0,0,1,0,0,0,0,0,0,0
EVT_00252,India,0,0,0,3,0,0,0,0,0,1,0
EVT_00252,India and Japan,0,0,0,1,0,0,0,0,0,0,0
EVT_00252,India-Japan,0,0,0,0,0,0,0,0,0,1,0
EVT_00252,India-Japan Annual Summit 2026,0,0,0,1,0,0,0,0,0,0,0
EVT_00252,India-Japan CEPA,0,0,0,0,0,0,0,0,0,1,0
EVT_00252,Indian officials,0,0,0,1,0,0,0,0,0,0,0
EVT_00252,Japan,0,0,0,2,0,0,0,0,0,1,0
EVT_00252,Japan PM,0,0,0,1,0,0,0,0,0,0,0
EVT_00252,Japan Press Secretary,0,0,0,1,0,0,0,0,0,0,0
EVT_00252,Japan Prime Minister,0,0,0,2,0,0,0,0,0,0,0
EVT_00252,Japanese Prime Minister Sanae Takaichi,0,0,0,3,0,0,0,0,0,0,0
EVT_00252,Joint declaration,0,0,0,0,0,0,0,0,0,1,0
EVT_00252,Joint statement for cooperation in AI,0,0,0,0,0,0,0,0,0,1,0
EVT_00252,Leaders (referring to multiple countries' leaders),0,0,0,0,0,0,0,0,0,1,0
EVT_00252,Maruti Suzuki's 4th manufacturing unit,0,0,0,1,0,0,0,0,0,0,0
EVT_00252,Modi (Indian Prime Minister),0,0,0,0,0,0,0,0,0,1,0
EVT_00252,Narendra Modi's MAHASAGAR initiative,0,0,0,1,0,0,0,0,0,0,0
EVT_00252,PM Modi,0,0,0,26,0,0,0,0,0,9,0
EVT_00252,PM Takaichi,0,0,0,1,0,0,0,0,0,0,0
EVT_00252,PoliticianX,0,0,0,1,0,0,0,0,0,0,0
EVT_00252,Prime Minister Modi,0,0,0,1,0,0,0,0,0,0,0
EVT_00252,Sanae Takaichi,0,0,0,1,0,0,0,0,0,0,0
EVT_00252,Sanae Takaichi (Japan Prime Minister),0,0,0,0,0,0,0,0,0,1,0
EVT_00252,Takaichi,0,0,0,0,0,0,0,0,0,1,0
EVT_00252,Tata Chemicals,0,0,0,2,0,0,0,0,0,0,0
EVT_00252,Vikram Misri,0,0,0,0,0,0,0,0,0,1,0
EVT_00252,oil industry,0,0,0,0,0,0,0,0,0,1,0
EVT_00257,Arattai,0,0,1,0,0,0,0,0,0,0,0
EVT_00257,Centre,0,0,1,0,0,0,0,0,0,2,0
EVT_00257,Centre (Government of India),0,0,0,0,0,0,0,0,0,1,0
EVT_00257,Company,0,0,0,0,0,0,0,0,0,1,0
EVT_00257,Department of Telecommunications,0,0,1,0,0,0,0,0,0,0,0
EVT_00257,India's Ministry of Information Technology,0,0,1,0,0,0,0,0,0,0,0
EVT_00257,Indian Pharmaceutical Alliance,0,0,0,0,0,0,0,0,0,1,0
EVT_00257,MeitY (Ministry of Electronics and Information Technology),0,0,0,0,0,0,0,0,0,2,0
EVT_00257,Meta,0,0,0,0,0,0,0,0,0,2,0
EVT_00257,Meta (Facebook),0,0,0,0,0,0,0,0,0,1,0
EVT_00257,Ministry of Electronics and Information Technology (MeitY),0,0,1,0,0,0,0,0,0,0,0
EVT_00257,Official/E-government body,0,0,1,0,0,0,0,0,0,0,0
EVT_00257,PTI (Polarized Times India),0,0,0,0,0,0,0,0,0,1,0
EVT_00257,Phone companies/Officials,0,0,1,0,0,0,0,0,0,0,0
EVT_00257,Privacy advocates,0,0,1,0,0,0,0,0,0,0,0
EVT_00257,Regulatory Authority,0,0,0,0,0,0,0,0,0,1,0
EVT_00257,S Krishnan,0,0,0,0,0,0,0,0,0,1,0
EVT_00257,Tax laws/policy,0,0,0,0,0,0,0,0,0,1,0
EVT_00257,Tech Company,0,0,0,0,0,0,0,0,0,1,0
EVT_00257,Telegram,0,0,1,0,0,0,0,0,0,2,0
EVT_00257,Telegram and Signal,0,0,0,0,0,0,0,0,0,1,0
EVT_00257,The Centre (government),0,0,0,0,0,0,0,0,0,1,0
EVT_00257,The Ministry,0,0,1,0,0,0,0,0,0,0,0
EVT_00257,Union ministry of electronics and information technology (MeitY),0,0,1,0,0,0,0,0,0,0,0
EVT_00257,WhatsApp,0,0,3,0,0,0,0,0,0,10,0
EVT_00257,government,0,0,1,0,0,0,0,0,0,2,0
EVT_00257,govt,0,0,0,0,0,0,0,0,0,1,0
EVT_00272,ABOUT THE AUTHORHT,0,0,1,0,0,0,0,0,0,0,0
EVT_00272,America,0,1,0,0,0,0,0,0,0,0,0
EVT_00272,China,0,1,1,0,0,0,0,0,0,0,0
EVT_00272,China's centralised political system,0,1,0,0,0,0,0,0,0,0,0
EVT_00272,Daines,0,0,4,0,0,0,0,0,0,0,0
EVT_00272,Ex-Pepsi CEO,0,2,0,0,0,0,0,0,0,0,0
EVT_00272,HT News Desk,0,0,2,0,0,0,0,0,0,0,0
EVT_00272,Hindustan Times,0,0,1,0,0,0,0,0,0,0,0
EVT_00272,Immigrant woman who became CEO of a Fortune 50 company,0,1,0,0,0,0,0,0,0,0,0
EVT_00272,India,0,4,1,0,0,0,0,0,0,0,0
EVT_00272,India (as a country),0,1,0,0,0,0,0,0,0,0,0
EVT_00272,India and the United States,0,0,1,0,0,0,0,0,0,0,0
EVT_00272,Indra Nooyi,0,1,0,0,0,0,0,0,0,0,0
EVT_00272,Media,0,0,1,0,0,0,0,0,0,0,0
EVT_00272,Nooyi,0,5,0,0,0,0,0,0,0,0,0
EVT_00272,Nooyi (referring to Indian political system),0,1,0,0,0,0,0,0,0,0,0
EVT_00272,Order vs Chaos,0,1,0,0,0,0,0,0,0,0,0
EVT_00272,Politician or Party,0,1,0,0,0,0,0,0,0,0,0
EVT_00272,Politician or Party (unnamed in text),0,0,1,0,0,0,0,0,0,0,0
EVT_00272,Republican senator,0,0,1,0,0,0,0,0,0,0,0
EVT_00272,Republican senator from Montana,0,0,1,0,0,0,0,0,0,0,0
EVT_00272,Rice,0,1,0,0,0,0,0,0,0,0,0
EVT_00272,Shashank Mattoo,0,1,0,0,0,0,0,0,0,0,0
EVT_00272,Steve Daines,0,0,1,0,0,0,0,0,0,0,0
EVT_00272,The speaker,0,2,0,0,0,0,0,0,0,0,0
EVT_00272,US Senator,0,0,1,0,0,0,0,0,0,0,0
EVT_00274,AI,0,0,1,0,0,0,0,0,0,0,0
EVT_00274,AI use in court proceedings,0,0,1,0,0,0,0,0,0,0,0
EVT_00274,Ayesha Arvind,0,0,1,0,0,0,0,0,0,0,0
EVT_00274,Bar Council of India (BCI),0,0,1,0,0,0,0,0,0,0,0
EVT_00274,Bench,0,0,0,0,0,0,0,0,0,1,0
EVT_00274,Bench (presumably referring to a court),0,0,1,0,0,0,0,0,0,0,0
EVT_00274,Court,0,0,2,0,0,0,0,0,0,2,0
EVT_00274,Essel Infraprojects,0,0,0,0,0,0,0,0,0,1,0
EVT_00274,Jammu and Kashmir Bank,0,0,1,0,0,0,0,0,0,1,0
EVT_00274,Judges,0,0,1,0,0,0,0,0,0,1,0
EVT_00274,Judges and Advocates,0,0,1,0,0,0,0,0,0,0,0
EVT_00274,Judges/Courts,0,0,1,0,0,0,0,0,0,0,0
EVT_00274,Judiciary,0,0,1,0,0,0,0,0,0,1,0
EVT_00274,Judiciary/Courts,0,0,0,0,0,0,0,0,0,1,0
EVT_00274,Madhavi Divan,0,0,1,0,0,0,0,0,0,0,0
EVT_00274,NCLT (National Company Law Tribunal),0,0,2,0,0,0,0,0,0,3,0
EVT_00274,"National Company Law Tribunal (NCLT), National Company Law Appellate Tribunal (NCLAT), apex court",0,0,0,0,0,0,0,0,0,1,0
EVT_00274,Supreme Court,0,0,9,0,0,0,0,0,0,2,0
EVT_00274,The Court,0,0,1,0,0,0,0,0,0,0,0
EVT_00274,The Judiciary,0,0,0,0,0,0,0,0,0,1,0
EVT_00274,The Supreme Court,0,0,0,0,0,0,0,0,0,1,0
EVT_00274,The court,0,0,1,0,0,0,0,0,0,0,0
EVT_00274,Various Courts,0,0,1,0,0,0,0,0,0,0,0
EVT_00274,apex court,0,0,1,0,0,0,0,0,0,0,0
EVT_00274,bank,0,0,1,0,0,0,0,0,0,0,0
EVT_00274,unknown,0,0,2,0,0,0,0,0,0,0,0
EVT_00288,Authorities,0,0,0,0,0,0,0,0,0,1,0
EVT_00288,INS Kolkata,0,0,1,0,0,0,0,0,0,0,0
EVT_00288,India,0,0,0,0,0,0,0,0,0,1,0
EVT_00288,Indian Government,0,0,1,0,0,0,0,0,0,0,0
EVT_00288,Indian Navy,0,0,6,0,0,0,0,0,0,4,0
EVT_00288,Indian Navy Marine Commandos,0,0,0,0,0,0,0,0,0,1,0
EVT_00288,Indian Navy and MARCOS,0,0,1,0,0,0,0,0,0,0,0
EVT_00288,MARCCIOS,0,0,1,0,0,0,0,0,0,0,0
EVT_00288,Military/Naval Operations,0,0,0,0,0,0,0,0,0,1,0
EVT_00288,Navy,0,0,1,0,0,0,0,0,0,0,0
EVT_00288,Pirates,0,0,1,0,0,0,0,0,0,1,0
EVT_00288,Vessel Crew and Public,0,0,0,0,0,0,0,0,0,1,0
EVT_00288,Vessel safety declaration,0,0,0,0,0,0,0,0,0,1,0
EVT_00306,Abdullah,0,0,4,0,0,0,0,0,0,0,0
EVT_00306,Atal Bihari Vajpayee,0,0,0,0,0,0,0,0,0,1,0
EVT_00306,Both governments,0,0,1,0,0,0,0,0,0,0,0
EVT_00306,Farooq Abdullah (PDP leader),0,0,0,0,0,0,0,0,0,1,0
EVT_00306,India,0,0,1,0,0,0,0,0,0,0,0
EVT_00306,Ishaq Dar,0,0,1,0,0,0,0,0,0,0,0
EVT_00306,MEA,0,0,2,0,0,0,0,0,0,0,0
EVT_00306,MEA (Ministry of External Affairs),0,0,1,0,0,0,0,0,0,0,0
EVT_00306,Mehbooba Mufti,0,0,0,0,0,0,0,0,0,1,0
EVT_00306,Mirwaiz Umar Farooq and several MLAs,0,0,0,0,0,0,0,0,0,1,0
EVT_00306,Mohan Bhagwat,0,0,0,0,0,0,0,0,0,1,0
EVT_00306,Musadik Malik,0,0,1,0,0,0,0,0,0,0,0
EVT_00306,OP Shah (Center for Peace and Progress),0,0,1,0,0,0,0,0,0,0,0
EVT_00306,Omar,0,0,0,0,0,0,0,0,0,1,0
EVT_00306,Omar Abdullah,0,0,3,0,0,0,0,0,0,1,0
EVT_00306,Omar’s father and National Conference president Farooq Abdullah,0,0,0,0,0,0,0,0,0,1,0
EVT_00306,PM Modi,0,0,1,0,0,0,0,0,0,0,0
EVT_00306,Pakistan,0,0,2,0,0,0,0,0,0,0,0
EVT_00306,RSS,0,0,1,0,0,0,0,0,0,0,0
EVT_00306,Shehbaz Sharif,0,0,1,0,0,0,0,0,0,0,0
EVT_00306,Various political figures and retired diplomats,0,0,1,0,0,0,0,0,0,0,0
EVT_00306,chief minister,0,0,0,0,0,0,0,0,0,1,0
EVT_00308,Chauhan's Family,0,0,0,0,0,0,0,0,0,1,0
EVT_00308,Chauhan's body,0,0,0,0,0,0,0,0,0,1,0
EVT_00308,Company (or relevant party/individual handling the case),0,1,0,0,0,0,0,0,0,0,0
EVT_00308,Company Representatives/Leadership,0,0,0,0,0,0,0,0,0,1,0
EVT_00308,District Magistrate,0,1,0,0,0,0,0,0,0,0,0
EVT_00308,Doctors and authorities,0,1,0,0,0,0,0,0,0,0,0
EVT_00308,Embassy of India in Caracas,0,0,0,0,0,0,0,0,0,1,0
EVT_00308,FSUI (Forward Seamen's Union of India),0,0,0,0,0,0,0,0,0,1,0
EVT_00308,Federation of Seafarers' Unions of India,0,1,0,0,0,0,0,0,0,0,0
EVT_00308,Government Authorities,0,0,0,0,0,0,0,0,0,1,0
EVT_00308,Government officials,0,1,0,0,0,0,0,0,0,0,0
EVT_00308,Healthcare System,0,2,0,0,0,0,0,0,0,0,0
EVT_00308,Indian Embassy,0,1,0,0,0,0,0,0,0,1,0
EVT_00308,Indian Seafarer Rakesh Chauhan,0,0,0,0,0,0,0,0,0,1,0
EVT_00308,Indian family and local government,0,1,0,0,0,0,0,0,0,0,0
EVT_00308,Ministry of External Affairs and Indian Embassy,0,0,0,0,0,0,0,0,0,1,0
EVT_00308,Ministry of External Affairs in Delhi,0,0,0,0,0,0,0,0,0,1,0
EVT_00308,Politicians,0,0,0,0,0,0,0,0,0,1,0
EVT_00308,Post-mortem investigation in India,0,0,0,0,0,0,0,0,0,1,0
EVT_00308,Rakesh Chauhan,0,1,0,0,0,0,0,0,0,0,0
EVT_00308,Rakesh Chauhan (Politician),0,1,0,0,0,0,0,0,0,0,0
EVT_00308,Ranjana Chauhan (Chauhan's wife),0,0,0,0,0,0,0,0,0,1,0
EVT_00308,Users,0,0,0,0,0,0,0,0,0,1,0
EVT_00308,Venezuelan Authorities,0,1,0,0,0,0,0,0,0,1,0
EVT_00308,opinion leaders,0,0,0,0,0,0,0,0,0,1,0
EVT_00308,police or investigating officials,0,1,0,0,0,0,0,0,0,0,0
EVT_00325,Beijing,0,0,0,0,0,0,0,0,0,1,0
EVT_00325,Beijing (China),0,0,0,0,0,0,0,0,0,1,0
EVT_00325,Christopher Luxon (New Zealand politician),0,0,1,0,0,0,0,0,0,0,0
EVT_00325,I Champat Rai,0,0,1,0,0,0,0,0,0,0,0
EVT_00325,India,0,0,0,0,0,0,0,0,0,4,0
EVT_00325,India and New Zealand,0,0,1,0,0,0,0,0,0,0,0
EVT_00325,Indian Government,0,0,1,0,0,0,0,0,0,2,0
EVT_00325,Indian Prime Minister Narendra Modi,0,0,1,0,0,0,0,0,0,1,0
EVT_00325,Indian economy,0,0,1,0,0,0,0,0,0,0,0
EVT_00325,International Community,0,0,0,0,0,0,0,0,0,1,0
EVT_00325,"Japan, India",0,0,0,0,0,0,0,0,0,1,0
EVT_00325,Japanese companies,0,0,0,0,0,0,0,0,0,1,0
EVT_00325,Leaders (referring to Israeli or Palestinian leaders depending on context),0,0,0,0,0,0,0,0,0,1,0
EVT_00325,Luxon,0,0,2,0,0,0,0,0,0,0,0
EVT_00325,Minister of New Zealand,0,0,1,0,0,0,0,0,0,0,0
EVT_00325,Modi and Takaichi,0,0,0,0,0,0,0,0,0,2,0
EVT_00325,New Zealand,0,0,0,0,0,0,0,0,0,1,0
EVT_00325,"New Zealand Government, Indian Government",0,0,0,0,0,0,0,0,0,1,0
EVT_00325,New Zealand Immigration Rules,0,0,1,0,0,0,0,0,0,0,0
EVT_00325,New Zealand and India,0,0,0,0,0,0,0,0,0,1,0
EVT_00325,New Zealand-India Free Trade Agreement,0,0,1,0,0,0,0,0,0,0,0
EVT_00325,PM Modi,0,0,2,0,0,0,0,0,0,1,0
EVT_00325,PM Narendra Modi,0,0,0,0,0,0,0,0,0,1,0
EVT_00325,President Donald Trump,0,0,0,0,0,0,0,0,0,1,0
EVT_00325,Prime Minister Christopher Luxon,0,0,0,0,0,0,0,0,0,1,0
EVT_00325,Public Opinion,0,0,0,0,0,0,0,0,0,1,0
EVT_00325,Quad,0,0,0,0,0,0,0,0,0,1,0
EVT_00325,Sanae Takaichi,0,0,0,0,0,0,0,0,0,1,0
EVT_00325,The New Zealand Government,0,0,0,0,0,0,0,0,0,1,0
EVT_00325,The New Zealand Government and India,0,0,0,0,0,0,0,0,0,1,0
EVT_00325,Todd McClay,0,0,1,0,0,0,0,0,0,1,0
EVT_00325,Two Countries,0,0,1,0,0,0,0,0,0,0,0
EVT_00325,Two Prime Ministers,0,0,0,0,0,0,0,0,0,1,0
EVT_00325,Unknown,0,0,0,0,0,0,0,0,0,1,0
EVT_00325,Various Users,0,0,0,0,0,0,0,0,0,1,0
EVT_00327,Aadhav Arjuna (Tamil Nadu minister),0,0,0,1,0,0,0,0,0,0,0
EVT_00327,Arjuna (Cabinet Minister for Public Works and Sports Development),0,0,0,0,0,0,0,1,0,0,0
EVT_00327,C. Joseph Vijay and Minister Adhav Arjuna (TVK leaders),0,0,0,0,0,0,0,1,0,0,0
EVT_00327,CBI (Central Bureau of Investigation),0,0,0,2,0,0,0,0,0,0,0
EVT_00327,Chief Minister Vijay,0,0,0,0,0,0,0,2,0,0,0
EVT_00327,DMK,0,0,0,1,0,0,0,0,0,0,0
EVT_00327,"DMK (Dravida Munnetra Kazhagam, a political party)",0,0,0,1,0,0,0,0,0,0,0
EVT_00327,DMK (Tamil Nadu),0,0,0,1,0,0,0,0,0,0,0
EVT_00327,DMK leader,0,0,0,0,0,0,0,2,0,0,0
EVT_00327,M.K. Stalin (Former Chief Minister),0,0,0,0,0,0,0,1,0,0,0
EVT_00327,Mayor John Smith,0,0,0,0,0,0,0,1,0,0,0
EVT_00327,Mr. Arjuna,0,0,0,0,0,0,0,1,0,0,0
EVT_00327,Mr. Arjuna's statements,0,0,0,0,0,0,0,1,0,0,0
EVT_00327,Mr. Bharathi,0,0,0,0,0,0,0,1,0,0,0
EVT_00327,Supreme Court,0,0,0,0,0,0,0,1,0,0,0
EVT_00327,TVK ministers,0,0,0,1,0,0,0,0,0,0,0
EVT_00327,Tamil Nadu Government,0,0,0,2,0,0,0,0,0,0,0
EVT_00327,Tamil Nadu minister,0,0,0,1,0,0,0,0,0,0,0
EVT_00327,Vijay,0,0,0,2,0,0,0,0,0,0,0
EVT_00334,Ayodhya temple,0,0,0,0,0,0,0,1,0,0,0
EVT_00334,BJP,0,0,4,0,0,0,0,1,0,2,0
EVT_00334,BJP (Indian political party),0,0,0,0,0,0,0,2,0,4,0
EVT_00334,BJP leaders and workers,0,0,1,0,0,0,0,0,0,0,0
EVT_00334,Congress,0,0,0,0,0,0,0,1,0,0,0
EVT_00334,Corruption,0,0,0,0,0,0,0,1,0,0,0
EVT_00334,Local Government Officials,0,0,0,0,0,0,0,1,0,0,0
EVT_00334,Mr. Thackeray,0,0,0,0,0,0,0,3,0,0,0
EVT_00334,Opposition leaders,0,0,0,0,0,0,0,1,0,0,0
EVT_00334,Politician or party related to Hindu nationalist agenda (likely implied as the context suggests this is about actions against alleged theft involving donations),0,0,0,0,0,0,0,1,0,0,0
EVT_00334,Protestors,0,0,0,0,0,0,0,1,0,0,0
EVT_00334,Raj Nathal Thackeray,0,0,0,0,0,0,0,0,0,1,0
EVT_00334,Shiv Sena (UBT),0,0,2,0,0,0,0,1,0,0,0
EVT_00334,Shiv Sena (UBT) leaders,0,0,1,0,0,0,0,0,0,0,0
EVT_00334,Thackeray,0,0,1,0,0,0,0,0,0,2,0
EVT_00334,Thackeray (Politician),0,0,1,0,0,0,0,0,0,0,0
EVT_00334,U.P. Government,0,0,0,0,0,0,0,1,0,0,0
EVT_00334,Uddhav Thackeray,0,0,1,0,0,0,0,0,0,1,0
EVT_00334,Uddhav Thackeray (Shiv Sena),0,0,1,0,0,0,0,0,0,0,0
EVT_00334,Uttar Pradesh Government,0,0,0,0,0,0,0,0,0,1,0
EVT_00334,former Maharashtra chief minister,0,0,0,0,0,0,0,1,0,0,0
EVT_00335,BJP,0,0,1,0,0,0,0,0,0,0,0
EVT_00335,BNS (likely referring to a specific legal provision or court),0,0,1,0,0,0,0,0,0,0,0
EVT_00335,BNS (likely referring to the Board on Names or similar organization),0,0,0,0,0,0,0,1,0,0,0
EVT_00335,Bench,0,0,0,0,0,0,0,2,0,0,0
EVT_00335,Corruption,0,0,1,0,0,0,0,0,0,0,0
EVT_00335,Court,0,0,1,0,0,0,0,0,0,1,0
EVT_00335,High Court,0,0,1,0,0,0,0,3,0,0,0
EVT_00335,Indian Law & Order,0,0,0,0,0,0,0,0,0,1,0
EVT_00335,Judicial System,0,0,0,0,0,0,0,0,0,1,0
EVT_00335,Judicial system,0,0,0,0,0,0,0,0,0,1,0
EVT_00335,Justice Sundresh,0,0,0,0,0,0,0,1,0,2,0
EVT_00335,Justice W Diengdoh,0,0,1,0,0,0,0,0,0,0,0
EVT_00335,Justice W. Diengdoh,0,0,0,0,0,0,0,1,0,0,0
EVT_00335,Local Government Officials,0,0,0,0,0,0,0,1,0,0,0
EVT_00335,Maghalaya High Court,0,0,0,0,0,0,0,0,0,1,0
EVT_00335,Meghalaya government,0,0,1,0,0,0,0,1,0,0,0
EVT_00335,Meghalaya police (represented by Tushar Mehta),0,0,1,0,0,0,0,0,0,0,0
EVT_00335,Mehta,0,0,1,0,0,0,0,0,0,0,0
EVT_00335,Mr. Mehta,0,0,0,0,0,0,0,2,0,0,0
EVT_00335,Mrs. of murdered couple,0,0,0,0,0,0,0,1,0,0,0
EVT_00335,Ms. Raghuvanshi,0,0,0,0,0,0,0,2,0,0,0
EVT_00335,Police,0,0,0,0,0,0,0,0,0,1,0
EVT_00335,Police or law enforcement,0,0,0,0,0,0,0,0,0,1,0
EVT_00335,Police/Missing Persons,0,0,0,0,0,0,0,1,0,0,0
EVT_00335,Political Counsel representing Sonam,0,0,1,0,0,0,0,0,0,0,0
EVT_00335,Political authorities or officials (possibly corrupt),0,0,0,0,0,0,0,0,0,1,0
EVT_00335,Protestors,0,0,0,0,0,0,0,1,0,0,0
EVT_00335,Raj Kushwaha,0,0,1,0,0,0,0,1,0,0,0
EVT_00335,Raja Raghuvanshi,0,0,0,0,0,0,0,0,0,1,0
EVT_00335,SC (Supreme Court),0,0,0,0,0,0,0,0,0,1,0
EVT_00335,Solicitor General Tushar Mehta,0,0,0,0,0,0,0,3,0,0,0
EVT_00335,Sonam,0,0,5,0,0,0,0,1,0,2,0
EVT_00335,Sonam Raghuvanshi,0,0,2,0,0,0,0,0,0,0,0
EVT_00335,State (presumably referring to law enforcement or government officials),0,0,0,0,0,0,0,2,0,0,0
EVT_00335,Supreme Court,0,0,1,0,0,0,0,0,0,0,0
EVT_00335,The Court,0,0,1,0,0,0,0,0,0,0,0
EVT_00335,The High Court Bench,0,0,0,0,0,0,0,1,0,0,0
EVT_00335,The Supreme Court,0,0,0,0,0,0,0,1,0,0,0
EVT_00335,The court,0,0,2,0,0,0,0,0,0,0,0
EVT_00335,Tushar Mehta (Solicitor General for Meghalaya),0,0,1,0,0,0,0,0,0,0,0
EVT_00335,Uddhav Sena,0,0,1,0,0,0,0,0,0,0,0
EVT_00335,Viral e-rickshaw shutdown videos,0,0,1,0,0,0,0,0,0,0,0
EVT_00335,Women,0,0,0,0,0,0,0,1,0,0,0
EVT_00335,judge,0,0,0,0,0,0,0,1,0,0,0
EVT_00347,Anitha R Radhakrishnan,0,0,0,2,0,0,0,0,0,0,0
EVT_00347,C. Joseph Vijay,0,0,0,0,0,0,0,1,0,0,0
EVT_00347,CM Vijay,0,0,0,1,0,0,0,0,0,0,0
EVT_00347,DMK,0,0,0,1,0,0,0,1,0,0,0
EVT_00347,DMK (Delhi),0,0,0,1,0,0,0,0,0,0,0
EVT_00347,DMK legislator,0,0,0,1,0,0,0,0,0,0,0
EVT_00347,Justice GK Ilanthiraiyan,0,0,0,1,0,0,0,0,0,0,0
EVT_00347,Kanimozhi,0,0,0,0,0,0,0,1,0,0,0
EVT_00347,Local Government Leaders,0,0,0,0,0,0,0,1,0,0,0
EVT_00347,M.K. Stalin (DMK),0,0,0,0,0,0,0,1,0,0,0
EVT_00347,Mr. Radhakrishnan,0,0,0,0,0,0,0,2,0,0,0
EVT_00347,Mr. Stalin,0,0,0,0,0,0,0,1,0,0,0
EVT_00347,Politician,0,0,0,1,0,0,0,0,0,0,0
EVT_00347,Politician/Member of Assembly,0,0,0,1,0,0,0,0,0,0,0
EVT_00347,Protestors,0,0,0,0,0,0,0,1,0,0,0
EVT_00347,Radhakrishnan,0,0,0,5,0,0,0,0,0,0,0
EVT_00347,Tamil Nadu politicians,0,0,0,1,0,0,0,0,0,0,0
EVT_00347,government,0,0,0,0,0,0,0,1,0,0,0
EVT_00347,state government,0,0,0,1,0,0,0,0,0,0,0
EVT_00493,BJP (Indian political party),0,0,0,0,1,0,0,0,0,0,0
EVT_00493,CJP (Youth-led movement),0,0,0,0,0,0,0,1,0,0,0
EVT_00493,"CJP (likely referring to China-Jamyang Chophyel), Sonam Wangchuk",0,0,0,0,1,0,0,0,0,0,0
EVT_00493,CJP (likely referring to a political party or group),0,0,0,0,1,0,0,0,0,0,0
EVT_00493,Cockroach Janta Party (CJP),0,0,0,0,1,0,0,0,0,0,0
EVT_00493,Dharmendra Pradhan,0,0,0,0,1,0,0,1,0,0,0
EVT_00493,Everyone (Including Themselves),0,0,0,0,1,0,0,0,0,0,0
EVT_00493,Global Village,0,0,0,0,1,0,0,0,0,0,0
EVT_00493,Government,0,0,0,0,2,0,0,0,0,0,0
EVT_00493,Government Party Y,0,0,0,0,0,0,0,1,0,0,0
EVT_00493,Indian Society,0,0,0,0,1,0,0,0,0,0,0
EVT_00493,Ladakh administration,0,0,0,0,0,0,0,1,0,0,0
EVT_00493,Leaders from all political parties,0,0,0,0,1,0,0,0,0,0,0
EVT_00493,"Left student outfits like the AISF, SFI and AISA",0,0,0,0,1,0,0,0,0,0,0
EVT_00493,Left-affiliated students,0,0,0,0,1,0,0,0,0,0,0
EVT_00493,Ministry,0,0,0,0,0,0,0,1,0,0,0
EVT_00493,Mr. Wangchuk,0,0,0,0,0,0,0,7,0,0,0
EVT_00493,PM Modi,0,0,0,0,3,0,0,0,0,0,0
EVT_00493,Police,0,0,0,0,0,0,0,1,0,0,0
EVT_00493,Politician (implied - implicitly refers to someone who appealed for support),0,0,0,0,1,0,0,0,0,0,0
EVT_00493,Politicians or Government,0,0,0,0,1,0,0,0,0,0,0
EVT_00493,Politicians/Leaders,0,0,0,0,1,0,0,0,0,0,0
EVT_00493,Presidential Candidate X,0,0,0,0,0,0,0,1,0,0,0
EVT_00493,"Rahul Gandhi, Akhilesh Yadav",0,0,0,0,1,0,0,0,0,0,0
EVT_00493,Sonam Wangchuk,0,0,0,0,0,0,0,1,0,0,0
EVT_00493,Sonam Wangchuk and Cockroach Janata Party (CJP),0,0,0,0,0,0,0,1,0,0,0
EVT_00493,The Country,0,0,0,0,1,0,0,0,0,0,0
EVT_00493,The Politician,0,0,0,0,0,0,0,1,0,0,0
EVT_00493,Uncle (Religious Educator),0,0,0,0,0,0,0,1,0,0,0
EVT_00493,Wangchuk,0,0,0,0,1,0,0,0,0,0,0
EVT_00493,government,0,0,0,0,3,0,0,0,0,0,0
EVT_00493,opposition,0,0,0,0,1,0,0,0,0,0,0
EVT_00493,some people,0,0,0,0,1,0,0,0,0,0,0
EVT_00496,Delhi Elections,0,0,0,0,0,0,0,0,0,1,0
EVT_00496,EC (Election Commission),0,0,0,0,0,0,0,0,0,1,0
EVT_00496,EC officials,0,0,0,0,0,0,0,0,0,1,0
EVT_00496,Election Commission,11,0,0,0,0,0,0,0,0,3,0
EVT_00496,Electoral Authorities,0,0,0,0,0,0,0,0,0,1,0
EVT_00496,Government,0,0,0,0,0,0,0,0,0,2,0
EVT_00496,Poll Panel,0,0,0,0,0,0,0,0,0,2,0
EVT_00496,Punjab,0,0,0,0,0,0,0,0,0,1,0
EVT_00496,Telangana,0,0,0,0,0,0,0,0,0,1,0
EVT_00496,elections,0,0,0,0,0,0,0,0,0,1,0
EVT_00500,A. Raj Mohan,0,0,0,0,0,0,0,0,0,0,1
EVT_00500,Academic Programs,0,0,0,0,0,0,0,0,0,0,1
EVT_00500,Advocate General Vijay Narayan,0,0,0,0,0,0,0,0,0,0,1
EVT_00500,Anti-corruption initiative,0,0,1,0,0,0,0,0,0,0,0
EVT_00500,C Joseph Vijay's Tamizhaga Vettri Kazhagam (TVK) party,0,0,1,0,0,0,0,0,0,0,0
EVT_00500,CM,0,0,0,0,0,0,0,0,0,0,1
EVT_00500,Chief Minister Vijay,0,0,0,0,0,0,0,0,0,0,1
EVT_00500,DVAC,0,0,1,0,0,0,0,0,0,0,0
EVT_00500,DVAC (likely referring to a Department or Bureau dealing with corruption issues),0,0,1,0,0,0,0,0,0,0,0
EVT_00500,Dr C Vijayabaskar,0,0,0,0,0,0,0,0,0,0,1
EVT_00500,Education Authorities,0,0,0,0,0,0,0,0,0,0,1
EVT_00500,Education Minister,0,0,0,0,0,0,0,0,0,0,1
EVT_00500,Educationists,0,0,0,0,0,0,0,0,0,0,1
EVT_00500,Government,0,0,3,0,0,0,0,0,0,0,4
EVT_00500,"Government Officials (Chief Secretaries, Principal Secretaries, Secretaries, Heads of Departments and District Collectors)",0,0,1,0,0,0,0,0,0,0,0
EVT_00500,HT News Desk,0,0,3,0,0,0,0,0,0,0,0
EVT_00500,"Her/unknown, as context is unclear",0,0,0,0,0,0,0,0,0,0,1
EVT_00500,Hindustan Times,0,0,1,0,0,0,0,0,0,0,0
EVT_00500,Keerthana,0,0,0,0,0,0,0,0,0,0,2
EVT_00500,Nainar Nagenthran (BSP),0,0,1,0,0,0,0,0,0,0,0
EVT_00500,PB Prince Gajendra Babu,0,0,0,0,0,0,0,0,0,0,1
EVT_00500,Parents and teachers' groups,0,0,0,0,0,0,0,0,0,0,1
EVT_00500,Political Parties,0,0,0,0,0,0,0,0,0,0,1
EVT_00500,Politician or Public Figure,0,0,0,0,0,0,0,0,0,0,1
EVT_00500,Politician or individual,0,0,0,0,0,0,0,0,0,0,1
EVT_00500,Politicians,0,0,0,0,0,0,0,0,0,0,1
EVT_00500,S Vignesh (member of the State Parents Teacher Association),0,0,0,0,0,0,0,0,0,0,1
EVT_00500,S. Keerthana,0,0,0,0,0,0,0,0,0,0,1
EVT_00500,Students,0,0,0,0,0,0,0,0,0,0,3
EVT_00500,TVK,0,0,3,0,0,0,0,0,0,0,0
EVT_00500,TVK (Tamil Nadu School Education Department),0,0,0,0,0,0,0,0,0,0,1
EVT_00500,TVK workers,0,0,1,0,0,0,0,0,0,0,0
EVT_00500,TVK's Vijay,0,0,0,0,0,0,0,0,0,0,1
EVT_00500,Tamil Nadu government,0,0,1,0,0,0,0,0,0,0,0
EVT_00500,VPB Paramasivam,0,0,0,0,0,0,0,0,0,0,1
EVT_00500,Veerasamy,0,0,3,0,0,0,0,0,0,0,0
EVT_00500,Vijay,0,0,1,0,0,0,0,0,0,0,1
EVT_00500,Virudhai Magal,0,0,0,0,0,0,0,0,0,0,1
EVT_00500,educationists,0,0,0,0,0,0,0,0,0,0,1
EVT_00500,experts,0,0,0,0,0,0,0,0,0,0,1
EVT_00500,government,0,0,1,0,0,0,0,0,0,0,2
EVT_00500,government (specifically implied through ,0,0,1,0,0,0,0,0,0,0,0
EVT_00500,newsdesk,0,0,1,0,0,0,0,0,0,0,0
EVT_00500,"சிலர் (Politician Name, not specified in text)",0,0,0,0,0,0,0,0,0,0,1
EVT_00504,Activists,0,0,0,0,0,0,0,1,0,0,0
EVT_00504,Akhilesh Yadav (Samajwadi Party),0,0,1,0,0,0,0,0,0,0,0
EVT_00504,CJP,0,0,1,0,0,0,0,0,0,0,0
EVT_00504,CJP (likely referring to Central Joint Secretariat or similar governing body),0,0,1,0,0,0,0,0,0,0,0
EVT_00504,Centre,0,0,1,0,0,0,0,0,0,2,0
EVT_00504,Climate Activist,0,0,0,0,0,0,0,0,0,1,0
EVT_00504,Cockroach Janata Party (CJP),0,0,1,0,0,0,0,0,0,0,0
EVT_00504,Court,0,0,1,0,0,0,0,1,0,0,0
EVT_00504,Delhi government,0,0,0,0,0,0,0,0,0,1,0
EVT_00504,Dharmendra Pradhan,0,0,2,0,0,0,0,1,0,0,0
EVT_00504,Enforcement Directorate,0,0,0,0,0,0,0,0,0,1,0
EVT_00504,Government,0,0,0,0,0,0,0,0,0,1,0
EVT_00504,Government/Automatic Authority,0,0,1,0,0,0,0,0,0,0,0
EVT_00504,Government/Cabinet,0,0,0,0,0,0,0,0,0,1,0
EVT_00504,ICC,0,0,0,0,0,0,0,0,0,1,0
EVT_00504,ICC (International Cricket Council),0,0,0,0,0,0,0,0,0,2,0
EVT_00504,International Cricket Council (ICC),0,0,0,0,0,0,0,0,0,1,0
EVT_00504,Iran,0,0,0,0,0,0,0,0,0,1,0
EVT_00504,John Doe,0,0,0,0,0,0,0,1,0,0,0
EVT_00504,Justice Tejas Upadhyaya and Justice Tejas Karia,0,0,0,0,0,0,0,1,0,0,0
EVT_00504,Local Government,0,0,0,0,0,0,0,0,0,1,0
EVT_00504,Mamata Banerjee,0,0,0,0,0,0,0,0,0,1,0
EVT_00504,Mamata Banerjee (TMC),0,0,0,0,0,0,0,0,0,1,0
EVT_00504,Mamata Banerjee (political figure),0,0,0,0,0,0,0,0,0,1,0
EVT_00504,Mamata Banerjee-led faction,0,0,0,0,0,0,0,0,0,1,0
EVT_00504,Medical Professionals,0,0,1,0,0,0,0,0,0,0,0
EVT_00504,Mitra,0,0,0,0,0,0,0,0,0,1,0
EVT_00504,Mr. Saini,0,0,0,0,0,0,0,1,0,0,0
EVT_00504,Mr. Wangchuk,0,0,0,0,0,0,0,3,0,0,0
EVT_00504,PM Modi,0,0,0,0,0,0,0,0,0,1,0
EVT_00504,Protests,0,0,0,0,0,0,0,0,0,1,0
EVT_00504,Rakesh Kumar Saini (climate activist),0,0,0,0,0,0,0,0,0,1,0
EVT_00504,Republican Party,0,0,0,0,0,0,0,1,0,0,0
EVT_00504,Solicitor,0,0,0,0,0,0,0,1,0,0,0
EVT_00504,Solicitor General Mehta,0,0,0,0,0,0,0,1,0,0,0
EVT_00504,Solicitor General Tushar Mehta,0,0,0,0,0,0,0,1,0,0,0
EVT_00504,Sonam Wangchuk,0,0,2,0,0,0,0,1,0,2,0
EVT_00504,The Bench (likely referring to a High Court or Supreme Court panel),0,0,0,0,0,0,0,1,0,0,0
EVT_00504,The Union Cabinet,0,0,0,0,0,0,0,0,0,1,0
EVT_00504,The unnamed party or group demanding the reforms (likely referring to Pradhan's resignation and the CJP),0,0,1,0,0,0,0,0,0,0,0
EVT_00504,Trinamool Congress,0,0,0,0,0,0,0,0,0,1,0
EVT_00504,US,0,0,0,0,0,0,0,0,0,1,0
EVT_00504,US Military,0,0,0,0,0,0,0,0,0,1,0
EVT_00504,Union Cabinet,0,0,0,0,0,0,0,0,0,1,0
EVT_00504,United States,0,0,0,0,0,0,0,0,0,1,0
EVT_00504,Users,0,0,0,0,0,0,0,0,0,1,0
EVT_00504,Various Users,0,0,0,0,0,0,0,0,0,1,0
EVT_00504,Wangchuk,0,0,4,0,0,0,0,0,0,5,0
EVT_00504,"Wangchuk, Union Education Minister Dharmendra Pradhan",0,0,0,0,0,0,0,0,0,1,0
EVT_00504,authorities,0,0,0,0,0,0,0,1,0,0,0
EVT_00504,government,0,0,0,0,0,0,0,1,0,0,0
EVT_00506,@PeterKyle,0,0,1,0,0,0,0,0,0,0,0
EVT_00506,Andy Burnham,0,0,0,0,0,0,0,0,0,2,0
EVT_00506,BJP MLA,0,0,0,0,0,0,0,0,0,3,0
EVT_00506,BJP legislator,0,0,0,0,0,0,0,0,0,1,0
EVT_00506,Both negotiating teams,0,0,1,0,0,0,0,0,0,0,0
EVT_00506,"Building a resilient, innovation-driven partnership",0,0,1,0,0,0,0,0,0,0,0
EVT_00506,Government,0,0,0,0,0,0,0,0,0,1,0
EVT_00506,Government/Corporation,0,0,0,0,0,0,0,0,0,1,0
EVT_00506,Government/Cybersecurity Experts,0,0,0,0,0,0,0,0,0,1,0
EVT_00506,Goyal,0,0,3,0,0,0,0,0,0,0,0
EVT_00506,Growing the economy through partnerships,0,0,1,0,0,0,0,0,0,0,0
EVT_00506,Hydrogen Fuel Cell Industry,0,0,1,0,0,0,0,0,0,0,0
EVT_00506,Hydrogen Train Industry,0,0,1,0,0,0,0,0,0,0,0
EVT_00506,Hydrogen production and storage technology,0,0,1,0,0,0,0,0,0,0,0
EVT_00506,Hydrogen-powered train development,0,0,1,0,0,0,0,0,0,0,0
EVT_00506,Hydrogen-powered trains,0,0,1,0,0,0,0,0,0,0,0
EVT_00506,India,0,0,1,0,0,0,0,0,0,2,0
EVT_00506,India (referring to government response),0,0,0,0,0,0,0,0,0,1,0
EVT_00506,India's First Hydrogen Train,0,0,1,0,0,0,0,0,0,0,0
EVT_00506,Indian Government,0,0,1,0,0,0,0,0,0,0,0
EVT_00506,Indian Officials,0,0,1,0,0,0,0,0,0,0,0
EVT_00506,Indian Railways,0,0,7,0,0,0,0,0,0,0,0
EVT_00506,Indian Star,0,0,0,0,0,0,0,0,0,1,0
EVT_00506,Indian organizations,0,0,0,0,0,0,0,0,0,2,0
EVT_00506,Iran-backed Iraqi militia,0,0,0,0,0,0,0,0,0,1,0
EVT_00506,Iran-backed militia,0,0,0,0,0,0,0,0,0,1,0
EVT_00506,Iran-backed militia umbrella,0,0,0,0,0,0,0,0,0,1,0
EVT_00506,Keir Starmer,0,0,0,0,0,0,0,0,0,1,0
EVT_00506,Kier Starmer,0,0,0,0,0,0,0,0,0,1,0
EVT_00506,Manjot Kalra,0,0,0,0,0,0,0,0,0,1,0
EVT_00506,Minister,0,0,2,0,0,0,0,0,0,0,0
EVT_00506,Northern Railway,0,0,2,0,0,0,0,0,0,0,0
EVT_00506,Nuclear Reactor Construction,0,0,0,0,0,0,0,0,0,1,0
EVT_00506,Nuclear Threat Initiative,0,0,0,0,0,0,0,0,0,1,0
EVT_00506,PM Modi,0,0,10,0,0,0,0,0,0,5,0
EVT_00506,Piyush Goyal,0,0,1,0,0,0,0,0,0,2,0
EVT_00506,Politicians or parties,0,0,0,0,0,0,0,0,0,1,0
EVT_00506,"Politicians, Intelligence Agencies",0,0,0,0,0,0,0,0,0,1,0
EVT_00506,Prime Minister,0,0,1,0,0,0,0,0,0,1,0
EVT_00506,Proton Exchange Membrane (PEM) technology,0,0,1,0,0,0,0,0,0,0,0
EVT_00506,Ramesh Khatik (Karera MLA),0,0,0,0,0,0,0,0,0,1,0
EVT_00506,Reliance Group,0,0,0,0,0,0,0,0,0,2,0
EVT_00506,Reliance Infrastructure,0,0,0,0,0,0,0,0,0,1,0
EVT_00506,Security Authorities or Agencies,0,0,0,0,0,0,0,0,0,1,0
EVT_00506,Trade Agreements,0,0,0,0,0,0,0,0,0,1,0
EVT_00506,Trade and Economic Cooperation,0,0,0,0,0,0,0,0,0,1,0
EVT_00506,Transit/Infrastructure,0,0,1,0,0,0,0,0,0,0,0
EVT_00506,UK,0,0,0,0,0,0,0,0,0,2,0
EVT_00506,UK Government,0,0,2,0,0,0,0,0,0,2,0
EVT_00506,Users Sharing Opinion,0,0,0,0,0,0,0,0,0,1,0
EVT_00506,WorldLeaks,0,0,0,0,0,0,0,0,0,1,0
EVT_00516,AISA (All India Secular Alliance) activists,0,0,0,0,0,0,0,0,0,1,0
EVT_00516,"AISA activists, Cockroach Janta Party",0,0,0,0,0,0,0,0,0,1,0
EVT_00516,"Aameen, Manish and others (group)",0,0,0,0,0,0,0,0,0,1,0
EVT_00516,Abhijeet Dipke,0,0,2,0,0,0,0,0,0,0,0
EVT_00516,Activists,0,0,0,0,0,0,0,0,0,1,0
EVT_00516,BJP,0,0,1,0,0,0,0,0,0,0,0
EVT_00516,Bhim Army Chief,0,0,0,0,0,0,0,0,0,1,0
EVT_00516,CJP (Citizens' Joint Programme),0,0,0,0,0,0,0,0,0,1,0
EVT_00516,CJP (People's Democratic Party or a similar organization),0,0,0,0,0,0,0,0,0,1,0
EVT_00516,CJP (presumably Committee for Jallianwala Bagh),0,0,1,0,0,0,0,0,0,0,0
EVT_00516,Cockroach Janata Party (CJP),0,0,0,0,0,0,0,0,0,1,0
EVT_00516,Delhi High Court,0,0,1,0,0,0,0,0,0,0,0
EVT_00516,Delhi Police,0,0,3,0,0,0,0,0,0,0,0
EVT_00516,Delhi Police personnel,0,0,1,0,0,0,0,0,0,0,0
EVT_00516,Doctors,0,0,0,0,0,0,0,0,0,1,0
EVT_00516,India,0,0,0,0,0,0,0,0,0,1,0
EVT_00516,India government,0,0,0,0,0,0,0,0,0,1,0
EVT_00516,Kunal Kamra and Chandrashekhar Azad,0,0,0,0,0,0,0,0,0,1,0
EVT_00516,Neha,0,0,0,0,0,0,0,0,0,1,0
EVT_00516,New Delhi district,0,0,1,0,0,0,0,0,0,0,0
EVT_00516,Pawan Khera,0,0,0,0,0,0,0,0,0,1,0
EVT_00516,Police,0,0,2,0,0,0,0,0,0,0,0
EVT_00516,Police Headquarters,0,0,1,0,0,0,0,0,0,0,0
EVT_00516,Political Leaders,0,0,0,0,0,0,0,0,0,1,0
EVT_00516,Political Prisoner,0,0,0,0,0,0,0,0,0,1,0
EVT_00516,Politician (unnamed in text),0,0,0,0,0,0,0,0,0,1,0
EVT_00516,Powers To Be,0,0,0,0,0,0,0,0,0,1,0
EVT_00516,Protest Movement,0,0,0,0,0,0,0,0,0,1,0
EVT_00516,Protestors,0,0,1,0,0,0,0,0,0,0,0
EVT_00516,Shashi Tharoor,0,0,0,0,0,0,0,0,0,1,0
EVT_00516,Sonam,0,0,0,0,0,0,0,0,0,1,0
EVT_00516,Sonam Wangchuk,0,0,2,0,0,0,0,0,0,1,0
EVT_00516,Sonam Wangchuk (Climate Activist),0,0,0,0,0,0,0,0,0,1,0
EVT_00516,"Sunetra Pawar, Parth",0,0,1,0,0,0,0,0,0,0,0
EVT_00516,Tharoor,0,0,0,0,0,0,0,0,0,1,0
EVT_00516,Wangchuk,0,0,4,0,0,0,0,0,0,5,0
EVT_00516,Wangchuk (politician),0,0,1,0,0,0,0,0,0,0,0
EVT_00516,government,0,0,0,0,0,0,0,0,0,1,0
EVT_00516,police,0,0,4,0,0,0,0,0,0,0,0
EVT_00516,unknown politician or party,0,0,0,0,0,0,0,0,0,1,0
EVT_00534,AAP,0,0,0,0,0,0,0,0,0,0,1
EVT_00534,AAP (Aam Aadmi Party),0,0,0,0,0,0,0,0,0,0,1
EVT_00534,Aaditya Thackeray,0,0,0,0,0,0,0,0,0,0,1
EVT_00534,Abhijeet Dipke,0,0,0,0,0,0,0,0,0,1,0
EVT_00534,Adhir Ranjan Chowdhury (West Bengal Congress president),0,0,0,0,0,0,0,0,0,0,1
EVT_00534,Akhilesh Yadav,0,0,0,0,0,0,0,0,0,0,1
EVT_00534,Anna Hazare,0,0,0,0,0,0,0,1,0,0,1
EVT_00534,Arvind Kejriwal,0,0,0,0,0,0,0,0,0,0,1
EVT_00534,CJP (Centre of Justice and Peace),0,0,0,0,0,0,0,0,0,0,1
EVT_00534,CJP and Abhijeet Dipke,0,0,0,0,0,0,0,1,0,0,0
EVT_00534,CJP leaders (Abhijeet Dipke and Saurav Das),0,0,0,0,0,0,0,0,0,0,1
EVT_00534,CPI,0,0,0,0,0,0,0,0,0,0,1
EVT_00534,CPI(ML)-Liberation,0,0,0,0,0,0,0,0,0,0,1
EVT_00534,Centre (Indian Government),0,0,0,0,0,0,0,0,0,0,1
EVT_00534,Cockroach Janata Party,0,0,0,0,0,0,0,0,0,1,0
EVT_00534,Cockroach Janata Party (CJP) and Abhijeet Dipke,0,0,0,0,0,0,0,1,0,0,0
EVT_00534,Cockroach Janta Party,0,0,0,0,0,0,0,1,0,0,0
EVT_00534,Cockroach Janta Party (CJP),0,0,0,0,0,0,0,0,0,0,1
EVT_00534,Congress,0,0,0,0,0,0,0,0,0,0,4
EVT_00534,Congress Party,0,0,0,0,0,0,0,0,0,0,2
EVT_00534,Congress leader,0,0,0,0,0,0,0,0,0,0,1
EVT_00534,Congress leadership,0,0,0,0,0,0,0,0,0,0,1
EVT_00534,DMK,0,0,0,0,0,0,0,0,0,0,1
EVT_00534,Das,0,0,0,0,0,0,0,0,0,0,1
EVT_00534,Dharmendra Pradhan,0,0,0,0,0,0,0,0,0,0,1
EVT_00534,Hope,0,0,0,0,0,0,0,1,0,0,0
EVT_00534,Hunger Strike Participants,0,0,0,0,0,0,0,1,0,0,0
EVT_00534,Mamata Banerjee,0,0,0,0,0,0,0,0,0,0,1
EVT_00534,Mr. Wangchuk’s wife,0,0,0,0,0,0,0,1,0,0,0
EVT_00534,Party,0,0,0,0,0,0,0,0,0,1,0
EVT_00534,Rashtriya Janata Dal (RJD),0,0,0,0,0,0,0,0,0,0,1
EVT_00534,Samajwadi Party,0,0,0,0,0,0,0,0,0,0,1
EVT_00534,Shashi Tharoor,0,0,0,0,0,0,0,0,0,0,1
EVT_00534,Shiv Sena (UBT),0,0,0,0,0,0,0,0,0,0,3
EVT_00534,Sonam Wangchuk,0,0,0,0,0,0,0,1,0,2,1
EVT_00534,The Cockroach Janta Party (CJP),0,0,0,0,0,0,0,0,0,1,0
EVT_00534,Trinamool Congress (TMC),0,0,0,0,0,0,0,0,0,0,1
EVT_00534,Unknown,0,0,0,0,0,0,0,0,0,1,0
EVT_00534,Various individuals/actors,0,0,0,0,0,0,0,0,0,1,0
EVT_00534,Wangchuk,0,0,0,0,0,0,0,0,0,2,2
EVT_00534,authorities,0,0,0,0,0,0,0,0,0,1,0
EVT_00543,Abhishek,0,0,3,0,0,0,0,0,0,0,0
EVT_00543,Abhishek Banerjee,0,0,1,0,0,0,0,0,0,1,0
EVT_00543,Abhishek Banerjee (TMC national general secretary),0,0,0,0,0,0,0,0,0,1,0
EVT_00543,Anubrata Mondal,0,0,1,0,0,0,0,0,0,0,0
EVT_00543,BJP,0,0,1,0,0,0,0,0,0,0,0
EVT_00543,Bengal BJP's chief spokesperson Debjit Sarkar,0,0,1,0,0,0,0,0,0,0,0
EVT_00543,CBI (Central Bureau of Investigation),0,0,0,0,0,0,0,0,0,1,0
EVT_00543,ED (Economic Development Commission),0,0,0,0,0,0,0,0,0,1,0
EVT_00543,ED (Enforcement Directorate),0,0,0,0,0,0,0,0,0,1,0
EVT_00543,ED (Ethics and Dispute),0,0,0,0,0,0,0,0,0,1,0
EVT_00543,Family-controlled politics,0,0,1,0,0,0,0,0,0,0,0
EVT_00543,Madan Mitra,0,0,1,0,0,0,0,0,0,0,0
EVT_00543,Mamata Banerjee,0,0,4,0,0,0,0,0,0,2,0
EVT_00543,Mamata Banerjee (TMC),0,0,1,0,0,0,0,0,0,0,0
EVT_00543,Mamata ji,0,0,0,0,0,0,0,0,0,1,0
EVT_00543,Mitra,0,0,3,0,0,0,0,0,0,2,0
EVT_00543,Mitra's Family,0,0,1,0,0,0,0,0,0,0,0
EVT_00543,Mitras (implied as referring to the political family),0,0,1,0,0,0,0,0,0,0,0
EVT_00543,Mitria Mitra,0,0,1,0,0,0,0,0,0,0,0
EVT_00543,Mitro,0,0,1,0,0,0,0,0,0,0,0
EVT_00543,Shivraj Chavan (assuming it's about a politician who resigned from Trinamool),0,0,0,0,0,0,0,0,0,1,0
EVT_00543,Tanmay Chatterjee,0,0,1,0,0,0,0,0,0,0,0
EVT_00543,Trinamool Congress,0,0,0,0,0,0,0,0,0,2,0
EVT_00543,Users,0,0,0,0,0,0,0,0,0,2,0
EVT_00543,party,0,0,0,0,0,0,0,0,0,1,0
EVT_00561,Anand Prakash,0,0,1,0,0,0,0,0,0,0,0
EVT_00561,Central Government,0,0,1,0,0,0,0,0,0,0,0
EVT_00561,Centre,0,0,1,0,0,0,0,0,0,0,0
EVT_00561,DGMA,0,0,0,2,0,0,0,0,0,0,0
EVT_00561,DGMA (Designated Government Management Agency),0,0,1,0,0,0,0,0,0,0,0
EVT_00561,Directorate General of Maritime Administration,0,0,0,1,0,0,0,0,0,0,0
EVT_00561,Directorate General of Maritime Administration (DGMA),0,0,0,1,0,0,0,0,0,0,0
EVT_00561,Emergency Response Agencies,0,0,0,1,0,0,0,0,0,0,0
EVT_00561,Global Security/US Policy,0,0,0,1,0,0,0,0,0,0,0
EVT_00561,Government,0,0,4,1,0,0,0,0,0,0,0
EVT_00561,Government/Centre,0,0,1,0,0,0,0,0,0,0,0
EVT_00561,Government/Politician,0,0,1,0,0,0,0,0,0,0,0
EVT_00561,HT News Desk,0,0,3,0,0,0,0,0,0,0,0
EVT_00561,Hindustan Times,0,0,2,0,0,0,0,0,0,0,0
EVT_00561,India,0,0,4,1,0,0,0,0,0,0,0
EVT_00561,India's maritime regulator,0,0,0,0,0,0,0,0,0,1,0
EVT_00561,Indian Consulate in Dubai,0,0,1,0,0,0,0,0,0,0,0
EVT_00561,Indian Government,0,0,8,0,0,0,0,0,0,0,0
EVT_00561,Indian Government or Diplomatic Agencies,0,0,1,0,0,0,0,0,0,0,0
EVT_00561,Indian Seafarers,0,0,2,0,0,0,0,0,0,1,0
EVT_00561,Indian government,0,0,2,0,0,0,0,0,0,0,0
EVT_00561,Indian nationals (specific individuals - Rohan Kumar and Herambh Karmarkar),0,0,1,0,0,0,0,0,0,0,0
EVT_00561,Iran,0,0,1,0,0,0,0,0,0,0,0
EVT_00561,Karishma Ayaldasani,0,0,1,0,0,0,0,0,0,0,0
EVT_00561,Maritime Authorities,0,0,1,0,0,0,0,0,0,0,0
EVT_00561,Minister,0,0,1,0,0,0,0,0,0,0,0
EVT_00561,News Desk,0,0,1,0,0,0,0,0,0,0,0
EVT_00561,Political Leaders,0,0,1,0,0,0,0,0,0,0,0
EVT_00561,Port Authorities,0,0,0,1,0,0,0,0,0,0,0
EVT_00561,Regulator,0,0,1,0,0,0,0,0,0,2,0
EVT_00561,Rohan Kumar and Herambh Karmarkar,0,0,1,0,0,0,0,0,0,0,0
EVT_00561,Sameer Saurabh,0,0,1,0,0,0,0,0,0,0,0
EVT_00561,Sarbananda Sonowal,0,0,1,0,0,0,0,0,0,1,0
EVT_00561,Saudi Arabia,0,0,1,0,0,0,0,0,0,0,0
EVT_00561,Sonowal,0,0,4,0,0,0,0,0,0,0,0
EVT_00561,Sonowal (Indian Politician),0,0,1,0,0,0,0,0,0,0,0
EVT_00561,government,0,0,1,0,0,0,0,0,0,0,0
EVT_00561,liaison officer,0,0,1,0,0,0,0,0,0,0,0
EVT_00561,shipping regulator,0,0,1,0,0,0,0,0,0,0,0
EVT_00599,Administration,0,0,0,1,0,0,0,0,0,0,0
EVT_00599,Authorities,0,0,0,1,0,0,0,0,0,0,0
EVT_00599,Bharatiya Janata Party (BJP),0,0,1,0,0,0,0,0,0,0,0
EVT_00599,Biju Janata Dal (BJD),0,0,1,0,0,0,0,0,0,0,0
EVT_00599,Debabrata Mohanty,0,0,1,0,0,0,0,0,0,0,0
EVT_00599,East Coast Railway,0,0,4,0,0,0,0,0,0,0,0
EVT_00599,Hindu Pilgrimage Authorities,0,0,0,1,0,0,0,0,0,0,0
EVT_00599,Jagannath,0,0,1,0,0,0,0,0,0,0,0
EVT_00599,Jagannath Rath Yatra,0,0,0,1,0,0,0,0,0,0,0
EVT_00599,Jagannath Temple,0,0,0,1,0,0,0,0,0,0,0
EVT_00599,Lord Jagannath and Balaram Das,0,0,1,0,0,0,0,0,0,0,0
EVT_00599,"Lord Jagannath, Lord Balabhadra and Devi Subhadra",0,0,0,1,0,0,0,0,0,0,0
EVT_00599,"Lord Jagannath, Lord Balabhadra, Goddess Subhadra",0,0,1,0,0,0,0,0,0,0,0
EVT_00599,Mohanty,0,0,3,0,0,0,0,0,0,0,0
EVT_00599,Odhisa Government and Security Forces,0,0,0,1,0,0,0,0,0,0,0
EVT_00599,Odisha Government,0,0,1,0,0,0,0,0,0,0,0
EVT_00599,Officials,0,0,0,1,0,0,0,0,0,0,0
EVT_00599,PM Modi,0,0,1,0,0,0,0,0,0,0,0
EVT_00599,President Droupadi Murmu,0,0,1,0,0,0,0,0,0,0,0
EVT_00599,Puri,0,0,1,1,0,0,0,0,0,0,0
EVT_00599,Puri Shankaracharya Swami Nischalananda Saraswati,0,0,0,1,0,0,0,0,0,0,0
EVT_00599,"Puri's titular king, Gajapati Maharaja Dibyasingha Deb",0,0,0,1,0,0,0,0,0,0,0
EVT_00599,Railway Officials,0,0,1,0,0,0,0,0,0,0,0
EVT_00599,Rath Yatra event,0,0,1,0,0,0,0,0,0,0,0
EVT_00599,Religious Community (Jagannath Temple),0,0,0,1,0,0,0,0,0,0,0
EVT_00599,Religious Festival,0,0,0,1,0,0,0,0,0,0,0
EVT_00599,Security Forces,0,0,1,0,0,0,0,0,0,0,0
EVT_00599,State Administration,0,0,2,0,0,0,0,0,0,0,0
EVT_00599,Technological Surveillance Systems,0,0,1,0,0,0,0,0,0,0,0
EVT_00601,Deepam Seth,0,0,1,0,0,0,0,0,0,0,0
EVT_00601,Delhi's Shahdara,0,0,1,0,0,0,0,0,0,0,0
EVT_00601,Delhi-Haridwa National Highway,0,0,1,0,0,0,0,0,0,0,0
EVT_00601,Government/Leadership,0,0,1,0,0,0,0,0,0,0,0
EVT_00601,Kanwar,0,0,1,0,0,0,0,0,0,0,0
EVT_00601,Kanwar Yatra,0,0,0,0,0,0,0,1,0,0,0
EVT_00601,Kanwar Yatra organizers or religious authorities,0,0,1,0,0,0,0,0,0,0,0
EVT_00601,Kanwariya,0,0,1,0,0,0,0,0,0,0,0
EVT_00601,Kanwariyas (police may refer to these as protesters or religious groups),0,0,1,0,0,0,0,0,0,0,0
EVT_00601,Manvendra Singh Bhati,0,0,0,0,0,0,0,1,0,0,0
EVT_00601,"Naveen, Prince and Navneet",0,0,2,0,0,0,0,1,0,0,0
EVT_00601,Party X,0,0,0,0,0,0,0,1,0,0,0
EVT_00601,Police,0,0,1,0,0,0,0,1,0,0,0
EVT_00601,President John Doe,0,0,0,0,0,0,0,1,0,0,0
EVT_00601,Rajeev Krishna,0,0,3,0,0,0,0,0,0,0,0
EVT_00601,SHO (likely referring to a Police Chief or similar official),0,0,0,0,0,0,0,1,0,0,0
EVT_00601,"UP (likely referring to Uttar Pradesh, a state in India)",0,0,1,0,0,0,0,0,0,0,0
EVT_00601,UP DGP,0,0,1,0,0,0,0,0,0,0,0
EVT_00601,Uttarakhand Police,0,0,2,0,0,0,0,0,0,0,0
EVT_00601,kanwariyas,0,0,1,0,0,0,0,0,0,0,0
EVT_00601,pilgrims,0,0,1,0,0,0,0,0,0,0,0
EVT_00601,police,0,0,1,0,0,0,0,2,0,0,0
EVT_00624,Court,0,0,1,0,0,0,0,0,0,0,0
EVT_00624,Government,0,0,1,4,0,0,0,0,0,0,0
EVT_00624,India,0,0,0,1,0,0,0,0,0,0,0
EVT_00624,India's first night safari project,0,0,1,0,0,0,0,0,0,0,0
EVT_00624,India's prisons,0,0,1,0,0,0,0,0,0,0,0
EVT_00624,Justices Vikram Nath and Sandeepahta,0,0,1,0,0,0,0,0,0,0,0
EVT_00624,Medical Boards,0,0,1,0,0,0,0,0,0,0,0
EVT_00624,NALSA (National Anti-Slavery Alliance),0,0,1,0,0,0,0,0,0,0,0
EVT_00624,NALSA (National Legal Services Authority),0,0,1,0,0,0,0,0,0,0,0
EVT_00624,Nalanda Land Settlement Authority (NALSA),0,0,0,1,0,0,0,0,0,0,0
EVT_00624,National Legal Services Authority (NALSA),0,0,1,1,0,0,0,0,0,0,0
EVT_00624,Policy,0,0,0,1,0,0,0,0,0,0,0
EVT_00624,Policy Development,0,0,0,1,0,0,0,0,0,0,0
EVT_00624,Politicians/Policy Makers,0,0,1,0,0,0,0,0,0,0,0
EVT_00624,Prison Authorities,0,0,0,1,0,0,0,0,0,0,0
EVT_00624,SC,0,0,0,1,0,0,0,0,0,0,0
EVT_00624,State Legal Services Authorities (SLSAs),0,0,1,0,0,0,0,0,0,0,0
EVT_00624,Supreme Court,0,0,1,2,0,0,0,0,0,0,0
EVT_00624,The Apex Court,0,0,1,0,0,0,0,0,0,0,0
EVT_00624,The Supreme Court,0,0,1,0,0,0,0,0,0,0,0
EVT_00624,Union government,0,0,1,0,0,0,0,0,0,0,0
EVT_00624,states and UTs,0,0,1,0,0,0,0,0,0,0,0
EVT_00628,AAP (Arvind Kejriwal),0,0,1,0,0,0,0,0,0,0,0
EVT_00628,"AISA leaders Neha, Manish and Aameen",0,0,0,1,0,0,0,0,0,0,0
EVT_00628,Akshilesh Yadav,0,0,0,1,0,0,0,0,0,0,0
EVT_00628,Arvind Kejriwal,0,0,0,1,0,0,0,0,0,0,0
EVT_00628,CJP (Centre for Just Cause),0,0,0,1,0,0,0,0,0,0,0
EVT_00628,CJP (Citizens' Joint Panel),0,0,0,1,0,0,0,0,0,0,0
EVT_00628,CJP (likely referring to Congress Party or similar group),0,0,0,1,0,0,0,0,0,0,0
EVT_00628,Centre (India) & Delhi Government,0,0,0,1,0,0,0,0,0,0,0
EVT_00628,Cockroach Janta Party,0,0,0,0,0,0,0,1,0,0,0
EVT_00628,Congress Party,0,0,0,1,0,0,0,0,0,0,0
EVT_00628,Delhi Police,0,0,0,0,0,0,0,1,0,0,0
EVT_00628,Dharmendra Pradhan,0,0,1,1,0,0,0,0,0,0,0
EVT_00628,Dharmendra Pradhen,0,0,0,0,0,0,0,0,0,1,0
EVT_00628,Dr. Satish Lamba,0,0,1,0,0,0,0,0,0,0,0
EVT_00628,Education Minister,0,0,0,1,0,0,0,0,0,0,0
EVT_00628,Government,0,0,0,0,0,0,0,0,0,1,0
EVT_00628,JNU (Joint Students Union),0,0,0,1,0,0,0,0,0,0,0
EVT_00628,Mamata Banerjee,0,0,0,1,0,0,0,0,0,0,0
EVT_00628,Medical Doctor or Healthcare Provider,0,0,2,0,0,0,0,0,0,0,0
EVT_00628,Mr. Wangchuk,0,0,0,0,0,0,0,1,0,0,0
EVT_00628,PM Modi,0,0,0,1,0,0,0,0,0,0,0
EVT_00628,Political Leaders,0,0,1,0,0,0,0,0,0,0,0
EVT_00628,Political Updates / Live Feed,0,0,0,0,0,0,0,1,0,0,0
EVT_00628,Politician,0,0,2,0,0,0,0,0,0,0,0
EVT_00628,Politician or Party,0,0,0,1,0,0,0,0,0,0,0
EVT_00628,Pradhan (presumably referring to Narendra Modi or a similar government official),0,0,0,1,0,0,0,0,0,0,0
EVT_00628,Prime Minister,0,0,0,1,0,0,0,0,0,0,0
EVT_00628,Shankersinh Vaghela,0,0,0,1,0,0,0,0,0,0,0
EVT_00628,Shri Sonam Wangchuk-ji,0,0,0,1,0,0,0,0,0,0,0
EVT_00628,Sonam Wangchuk,0,0,7,5,0,0,0,3,0,1,0
EVT_00628,The organization,0,0,0,1,0,0,0,0,0,0,0
EVT_00628,Uddhav Thackeray,0,0,0,1,0,0,0,0,0,0,0
EVT_00628,Union Education Minister Dharmendra Pradhan,0,0,0,1,0,0,0,0,0,0,0
EVT_00628,Union education minister Pradhan,0,0,1,0,0,0,0,0,0,0,0
EVT_00628,Unknown,0,0,0,0,0,0,0,0,0,1,0
EVT_00628,Unknown (Person speaking),0,0,0,0,0,0,0,0,0,1,0
EVT_00628,Unknown Politician or Party,0,0,0,0,0,0,0,0,0,1,0
EVT_00628,Wangchuk,0,0,5,3,0,0,0,1,0,7,0
EVT_00628,Zeenat Aman,0,0,0,1,0,0,0,0,0,0,0
EVT_00628,government,0,0,0,1,0,0,0,0,0,0,0
EVT_00628,government/education authorities,0,0,1,0,0,0,0,0,0,0,0
EVT_00628,protest,0,0,1,0,0,0,0,0,0,0,0
EVT_00628,protesters,0,0,0,1,0,0,0,0,0,0,0
EVT_00632,"<a href=""https://deccanherald.com/tags/tmc"">Trinamool Congress</a> (TMC)",1,0,0,0,0,0,0,0,0,0,0
EVT_00632,"<a href=""https://deccanherald.com/tags/tmc"">Trinamool Congress</a> (TMC) supremo Mamata Banerjee",1,0,0,0,0,0,0,0,0,0,0
EVT_00632,Abhishek (likely referring to Abhijit Banerjee),1,0,0,0,0,0,0,0,0,0,0
EVT_00632,Abhishek Banerjee,1,0,0,0,0,0,0,0,0,0,0
EVT_00632,BJP,1,0,0,0,0,0,0,0,0,0,0
EVT_00632,BJP (Indian Nationalist Party),1,0,0,0,0,0,0,0,0,0,0
EVT_00632,Bengal Government,0,0,0,1,0,0,0,0,0,0,0
EVT_00632,Government,0,0,2,0,0,0,0,0,0,0,0
EVT_00632,HT News Desk,0,0,3,0,0,0,0,0,0,0,0
EVT_00632,Hindustan Times,0,0,1,0,0,0,0,0,0,0,0
EVT_00632,Hon'ble Deputy Chairman and all functionaries of the Rajya Sabha Secretariat,0,0,1,0,0,0,0,0,0,0,0
EVT_00632,Koel Mallick,0,0,1,1,0,0,0,0,0,0,0
EVT_00632,Koel Mullick,0,0,0,1,0,0,0,0,0,0,0
EVT_00632,Mallick,0,0,1,0,0,0,0,0,0,0,0
EVT_00632,Mamata Banerjee,5,0,4,0,0,0,0,0,0,0,0
EVT_00632,Mamata Banerjee's Trinamool Congress (TMC),0,0,0,1,0,0,0,0,0,0,0
EVT_00632,Mamata Banerjee's faction,1,0,0,0,0,0,0,0,0,0,0
EVT_00632,Mamata's Trinamool Congress (TMC),0,0,0,1,0,0,0,0,0,0,0
EVT_00632,Mamta Banerjee,0,0,0,1,0,0,0,0,0,0,0
EVT_00632,Mitra,2,0,0,0,0,0,0,0,0,0,0
EVT_00632,Police and Central Investigative Agencies,1,0,0,0,0,0,0,0,0,0,0
EVT_00632,TMC MLAs and rebels in West Bengal legislative assembly,0,0,1,0,0,0,0,0,0,0,0
EVT_00632,TMC MP,0,0,1,0,0,0,0,0,0,0,0
EVT_00632,The actor,0,0,0,1,0,0,0,0,0,0,0
EVT_00632,Trinamool,0,0,0,1,0,0,0,0,0,0,0
EVT_00632,Trinamool Congress,0,0,1,2,0,0,0,0,0,0,0
EVT_00632,Trinamool Congress (TMC) and Mamata Banerjee,1,0,0,0,0,0,0,0,0,0,0
EVT_00634,Commissioner,0,0,0,2,0,0,0,0,0,0,0
EVT_00634,Doctor Wife,0,0,1,0,0,0,0,0,0,0,0
EVT_00634,Dr Honannavar,0,0,0,1,0,0,0,0,0,0,0
EVT_00634,Dr Kiran Honannavar,0,0,0,1,0,0,0,0,0,0,0
EVT_00634,Dr Priya,0,0,1,0,0,0,0,0,0,0,0
EVT_00634,Eight-year-old son (Victim),0,0,0,1,0,0,0,0,0,0,0
EVT_00634,Family Members,0,0,0,1,0,0,0,0,0,0,0
EVT_00634,Honnannavar,0,0,1,0,0,0,0,0,0,0,0
EVT_00634,Karnataka University,0,0,1,0,0,0,0,0,0,0,0
EVT_00634,Kiran Honannavar (Politician),0,0,0,1,0,0,0,0,0,0,0
EVT_00634,Local Authorities,0,0,1,0,0,0,0,0,0,0,0
EVT_00634,Local Community,0,0,0,1,0,0,0,0,0,0,0
EVT_00634,Local Community (implied as victims of violence),0,0,1,0,0,0,0,0,0,0,0
EVT_00634,Local Police Commissioner,0,0,1,0,0,0,0,0,0,0,0
EVT_00634,N Shashikumar,0,0,0,1,0,0,0,0,0,0,0
EVT_00634,N Shashikumar (Police Commissioner),0,0,0,1,0,0,0,0,0,0,0
EVT_00634,Police,0,0,3,0,0,0,0,0,0,0,0
EVT_00634,Police Commissioner,0,0,1,0,0,0,0,0,0,0,0
EVT_00634,Police officer or statement maker,0,0,1,0,0,0,0,0,0,0,0
EVT_00634,Politician or Party,0,0,1,0,0,0,0,0,0,0,0
EVT_00634,Priya (doctor),0,0,1,0,0,0,0,0,0,0,0
EVT_00634,Priyanka,0,0,0,1,0,0,0,0,0,0,0
EVT_00634,Priyanka (Politician),0,0,0,1,0,0,0,0,0,0,0
EVT_00634,Priyanka (likely referring to a politician or public figure's spouse),0,0,0,1,0,0,0,0,0,0,0
EVT_00634,Victim's family members,0,0,1,0,0,0,0,0,0,0,0
EVT_00634,police,0,0,1,2,0,0,0,0,0,0,0
EVT_00634,police and investigative agencies,0,0,0,1,0,0,0,0,0,0,0
EVT_00645,Arya,0,0,2,0,0,0,0,0,0,0,0
EVT_00645,Construction Companies,0,0,0,1,0,0,0,0,0,0,0
EVT_00645,Construction Company,0,0,0,1,0,0,0,0,0,0,0
EVT_00645,Construction Industry,0,0,2,0,0,0,0,0,0,0,0
EVT_00645,District Magistrate,0,0,1,0,0,0,0,0,0,0,0
EVT_00645,Emergency Services or Construction Workers,0,0,1,0,0,0,0,0,0,0,0
EVT_00645,Government of Uttarakhand,0,0,0,1,0,0,0,0,0,0,0
EVT_00645,Labour officials,0,0,1,0,0,0,0,0,0,0,0
EVT_00645,National Highways & Infrastructure Development Corporation Limited (NHIDCL),0,0,0,1,0,0,0,0,0,0,0
EVT_00645,National Highways and Infrastructure Development Corporation Limited (NHIDCL),0,0,1,0,0,0,0,0,0,0,0
EVT_00645,Police or Accident Investigation Team,0,0,0,1,0,0,0,0,0,0,0
EVT_00645,Project Completion,0,0,1,0,0,0,0,0,0,0,0
EVT_00645,Silkyara tunnel,0,0,1,0,0,0,0,0,0,0,0
EVT_00645,The Silkyara tunnel collapse,0,0,1,0,0,0,0,0,0,0,0
EVT_00645,Unknown,0,0,0,1,0,0,0,0,0,0,0
EVT_00645,Uttarkashi District Magistrate Prashant Arya,0,0,1,0,0,0,0,0,0,0,0
EVT_00645,"Uttarkashi District Magistrate, Prashant Arya",0,0,0,1,0,0,0,0,0,0,0
EVT_00645,central government,0,0,0,1,0,0,0,0,0,0,0
EVT_00645,government,0,0,0,2,0,0,0,0,0,0,0
EVT_00652,Abhijeet Dipke,0,0,0,0,0,0,0,1,0,0,0
EVT_00652,CJP (Central Justice Party),0,0,1,0,0,0,0,0,0,0,0
EVT_00652,CJP (likely referring to the CJP group or a similar organization),0,0,1,0,0,0,0,0,0,0,0
EVT_00652,Cockroach Janata Party,0,0,1,0,0,0,0,0,0,0,0
EVT_00652,Cockroach Janta Party,0,0,1,1,0,0,0,0,0,0,0
EVT_00652,Cockroach Janta Party (CJP),0,0,0,2,0,0,0,0,0,0,0
EVT_00652,Delhi Police,0,0,0,0,0,0,0,2,0,0,0
EVT_00652,Environmental Protection Agency (EPA),0,0,0,0,0,0,0,1,0,0,0
EVT_00652,Healthcare System,0,0,1,0,0,0,0,0,0,0,0
EVT_00652,Indian Government,0,0,1,0,0,0,0,0,0,0,0
EVT_00652,Mr. Pradhan,0,0,0,0,0,0,0,1,0,0,0
EVT_00652,Mr. Wangchuk,0,0,0,0,0,0,0,2,0,0,0
EVT_00652,Police Commissioner Anurag Kumar,0,0,0,0,0,0,0,1,0,0,0
EVT_00652,Politician,0,0,1,0,0,0,0,0,0,0,0
EVT_00652,Politicians and actors,0,0,1,0,0,0,0,0,0,0,0
EVT_00652,President John Doe,0,0,0,0,0,0,0,1,0,0,0
EVT_00652,Sonam Wangchuk,0,0,2,4,0,0,0,1,0,0,0
EVT_00652,The Government,0,0,0,0,0,0,0,1,0,0,0
EVT_00652,The police and other security agencies,0,0,0,0,0,0,0,1,0,0,0
EVT_00652,Union Education Minister Dharmendra Pradhan,0,0,0,0,0,0,0,2,0,0,0
EVT_00652,Union government,0,0,0,0,0,0,0,1,0,0,0
EVT_00652,"Unknown (Context suggests a political figure or leader, but name not provided)",0,0,0,1,0,0,0,0,0,0,0
EVT_00652,Wangchuk,0,0,7,6,0,0,0,0,0,0,0
EVT_00652,Wangchuk (presumably a politician or leader),0,0,0,1,0,0,0,0,0,0,0
EVT_00652,government,0,0,0,0,0,0,0,1,0,0,0
EVT_00652,police,0,0,0,0,0,0,0,2,0,0,0
EVT_00652,politician (appealing),0,0,1,0,0,0,0,0,0,0,0
EVT_00652,senior politicians,0,0,0,1,0,0,0,0,0,0,0
EVT_00667,Amit Shah,0,0,1,0,0,0,0,0,0,0,0
EVT_00667,BJP,0,0,1,0,0,0,0,0,0,0,0
EVT_00667,BJP-led NDA,0,0,0,1,0,0,0,0,0,0,0
EVT_00667,Congress,0,0,8,9,0,0,0,0,0,0,0
EVT_00667,Congress Parliamentary Party chairperson Sonia Gandhi,0,0,0,1,0,0,0,0,0,0,0
EVT_00667,INDIA bloc parties,0,0,1,0,0,0,0,0,0,0,0
EVT_00667,JDU,0,0,1,0,0,0,0,0,0,0,0
EVT_00667,"Jairam Ramesh, Syed Naseer Hussain",0,0,0,1,0,0,0,0,0,0,0
EVT_00667,NDA,0,0,2,0,0,0,0,0,0,0,0
EVT_00667,Nasser Hussain (Congress leader),0,0,1,0,0,0,0,0,0,0,0
EVT_00667,Nationalist Citizens Party of India,0,0,1,0,0,0,0,0,0,0,0
EVT_00667,Nationalist Congress Party (Sharadchandra Pawar),0,0,0,1,0,0,0,0,0,0,0
EVT_00667,Ramesh,0,0,1,1,0,0,0,0,0,0,0
EVT_00667,Ramesh (likely a politician or party leader),0,0,0,1,0,0,0,0,0,0,0
EVT_00667,"Ramesh (likely a politician or party leader, but context is needed to confirm)",0,0,0,1,0,0,0,0,0,0,0
EVT_00667,Ramesh (likely referring to a politician or spokesperson for a party),0,0,1,0,0,0,0,0,0,0,0
EVT_00667,Saubhadra Chatterji,0,0,1,0,0,0,0,0,0,0,0
EVT_00667,Senior Congress leaders,0,0,0,1,0,0,0,0,0,0,0
EVT_00667,Supriya Sule,0,0,0,1,0,0,0,0,0,0,0
EVT_00667,TDP,0,0,1,0,0,0,0,0,0,0,0
EVT_00667,The Congress,0,0,2,0,0,0,0,0,0,0,0
EVT_00667,The Opposition,0,0,3,0,0,0,0,0,0,0,0
EVT_00667,The party,0,0,0,1,0,0,0,0,0,0,0
EVT_00667,Union home minister,0,0,1,0,0,0,0,0,0,0,0
EVT_00667,Venugopal,0,0,1,0,0,0,0,0,0,0,0
EVT_00667,party,0,0,1,0,0,0,0,0,0,0,0
EVT_00667,ruling dispensation,0,0,0,1,0,0,0,0,0,0,0
EVT_00685,BJP,0,0,0,0,0,0,0,0,0,1,0
EVT_00685,BJP leaders and their sons,0,0,0,0,0,0,0,0,0,1,0
EVT_00685,CBSE,1,0,0,0,0,0,0,0,0,0,0
EVT_00685,CBSE (Central Board of Secondary Education),5,0,0,0,0,0,0,0,0,2,0
EVT_00685,CBSE (Council of Boards of School Education),1,0,0,0,0,0,0,0,0,0,0
EVT_00685,Central government,0,0,0,0,0,0,0,0,0,1,0
EVT_00685,Centre,0,0,0,0,0,0,0,0,0,1,0
EVT_00685,Chief Justice of India Surya Kant,2,0,0,0,0,0,0,0,0,0,0
EVT_00685,Congress,0,0,0,0,0,0,0,0,0,7,0
EVT_00685,Congress Party,0,0,0,0,0,0,0,0,0,1,0
EVT_00685,Court,1,0,0,0,0,0,0,0,0,0,0
EVT_00685,Current Education Policy or Government,1,0,0,0,0,0,0,0,0,0,0
EVT_00685,Education Policy Maker,0,0,0,0,0,0,0,0,0,1,0
EVT_00685,Government,0,0,0,0,0,0,0,0,0,2,0
EVT_00685,Government/Policy,1,0,0,0,0,0,0,0,0,0,0
EVT_00685,Home Minister,0,0,0,0,0,0,0,0,0,1,0
EVT_00685,India government/leadership,0,0,0,0,0,0,0,0,0,1,0
EVT_00685,Jairam,0,0,0,0,0,0,0,0,0,1,0
EVT_00685,Jairam (Politician/Spokesperson),0,0,0,0,0,0,0,0,0,1,0
EVT_00685,Jawahar Navodaya Vidyalayas (JNVs),1,0,0,0,0,0,0,0,0,0,0
EVT_00685,Justice Nagarath,0,0,0,0,0,0,0,0,0,1,0
EVT_00685,Justice Nagarathna,2,0,0,0,0,0,0,0,0,0,0
EVT_00685,National Education Policy,0,0,0,0,0,0,0,0,0,1,0
EVT_00685,PM Modi,0,0,0,0,0,0,0,0,0,2,0
EVT_00685,Politician or Party,0,0,0,0,0,0,0,0,0,1,0
EVT_00685,Rahul Gandhi,0,0,0,0,0,0,0,0,0,1,0
EVT_00685,Ramesh,0,0,0,0,0,0,0,0,0,3,0
EVT_00685,School Authorities/Principals,0,0,0,0,0,0,0,0,0,1,0
EVT_00685,Sonia Gandhi,0,0,0,0,0,0,0,0,0,1,0
EVT_00685,State,1,0,0,0,0,0,0,0,0,0,0
EVT_00685,State Government,1,0,0,0,0,0,0,0,0,0,0
EVT_00685,Supreme Court,2,0,0,0,0,0,0,0,0,0,0
EVT_00685,Tamil Nadu Government,2,0,0,0,0,0,0,0,0,0,0
EVT_00685,Tamil Nadu government,0,0,0,0,0,0,0,0,0,2,0
EVT_00685,The Party,0,0,0,0,0,0,0,0,0,3,0
EVT_00685,The Supreme Court,0,0,0,0,0,0,0,0,0,1,0
EVT_00685,The court,1,0,0,0,0,0,0,0,0,0,0
EVT_00685,The petitions,2,0,0,0,0,0,0,0,0,0,0
EVT_00685,Union of India,0,0,0,0,0,0,0,0,0,1,0
EVT_00685,Unknown,0,0,0,0,0,0,0,0,0,1,0
EVT_00685,government,0,0,0,0,0,0,0,0,0,1,0
EVT_00685,home minister,0,0,0,0,0,0,0,0,0,2,0
EVT_00685,top court,0,0,0,0,0,0,0,0,0,1,0
EVT_00685,unknown,0,0,0,0,0,0,0,0,0,1,0
EVT_00695,Amit Shah,0,0,0,0,0,0,0,0,0,0,1
EVT_00695,BJP,0,0,0,0,0,0,0,0,0,0,1
EVT_00695,BJP and regional parties,0,0,0,0,0,0,0,0,0,0,1
EVT_00695,Bharatiya Janata Party (BJP),0,0,0,0,0,0,0,0,0,0,1
EVT_00695,Chaturvedi,0,0,0,0,0,0,0,0,0,3,0
EVT_00695,Chidambaram,0,0,0,0,0,0,0,0,0,0,1
EVT_00695,Congress,0,0,0,0,0,0,0,0,0,1,0
EVT_00695,Congress Party,0,0,0,0,0,0,0,1,0,0,2
EVT_00695,Congress general secretary (communications) Jairam Ramesh,0,0,0,0,0,0,0,0,0,0,1
EVT_00695,Congress governments at the Centre before 2014,0,0,0,0,0,0,0,1,0,0,0
EVT_00695,Congress leader,0,0,0,0,0,0,0,0,0,1,0
EVT_00695,Deshpande,0,0,0,0,0,0,0,0,0,0,1
EVT_00695,Dharmendra Pradhan,0,0,0,0,0,0,0,0,0,1,0
EVT_00695,Education Policy,0,0,0,0,0,0,0,0,0,1,0
EVT_00695,Education System,0,0,0,0,0,0,0,0,0,1,0
EVT_00695,Educational policymakers or reform advocates,0,0,0,0,0,0,0,0,0,1,0
EVT_00695,Fire and Rescue Services personnel,0,0,0,0,0,0,0,1,0,1,0
EVT_00695,GoI (Government of India),0,0,0,0,0,0,0,0,0,1,0
EVT_00695,Government/Project,0,0,0,0,0,0,0,0,0,1,0
EVT_00695,Indian Railways,0,0,0,0,0,0,0,2,0,0,0
EVT_00695,Indian Standard Time distribution system,0,0,0,0,0,0,0,0,0,1,0
EVT_00695,Kerala Fire and Rescue Services,0,0,0,0,0,0,0,1,0,0,0
EVT_00695,Local Government Leaders,0,0,0,0,0,0,0,1,0,0,0
EVT_00695,Local Government Officials,0,0,0,0,0,0,0,1,0,0,0
EVT_00695,Lok Sabha leader of opposition,0,0,0,0,0,0,0,0,0,1,0
EVT_00695,Mr. Modi,0,0,0,0,0,0,0,7,0,0,0
EVT_00695,NCP (SP),0,0,0,0,0,0,0,0,0,0,1
EVT_00695,NCP(SP),0,0,0,0,0,0,0,0,0,0,3
EVT_00695,Nardeep Singh Dahiya,0,0,0,0,0,0,0,0,0,0,1
EVT_00695,Nationalist Congress Party (Sharadchandra Pawar),0,0,0,0,0,0,0,0,0,0,1
EVT_00695,PM Modi,0,0,0,0,0,0,0,1,0,0,0
EVT_00695,Pawar,0,0,0,0,0,0,0,0,0,0,2
EVT_00695,Pawar Family,0,0,0,0,0,0,0,0,0,0,1
EVT_00695,Politician,0,0,0,0,0,0,0,0,0,1,0
EVT_00695,Politician or Party,0,0,0,0,0,0,0,0,0,1,0
EVT_00695,Politician/Leader,0,0,0,0,0,0,0,0,0,1,0
EVT_00695,Politician/Policymaker,0,0,0,0,0,0,0,1,0,0,0
EVT_00695,Prajitdu Joshi,0,0,0,0,0,0,0,0,0,1,0
EVT_00695,Previous Governments,0,0,0,0,0,0,0,1,0,0,0
EVT_00695,Prime Minister,0,0,0,0,0,0,0,2,0,0,0
EVT_00695,Protestors,0,0,0,0,0,0,0,1,0,0,0
EVT_00695,Raebareli MP,0,0,0,0,0,0,0,0,0,1,0
EVT_00695,Rahul Gandhi,0,0,0,0,0,0,0,0,0,4,0
EVT_00695,"Regional Parties, including the NCP (SP) and Dravida Munnetra Kazhagam",0,0,0,0,0,0,0,0,0,0,1
EVT_00695,Sharad Pawar-led party,0,0,0,0,0,0,0,0,0,0,1
EVT_00695,Shashi Tharoor,0,0,0,0,0,0,0,1,0,1,0
EVT_00695,"Sonam Wangchuk, CJP",0,0,0,0,0,0,0,0,0,1,0
EVT_00695,Sule and INDIA partners,0,0,0,0,0,0,0,0,0,0,1
EVT_00695,Tharoor,0,0,0,0,0,0,0,0,0,3,0
EVT_00695,The Government of India,0,0,0,0,0,0,0,0,0,1,0
EVT_00695,The corrupt party,0,0,0,0,0,0,0,1,0,0,0
EVT_00695,The former Rajya Sabha MP,0,0,0,0,0,0,0,0,0,1,0
EVT_00695,The political party or leadership,0,0,0,0,0,0,0,2,0,0,0
EVT_00695,The political party or leadership and their MLAs,0,0,0,0,0,0,0,1,0,0,0
EVT_00695,Thiruvananthapuram MP,0,0,0,0,0,0,0,0,0,1,0
EVT_00695,Union education minister,0,0,0,0,0,0,0,0,0,1,0
EVT_00695,Unknown,0,0,0,0,0,0,0,0,0,1,0
EVT_00695,Various government departments and institutions,0,0,0,0,0,0,0,0,0,1,0
EVT_00695,current education or political system,0,0,0,0,0,0,0,0,0,1,0
EVT_00695,government,0,0,0,0,0,0,0,0,0,6,0
EVT_00695,politician or party,0,0,0,0,0,0,0,0,0,1,0
EVT_00695,the party,0,0,0,0,0,0,0,0,0,0,1
EVT_00716,Bench,0,0,0,0,0,0,0,1,0,0,0
EVT_00716,Court,0,0,0,0,0,0,0,0,0,2,0
EVT_00716,Deb,0,0,0,0,0,0,0,0,0,2,0
EVT_00716,Ele Animations Pvt Ltd,0,0,0,0,0,0,0,0,0,1,0
EVT_00716,Ele Animations and Devadatt Kamat,0,0,0,0,0,0,0,1,0,0,0
EVT_00716,Film Makers,0,0,0,0,0,0,0,1,0,0,0
EVT_00716,Film Release,0,0,0,0,0,0,0,0,0,1,0
EVT_00716,Film Release Makers,0,0,0,0,0,0,0,0,0,1,0
EVT_00716,Gajapati Maharaja Dibyasingha Deb,0,0,0,0,0,0,0,0,0,1,0
EVT_00716,High Court,0,0,0,0,0,0,0,2,0,0,0
EVT_00716,Justice Verma Commission,0,0,0,0,0,0,0,0,0,1,0
EVT_00716,Local Politician John Smith,0,0,0,0,0,0,0,1,0,0,0
EVT_00716,Movie Industry,0,0,0,0,0,0,0,0,0,1,0
EVT_00716,N S Nappinai,0,0,0,0,0,0,0,0,0,1,0
EVT_00716,Orissa High Court,0,0,0,0,0,0,0,2,0,0,0
EVT_00716,Politician,0,0,0,0,0,0,0,0,0,1,0
EVT_00716,Politicians/Proponents of Film Cancellation,0,0,0,0,0,0,0,1,0,0,0
EVT_00716,Protesters in City Center,0,0,0,0,0,0,0,1,0,0,0
EVT_00716,Rath Yatra festival organizers,0,0,0,0,0,0,0,0,0,1,0
EVT_00716,Religion/Deity,0,0,0,0,0,0,0,0,0,1,0
EVT_00716,Shree Jagannath Temple Administration (SJTA),0,0,0,0,0,0,0,0,0,1,0
EVT_00716,Supreme Court,0,0,0,0,0,0,0,0,0,2,0
EVT_00716,The Centre (Government),0,0,0,0,0,0,0,0,0,1,0
EVT_00716,The Film Release,0,0,0,0,0,0,0,0,0,1,0
EVT_00809,Admiral Dinesh K Tripathi (Indian Navy chief),0,0,1,0,0,0,0,0,0,0,0
EVT_00809,Agreement,0,0,1,0,0,0,0,0,0,0,0
EVT_00809,Government/Politicians,0,0,0,0,0,0,0,1,0,0,0
EVT_00809,India,0,0,4,0,0,0,0,0,0,0,0
EVT_00809,India-US defence partnership,0,0,1,0,0,0,0,0,0,0,0
EVT_00809,India-US partnership,0,0,1,0,0,0,0,0,0,0,0
EVT_00809,Indian Government,0,0,0,0,0,0,0,1,0,0,0
EVT_00809,Indian Navy,0,0,3,0,0,0,0,3,0,0,0
EVT_00809,Indian-American tech billionaire Vinod Khosla,0,0,1,0,0,0,0,0,0,0,0
EVT_00809,Local Government Officials,0,0,0,0,0,0,0,1,0,0,0
EVT_00809,Lockheed Martin,0,0,0,0,0,0,0,1,0,0,0
EVT_00809,MH-60R Seahawk,0,0,2,0,0,0,0,0,0,0,0
EVT_00809,Military Budget,0,0,1,0,0,0,0,0,0,0,0
EVT_00809,Military or Defense Contractor,0,0,1,0,0,0,0,0,0,0,0
EVT_00809,Military or Defense Department,0,0,1,0,0,0,0,0,0,0,0
EVT_00809,Military/Defense,0,0,1,0,0,0,0,0,0,0,0
EVT_00809,Ministry of Defence,0,0,1,0,0,0,0,0,0,0,0
EVT_00809,Navy Chief,0,0,1,0,0,0,0,0,0,0,0
EVT_00809,New Delhi,0,0,0,0,0,0,0,1,0,0,0
EVT_00809,Protesters,0,0,0,0,0,0,0,1,0,0,0
EVT_00809,Sergio Gor (U.S. Ambassador to India),0,0,0,0,0,0,0,1,0,0,0
EVT_00809,U.S. - India defense partnership,0,0,1,0,0,0,0,0,0,0,0
EVT_00809,U.S. Embassy,0,0,0,0,0,0,0,1,0,0,0
EVT_00809,U.S. Embassy in India,0,0,0,0,0,0,0,1,0,0,0
EVT_00809,U.S. Navy,0,0,0,0,0,0,0,1,0,0,0
EVT_00809,U.S. and Indian governments,0,0,1,0,0,0,0,0,0,0,0
EVT_00809,US Embassy in India,0,0,2,0,0,0,0,0,0,0,0
EVT_00809,US Navy,0,0,1,0,0,0,0,0,0,0,0
EVT_00809,government,0,0,1,0,0,0,0,0,0,0,0
EVT_00821,Bengaluru-based Cosmos Diamonds,0,0,1,0,0,0,0,0,0,1,0
EVT_00821,Chandana,0,0,1,0,0,0,0,0,0,0,0
EVT_00821,Government/Aerospace Sector,0,0,0,0,0,0,0,0,0,1,0
EVT_00821,Government/Congress,0,0,1,0,0,0,0,0,0,0,0
EVT_00821,"Grahaa Space, Cosmosserve, DCubed, Skyroot",0,0,0,0,0,0,0,0,0,1,0
EVT_00821,HT News Desk,0,0,3,0,0,0,0,0,0,0,0
EVT_00821,Hindustan Times,0,0,2,0,0,0,0,0,0,0,0
EVT_00821,Hyderabad-based startup,0,0,0,0,0,0,0,0,0,1,0
EVT_00821,ISRO (Indian Space Research Organisation),0,0,0,0,0,0,0,0,0,1,0
EVT_00821,In-orbit Debris Clearance,0,0,1,0,0,0,0,0,0,0,0
EVT_00821,India,0,0,4,0,0,0,0,0,0,2,0
EVT_00821,India's Private Sector,0,0,1,0,0,0,0,0,0,0,0
EVT_00821,India's private space ecosystem,0,0,1,0,0,0,0,0,0,0,0
EVT_00821,India's private space sector,0,0,0,0,0,0,0,0,0,1,0
EVT_00821,India's space sector reforms,0,0,0,0,0,0,0,0,0,1,0
EVT_00821,Indian Government,0,0,0,0,0,0,0,0,0,1,0
EVT_00821,Indian Space Program,0,0,1,0,0,0,0,0,0,0,0
EVT_00821,Indian Space Research Organisation (ISRO),0,0,1,0,0,0,0,0,0,1,0
EVT_00821,Indian private companies,0,0,0,0,0,0,0,0,0,1,0
EVT_00821,Microscopic Sculptures of Scientists,0,0,1,0,0,0,0,0,0,0,0
EVT_00821,Mission Aagaman,0,0,1,0,0,0,0,0,0,2,0
EVT_00821,Modi (Prime Minister),0,0,1,0,0,0,0,0,0,0,0
EVT_00821,Naga Bharath Daka,0,0,2,0,0,0,0,0,0,1,0
EVT_00821,Nara Lokesh,0,0,0,0,0,0,0,0,0,1,0
EVT_00821,PM,0,0,0,0,0,0,0,0,0,2,0
EVT_00821,PM Modi,0,0,9,0,0,0,0,0,0,5,0
EVT_00821,Pawan Kumar Chandana,0,0,1,0,0,0,0,0,0,0,0
EVT_00821,Pawan Kumar Chandana (Skyroot Aerospace),0,0,0,0,0,0,0,0,0,1,0
EVT_00821,Politicians,0,0,2,0,0,0,0,0,0,0,0
EVT_00821,Prime Minister,0,0,1,0,0,0,0,0,0,0,0
EVT_00821,Prime Minister Modi,0,0,0,0,0,0,0,0,0,1,0
EVT_00821,Private Indian Industry,0,0,0,0,0,0,0,0,0,1,0
EVT_00821,Private Sector,0,0,0,0,0,0,0,0,0,1,0
EVT_00821,S Somanath,0,0,0,0,0,0,0,0,0,1,0
EVT_00821,Skyroot,0,0,2,0,0,0,0,0,0,1,0
EVT_00821,Skyroot (company),0,0,1,0,0,0,0,0,0,0,0
EVT_00821,Skyroot (rocket company),0,0,2,0,0,0,0,0,0,0,0
EVT_00821,Skyroot Aerospace,0,0,4,0,0,0,0,0,0,3,0
EVT_00821,Skyroot Aerospace team,0,0,0,0,0,0,0,0,0,1,0
EVT_00821,Sonam Wangchuk,0,0,1,0,0,0,0,0,0,0,0
EVT_00821,Space Agency or Consortium,0,0,0,0,0,0,0,0,0,1,0
EVT_00821,Space Art,0,0,1,0,0,0,0,0,0,0,0
EVT_00821,Space Technology Incubation,0,0,1,0,0,0,0,0,0,0,0
EVT_00821,Team Skyroot Aerospace,0,0,0,0,0,0,0,0,0,1,0
EVT_00821,Technology Demonstrations,0,0,1,0,0,0,0,0,0,0,0
EVT_00821,The Company (referring to the Hyderabad-based rocket company),0,0,0,0,0,0,0,0,0,1,0
EVT_00821,Various Satellite Launch Payloads,0,0,0,0,0,0,0,0,0,1,0
EVT_00821,Vikram 1 Mission,0,0,1,0,0,0,0,0,0,0,0
EVT_00821,Vikram rocket,0,0,1,0,0,0,0,0,0,0,0
EVT_00821,Vikram-1,0,0,1,0,0,0,0,0,0,0,0
EVT_00821,Vikram-1 (Aerospace vehicle),0,0,0,0,0,0,0,0,0,1,0
EVT_00821,Vikram-1 Rocket,0,0,1,0,0,0,0,0,0,0,0
EVT_00822,Aryan Dubey,0,0,1,0,0,0,0,0,0,0,0
EVT_00822,Aryan Gupta,0,0,1,0,0,0,0,0,0,0,0
EVT_00822,"Aryan Gupta, Panshul Bansal",0,0,1,0,0,0,0,0,0,0,0
EVT_00822,Ayush Bhalotia,0,0,1,0,0,0,0,0,0,0,0
EVT_00822,CBI (Central Bureau of Investigation),0,0,0,0,0,0,0,0,0,1,0
EVT_00822,Central Government,0,0,0,0,0,0,0,0,0,1,0
EVT_00822,Education Policy and Governance,0,0,0,0,0,0,0,0,0,1,0
EVT_00822,Education System,0,0,2,0,0,0,0,0,0,0,0
EVT_00822,Education System or Candidates,0,0,1,0,0,0,0,0,0,0,0
EVT_00822,Election Results,0,0,0,0,0,0,0,0,0,1,0
EVT_00822,Election Strategy,0,0,0,0,0,0,0,0,0,1,0
EVT_00822,Gaurav Singh,0,0,1,0,0,0,0,0,0,0,0
EVT_00822,Geetansh Sarin,0,0,1,0,0,0,0,0,0,0,0
EVT_00822,Gupta and Bansal,0,0,1,0,0,0,0,0,0,0,0
EVT_00822,HT News Desk,0,0,3,0,0,0,0,0,0,0,0
EVT_00822,Hindustan Times,0,0,1,0,0,0,0,0,0,0,0
EVT_00822,Indian Education System/NEET Exam,0,0,0,0,0,0,0,0,0,1,0
EVT_00822,Indian Election Process,0,0,1,0,0,0,0,0,0,0,0
EVT_00822,Journalists,0,0,1,0,0,0,0,0,0,0,0
EVT_00822,Kudale Shravani Krishna,0,0,1,0,0,0,0,0,0,0,0
EVT_00822,Maharashtra,0,0,0,0,0,0,0,0,0,1,0
EVT_00822,Mohanish Maruti Bhosale,0,0,1,0,0,0,0,0,0,0,0
EVT_00822,NATIONAL Eligibility Eligibility Test (NEET-UG) authorities,0,0,1,0,0,0,0,0,0,0,0
EVT_00822,NEET (National Eligibility Entrance Test) Qualifiers,0,0,0,0,0,0,0,0,0,2,0
EVT_00822,NTA (National Testing Agency),0,0,0,0,0,0,0,0,0,2,0
EVT_00822,Narendra Modi (assuming reference to BJP or other ruling party),0,0,1,0,0,0,0,0,0,0,0
EVT_00822,National Eligibility cum Entrance Test (NEET) announcement,0,0,1,0,0,0,0,0,0,0,0
EVT_00822,National Medical Commission,0,0,0,0,0,0,0,0,0,3,0
EVT_00822,News Desk,0,0,1,0,0,0,0,0,0,0,0
EVT_00822,Northeastern states,0,0,0,0,0,0,0,0,0,1,0
EVT_00822,Panshul Bansal,0,0,1,0,0,0,0,0,0,0,0
EVT_00822,Political Qualification Process,0,0,0,0,0,0,0,0,0,1,0
EVT_00822,Politician or Party,0,0,1,0,0,0,0,0,0,0,0
EVT_00822,Politicians,0,0,1,0,0,0,0,0,0,0,0
EVT_00822,Politicians/Candidates,0,0,0,0,0,0,0,0,0,2,0
EVT_00822,Qualifying Rate,0,0,1,0,0,0,0,0,0,0,0
EVT_00822,Qualifying rates in a certain exam or survey,0,0,1,0,0,0,0,0,0,0,0
EVT_00822,Rajasthan,0,0,0,0,0,0,0,0,0,1,0
EVT_00822,Riya Ranjan,0,0,1,0,0,0,0,0,0,0,0
EVT_00822,The Government,0,0,0,0,0,0,0,0,0,1,0
EVT_00822,Uplakshya Goyal,0,0,1,0,0,0,0,0,0,0,0
EVT_00822,Uttar Pradesh,0,0,0,0,0,0,0,0,0,1,0
EVT_00822,Women Candidates in Elections,0,0,0,0,0,0,0,0,0,1,0
EVT_00822,election results,0,0,0,0,0,0,0,0,0,1,0
EVT_00823,Government,0,0,1,0,0,0,0,0,0,0,0
EVT_00823,Government Initiative on Healthcare,0,0,1,0,0,0,0,0,0,0,0
EVT_00823,Government/Public Health,0,0,0,0,0,0,0,0,0,1,0
EVT_00823,Health Ministry or Public Health Initiative,0,0,1,0,0,0,0,0,0,0,0
EVT_00823,Healthcare,0,0,0,0,0,0,0,0,0,2,0
EVT_00823,Healthcare System,0,0,0,0,0,0,0,0,0,1,0
EVT_00823,Healthcare workers,0,0,2,0,0,0,0,0,0,0,0
EVT_00823,ICMR (Indian Council of Medical Research),0,0,1,0,0,0,0,0,0,0,0
EVT_00823,IMCI (Indian Medical Council),0,0,1,0,0,0,0,0,0,0,0
EVT_00823,Indian Council of Medical Research,0,0,0,0,0,0,0,0,0,1,0
EVT_00823,Indian Council of Medical Research (ICMR),0,0,1,0,0,0,0,0,0,0,0
EVT_00823,Ismail Al-Busaidi,0,0,1,0,0,0,0,0,0,0,0
EVT_00823,National TB Elimination Programme (NTEP),0,0,1,0,0,0,0,0,0,0,0
EVT_00823,Public Health,0,0,0,0,0,0,0,0,0,1,0
EVT_00823,Public Health Researchers,0,0,0,0,0,0,0,0,0,1,0
EVT_00823,Rhythma Kaul,0,0,1,0,0,0,0,0,0,0,0
EVT_00823,Smriti Tandon,0,0,1,0,0,0,0,0,0,0,0
EVT_00823,TB Diagnosis Processes,0,0,1,0,0,0,0,0,0,0,0
EVT_00823,TB Elimination Programme,0,0,0,0,0,0,0,0,0,1,0
EVT_00823,TB treatment system,0,0,1,0,0,0,0,0,0,0,0
EVT_00823,Tuberculosis Elimination Programme (India),0,0,0,0,0,0,0,0,0,1,0
EVT_00823,Union ministry of health and family welfare,0,0,1,0,0,0,0,0,0,0,0
EVT_00823,government,0,0,1,0,0,0,0,0,0,0,0
EVT_00823,technology and its deployment,0,0,1,0,0,0,0,0,0,0,0
EVT_00827,Abhijit Dipke,0,0,0,0,0,0,0,1,0,0,0
EVT_00827,Arvind Kejriwal,0,0,0,0,0,0,0,0,0,1,0
EVT_00827,CJP,0,0,0,0,0,0,0,1,0,0,0
EVT_00827,Centre,0,0,0,0,0,0,0,1,0,0,0
EVT_00827,Cockroach Janta Party,0,0,0,0,0,0,0,0,0,1,0
EVT_00827,Congress,0,0,0,0,0,0,0,0,0,2,0
EVT_00827,Delhi Police,0,0,0,0,0,0,0,4,0,0,0
EVT_00827,Delhi chief minister,0,0,0,0,0,0,0,0,0,1,0
EVT_00827,Dharmendra Pradhan,0,0,0,0,0,0,0,2,0,0,0
EVT_00827,Dharmendra Pradhan and the Union government,0,0,0,0,0,0,0,0,0,1,0
EVT_00827,Dipankar Bhattacharya,0,0,0,0,0,0,0,1,0,0,0
EVT_00827,Doctors and Wangchuk's condition,0,0,0,0,0,0,0,0,0,1,0
EVT_00827,Dr Lamba,0,0,0,0,0,0,0,0,0,1,0
EVT_00827,Education Minister,0,0,0,0,0,0,0,1,0,0,0
EVT_00827,Government,0,0,0,0,0,0,0,0,0,1,0
EVT_00827,Government (in general),0,0,0,0,0,0,0,1,0,0,0
EVT_00827,Indian government,0,0,0,0,0,0,0,2,0,0,0
EVT_00827,Kejriwal,0,0,0,0,0,0,0,0,0,1,0
EVT_00827,Left parties,0,0,0,0,0,0,0,1,0,0,0
EVT_00827,Local Politician X,0,0,0,0,0,0,0,1,0,0,0
EVT_00827,Modi Government,0,0,0,0,0,0,0,1,0,0,0
EVT_00827,Modi government,0,0,0,0,0,0,0,3,0,0,0
EVT_00827,Mr. Raja,0,0,0,0,0,0,0,3,0,0,0
EVT_00827,Mr. Wangchuk,0,0,0,0,0,0,0,1,0,0,0
EVT_00827,NECB (National Eligibility cum Entrance Test Board) or similar government entity,0,0,0,0,0,0,0,0,0,2,0
EVT_00827,National Education Policy (NEP) 2020,0,0,0,0,0,0,0,1,0,0,0
EVT_00827,National Testing Agency (NTA),0,0,0,0,0,0,0,1,0,0,0
EVT_00827,"Neha, Manish and Aameen",0,0,0,0,0,0,0,1,0,0,0
EVT_00827,Protest,0,0,0,0,0,0,0,0,0,1,0
EVT_00827,Protest Organisers,0,0,0,0,0,0,0,1,0,0,0
EVT_00827,Rahul Gandhi,0,0,0,0,0,0,0,0,0,1,0
EVT_00827,Rahul Gandhi ji and our party,0,0,0,0,0,0,0,0,0,1,0
EVT_00827,Rakesh Tikait and his followers,0,0,0,0,0,0,0,0,0,1,0
EVT_00827,Sachin Pilot,0,0,0,0,0,0,0,0,0,1,0
EVT_00827,Samajwadi Party,0,0,0,0,0,0,0,0,0,1,0
EVT_00827,Sonam Wangchuk,0,0,0,0,0,0,0,0,0,1,0
EVT_00827,Student Protesters,0,0,0,0,0,0,0,1,0,0,0
EVT_00827,The Communist Party of India (Marxist-Leninist) Liberation,0,0,0,0,0,0,0,2,0,0,0
EVT_00827,"The Communist Party of India (Marxist-Leninist) Liberation and AISA (Neha, Manish and Aameen)",0,0,0,0,0,0,0,1,0,0,0
EVT_00827,Tikait,0,0,0,0,0,0,0,0,0,1,0
EVT_00827,Union education minister Dharmendra Pradhan,0,0,0,0,0,0,0,0,0,1,0
EVT_00827,Wangchuk,0,0,0,0,0,0,0,0,0,4,0
EVT_00827,government,0,0,0,0,0,0,0,1,0,0,0
EVT_00827,protest,0,0,0,0,0,0,0,0,0,1,0
EVT_00835,BEML Limited,0,0,0,0,0,0,0,1,0,0,0
EVT_00835,Environmental Lobby Group,0,0,0,0,0,0,0,1,0,0,0
EVT_00835,External Affairs Ministry spokesperson Randhir Jaiswal,0,0,0,1,0,0,0,0,0,0,0
EVT_00835,Hideki Makihara (Japanese Minister),0,0,0,0,0,0,0,1,0,0,0
EVT_00835,India,0,0,2,3,0,0,0,0,0,0,0
EVT_00835,India and Japan,0,0,0,1,0,0,0,0,0,0,0
EVT_00835,India's External Affairs Ministry,0,0,1,0,0,0,0,0,0,0,0
EVT_00835,Indian High-Speed Train Project,0,0,0,0,0,0,0,1,0,0,0
EVT_00835,Indian Railway Ministry,0,0,0,0,0,0,0,1,0,0,0
EVT_00835,Indian Railways,0,0,0,0,0,0,0,1,0,0,0
EVT_00835,Jaiswal,0,0,1,1,0,0,0,0,0,0,0
EVT_00835,Japan,0,0,0,0,0,0,0,3,0,0,0
EVT_00835,Japanese Government,0,0,0,0,0,0,0,1,0,0,0
EVT_00835,Leaders,0,0,0,1,0,0,0,0,0,0,0
EVT_00835,Local Government Officials,0,0,0,0,0,0,0,1,0,0,0
EVT_00835,MEA,0,0,0,0,0,0,0,1,0,0,0
EVT_00835,PM Modi,0,0,2,2,0,0,0,0,0,0,0
EVT_00835,Pakistan,0,0,3,7,0,0,0,0,0,0,0
EVT_00835,Pakistan's foreign office,0,0,1,0,0,0,0,0,0,0,0
EVT_00835,Pakistan’s foreign office,0,0,1,0,0,0,0,0,0,0,0
EVT_00835,Prime Minister of Japan,0,0,0,1,0,0,0,0,0,0,0
EVT_00835,Railway Ministry and Siemens,0,0,0,0,0,0,0,1,0,0,0
EVT_00835,Rezaul H Laskar,0,0,1,0,0,0,0,0,0,0,0
EVT_00835,The unnamed group or entity (implied to be a response to an incident),0,0,0,1,0,0,0,0,0,0,0
EVT_00835,"UN Security Council Monitoring Team Report, Modi and Takaichi",0,0,3,0,0,0,0,0,0,0,0
EVT_00835,author (likely referring to an official or government spokesperson),0,0,0,1,0,0,0,0,0,0,0
EVT_00902,Father Amir,0,0,1,0,0,0,0,0,0,1,0
EVT_00902,India,0,0,0,0,0,0,0,0,0,1,0
EVT_00902,Indian government,0,0,0,0,0,0,0,0,0,1,0
EVT_00902,Modi (Indian Prime Minister),0,0,0,0,0,0,0,0,0,1,0
EVT_00902,PM Modi,0,0,1,0,0,0,0,0,0,0,0
EVT_00902,PM Narendra Modi,0,0,0,0,0,0,0,0,0,1,0
EVT_00902,Qatar,0,0,0,0,0,0,0,0,0,1,0
EVT_00920,AAP,0,0,1,0,0,0,0,0,0,0,0
EVT_00920,AAP (Arvind Kejriwal),0,0,1,0,0,0,0,0,0,0,0
EVT_00920,Aam Aadmi Party,0,0,1,0,0,0,0,0,0,0,0
EVT_00920,BJP,0,0,1,0,0,0,0,0,0,0,0
EVT_00920,Bharatiya Janata Party (BJP),0,0,2,0,0,0,0,0,0,0,0
EVT_00920,Bihar Janta Party (BJP),0,0,0,0,0,0,0,0,0,1,0
EVT_00920,CJP protest,0,0,1,0,0,0,0,0,0,0,0
EVT_00920,Congress,0,0,1,0,0,0,0,0,0,1,0
EVT_00920,Congress (KC Venugopal),0,0,1,0,0,0,0,0,0,0,0
EVT_00920,Congress Party,0,0,1,0,0,0,0,0,0,0,0
EVT_00920,Congress's GA Mir,0,0,0,0,0,0,0,0,0,2,0
EVT_00920,Dharmendra Pradhan,0,0,1,0,0,0,0,0,0,0,0
EVT_00920,INDIA bloc,0,0,1,0,0,0,0,0,0,0,0
EVT_00920,Mamata Didi,0,0,1,0,0,0,0,0,0,0,0
EVT_00920,NC (National Conference),0,0,0,0,0,0,0,0,0,1,0
EVT_00920,NC Government,0,0,0,0,0,0,0,0,0,1,0
EVT_00920,"NCP (Naya Hindu Pragati) leaders Sunetra Pawar, son Parth",0,0,1,0,0,0,0,0,0,0,0
EVT_00920,Pawan Khera,0,0,1,0,0,0,0,0,0,0,0
EVT_00920,Pawan Khera (Congress politician),0,0,1,0,0,0,0,0,0,0,0
EVT_00920,Politician or Party,0,0,1,0,0,0,0,0,0,0,0
EVT_00920,Protests,0,0,1,0,0,0,0,0,0,0,0
EVT_00920,"Rahul ji (presumably referring to Rahul Gandhi, a prominent Indian politician and leader of the Congress party)",0,0,1,0,0,0,0,0,0,0,0
EVT_00920,Sajad Lone (Peoples Conference),0,0,0,0,0,0,0,0,0,1,0
EVT_00920,"Samajwadi Party, Shiv Sena (UBT) and Trinamool Congress",0,0,1,0,0,0,0,0,0,0,0
EVT_00920,Supriya Sule,0,0,1,0,0,0,0,0,0,0,0
EVT_00920,Wangchuk,0,0,4,0,0,0,0,0,0,0,0
EVT_00920,protest organizers,0,0,0,0,0,0,0,0,0,1,0
EVT_00922,Court,0,0,2,2,0,0,0,0,0,0,0
EVT_00922,India's Hydrogen Train,0,0,1,0,0,0,0,0,0,0,0
EVT_00922,Indian Railway,0,0,1,0,0,0,0,0,0,0,0
EVT_00922,Indian Railways,0,0,0,5,0,0,0,0,0,0,0
EVT_00922,Judges,0,0,0,1,0,0,0,0,0,0,0
EVT_00922,Judgment,0,0,1,0,0,0,0,0,0,0,0
EVT_00922,Law & Order,0,0,1,0,0,0,0,0,0,0,0
EVT_00922,PM Narendra Modi and the Bharatiya Janata Party (BJP),0,0,1,0,0,0,0,0,0,0,0
EVT_00922,Railway Authorities,0,0,1,0,0,0,0,0,0,0,0
EVT_00922,Railways,0,0,2,1,0,0,0,0,0,0,0
EVT_00922,Railways (as governed by constitutional principle),0,0,0,1,0,0,0,0,0,0,0
EVT_00922,SC (Supreme Court),0,0,2,0,0,0,0,0,0,0,0
EVT_00922,Sanjay Karol and N Kotiswar Singh,0,0,1,0,0,0,0,0,0,0,0
EVT_00922,Supreme Court,0,0,2,3,0,0,0,0,0,0,0
EVT_00923,AAP (Aam Aadmi Party),0,0,0,0,0,0,0,0,0,0,1
EVT_00923,AAP (Aam Aadmi Party) Government,0,0,0,0,0,0,0,0,0,0,1
EVT_00923,AAP (Arvind Kejriwal's party),0,0,0,0,0,0,0,0,0,0,1
EVT_00923,ATF (assuming ATF is a relevant agency in this context),0,0,0,0,0,0,0,0,0,1,0
EVT_00923,Aam Aadmi Party (AAP),0,0,0,0,0,0,0,0,0,0,1
EVT_00923,District Revenue Department,0,0,0,0,0,0,0,0,0,0,1
EVT_00923,"Finance Commissioner, Village Development and Panchayat",0,0,0,0,0,0,0,0,0,0,1
EVT_00923,Gujarat ATS,0,0,0,0,0,0,0,0,0,1,0
EVT_00923,Gujarat ATS (State Security Force),0,0,0,0,0,0,0,0,0,1,0
EVT_00923,Gujarat Anti-Terrorism Squad,0,0,0,0,0,0,0,0,0,1,0
EVT_00923,Indian authorities,0,0,0,0,0,0,0,0,0,1,0
EVT_00923,Jaish-e-Mohammed,0,0,0,0,0,0,0,0,0,1,0
EVT_00923,Judicial Magistrate R M Bhatia,0,0,0,0,0,0,0,0,0,1,0
EVT_00923,Kataruchak (minister),0,0,0,0,0,0,0,0,0,0,1
EVT_00923,Kuldeep Singh,0,0,0,0,0,0,0,0,0,0,1
EVT_00923,Kuldeep Singh (retired assistant development commissioner),0,0,0,0,0,0,0,0,0,0,1
EVT_00923,Mining Activities,0,0,0,0,0,0,0,0,0,0,1
EVT_00923,Officials,0,0,0,0,0,0,0,0,0,1,0
EVT_00923,Politician,0,0,0,0,0,0,0,0,0,0,1
EVT_00923,Politician/Party,0,0,0,0,0,0,0,0,0,2,0
EVT_00923,Prosecutor,0,0,0,0,0,0,0,0,0,1,0
EVT_00923,Public Prosecutor PR Dantani,0,0,0,0,0,0,0,0,0,1,0
EVT_00923,Singh,0,0,0,0,0,0,0,0,0,0,2
EVT_00923,Vijay Kataruchak,0,0,0,0,0,0,0,0,0,0,1
EVT_00923,illegal mining practices,0,0,0,0,0,0,0,0,0,0,1
EVT_00923,police,0,0,0,0,0,0,0,0,0,1,0
EVT_00923,police or law enforcement,0,0,0,0,0,0,0,0,0,1,0
EVT_00933,Department of Homeland Security,0,0,0,0,0,0,0,0,0,1,0
EVT_00933,India,0,0,3,0,0,0,0,0,0,0,0
EVT_00933,India (New Delhi),0,0,1,0,0,0,0,0,0,0,0
EVT_00933,India's Ministry of External Affairs,0,0,0,0,0,0,0,0,0,1,0
EVT_00933,MEA spokesperson,0,0,0,0,0,0,0,0,0,1,0
EVT_00933,Rezaul H Laskar,0,0,1,0,0,0,0,0,0,0,0
EVT_00933,Russia,0,0,1,0,0,0,0,0,0,0,0
EVT_00933,Trump Administration,0,0,1,0,0,0,0,0,0,0,0
EVT_00933,US,0,0,1,0,0,0,0,0,0,0,0
EVT_00933,US (in reference context of handling traveler and student issues),0,0,1,0,0,0,0,0,0,0,0
EVT_00933,US Department of Homeland Security,0,0,3,0,0,0,0,0,0,0,0
EVT_00933,US Government,0,0,3,0,0,0,0,0,0,1,0
EVT_00933,US Senate,0,0,1,0,0,0,0,0,0,0,0
EVT_00933,US Senators,0,0,1,0,0,0,0,0,0,0,0
EVT_00933,Unknown,0,0,1,0,0,0,0,0,0,0,0
EVT_00941,Awami League,0,0,0,1,0,0,0,0,0,0,0
EVT_00941,Bangladesh,0,0,1,1,0,0,0,0,0,0,0
EVT_00941,Bangladesh Nationalist Party,0,0,0,1,0,0,0,0,0,0,0
EVT_00941,Bilateral Relations between India and Bangladesh,0,0,0,1,0,0,0,0,0,0,0
EVT_00941,Dhaka,0,0,0,1,0,0,0,0,0,0,0
EVT_00941,External Affairs Ministry spokesperson Randhir Jaiswal,0,0,0,1,0,0,0,0,0,0,0
EVT_00941,External affairs ministry spokesperson Randhir Jaiswal,0,0,1,0,0,0,0,0,0,0,0
EVT_00941,Hasina,0,0,1,4,0,0,0,0,0,0,0
EVT_00941,Hasina (Bangladesh Prime Minister),0,0,1,0,0,0,0,0,0,0,0
EVT_00941,"Hasina (presumably referring to Sheikh Hasina Wazed, leader of the Awami League)",0,0,1,0,0,0,0,0,0,0,0
EVT_00941,"Hasina (presumably referring to Sheikh Hasina, leader of Bangladesh)",0,0,0,1,0,0,0,0,0,0,0
EVT_00941,India,0,0,0,2,0,0,0,0,0,0,0
EVT_00941,India and Bangladesh,0,0,0,1,0,0,0,0,0,0,0
EVT_00941,Jaiswal,0,0,0,1,0,0,0,0,0,0,0
EVT_00941,Judicial System,0,0,1,0,0,0,0,0,0,0,0
EVT_00941,Kazi Nasim Rupak (Awami League),0,0,0,1,0,0,0,0,0,0,0
EVT_00941,Muhammad Yunus,0,0,0,1,0,0,0,0,0,0,0
EVT_00941,Muhammad Yunus and Tarique Rahman,0,0,1,0,0,0,0,0,0,0,0
EVT_00941,Rezaul H Laskar,0,0,1,0,0,0,0,0,0,0,0
EVT_00941,Sheikh Hasina,0,0,2,1,0,0,0,0,0,0,0
EVT_00941,Tarique Rahman,0,0,0,1,0,0,0,0,0,0,0
EVT_00962,BJP,0,0,0,0,2,0,0,0,0,0,3
EVT_00962,BJP (Bharatiya Janata Party),0,0,0,0,0,0,0,0,0,0,3
EVT_00962,BJP (Indian National Congress),0,0,0,0,1,0,0,0,0,0,0
EVT_00962,BJP (Indian political party),0,0,0,0,0,0,0,0,0,0,1
EVT_00962,BJP leadership,0,0,0,0,1,0,0,0,0,0,0
EVT_00962,BJP's central leadership,0,0,0,0,0,0,0,0,0,0,1
EVT_00962,BJP's top leadership,0,0,0,0,1,0,0,0,0,0,0
EVT_00962,Congress,0,0,0,0,0,0,0,0,0,0,1
EVT_00962,Delimitation Bill,0,0,0,0,1,0,0,0,0,0,0
EVT_00962,Jayant Patil,0,0,2,0,0,0,0,0,0,0,0
EVT_00962,NCP,0,0,0,0,0,0,0,0,0,0,1
EVT_00962,NCP (AP) leadership,0,0,0,0,0,0,0,0,0,0,1
EVT_00962,NCP (National Congress Party),0,0,0,0,1,0,0,0,0,0,0
EVT_00962,NCP (Nationalist Congress Party),0,0,0,0,0,0,0,0,0,0,1
EVT_00962,NCP (Nayi Chhatra Party),0,0,0,0,0,0,0,0,0,0,1
EVT_00962,NCP (SP),0,0,2,0,0,0,0,0,0,0,0
EVT_00962,NCP (SP) leaders,0,0,1,0,0,0,0,0,0,0,0
EVT_00962,NCP (SP) national working president Supriya Sule,0,0,1,0,0,0,0,0,0,0,0
EVT_00962,NCP factions,0,0,0,0,1,0,0,0,0,0,0
EVT_00962,NCP-SP,0,0,0,0,1,0,0,0,0,0,0
EVT_00962,"NDA, BJP, NCP",0,0,0,0,2,0,0,0,0,0,0
EVT_00962,Narendra Modi government,0,0,0,0,1,0,0,0,0,0,0
EVT_00962,Opposition party,0,0,0,0,1,0,0,0,0,0,0
EVT_00962,Parth Pawar,0,0,0,0,0,0,0,0,0,0,1
EVT_00962,Shailesh Gaikwad,0,0,1,0,0,0,0,0,0,0,0
EVT_00962,Sharad Pawar,0,0,0,0,0,0,0,0,0,0,1
EVT_00962,Shinde,0,0,1,0,0,0,0,0,0,0,0
EVT_00962,Sunetra Pawar,0,0,0,0,1,0,0,0,0,0,0
EVT_00962,Sunetra Pawar (NCP leader),0,0,1,0,0,0,0,0,0,0,0
EVT_00962,"Sunetra Pawar, Maharashtra Deputy Chief Minister",0,0,0,0,1,0,0,0,0,0,0
EVT_00962,Sunetra Sule,0,0,0,0,0,0,0,0,0,0,1
EVT_00962,"Sunil Tatkare, Praful Patel, and Chhagan Bhujal",0,0,0,0,1,0,0,0,0,0,0
EVT_01066,AAP,0,0,0,1,0,0,0,0,0,0,0
EVT_01066,Anna Hazare,0,0,2,3,0,0,0,0,0,0,0
EVT_01066,CPI(ML),0,0,0,1,0,0,0,0,0,0,0
EVT_01066,Centre,0,0,0,1,0,0,0,0,0,0,0
EVT_01066,Cockroach Janata Party (CJP),0,0,1,0,0,0,0,0,0,0,0
EVT_01066,Cockroach Janta Party (CJP),0,0,0,1,0,0,0,0,0,0,0
EVT_01066,Communist Party of India (Marxist),0,0,0,1,0,0,0,0,0,0,0
EVT_01066,Communist Party of India general secretary D Raja,0,0,0,1,0,0,0,0,0,0,0
EVT_01066,Delhi Police,0,0,0,1,0,0,0,0,0,0,0
EVT_01066,HT News Desk,0,0,3,0,0,0,0,0,0,0,0
EVT_01066,Hazare,0,0,2,3,0,0,0,0,0,0,0
EVT_01066,Hindustan Times,0,0,1,0,0,0,0,0,0,0,0
EVT_01066,"Left parties, the Congress, the Aam Aadai Party",0,0,0,1,0,0,0,0,0,0,0
EVT_01066,Lokpal Act,0,0,1,0,0,0,0,0,0,0,0
EVT_01066,NCP (SP),0,0,0,1,0,0,0,0,0,0,0
EVT_01066,Newsdesk,0,0,1,0,0,0,0,0,0,0,0
EVT_01066,Police,0,0,0,1,0,0,0,0,0,0,0
EVT_01066,Pradhan's Government/NTA/NEP 2020,0,0,0,1,0,0,0,0,0,0,0
EVT_01066,Protest,0,0,1,0,0,0,0,0,0,0,0
EVT_01066,Protesters,0,0,1,0,0,0,0,0,0,0,0
EVT_01066,Protests,0,0,0,1,0,0,0,0,0,0,0
EVT_01066,Rahul Gandhi,0,0,0,1,0,0,0,0,0,0,0
EVT_01066,Sonam Wangchuk,0,0,5,2,0,0,0,0,0,0,0
EVT_01066,The Communist Party of India (Marxist-Leninist) Liberation,0,0,0,1,0,0,0,0,0,0,0
EVT_01066,Udit Nayar,0,0,1,0,0,0,0,0,0,0,0
EVT_01066,Union Education Minister Dharmendra Pradhan,0,0,1,0,0,0,0,0,0,0,0
EVT_01066,Union Government,0,0,1,0,0,0,0,0,0,0,0
EVT_01066,Wangchuk,0,0,2,4,0,0,0,0,0,0,0
EVT_01066,government,0,0,0,1,0,0,0,0,0,0,0
EVT_01066,police personnel,0,0,1,0,0,0,0,0,0,0,0
EVT_01070,Aam Aadmi Party (AAP) and Bharatiya Janata Party (BJP),0,0,0,1,0,0,0,0,0,0,0
EVT_01070,Abhishek,0,0,2,0,0,0,0,0,0,0,0
EVT_01070,Abhishek (TMC politician),0,0,1,0,0,0,0,0,0,0,0
EVT_01070,Abhishek Banerjee,0,0,5,2,0,0,0,0,0,0,0
EVT_01070,BJP (Bharatiya Janata Party),0,0,1,0,0,0,0,0,0,0,0
EVT_01070,Congress,0,0,0,1,0,0,0,0,0,0,0
EVT_01070,DMK (Dravida Munnetra Kazhagam),0,0,0,1,0,0,0,0,0,0,0
EVT_01070,Dravida Munnetra Kazhagam (DMK),0,0,0,1,0,0,0,0,0,0,0
EVT_01070,Kakoli Ghosh Dastidar and NCPI,0,0,0,1,0,0,0,0,0,0,0
EVT_01070,Leaders who switch sides,0,0,1,0,0,0,0,0,0,0,0
EVT_01070,Lok Sabha Speaker,0,0,0,1,0,0,0,0,0,0,0
EVT_01070,Lok Sabha Speaker Om Birla,0,0,0,1,0,0,0,0,0,0,0
EVT_01070,Mamata Banerjee,0,0,5,2,0,0,0,0,0,0,0
EVT_01070,NDA (National Democratic Alliance),0,0,0,2,0,0,0,0,0,0,0
EVT_01070,National Democratic Alliance (NDA),0,0,0,1,0,0,0,0,0,0,0
EVT_01070,Politician (likely referring to the politician who made the statement),0,0,1,0,0,0,0,0,0,0,0
EVT_01070,Politician or Party,0,0,1,0,0,0,0,0,0,0,0
EVT_01070,Shiv Sena (UBT),0,0,0,1,0,0,0,0,0,0,0
EVT_01070,Speaker Om Birla,0,0,0,1,0,0,0,0,0,0,0
EVT_01070,TMC (Political Party),0,0,1,0,0,0,0,0,0,0,0
EVT_01070,TMC (Tamrapratap Chautala Party),0,0,1,0,0,0,0,0,0,0,0
EVT_01070,TMC's Abhishek Banerjee,0,0,1,0,0,0,0,0,0,0,0
EVT_01070,The Centre,0,0,0,1,0,0,0,0,0,0,0
EVT_01070,The Centre (likely),0,0,0,1,0,0,0,0,0,0,0
EVT_01070,Trinamool Congress (TMC),0,0,1,0,0,0,0,0,0,0,0
EVT_01070,Vijay-led Tamilaga Vettri Kazhagam (TVK),0,0,0,1,0,0,0,0,0,0,0
EVT_01070,politician or party (not specified in text),0,0,1,0,0,0,0,0,0,0,0
EVT_01074,Abhijeet Dipke,0,0,1,0,0,0,0,0,0,0,1
EVT_01074,Activist Sonam Wangchuk,0,0,0,0,0,0,0,0,0,0,1
EVT_01074,CJP Representative,0,0,1,0,0,0,0,0,0,0,0
EVT_01074,CJP’s Dipke,0,0,0,0,0,0,0,0,0,0,2
EVT_01074,Cockroach Janata Party,0,0,0,0,0,0,0,0,0,0,1
EVT_01074,Congress,0,0,0,0,0,0,0,0,0,0,1
EVT_01074,Delhi High Court,0,0,1,0,0,0,0,0,0,0,0
EVT_01074,Delhi Police,0,0,1,0,0,0,0,0,0,0,3
EVT_01074,Dharmendra Pradhan (Union Education Minister),0,0,1,0,0,0,0,0,0,0,0
EVT_01074,Dipke,0,0,1,0,0,0,0,0,0,0,2
EVT_01074,Dipke (CJP leader),0,0,1,0,0,0,0,0,0,0,0
EVT_01074,Hon'ble High Court,0,0,1,0,0,0,0,0,0,0,0
EVT_01074,PM Modi,0,0,0,0,0,0,0,0,0,0,1
EVT_01074,Police,0,0,0,0,0,0,0,0,0,0,2
EVT_01074,Protest,0,0,1,0,0,0,0,0,0,0,0
EVT_01074,Protesters,0,0,0,0,0,0,0,0,0,0,4
EVT_01074,Protesters or Protest Organization,0,0,0,0,0,0,0,0,0,0,1
EVT_01074,Protestors,0,0,2,0,0,0,0,0,0,0,0
EVT_01074,RML Hospital,0,0,0,0,0,0,0,0,0,1,0
EVT_01074,Sachin Sharma (police officer),0,0,1,0,0,0,0,0,0,0,0
EVT_01074,Safdarjung Hospital,0,0,1,0,0,0,0,0,0,0,0
EVT_01074,Sonam,0,0,0,0,0,0,0,0,0,0,1
EVT_01074,Sonam Wangchuk,0,0,3,0,0,0,0,0,0,0,0
EVT_01074,Union health ministry,0,0,0,0,0,0,0,0,0,2,0
EVT_01074,Wangchuk,0,0,3,0,0,0,0,0,0,3,2
EVT_01074,Wangchuk (likely referring to Wangchuk66),0,0,1,0,0,0,0,0,0,0,0
EVT_01074,Wangchuk (presumably referring to the protester),0,0,0,0,0,0,0,0,0,1,0
EVT_01074,police,0,0,1,0,0,0,0,0,0,0,0
EVT_01082,Aaditya Thackeray (Shiv Sena (UBT)),0,0,0,0,1,0,0,0,0,0,0
EVT_01082,Aam Aadmi Party (AAP),0,0,1,0,0,0,0,0,0,0,0
EVT_01082,Abhijeet Dipke,0,0,0,0,1,0,0,0,0,0,0
EVT_01082,Akhilesh Yadav,0,0,0,0,1,0,0,0,0,0,0
EVT_01082,Akhilesh Yadav (Samajwadi Party chief),0,0,1,0,0,0,0,0,0,0,0
EVT_01082,Akhilesh Yadav (Samajwadi Party),0,0,0,0,1,0,0,0,0,0,0
EVT_01082,Amit Shah-led Ministry of Home Affairs,0,0,0,0,1,0,0,0,0,0,0
EVT_01082,Anna Hazare,0,0,2,0,0,0,0,0,0,0,0
EVT_01082,BJP,0,0,1,0,6,0,0,0,0,0,0
EVT_01082,BJP (Bharatiya Janata Party),0,0,1,0,4,0,0,0,0,0,0
EVT_01082,Centre,0,0,1,0,1,0,0,0,0,0,0
EVT_01082,Climate Activist Sonam Wangchuk,0,0,1,0,0,0,0,0,0,0,0
EVT_01082,Cockroach Janta Party (CJP),0,0,0,0,1,0,0,0,0,0,0
EVT_01082,Congress,0,0,1,0,0,0,0,0,0,0,0
EVT_01082,Delhi Police,0,0,2,0,0,0,0,0,0,0,0
EVT_01082,Government,0,0,1,0,0,0,0,0,0,0,0
EVT_01082,Harsh Malhotra (BJP),0,0,1,0,0,0,0,0,0,0,0
EVT_01082,Kejriwal,0,0,1,0,0,0,0,0,0,0,0
EVT_01082,Mallikarjug Kharge,0,0,1,0,0,0,0,0,0,0,0
EVT_01082,Malviya,0,0,0,0,1,0,0,0,0,0,0
EVT_01082,Mamata Banerjee,0,0,1,0,0,0,0,0,0,0,0
EVT_01082,Modi government,0,0,2,0,0,0,0,0,0,0,0
EVT_01082,NDA (National Democratic Alliance) government,0,0,0,0,2,0,0,0,0,0,0
EVT_01082,Opposition,0,0,0,0,1,0,0,0,0,0,0
EVT_01082,Opposition Leaders,0,0,1,0,0,0,0,0,0,0,0
EVT_01082,PM Modi,0,0,0,0,1,0,0,0,0,0,0
EVT_01082,Pawan Khera (Congress leader),0,0,1,0,0,0,0,0,0,0,0
EVT_01082,Pawan Khera (Congress),0,0,1,0,0,0,0,0,0,0,0
EVT_01082,"Police Chief (implied, newly appointed)",0,0,1,0,0,0,0,0,0,0,0
EVT_01082,Rahul Gandhi,0,0,1,0,1,0,0,0,0,0,0
EVT_01082,Rahul Gandhi and other opposition leaders,0,0,1,0,0,0,0,0,0,0,0
EVT_01082,Sonam Wangchuk,0,0,1,0,2,0,0,0,0,0,0
EVT_01082,The Modi Government,0,0,0,0,1,0,0,0,0,0,0
EVT_01082,The political party,0,0,1,0,0,0,0,0,0,0,0
EVT_01082,This government,0,0,0,0,1,0,0,0,0,0,0
EVT_01082,This party,0,0,0,0,1,0,0,0,0,0,0
EVT_01082,Trinamool Congress (TMC),0,0,1,0,0,0,0,0,0,0,0
EVT_01082,UPA government (Indian National Congress-led United Progressive Alliance),0,0,1,0,0,0,0,0,0,0,0
EVT_01082,Union Education Minister Dharmendra Pradhan,0,0,0,0,1,0,0,0,0,0,0
EVT_01082,Union Government,0,0,0,0,1,0,0,0,0,0,0
EVT_01082,Wangchuk,0,0,0,0,2,0,0,0,0,0,0
EVT_01082,the Constitution,0,0,0,0,1,0,0,0,0,0,0
EVT_01082,the government,0,0,0,0,1,0,0,0,0,0,0
EVT_01124,AAP,0,0,0,0,1,0,0,0,0,0,0
EVT_01124,Abhishek Banerjee (TMC),0,0,0,0,1,0,0,0,0,0,0
EVT_01124,Amit Shah (Union Home Minister),0,0,0,0,1,0,0,0,0,0,0
EVT_01124,Amit Shah (Union home minister),0,0,1,0,0,0,0,0,0,0,0
EVT_01124,BJP,0,0,0,0,1,0,0,0,0,1,0
EVT_01124,BJP (Bharatiya Janata Party),0,0,0,0,1,0,0,0,0,0,0
EVT_01124,BJP-led NDA,0,0,0,0,0,0,0,0,0,1,0
EVT_01124,Birla,0,0,0,0,1,0,0,0,0,1,0
EVT_01124,Congress,0,0,0,0,1,0,0,0,0,0,0
EVT_01124,DMK,0,0,0,0,1,0,0,0,0,0,0
EVT_01124,Dastidar (likely referring to someone within the Bharatiya Janata Party or BJP),0,0,1,0,0,0,0,0,0,0,0
EVT_01124,Defection,0,0,0,0,0,0,0,1,0,0,0
EVT_01124,Derek O'Brien (TMC’s Rajya Sabha floor leader),0,0,1,0,0,0,0,0,0,0,0
EVT_01124,Government,0,0,0,0,0,0,0,1,0,0,0
EVT_01124,Government Officials,0,0,0,0,0,0,0,0,0,1,0
EVT_01124,IUML,0,0,0,0,1,0,0,0,0,0,0
EVT_01124,JMM,0,0,0,0,1,0,0,0,0,0,0
EVT_01124,Kiren Rijiju,0,0,1,0,0,0,0,1,0,0,0
EVT_01124,Kiren Rijiju (Union Parliamentary Affairs Minister),0,0,0,0,1,0,0,0,0,0,0
EVT_01124,Left,0,0,0,0,1,0,0,0,0,0,0
EVT_01124,Local Government Officials,0,0,0,0,0,0,0,1,0,0,0
EVT_01124,Lok Sabha Speaker,0,0,1,0,0,0,0,0,0,0,0
EVT_01124,Mr. Rijiju,0,0,0,0,0,0,0,2,0,0,0
EVT_01124,NCP (Nationalist Congress Party),0,0,0,0,1,0,0,0,0,0,0
EVT_01124,NCP (SP),0,0,0,0,1,0,0,0,0,0,0
EVT_01124,NCPI (National Congress Party of India),0,0,1,0,0,0,0,0,0,0,0
EVT_01124,NCPI (National Congress People’s Initiative),0,0,0,0,0,0,0,0,0,1,0
EVT_01124,NDA (National Democratic Alliance),0,0,1,0,1,0,0,0,0,0,0
EVT_01124,Narendra Modi and Amit Shah ministers,0,0,0,0,1,0,0,0,0,0,0
EVT_01124,Narendra Modi government,0,0,0,0,1,0,0,0,0,0,0
EVT_01124,National Conference,0,0,0,0,1,0,0,0,0,0,0
EVT_01124,Nationalist Congress Party (NCP),0,0,1,0,0,0,0,0,0,0,0
EVT_01124,Nationalist Congress Party (Sharadchandra Pawar),0,0,1,0,0,0,0,0,0,0,0
EVT_01124,Om Birla (Lok Sabha Speaker),0,0,0,0,1,0,0,0,0,0,0
EVT_01124,Opposition alliance,0,0,0,0,1,0,0,0,0,0,0
EVT_01124,PM Modi,0,0,1,0,0,0,0,0,0,0,0
EVT_01124,RJD,0,0,0,0,1,0,0,0,0,0,0
EVT_01124,Rijiju,0,0,0,0,1,0,0,0,0,0,0
EVT_01124,Samajwadi Party,0,0,0,0,1,0,0,0,0,0,0
EVT_01124,Saubhadra Chatterji,0,0,1,0,0,0,0,0,0,0,0
EVT_01124,Sena (Senani),0,0,1,0,0,0,0,0,0,0,0
EVT_01124,Sena (UBT) and Shiv Sena,0,0,1,0,0,0,0,0,0,0,0
EVT_01124,Senas rebels,0,0,1,0,0,0,0,0,0,0,0
EVT_01124,Shinde,0,0,0,0,3,0,0,0,0,0,0
EVT_01124,Shinde Sena,0,0,0,0,1,0,0,0,0,0,0
EVT_01124,Shiv Sena,0,0,6,0,0,0,0,0,0,1,0
EVT_01124,Shiv Sena (UBT),0,0,0,0,2,0,0,0,0,1,0
EVT_01124,Shiv Sena (UBT) MPs and the Shiv Sena led by Maharashtra Deputy CM,0,0,0,0,0,0,0,1,0,0,0
EVT_01124,Shiv Sena (Uddhav Balasaheb Thackeray or UBT),0,0,0,0,0,0,0,1,0,0,0
EVT_01124,Shiv Sena and Shiv Sena (Eknath Shinde-led),0,0,0,0,1,0,0,0,0,0,0
EVT_01124,Shiv Sena and Shrikant Eknath Shinde,0,0,0,0,0,0,0,1,0,0,0
EVT_01124,Shiva Sena (UBT),0,0,1,0,0,0,0,0,0,0,0
EVT_01124,Speaker,0,0,0,0,0,0,0,1,0,0,0
EVT_01124,Speaker of the House and Narendra Modi,0,0,0,0,1,0,0,0,0,0,0
EVT_01124,Sudip Bandopadhyay,0,0,1,0,0,0,0,0,0,0,0
EVT_01124,Sudip Bandopadhyay and Kakoli Ghosh Dastidar,0,0,1,0,0,0,0,0,0,0,0
EVT_01124,Sudip Bandyopadhyay,0,0,0,0,0,0,0,0,0,1,0
EVT_01124,TMC members,0,0,2,0,0,0,0,0,0,0,0
EVT_01124,TMC rebels,0,0,4,0,0,0,0,0,0,1,0
EVT_01124,The Birla Family,0,0,1,0,0,0,0,0,0,0,0
EVT_01124,"The Constitution (One Hundred and Thirty First Amendment) Bill, 2026",0,0,1,0,0,0,0,0,0,0,0
EVT_01124,The latter's strength in the Lok Sabha,0,0,0,0,1,0,0,0,0,0,0
EVT_01124,Trinamool Congress,0,0,0,0,1,0,0,0,0,0,0
EVT_01124,Trinamool Congress (TMC),0,0,1,0,0,0,0,0,0,0,0
EVT_01124,Uddhav (of the party),0,0,0,0,1,0,0,0,0,0,0
EVT_01124,Uddhav Sena MPs,0,0,0,0,1,0,0,0,0,0,0
EVT_01124,Uddhav Thackeray-led Sena (UBT),0,0,0,0,1,0,0,0,0,0,0
EVT_01124,Union government,0,0,1,0,0,0,0,1,0,0,0
EVT_01124,government,0,0,2,0,0,0,0,0,0,0,0
EVT_01183,Ahmad,0,0,0,0,0,0,0,1,0,1,0
EVT_01183,Ahmed,0,0,0,0,0,0,0,1,0,0,0
EVT_01183,Authorities,0,0,0,0,0,0,0,1,0,0,0
EVT_01183,Congress MLA Iftkhar Ahmad,0,0,0,0,0,0,0,0,0,1,0
EVT_01183,District Administration,0,0,0,0,0,0,0,0,0,1,0
EVT_01183,Environment Officials,0,0,0,0,0,0,0,0,0,1,0
EVT_01183,Flood Situation,0,0,0,0,0,0,0,1,0,0,0
EVT_01183,General Political Situation,0,0,0,0,0,0,0,0,0,1,0
EVT_01183,Government,0,0,0,0,0,0,0,2,0,1,0
EVT_01183,Government or Meteorological Department,0,0,0,0,0,0,0,0,0,2,0
EVT_01183,Government/Authorities,0,0,0,0,0,0,0,0,0,2,0
EVT_01183,IMD (India Meteorological Department),0,0,0,0,0,0,0,0,0,1,0
EVT_01183,Iftkhar Ahmad,0,0,0,0,0,0,0,1,0,0,0
EVT_01183,India Meteorological Department,0,0,0,0,0,0,0,0,0,1,0
EVT_01183,Local Administrations,0,0,0,0,0,0,0,0,0,1,0
EVT_01183,Local Authorities,0,0,0,0,0,0,0,2,0,1,0
EVT_01183,Local Government Officials,0,0,0,0,0,0,0,1,0,0,0
EVT_01183,Local Resident,0,0,0,0,0,0,0,0,0,1,0
EVT_01183,Official(s),0,0,0,0,0,0,0,1,0,0,0
EVT_01183,Police Administration,0,0,0,0,0,0,0,0,0,1,0
EVT_01183,Politician (unnamed in text),0,0,0,0,0,0,0,0,0,1,0
EVT_01183,Rajouri District,0,0,0,0,0,0,0,0,0,1,0
EVT_01183,Rajouri town,0,0,0,0,0,0,0,1,0,0,0
EVT_01183,Sandeep Kumar Sharma,0,0,0,0,0,0,0,0,0,1,0
EVT_01183,Unknown,0,0,0,0,0,0,0,0,0,1,0
EVT_01183,Weather Office,0,0,0,0,0,0,0,0,0,1,0
EVT_01183,district administration,0,0,0,0,0,0,0,1,0,0,0
EVT_01183,police,0,0,0,0,0,0,0,3,0,1,0
EVT_01223,Abhijeet Dipke,0,0,0,1,0,0,0,0,0,0,0
EVT_01223,Aparna Sen,0,0,0,2,0,0,0,0,0,0,0
EVT_01223,BJP-led Union government,0,0,0,1,0,0,0,0,0,0,0
EVT_01223,Bharatiya Janata Party (BJP),0,0,1,0,0,0,0,0,0,0,0
EVT_01223,Bhupinder Singh Hooda,0,0,0,1,0,0,0,0,0,0,0
EVT_01223,CJP,0,0,2,2,0,0,0,0,0,0,0
EVT_01223,CJP (Committee on Justice and Peace),0,0,1,0,0,0,0,0,0,0,0
EVT_01223,"CJP (Commonly referred to as J&K Peoples Conference, a political party in India)",0,0,0,1,0,0,0,0,0,0,0
EVT_01223,CJP (Concerned Jordanians Party),0,0,0,1,0,0,0,0,0,0,0
EVT_01223,CJP (likely referring to Cauvery Jal Samvardhan Committee),0,0,1,0,0,0,0,0,0,0,0
EVT_01223,CJP (likely referring to Congress Party or a related organization),0,0,0,1,0,0,0,0,0,0,0
EVT_01223,Centre,0,0,0,1,0,0,0,0,0,0,0
EVT_01223,Children involved in protests,0,0,0,1,0,0,0,0,0,0,0
EVT_01223,Cockroach Janta Party,0,0,1,2,0,0,0,0,0,0,0
EVT_01223,Cockroach Janta Party (CJP),0,0,1,2,0,0,0,0,0,0,0
EVT_01223,Congress,0,0,0,2,0,0,0,0,0,0,0
EVT_01223,DMRC,0,0,1,0,0,0,0,0,0,0,0
EVT_01223,Delhi Government,0,0,1,2,0,0,0,0,0,0,0
EVT_01223,Delhi Metro,0,0,1,2,0,0,0,0,0,0,0
EVT_01223,Delhi Metro Rail Corporation,0,0,0,1,0,0,0,0,0,0,0
EVT_01223,Delhi Metro Stations,0,0,1,0,0,0,0,0,0,0,0
EVT_01223,Delhi Police,0,0,2,5,0,0,0,0,0,0,0
EVT_01223,Delhi Police Commissioner,0,0,0,1,0,0,0,0,0,0,0
EVT_01223,Delhi Police and Rapid Action Force,0,0,0,1,0,0,0,0,0,0,0
EVT_01223,Delhi Police and Rapid Action Force personnel,0,0,0,1,0,0,0,0,0,0,0
EVT_01223,Delhi government,0,0,1,0,0,0,0,0,0,0,0
EVT_01223,Dharmendra Pradha,0,0,1,0,0,0,0,0,0,0,0
EVT_01223,Dharmendra Pradhan,0,0,4,2,0,0,0,0,0,0,0
EVT_01223,Dharmendra Pradhan (Education Minister),0,0,0,1,0,0,0,0,0,0,0
EVT_01223,Dharmendra Pradhar,0,0,0,1,0,0,0,0,0,0,0
EVT_01223,Education Minister Dharmendra Pradhar,0,0,0,1,0,0,0,0,0,0,0
EVT_01223,Farmers,0,0,1,0,0,0,0,0,0,0,0
EVT_01223,Gitanjali Angmo,0,0,0,1,0,0,0,0,0,0,0
EVT_01223,Government,0,0,5,0,0,0,0,0,0,0,0
EVT_01223,Indian Cyber Crime Coordination Centre (I4C),0,0,1,0,0,0,0,0,0,0,0
EVT_01223,Internet Providers,0,0,1,0,0,0,0,0,0,0,0
EVT_01223,"Irregularities in competitive examinations, mainly NEET",0,0,1,0,0,0,0,0,0,0,0
EVT_01223,JP Nadda and Jitendra Singh,0,0,0,1,0,0,0,0,0,0,0
EVT_01223,Jamia Millia Islamia,0,0,0,2,0,0,0,0,0,0,0
EVT_01223,Janta Party,0,0,0,1,0,0,0,0,0,0,0
EVT_01223,Legal System,0,0,1,0,0,0,0,0,0,0,0
EVT_01223,Liquor Shops,0,0,0,1,0,0,0,0,0,0,0
EVT_01223,New paper,0,0,1,0,0,0,0,0,0,0,0
EVT_01223,PM,0,0,0,1,0,0,0,0,0,0,0
EVT_01223,Policeman,0,0,0,1,0,0,0,0,0,0,0
EVT_01223,Protesters,0,0,0,1,0,0,0,0,0,0,0
EVT_01223,Protests,0,0,0,1,0,0,0,0,0,0,0
EVT_01223,Rajiv Gandhi Memorial Trust,0,0,0,1,0,0,0,0,0,0,0
EVT_01223,SP (Samajwadi Party),0,0,0,1,0,0,0,0,0,0,0
EVT_01223,Samajwadi Party,0,0,0,1,0,0,0,0,0,0,0
EVT_01223,Sonam Wangchuk,0,0,1,5,0,0,0,0,0,0,0
EVT_01223,Student Protests,0,0,0,1,0,0,0,0,0,0,0
EVT_01223,Tamil Nadu Congress,0,0,0,1,0,0,0,0,0,0,0
EVT_01223,Tamil Nadu Congress Committee,0,0,0,1,0,0,0,0,0,0,0
EVT_01223,Tech companies and social media platforms,0,0,1,0,0,0,0,0,0,0,0
EVT_01223,Union Education Minister Dharmendra Pradhan,0,0,0,1,0,0,0,0,0,0,0
EVT_01223,Various,0,0,0,1,0,0,0,0,0,0,0
EVT_01223,Various News Sources,0,0,0,1,0,0,0,0,0,0,0
EVT_01223,government,0,0,4,0,0,0,0,0,0,0,0
EVT_01223,internet shutdowns and digital rights organizations,0,0,1,0,0,0,0,0,0,0,0
EVT_01223,police,0,0,0,5,0,0,0,0,0,0,0
EVT_01223,teacher recruitment aspirants,0,0,0,1,0,0,0,0,0,0,0
EVT_01223,telecom service providers,0,0,1,0,0,0,0,0,0,0,0
EVT_01226,"Abhijeet Dipke, CJP founder",0,0,0,0,0,0,0,1,0,0,0
EVT_01226,Akhilesh Yadav (SP chief),0,0,0,0,0,0,0,0,0,1,0
EVT_01226,Arvind Kejriwal,0,0,0,0,0,0,0,0,0,1,0
EVT_01226,CJP (Centre for Justice and Peace),0,0,0,0,0,0,0,1,0,0,0
EVT_01226,CJP (Communist Party of India),0,0,0,0,0,0,0,0,0,1,0
EVT_01226,CJP (Congress Party),0,0,0,0,0,0,0,0,0,1,0
EVT_01226,Cockroach Janta Party (CJP),0,0,0,0,0,0,0,0,0,1,0
EVT_01226,Constitution Club of India,0,0,0,0,0,0,0,0,0,1,0
EVT_01226,Dharmendra Pradha,0,0,0,0,0,0,0,0,0,1,0
EVT_01226,Dharmendra Pradhan,0,0,0,0,0,0,0,2,0,3,0
EVT_01226,Dharmendra Pradhan (Education Minister),0,0,0,0,0,0,0,0,0,1,0
EVT_01226,Environmentalist Party,0,0,0,0,0,0,0,1,0,0,0
EVT_01226,Government/Political Leaders,0,0,0,0,0,0,0,1,0,0,0
EVT_01226,India's Students' Echo,0,0,0,0,0,0,0,0,0,1,0
EVT_01226,Janta Party,0,0,0,0,0,0,0,0,0,1,0
EVT_01226,Jantar Mantar (designated site),0,0,0,0,0,0,0,0,0,1,0
EVT_01226,Jantar Mantar Protest,0,0,0,0,0,0,0,0,0,1,0
EVT_01226,Kuldeepak Yadav,0,0,0,0,0,0,0,1,0,0,0
EVT_01226,Kunal Ghosh (TMC MLA),0,0,0,0,0,0,0,0,0,1,0
EVT_01226,Mallikarjug Kharge,0,0,0,0,0,0,0,0,0,1,0
EVT_01226,Manish Sisodia (AAP leader),0,0,0,0,0,0,0,0,0,1,0
EVT_01226,Manoj Jha (RJD MP),0,0,0,0,0,0,0,0,0,1,0
EVT_01226,Mayor Johnson,0,0,0,0,0,0,0,1,0,0,0
EVT_01226,Modi government,0,0,0,0,0,0,0,0,0,1,0
EVT_01226,Modi-Shah,0,0,0,0,0,0,0,0,0,1,0
EVT_01226,Mr. Modi,0,0,0,0,0,0,0,0,0,1,0
EVT_01226,Mr. Modi's administration,0,0,0,0,0,0,0,0,0,1,0
EVT_01226,Mr. Ranka,0,0,0,0,0,0,0,1,0,0,0
EVT_01226,NEET (UG) paper leak and other education-related issues,0,0,0,0,0,0,0,0,0,1,0
EVT_01226,National Sports Federation,0,0,0,0,0,0,0,1,0,0,0
EVT_01226,PM Modi,0,0,0,0,0,0,0,1,0,0,0
EVT_01226,Prime Minister,0,0,0,0,0,0,0,1,0,0,0
EVT_01226,Protest,0,0,0,0,0,0,0,1,0,0,0
EVT_01226,Protest organizers and participants,0,0,0,0,0,0,0,1,0,0,0
EVT_01226,Protesters,0,0,0,0,0,0,0,3,0,1,0
EVT_01226,Protestors/People,0,0,0,0,0,0,0,1,0,0,0
EVT_01226,Sharad Pawar (NCP-SP chief),0,0,0,0,0,0,0,0,0,1,0
EVT_01226,Shashi Tharoor (Congress MP),0,0,0,0,0,0,0,0,0,1,0
EVT_01226,Sonam sir,0,0,0,0,0,0,0,0,0,1,0
EVT_01226,Students,0,0,0,0,0,0,0,1,0,0,0
EVT_01226,The Crowd/People,0,0,0,0,0,0,0,1,0,0,0
EVT_01226,The united opposition,0,0,0,0,0,0,0,0,0,1,0
EVT_01226,Union Ministers JP Nadda and Jitendra Singh,0,0,0,0,0,0,0,0,0,1,0
EVT_01226,Union education minister,0,0,0,0,0,0,0,0,0,1,0
EVT_01226,Unknown Politician or Activist,0,0,0,0,0,0,0,1,0,0,0
EVT_01226,Wangchuk,0,0,0,0,0,0,0,0,0,1,0
EVT_01226,Youth protesters,0,0,0,0,0,0,0,0,0,1,0
EVT_01226,government,0,0,0,0,0,0,0,0,0,2,0
EVT_01226,protest,0,0,0,0,0,0,0,1,0,0,0
EVT_01226,protesters,0,0,0,0,0,0,0,0,0,1,0
EVT_01226,unknown,0,0,0,0,0,0,0,0,0,1,0
EVT_01238,Amit Shah,0,0,0,2,0,0,0,0,0,0,0
EVT_01238,Ancient Buddhist Site in Sarnath,0,0,0,0,0,0,0,0,0,1,0
EVT_01238,Buddhism,0,0,0,0,0,0,0,0,0,1,0
EVT_01238,Buddhist teachings,0,0,0,0,0,0,0,0,0,1,0
EVT_01238,Gautam Buddha,0,0,0,1,0,0,0,0,0,0,0
EVT_01238,India,0,0,0,1,0,0,0,0,0,1,0
EVT_01238,Jantar Mantar protest,0,0,0,0,0,0,0,0,0,1,0
EVT_01238,PM (Prime Minister of India),0,0,0,1,0,0,0,0,0,0,0
EVT_01238,PM Modi,0,0,0,3,0,0,0,0,0,0,0
EVT_01238,Prime Minister,0,0,0,1,0,0,0,0,0,0,0
EVT_01238,Sarnath,0,0,0,1,0,0,0,0,0,0,0
EVT_01238,UNESCO,0,0,0,2,0,0,0,0,0,1,0
EVT_01238,Unesco World Heritage Committee,0,0,0,1,0,0,0,0,0,0,0
EVT_01238,Union Culture Minister Gajendra Singh Shekhawat,0,0,0,1,0,0,0,0,0,0,0
EVT_01238,Uttar Pradesh,0,0,0,1,0,0,0,0,0,0,0
EVT_01238,World Heritage Committee,0,0,0,1,0,0,0,0,0,0,0
EVT_01238,Yogi Adityanath (Uttar Pradesh Chief Minister),0,0,0,1,0,0,0,0,0,0,0
EVT_01238,unknown,0,0,0,1,0,0,0,0,0,0,0
EVT_01242,BJP,0,0,1,0,0,0,0,0,0,0,0
EVT_01242,BJP leaders,0,0,1,0,0,0,0,0,0,0,0
EVT_01242,Bill,0,0,1,0,0,0,0,0,0,0,0
EVT_01242,CJI Surya Kant,0,0,1,0,0,0,0,0,0,0,0
EVT_01242,CJP (Coalition Justice Party),0,0,1,0,0,0,0,0,0,0,0
EVT_01242,CJP (Communist Party of India) Founder,0,0,1,0,0,0,0,0,0,0,0
EVT_01242,Chief Justice of India Surya Kant,0,0,1,0,0,0,0,0,0,0,0
EVT_01242,Chief Minister,0,0,0,0,0,0,0,1,0,0,0
EVT_01242,Chief Minister A. Revanth Reddy,0,0,0,0,0,0,0,1,0,0,0
EVT_01242,Citizens,0,0,0,0,0,0,0,1,0,0,0
EVT_01242,Cockroach Janta Party (CJP),0,0,1,0,0,0,0,0,0,0,0
EVT_01242,Congress and any political party,0,0,0,0,0,0,0,1,0,0,0
EVT_01242,Deputy CM Mallu Bhatti Vikramarka,0,0,0,0,0,0,0,1,0,0,0
EVT_01242,Dharmendra Pradhan,0,0,1,0,0,0,0,0,0,0,0
EVT_01242,Dhrubo Jyoti,0,0,1,0,0,0,0,0,0,0,0
EVT_01242,Gen Z,0,0,1,0,0,0,0,0,0,0,0
EVT_01242,Gen Z Youth,0,0,0,0,0,0,0,1,0,0,0
EVT_01242,Government,0,0,1,0,0,0,0,0,0,0,0
EVT_01242,Local Government Officials,0,0,0,0,0,0,0,2,0,0,0
EVT_01242,Minister Pralhad Joshi,0,0,1,0,0,0,0,0,0,0,0
EVT_01242,Mr. Modi,0,0,0,0,0,0,0,1,0,0,0
EVT_01242,"Mr. Modi, Rahul Gandhi, and Mallikarjun Kharge",0,0,0,0,0,0,0,1,0,0,0
EVT_01242,Mr. Reddy,0,0,0,0,0,0,0,3,0,0,0
EVT_01242,NEET (National Eligibility cum Entrance Test),0,0,1,0,0,0,0,0,0,0,0
EVT_01242,Nachiket Malhotra,0,0,1,0,0,0,0,0,0,0,0
EVT_01242,Nadda (BJP),0,0,1,0,0,0,0,0,0,0,0
EVT_01242,Nadda (Politician),0,0,1,0,0,0,0,0,0,0,0
EVT_01242,Nadda (likely referring to Naveen Patnaik or another politician from Odisha's BJP),0,0,1,0,0,0,0,0,0,0,0
EVT_01242,Nadda (presumably referring to a political figure or party),0,0,1,0,0,0,0,0,0,0,0
EVT_01242,Narendra Modi's Government (through JMV or their allies),0,0,1,0,0,0,0,0,0,0,0
EVT_01242,National Testing Agency,0,0,1,0,0,0,0,0,0,0,0
EVT_01242,PM Modi,0,0,2,0,0,0,0,1,0,0,0
EVT_01242,Police,0,0,1,0,0,0,0,0,0,0,0
EVT_01242,Politician or Party,0,0,1,0,0,0,0,0,0,0,0
EVT_01242,Pradhan,0,0,2,0,0,0,0,0,0,0,0
EVT_01242,Pralhad Joshi,0,0,1,0,0,0,0,0,0,0,0
EVT_01242,Prime Minister,0,0,1,0,0,0,0,0,0,0,0
EVT_01242,Rajnath Singh (defence minister of Bharatiya Janata Party),0,0,1,0,0,0,0,0,0,0,0
EVT_01242,Ranka (presumably a spokesperson or leader of the protesters),0,0,1,0,0,0,0,0,0,0,0
EVT_01242,Security Forces,0,0,1,0,0,0,0,0,0,0,0
EVT_01242,Smriti Kak Ramachandran,0,0,1,0,0,0,0,0,0,0,0
EVT_01242,TPCC president Mahesh Kumar Goud,0,0,0,0,0,0,0,1,0,0,0
EVT_01242,The government,0,0,1,0,0,0,0,0,0,0,0
EVT_01242,Young protesters,0,0,1,0,0,0,0,0,0,0,0
EVT_01242,Youth on the roads,0,0,1,0,0,0,0,0,0,0,0
EVT_01242,education minister Dharmendra Pradhan,0,0,1,0,0,0,0,0,0,0,0
EVT_01242,minister,0,0,1,0,0,0,0,0,0,0,0
EVT_01242,police,0,0,1,0,0,0,0,0,0,0,0
EVT_01242,protesters,0,0,1,0,0,0,0,0,0,0,0
EVT_01242,unemployed people and dubious degree holders,0,0,1,0,0,0,0,0,0,0,0
EVT_01258,Anti-national forces,0,0,0,0,0,0,0,0,0,1,0
EVT_01258,BJP,0,0,1,0,0,0,0,0,0,0,0
EVT_01258,BJP (Indian National Congress),0,0,0,0,0,0,0,0,0,1,0
EVT_01258,Bureau of Investigation (CBI),0,0,0,0,0,0,0,0,0,1,0
EVT_01258,CBI (Central Bureau of Investigation),0,0,0,0,0,0,0,0,0,2,0
EVT_01258,CJP,0,0,0,0,0,0,0,0,0,1,0
EVT_01258,CJP (Central Government),0,0,0,0,0,0,0,0,0,1,0
EVT_01258,CJP (likely referring to a political leader or party named CJP),0,0,2,0,0,0,0,0,0,0,0
EVT_01258,Central government and NDA (National Democratic Alliance)-ruled states,0,0,1,0,0,0,0,0,0,0,0
EVT_01258,Centre (Government),0,0,0,0,0,0,0,0,0,1,0
EVT_01258,Chief Minister N. Chandrababu Naidu,0,0,0,0,0,0,0,1,0,0,0
EVT_01258,Cockroach Janta Party,0,0,0,0,0,0,0,0,0,1,0
EVT_01258,Cockroach Janta Party (CJP),0,0,0,0,0,0,0,0,0,1,0
EVT_01258,Computer-based mode,0,0,0,0,0,0,0,0,0,1,0
EVT_01258,Dharmendra Pradha,0,0,1,0,0,0,0,0,0,0,0
EVT_01258,Dharmendra Pradhan,0,0,5,0,0,0,0,0,0,4,0
EVT_01258,Dr Manoj Shirure and Tejas Harshadkumar Shah,0,0,0,0,0,0,0,0,0,1,0
EVT_01258,Government,0,0,1,0,0,0,0,0,0,2,0
EVT_01258,Government/Central Government,0,0,0,0,0,0,0,0,0,1,0
EVT_01258,Government/Ministers,0,0,0,0,0,0,0,0,0,1,0
EVT_01258,HT News Desk,0,0,2,0,0,0,0,0,0,0,0
EVT_01258,Higher Education Authorities,0,0,0,0,0,0,0,0,0,1,0
EVT_01258,Hindustan Times,0,0,1,0,0,0,0,0,0,0,0
EVT_01258,JP Nadda,0,0,1,0,0,0,0,0,0,0,0
EVT_01258,Jantar Mantar Protest,0,0,0,0,0,0,0,0,0,1,0
EVT_01258,Jitendra Singh,0,0,1,0,0,0,0,0,0,0,0
EVT_01258,Kiren Rijiju,0,0,0,0,0,0,0,0,0,1,0
EVT_01258,Local Government Leader,0,0,0,0,0,0,0,1,0,0,0
EVT_01258,Nara Lokesh (Andhra Pradesh IT & HRD Minister),0,0,0,0,0,0,0,1,0,0,0
EVT_01258,National Testing Agency,0,0,0,0,0,0,0,0,0,1,0
EVT_01258,News Organization,0,0,1,0,0,0,0,0,0,0,0
EVT_01258,Opponents,0,0,0,0,0,0,0,0,0,1,0
EVT_01258,PM Modi,0,0,0,0,0,0,0,0,0,1,0
EVT_01258,PV Kulkarni (Chemistry lecturer),0,0,0,0,0,0,0,0,0,1,0
EVT_01258,Parents,0,0,2,0,0,0,0,0,0,0,0
EVT_01258,Police,0,0,0,0,0,0,0,0,0,1,0
EVT_01258,Pradhan,0,0,3,0,0,0,0,0,0,4,0
EVT_01258,Pradhan (possibly referring to a politician or party leader),0,0,1,0,0,0,0,0,0,0,0
EVT_01258,Pradhanâs,0,0,0,0,0,0,0,0,0,1,0
EVT_01258,Protests,0,0,0,0,0,0,0,0,0,1,0
EVT_01258,Rahul Gandhi,0,0,0,0,0,0,0,0,0,2,0
EVT_01258,Rahul Gandhi (Congress),0,0,0,0,0,0,0,0,0,2,0
EVT_01258,Sonam Wangchuk,0,0,0,0,0,0,0,0,0,1,0
EVT_01258,Students and Families,0,0,0,0,0,0,0,0,0,1,0
EVT_01258,Supreme Court,0,0,0,0,0,0,0,0,0,2,0
EVT_01258,The CJP (Cockroach Janta Party),0,0,1,0,0,0,0,0,0,0,0
EVT_01258,Y.S. Jagan Mohan Reddy (YSR Congress Party),0,0,0,0,0,0,0,1,0,0,0
EVT_01258,education minister,0,0,0,0,0,0,0,0,0,1,0
EVT_01258,government,0,0,2,0,0,0,0,0,0,3,0
EVT_01262,Abhijeet Dipke,0,0,1,0,0,0,0,0,0,0,0
EVT_01262,Amit Shah,0,0,2,2,0,0,0,0,0,0,0
EVT_01262,Amit Shah (BJP leader),0,0,0,1,0,0,0,0,0,0,0
EVT_01262,Anbumani Ramadoss,0,0,1,0,0,0,0,0,0,0,0
EVT_01262,Anna Hazare,0,0,3,0,0,0,0,0,0,0,0
EVT_01262,Arvind Kejriwal,0,0,1,0,0,0,0,0,0,0,0
EVT_01262,BJP (Bharatiya Janata Party),0,0,1,1,0,0,0,0,0,0,0
EVT_01262,BJP family,0,0,1,0,0,0,0,0,0,0,0
EVT_01262,BJP party,0,0,1,0,0,0,0,0,0,0,0
EVT_01262,BS Yediyurappa,0,0,1,0,0,0,0,0,0,0,0
EVT_01262,Bharatiya Janata Party,0,0,0,1,0,0,0,0,0,0,0
EVT_01262,Bharatiya Janata Party (BJP),0,0,1,0,0,0,0,0,0,0,0
EVT_01262,Bihar AISA (All India Student Association),0,0,1,0,0,0,0,0,0,0,0
EVT_01262,CJI Surya Kant,0,0,1,0,0,0,0,0,0,0,0
EVT_01262,CJP,0,0,12,0,0,0,0,0,0,0,0
EVT_01262,CJP (Chief Justice Party),0,0,1,0,0,0,0,0,0,0,0
EVT_01262,"CJP (Chinmay Jain Party, presumably referring to the group)",0,0,1,0,0,0,0,0,0,0,0
EVT_01262,CJP (Communist Party of India),0,0,1,0,0,0,0,0,0,0,0
EVT_01262,"CJP (likely referring to Congress Party, which Dharmendra Pradhan was part of)",0,0,1,0,0,0,0,0,0,0,0
EVT_01262,CJP (likely referring to a political party or coalition),0,0,1,0,0,0,0,0,0,0,0
EVT_01262,CJP (likely referring to a political party or organization named CJP),0,0,1,0,0,0,0,0,0,0,0
EVT_01262,CJP (likely referring to a politician or party),0,0,1,0,0,0,0,0,0,0,0
EVT_01262,CJP (likely referring to the Congress party or a prominent figure within it),0,0,1,0,0,0,0,0,0,0,0
EVT_01262,CJP (possibly Civil Janta Party),0,0,1,0,0,0,0,0,0,0,0
EVT_01262,CJP representatives,0,0,1,0,0,0,0,0,0,0,0
EVT_01262,CJP spokespersons,0,0,1,0,0,0,0,0,0,0,0
EVT_01262,CPI(M),0,0,1,0,0,0,0,0,0,0,0
EVT_01262,CPI(M) (Communist Party of India - Marxist),0,0,1,0,0,0,0,0,0,0,0
EVT_01262,Candidates/parties,0,0,1,0,0,0,0,0,0,0,0
EVT_01262,Centre,0,0,4,0,0,0,0,0,0,0,0
EVT_01262,Cockroach Janata Party (CJP),0,0,3,0,0,0,0,0,0,0,0
EVT_01262,Cockroach Janta Party,0,0,1,0,0,0,0,0,0,0,0
EVT_01262,Cockroach Janta Party (CJP),0,0,1,0,0,0,0,0,0,0,0
EVT_01262,Corruption and anarchy,0,0,1,0,0,0,0,0,0,0,0
EVT_01262,DMRC (Delhi Metro Railway Corporation),0,0,1,0,0,0,0,0,0,0,0
EVT_01262,Delhi Authorities,0,0,1,0,0,0,0,0,0,0,0
EVT_01262,Delhi Metro,0,0,1,0,0,0,0,0,0,0,0
EVT_01262,Delhi Police,0,0,6,0,0,0,0,0,0,0,0
EVT_01262,Demonstrators and Police,0,0,1,0,0,0,0,0,0,0,0
EVT_01262,Dharmendra Pradha,0,0,1,0,0,0,0,0,0,0,0
EVT_01262,Dharmendra Pradhan,0,0,27,1,0,0,0,0,0,1,0
EVT_01262,Dharmendra Pradhan (Education Minister),0,0,1,0,0,0,0,0,0,0,0
EVT_01262,Dharmendra Pradhan (Union education minister),0,0,1,0,0,0,0,0,0,0,0
EVT_01262,Dipke,0,0,2,0,0,0,0,0,0,0,0
EVT_01262,Dr. Jitendra Singh,0,0,1,0,0,0,0,0,0,0,0
EVT_01262,Droupadi Murmu,0,0,1,0,0,0,0,0,0,0,0
EVT_01262,Droupadi Murmu (President),0,0,1,0,0,0,0,0,0,0,0
EVT_01262,Dujarric,0,0,1,0,0,0,0,0,0,0,0
EVT_01262,Election Committee,0,0,1,0,0,0,0,0,0,0,0
EVT_01262,Fadnavis,0,0,3,0,0,0,0,0,0,0,0
EVT_01262,"Farmers organizations, opposition parties and several NDA allies",0,0,1,0,0,0,0,0,0,0,0
EVT_01262,Government,0,0,2,0,0,0,0,0,0,1,0
EVT_01262,"Government Agencies, Newsdesk",0,0,1,0,0,0,0,0,0,0,0
EVT_01262,Government/Cabinet,0,0,1,0,0,0,0,0,0,0,0
EVT_01262,HT News Desk,0,0,3,0,0,0,0,0,0,0,0
EVT_01262,Hazare,0,0,1,0,0,0,0,0,0,0,0
EVT_01262,Hindustan Times,0,0,1,0,0,0,0,0,0,0,0
EVT_01262,Indian Education System,0,0,1,0,0,0,0,0,0,0,0
EVT_01262,JMM,0,0,1,0,0,0,0,0,0,0,0
EVT_01262,JMM (All),0,0,1,0,0,0,0,0,0,0,0
EVT_01262,JP Nadda,0,0,2,0,0,0,0,0,0,0,0
EVT_01262,Janshakti Janata Dal,0,0,1,0,0,0,0,0,0,0,0
EVT_01262,Janshakti Janata Dal (Yadav),0,0,1,0,0,0,0,0,0,0,0
EVT_01262,Jantar Mantar,0,0,1,0,0,0,0,0,0,1,0
EVT_01262,Jantar Mantar Protest,0,0,1,0,0,0,0,0,0,0,0
EVT_01262,Jantar Mantar protest,0,0,1,0,0,0,0,0,0,0,0
EVT_01262,Joshi,0,0,12,0,0,0,0,0,0,2,0
EVT_01262,"Joshi, Atal Bihari Vajpayee's BJP-led NDA government",0,0,1,0,0,0,0,0,0,0,0
EVT_01262,Left-wing students' unions,0,0,1,0,0,0,0,0,0,0,0
EVT_01262,Lingadishwar seer,0,0,1,0,0,0,0,0,0,0,0
EVT_01262,Lingayat community in Karnataka,0,0,1,0,0,0,0,0,0,0,0
EVT_01262,Lok Sabha,0,0,1,0,0,0,0,0,0,0,0
EVT_01262,M J Akbar,0,0,1,0,0,0,0,0,0,0,0
EVT_01262,MM Joshi (BJP veteran),0,0,1,0,0,0,0,0,0,0,0
EVT_01262,MM Joshi (BSP),0,0,1,0,0,0,0,0,0,0,0
EVT_01262,MM Joshi (BSPJP veteran),0,0,1,0,0,0,0,0,0,0,0
EVT_01262,MM Joshi and LK Advani,0,0,1,0,0,0,0,0,0,0,0
EVT_01262,Mamata Banerjee,0,0,3,0,0,0,0,0,0,0,0
EVT_01262,Metro Authorities,0,0,1,0,0,0,0,0,0,0,0
EVT_01262,Metro Stations Reopening Initiative,0,0,1,0,0,0,0,0,0,0,0
EVT_01262,Metro System,0,0,1,0,0,0,0,0,0,0,0
EVT_01262,Minister,0,0,1,0,0,0,0,0,0,0,0
EVT_01262,Modi government,0,0,0,1,0,0,0,0,0,0,0
EVT_01262,Modi regime,0,0,1,0,0,0,0,0,0,0,0
EVT_01262,Mohan Bhagwat,0,0,1,0,0,0,0,0,0,0,0
EVT_01262,Murli Manohar Joshi (BJP),0,0,2,0,0,0,0,0,0,0,0
EVT_01262,Nadda,0,0,1,0,0,0,0,0,0,0,0
EVT_01262,Narendra Modi government,0,0,1,0,0,0,0,0,0,0,0
EVT_01262,Narendra Modi-led government,0,0,0,1,0,0,0,0,0,0,0
EVT_01262,National Education Policy (NEP),0,0,0,1,0,0,0,0,0,0,0
EVT_01262,Newsdesk Editorial Process,0,0,1,0,0,0,0,0,0,0,0
EVT_01262,PM,0,0,2,0,0,0,0,0,0,0,0
EVT_01262,PM (Prime Minister),0,0,0,0,0,0,0,0,0,1,0
EVT_01262,PM Modi,0,0,9,0,0,0,0,0,0,1,0
EVT_01262,PM SHRI Schools,0,0,0,1,0,0,0,0,0,0,0
EVT_01262,PMK President Anbumani Ramadoss,0,0,1,0,0,0,0,0,0,0,0
EVT_01262,Police,0,0,3,0,0,0,0,0,0,0,0
EVT_01262,Politician,0,0,4,0,0,0,0,0,0,0,0
EVT_01262,Politician or Official,0,0,1,0,0,0,0,0,0,0,0
EVT_01262,Politician or Party,0,0,2,0,0,0,0,0,0,0,0
EVT_01262,Pradhan,0,0,15,3,0,0,0,0,0,0,0
EVT_01262,Pradhan (Politician),0,0,1,0,0,0,0,0,0,0,0
EVT_01262,Pradhan (Union Education Minister),0,0,0,1,0,0,0,0,0,0,0
EVT_01262,Pradhan (likely referring to Pramod Mahajan who was the then Finance Minister of India),0,0,1,0,0,0,0,0,0,0,0
EVT_01262,Pradhan (likely referring to a minister by that name),0,0,1,0,0,0,0,0,0,0,0
EVT_01262,"Pradhi Prakash (likely referring to Pradeep Kumar Pradhan, the Union Minister for Chemicals and Fertilizers)",0,0,0,0,0,0,0,0,0,1,0
EVT_01262,Prajald Joshi,0,0,0,0,0,0,0,0,0,1,0
EVT_01262,Prajapati Prahlad Joshi,0,0,1,0,0,0,0,0,0,0,0
EVT_01262,"Prajapati, Pralhad Joshi (BJP)",0,0,0,0,0,0,0,0,0,1,0
EVT_01262,Prajhal Joshi,0,0,1,0,0,0,0,0,0,0,0
EVT_01262,Prajmal Joshi (BJP),0,0,1,0,0,0,0,0,0,0,0
EVT_01262,Prajwal Joshi (Union Minister for Education),0,0,1,0,0,0,0,0,0,0,0
EVT_01262,Pralhad Joshi,0,0,4,0,0,0,0,0,0,0,0
EVT_01262,Pralhad Venkatesh Joshi,0,0,2,0,0,0,0,0,0,0,0
EVT_01262,Priyanka Gandhi,0,0,1,0,0,0,0,0,0,0,0
EVT_01262,Protest,0,0,3,0,0,0,0,0,0,0,0
EVT_01262,Protesters,0,0,4,0,0,0,0,0,0,0,0
EVT_01262,Protestors,0,0,1,0,0,0,0,0,0,0,0
EVT_01262,Protests,0,0,1,0,0,0,0,0,0,0,0
EVT_01262,"Public Examinations (Prevention of Unfair Means) Amendment Bill, 2026",0,0,1,0,0,0,0,0,0,0,0
EVT_01262,Rahul Gandhi,0,0,2,0,0,0,0,0,0,0,0
EVT_01262,Rajnath Singh,0,0,2,0,0,0,0,0,0,0,0
EVT_01262,Ranka,0,0,1,0,0,0,0,0,0,0,0
EVT_01262,Samrat Choudhary (presumably referring to the government led by him),0,0,1,0,0,0,0,0,0,0,0
EVT_01262,Saurav Das,0,0,1,0,0,0,0,0,0,0,0
EVT_01262,Shivya,0,0,2,0,0,0,0,0,0,0,0
EVT_01262,Shivya Kanojia,0,0,1,0,0,0,0,0,0,0,0
EVT_01262,Shri @dpradhanbjp ji (Union Education Minister),0,0,0,1,0,0,0,0,0,0,0
EVT_01262,Shri Dharmendra Pradhan,0,0,0,0,0,0,0,0,0,1,0
EVT_01262,Shri Pralhad Joshi,0,0,0,0,0,0,0,0,0,1,0
EVT_01262,Siddaramaiah,0,0,1,0,0,0,0,0,0,0,0
EVT_01262,Sonam Wangchuk,0,0,5,0,0,0,0,0,0,0,0
EVT_01262,Stephane Dujarric (Spokesman for Secretary-General Antonio Guterres),0,0,1,0,0,0,0,0,0,0,0
EVT_01262,Student Protests,0,0,1,0,0,0,0,0,0,0,0
EVT_01262,"Student organisations and the newly formed CJP leader, Abhijit Dipke, Sonam Wanchuk;",0,0,1,0,0,0,0,0,0,0,0
EVT_01262,TMC MP Sagarika Ghosh,0,0,1,0,0,0,0,0,0,0,0
EVT_01262,Tej Pratap,0,0,2,0,0,0,0,0,0,0,0
EVT_01262,Tej Pratap Yadav,0,0,2,0,0,0,0,0,0,0,0
EVT_01262,The 'Raazi' actor (likely referring to Priyanka Chopra),0,0,1,0,0,0,0,0,0,0,0
EVT_01262,The Cockroach Janata Party (CJP),0,0,1,0,0,0,0,0,0,0,0
EVT_01262,The speaker,0,0,1,0,0,0,0,0,0,0,0
EVT_01262,The speaker (implied as a representative or public figure),0,0,3,0,0,0,0,0,0,0,0
EVT_01262,The unnamed speaker (likely a politician or party leader),0,0,1,0,0,0,0,0,0,0,0
EVT_01262,Tippana Majjagi (BJP),0,0,1,0,0,0,0,0,0,0,0
EVT_01262,UN,0,0,2,0,0,0,0,0,0,0,0
EVT_01262,UPSC,0,0,1,0,0,0,0,0,0,0,0
EVT_01262,Union Education Minister,0,0,1,0,0,0,0,0,0,0,0
EVT_01262,Union Education Minister Dharmendra Pradhan,0,0,5,0,0,0,0,0,0,0,0
EVT_01262,Union Minister,0,0,1,0,0,0,0,0,0,0,0
EVT_01262,Union Ministers JP Nadda and Jitendra Singh,0,0,1,0,0,0,0,0,0,0,0
EVT_01262,United Nations,0,0,1,0,0,0,0,0,0,0,0
EVT_01262,Unknown Politician or Party,0,0,1,0,0,0,0,0,0,0,0
EVT_01262,Various Celebrators,0,0,1,0,0,0,0,0,0,0,0
EVT_01262,Vinesh Phogat,0,0,2,0,0,0,0,0,0,0,0
EVT_01262,Vinesh Phogat (Veteran Indian wrestler),0,0,1,0,0,0,0,0,0,0,0
EVT_01262,Wangchuk,0,0,8,0,0,0,0,0,0,0,0
EVT_01262,Young People,0,0,1,0,0,0,0,0,0,0,0
EVT_01262,Youth,0,0,2,0,0,0,0,0,0,0,0
EVT_01262,activist,0,0,1,0,0,0,0,0,0,0,0
EVT_01262,chief minister,0,0,1,0,0,0,0,0,0,0,0
EVT_01262,digital education,0,0,0,1,0,0,0,0,0,0,0
EVT_01262,education ministry,0,0,0,0,0,0,0,0,0,1,0
EVT_01262,educationist and activist,0,0,1,0,0,0,0,0,0,0,0
EVT_01262,government,0,0,7,1,0,0,0,0,0,0,0
EVT_01262,industry-academia collaboration,0,0,0,1,0,0,0,0,0,0,0
EVT_01262,police,0,0,1,0,0,0,0,0,0,0,0
EVT_01262,police officials,0,0,1,0,0,0,0,0,0,0,0
EVT_01262,protesters,0,0,3,0,0,0,0,0,0,0,0
EVT_01262,protests,0,0,1,0,0,0,0,0,0,0,0
EVT_01262,skill development,0,0,0,1,0,0,0,0,0,0,0
EVT_01262,unknown,0,0,2,0,0,0,0,0,0,0,0
EVT_01264,A Revanth Reddy,0,0,0,2,0,0,0,0,0,0,0
EVT_01264,Chief Minister,0,0,0,2,0,0,0,2,0,0,0
EVT_01264,Chief Minister A. Revanth Reddy,0,0,0,0,0,0,0,1,0,0,0
EVT_01264,Congress leaders Rahul Gandhi and Mallikarjun Kharge,0,0,0,1,0,0,0,0,0,0,0
EVT_01264,Local Government Officials,0,0,0,0,0,0,0,1,0,0,0
EVT_01264,PM Modi,0,0,0,0,0,0,0,1,0,0,0
EVT_01264,Protesters,0,0,0,0,0,0,0,1,0,0,0
EVT_01264,Revant Reddy,0,0,0,3,0,0,0,0,0,0,0
EVT_01264,Revanth Reddy,0,0,0,1,0,0,0,0,0,0,0
EVT_01264,Telangana government,0,0,0,1,0,0,0,0,0,0,0
EVT_01264,Union Education Minister Dharmendra Pradhan,0,0,0,1,0,0,0,0,0,0,0
EVT_01264,protesting students and provide compensation to the families of students who allegedly died by suicide in connection with the controversy.,0,0,0,1,0,0,0,0,0,0,0
EVT_01266,@Wangchuk66,0,0,1,0,0,0,0,0,0,0,0
EVT_01266,Angmo,0,0,1,0,0,0,0,0,0,0,0
EVT_01266,Authorities,0,0,1,0,0,0,0,0,0,0,0
EVT_01266,CJP (Congress Party),0,0,1,0,0,0,0,0,0,0,0
EVT_01266,"CJP (likely referring to a politician or party name, needs context for exact identification)",0,0,1,0,0,0,0,0,0,0,0
EVT_01266,Climate Activist,0,0,0,0,0,0,0,0,0,1,0
EVT_01266,Cockroach Janta Party,0,0,0,0,0,0,0,0,0,1,0
EVT_01266,Cockroach Janta Party (CJP),0,0,1,0,0,0,0,0,0,0,0
EVT_01266,Dharmendra Pradhan,0,0,0,0,0,0,0,0,0,1,0
EVT_01266,General Public,0,0,0,0,0,0,0,0,0,1,0
EVT_01266,Government/Party,0,0,0,0,0,0,0,0,0,1,0
EVT_01266,Indian Politicians,0,0,1,0,0,0,0,0,0,0,0
EVT_01266,Indian society/political discourse,0,0,0,0,0,0,0,0,0,1,0
EVT_01266,JP Nadda and Jitendra Singh,0,0,1,0,0,0,0,0,0,0,0
EVT_01266,Minister,0,0,0,0,0,0,0,0,0,1,0
EVT_01266,Mr Wangchuk,0,0,2,0,0,0,0,0,0,0,0
EVT_01266,Officials,0,0,1,0,0,0,0,0,0,0,0
EVT_01266,Police,0,0,2,0,0,0,0,0,0,0,0
EVT_01266,Police and Hospital Authorities,0,0,1,0,0,0,0,0,0,0,0
EVT_01266,Politician,0,0,0,0,0,0,0,0,0,2,0
EVT_01266,"Politician (implied, likely referring to a specific individual not named)",0,0,1,0,0,0,0,0,0,0,0
EVT_01266,She,0,0,1,0,0,0,0,0,0,0,0
EVT_01266,Sonam Wangchuk,0,0,1,0,0,0,0,0,0,2,0
EVT_01266,Sonam Wangchuk's wife,0,0,1,0,0,0,0,0,0,0,0
EVT_01266,Stuti Gupta,0,0,2,0,0,0,0,0,0,0,0
EVT_01266,Unknown,0,0,1,0,0,0,0,0,0,0,0
EVT_01266,Users' opinions,0,0,0,0,0,0,0,0,0,1,0
EVT_01266,Wangchuk,0,0,8,0,0,0,0,0,0,3,0
EVT_01266,Wangchuk66,0,0,0,0,0,0,0,0,0,1,0
EVT_01266,government,0,0,0,0,0,0,0,0,0,1,0
EVT_01266,police,0,0,0,0,0,0,0,0,0,2,0
EVT_01266,police or authorities,0,0,1,0,0,0,0,0,0,0,0
EVT_01266,unknown,0,0,0,0,0,0,0,0,0,1,0
EVT_01271,"<a href=""https://www.deccanherald.com/tags/cockroach-janta-party"">Cockroach Janata Party</a>",3,0,0,0,0,0,0,0,0,0,0
EVT_01271,"AISA members (Neha Bora, Manish Kumar, Ameen Amitoj)",0,0,0,0,0,0,0,0,0,1,0
EVT_01271,Angela Merkel,2,0,0,0,0,0,0,0,0,0,0
EVT_01271,"Angela Merkel, Instagram",1,0,0,0,0,0,0,0,0,0,0
EVT_01271,BJP,1,0,0,0,0,0,0,0,0,0,0
EVT_01271,CPI (Communist Party of India),0,0,0,0,0,0,0,0,0,1,0
EVT_01271,"CPI(ML), CPM, CPI",0,0,0,0,0,0,0,0,0,1,0
EVT_01271,CPM (Communist Party of Malaysia),0,0,0,0,0,0,0,0,0,1,0
EVT_01271,Clint Eastwood and President Obama,1,0,0,0,0,0,0,0,0,0,0
EVT_01271,Cockroach Janata Party (CJP),1,0,0,0,0,0,0,0,0,0,0
EVT_01271,Dharmendra Pradhan,1,0,0,0,0,0,0,0,0,0,0
EVT_01271,Dharmendra Pradhan and Narendra Modi,1,0,0,0,0,0,0,0,0,0,0
EVT_01271,Dipankar Bhattacharya (CPI(ML) general secretary),0,0,0,0,0,0,0,0,0,1,0
EVT_01271,INDIA bloc,0,0,0,0,0,0,0,0,0,1,0
EVT_01271,Insta,1,0,0,0,0,0,0,0,0,0,0
EVT_01271,Insta (social media platform),1,0,0,0,0,0,0,0,0,0,0
EVT_01271,Instagram,1,0,0,0,0,0,0,0,0,0,0
EVT_01271,Jacinda Ardern,1,0,0,0,0,0,0,0,0,0,0
EVT_01271,LK Advani,2,0,0,0,0,0,0,0,0,0,0
EVT_01271,Left,0,0,0,0,0,0,0,0,0,1,0
EVT_01271,Left (Indian political parties),0,0,0,0,0,0,0,0,0,1,0
EVT_01271,Left parties,0,0,0,0,0,0,0,0,0,1,0
EVT_01271,Left party,0,0,0,0,0,0,0,0,0,1,0
EVT_01271,Left-aligned students groups,0,0,0,0,0,0,0,0,0,1,0
EVT_01271,Merkel,1,0,0,0,0,0,0,0,0,0,0
EVT_01271,Obama,4,0,0,0,0,0,0,0,0,0,0
EVT_01271,PM Modi,1,0,0,0,0,0,0,0,0,0,0
EVT_01271,"Politicians, Communication Strategies",1,0,0,0,0,0,0,0,0,0,0
EVT_01271,President Obama,1,0,0,0,0,0,0,0,0,0,0
EVT_01271,Protest,0,0,0,0,0,0,0,0,0,1,0
EVT_01271,Social Media,2,0,0,0,0,0,0,0,0,0,0
EVT_01271,Technological Interventions,1,0,0,0,0,0,0,0,0,0,0
EVT_01289,Ashutosh Kumar,0,0,0,1,0,0,0,0,0,0,0
EVT_01289,"CJP (Civilian Joint Project, likely referring to Dharampal or another similar designation)",0,0,0,1,0,0,0,0,0,0,0
EVT_01289,Cabinet Secretariat Joint Secretary,0,0,1,0,0,0,0,0,0,0,0
EVT_01289,Cockroach Janata Party,0,0,0,1,0,0,0,0,0,0,0
EVT_01289,Cockroach Janta Party,0,0,0,1,0,0,0,0,0,0,0
EVT_01289,Cockroach Janta Party (CJP),0,0,0,1,0,0,0,0,0,0,0
EVT_01289,DMRC (Delhi Metropolitan Rail Corporation),0,0,0,1,0,0,0,0,0,0,0
EVT_01289,Delhi Metro,0,0,0,1,0,0,0,0,0,0,0
EVT_01289,"Delhi Metro (public transportation system operated by Delhi Metro Rail Corporation, public entity)",0,0,0,1,0,0,0,0,0,0,0
EVT_01289,Delhi Metro Rail Corporation (DMRC),0,0,0,1,0,0,0,0,0,0,0
EVT_01289,Dharmendra Pradhan,0,0,0,4,0,0,0,0,0,0,0
EVT_01289,"Dharmendra Pradhan (Deputy Minister of Road Transport and Highways, likely referring to the official in charge of Delhi Metro)",0,0,0,1,0,0,0,0,0,0,0
EVT_01289,Former West Bengal Chief Minister,0,0,1,0,0,0,0,0,0,0,0
EVT_01289,Janta Party,0,0,0,1,0,0,0,0,0,0,0
EVT_01289,Mamata Banerjee,0,0,3,0,0,0,0,0,0,0,0
EVT_01289,NDMC (New Delhi Municipal Council),0,0,0,1,0,0,0,0,0,0,0
EVT_01289,New Delhi Municipal Council (NDMC),0,0,0,1,0,0,0,0,0,0,0
EVT_01289,PM Modi,0,0,1,0,0,0,0,0,0,0,0
EVT_01289,Protest,0,0,1,0,0,0,0,0,0,0,0
EVT_01289,Saubhadra Chatterji,0,0,1,0,0,0,0,0,0,0,0
EVT_01289,Shivani Sharma,0,0,0,1,0,0,0,0,0,0,0
EVT_01289,TMC (Trinamool Congress),0,0,2,0,0,0,0,0,0,0,0
EVT_01289,The Opposition,0,0,1,0,0,0,0,0,0,0,0
EVT_01289,Vice Chairman Kuljeet Chahal,0,0,0,1,0,0,0,0,0,0,0
EVT_01421,Ayodhya police,0,0,1,0,0,0,0,0,0,0,0
EVT_01421,Ayodhya seers,0,0,1,0,0,0,0,0,0,0,0
EVT_01421,Chief Justice of India (CJI) Surya Kant,0,0,0,1,0,0,0,0,0,0,0
EVT_01421,IPS officers,0,0,0,1,0,0,0,0,0,0,0
EVT_01421,IPS officers and possibly the Supreme Court,0,0,0,1,0,0,0,0,0,0,0
EVT_01421,Kiran S,0,0,1,1,0,0,0,0,0,0,0
EVT_01421,Ram Temple donation,0,0,1,0,0,0,0,0,0,0,0
EVT_01421,Ram temple trust,0,0,1,0,0,0,0,0,0,0,0
EVT_01421,SIT (Special Investigation Team),0,0,1,0,0,0,0,0,0,0,0
EVT_01421,SIT (Suppression of Terrorist Act),0,0,1,0,0,0,0,0,0,0,0
EVT_01421,SIT (Supreme Investigation Team),0,0,1,0,0,0,0,0,0,0,0
EVT_01421,Shri Ram Janmabhoomi Temple,0,0,0,1,0,0,0,0,0,0,0
EVT_01421,Solicitor General Tushar Mehta,0,0,0,1,0,0,0,0,0,0,0
EVT_01421,State Government,0,0,0,1,0,0,0,0,0,0,0
EVT_01421,Supreme Court,0,0,0,1,0,0,0,0,0,0,0
EVT_01421,Temple Officials and Administrators,0,0,0,1,0,0,0,0,0,0,0
EVT_01421,UP government,0,0,1,1,0,0,0,0,0,0,0
EVT_01421,Uttar Pradesh Government,0,0,1,0,0,0,0,0,0,0,0
EVT_01421,Uttar Pradesh government,0,0,1,2,0,0,0,0,0,0,0
